id,region_id,history_id,name,new_name,type,begin_year,end_year,begin_reason,end_reason,belong_to,external_id,latitude,longitude
1,CN11,CN11,大都,北京市,郡,1267,1368,,,,,39.911015,116.41355
2,CN11,CN11,京师,北京市,州,1280,1367,元朝,,,,39.911015,116.41355
3,CN11,CN11,北京,北京市区,省,1403,1911,,,,,39.931427,116.368004
4,CN11,CN11,顺天府,北京市区,府,1403,1819,,,,,39.931427,116.368004
5,CN11,CN11,直隶,北京市区,省,1636,1911,,,,,39.931427,116.368004
6,CN11,CN11,直隶,北京市区,省,1820,1820,,,,hvd_25052,39.93143,116.368
7,CN11,CN11,顺天府,北京市区,府,1820,1820,,,,hvd_9513,39.931427,116.368004
8,CN11,CN11,直隶,北京市区,省,1911,1911,,,,hvd_120009,39.93143,116.368
9,CN110114,CN110114,昌平县,北京市昌平区,县,-110,1505,,,,,40.2221,116.22368
10,CN110114,CN110114,昌平郡,北京市昌平区,郡,488,525,,,,hvd_115085,40.12639,116.26729
11,CN110114,CN110114,昌平州,北京昌平区,州,1506,1819,,,,,40.2221,116.22368
12,CN110114,CN110114,南口城,北京昌平县西南口,村镇,1820,1820,,,,hvd_15813,40.237473,116.11757
13,CN110114,CN110114,居庸关,北京昌平县西北居庸关,村镇,1820,1820,,,,hvd_15823,40.28912,116.08755
14,CN110114,CN110114,昌平州,北京昌平县,州,1820,1820,,,,hvd_99,40.2221,116.22368
15,CN110114,CN110114,汤泉,北京日平县东南汤山,村镇,1820,1820,,,,hvd_15861,40.175198,116.38314
16,CN110114,CN110114,沙河,北京昌平县东南沙河,村镇,1820,1820,,,,hvd_15870,40.12639,116.26729
17,CN110114,CN110114,东流村,北京市昌平县大东流,村镇,1911,1911,,,,hvd_136374,40.167343,116.443886
18,CN110114,CN110114,何家营,北京市昌平县何家营,村镇,1911,1911,,,,hvd_136383,40.220093,116.288216
19,CN110114,CN110114,八仙沟,北京市昌平县八仙庄,村镇,1911,1911,,,,hvd_136376,40.13506,116.42725
20,CN110114,CN110114,南口铺,北京市昌平县南口镇,村镇,1911,1911,,,,hvd_136386,40.237473,116.11757
21,CN110114,CN110114,土沟村,北京市昌平县土沟村,村镇,1911,1911,,,,hvd_136680,40.1293,116.46151
22,CN110114,CN110114,小汤山,北京市昌平县汤泉营,村镇,1911,1911,,,,hvd_136380,40.175198,116.38314
23,CN110114,CN110114,居庸关,北京昌平县居庸关,村镇,1911,1911,,,,hvd_135627,40.278336,116.07023
24,CN110114,CN110114,常峪城,北京市昌平县长峪城,村镇,1911,1911,,,,hvd_136399,40.202812,115.89073
25,CN110114,CN110114,旧县村,北京市昌平县旧县村,村镇,1911,1911,,,,hvd_136387,40.221455,116.186615
26,CN110114,CN110114,昌平州,北京市昌平县,州,1911,1911,,,,hvd_121516,40.2221,116.22368
27,CN110114,CN110114,桃林村,北京市昌平县桃林村,村镇,1911,1911,,,,hvd_136406,40.231236,116.39561
28,CN110114,CN110114,水屯,北京市昌平县水屯,村镇,1911,1911,,,,hvd_136372,40.19963,116.21573
29,CN110114,CN110114,沙子营,北京市朝阳区沙子营,村镇,1911,1911,,,,hvd_136377,40.07322,116.4629
30,CN110114,CN110114,沙屯铺,北京市昌平县西沙屯,村镇,1911,1911,,,,hvd_136370,40.164616,116.2389
31,CN110114,CN110114,沙河屯,北京市昌平县沙河镇,村镇,1911,1911,,,,hvd_136371,40.12639,116.26729
32,CN110114,CN110114,流村,北京市昌平县北流村,村镇,1911,1911,,,,hvd_136393,40.167458,116.05961
33,CN110114,CN110114,白杨城,北京市昌平县白羊城,村镇,1911,1911,,,,hvd_136395,40.19099,116.011345
34,CN110114,CN110114,羊房,北京市昌平县阳房,村镇,1911,1911,,,,hvd_136389,40.13963,116.133934
35,CN110114,CN110114,聂山营,北京市昌平县聂山东营,村镇,1911,1911,,,,hvd_136385,40.20054,116.44685
36,CN110114,CN110114,臭泥坑,北京市昌平县臭泥坑,村镇,1911,1911,,,,hvd_136409,40.259563,116.114555
37,CN110114,CN110114,蔺沟,北京市昌平县前蔺沟,村镇,1911,1911,,,,hvd_136378,40.152794,116.43735
38,CN110114,CN110114,辛峰铺,北京市昌平县大辛峰,村镇,1911,1911,,,,hvd_136384,40.200085,116.34288
39,CN110114,CN110114,霍家营,北京市昌平县霍家营,村镇,1911,1911,,,,hvd_136382,40.07868,116.3714
40,CN110114,CN110114,香屯,北京市昌平县香屯,村镇,1911,1911,,,,hvd_136373,40.1919,116.39813
41,CN110114,CN110114,马家房,北京市昌平县北马坊,村镇,1911,1911,,,,hvd_136379,40.155975,116.404076
42,CN110114,CN110114,马跑泉,北京市昌平县马刨泉,村镇,1911,1911,,,,hvd_136396,40.158253,115.86934
43,CN110114,CN110114,高崖口,北京市昌平县高崖口,村镇,1911,1911,,,,hvd_136394,40.13443,115.98452
44,CN110114,CN110114,麻峪铺,北京市昌平县麻峪,村镇,1911,1911,,,,hvd_136407,40.229095,116.35837
45,CN110115,CN110115,蓟县,北京市大兴区,县,-221,7,,,,,39.732494,116.34821
46,CN110115,CN110115,蓟县,北京市大兴区,县,25,937,,,,,39.732494,116.34821
47,CN110115,CN110115,凤河,北京大兴县东南凤河营,村镇,1820,1820,,,,hvd_15886,39.615067,116.68785
48,CN110115,CN110115,庞各庄,,村镇,1820,1820,,,,hvd_15902,39.6282,116.31734
49,CN110115,CN110115,榆垡,北京大兴县南榆垡,村镇,1820,1820,,,,hvd_15872,39.521202,116.31485
50,CN110115,CN110115,礼贤庄,,村镇,1820,1820,,,,hvd_15912,39.55667,116.44928
51,CN110115,CN110115,采育,北京大兴县东南采育,村镇,1820,1820,,,,hvd_15915,39.654568,116.624214
52,CN110115,CN110115,青云,北京大兴县南青云店,村镇,1820,1820,,,,hvd_15876,39.67954,116.505905
53,CN110115,CN110115,黄村,,村镇,1820,1820,,,,hvd_15901,39.726154,116.333244
54,CN110115,CN110115,东红门,北京市大兴县东红门,村镇,1911,1911,,,,hvd_136672,39.772346,116.535034
55,CN110115,CN110115,佟家务,北京市大兴县佟家务,村镇,1911,1911,,,,hvd_136246,39.576935,116.4115
56,CN110115,CN110115,凤河营,北京市大兴县凤河营,村镇,1911,1911,,,,hvd_136235,39.615067,116.68785
57,CN110115,CN110115,前官营,北京市大兴县前管营,村镇,1911,1911,,,,hvd_136334,39.64693,116.240585
58,CN110115,CN110115,前辛庄,北京市大兴县前辛庄,村镇,1911,1911,,,,hvd_136315,39.719013,116.26629
59,CN110115,CN110115,前野坊,北京市大兴县前野厂,村镇,1911,1911,,,,hvd_136244,39.63736,116.554596
60,CN110115,CN110115,北沙窝营,北京市大兴县沙窝营,村镇,1911,1911,,,,hvd_136233,39.640617,116.63992
61,CN110115,CN110115,南公各庄,北京市大兴县南各庄,村镇,1911,1911,,,,hvd_136306,39.510864,116.38744
62,CN110115,CN110115,南张化,北京市大兴县南张华,村镇,1911,1911,,,,hvd_136083,39.46839,116.33836
63,CN110115,CN110115,南顿垡,北京市大兴县南顿垡,村镇,1911,1911,,,,hvd_136249,39.5753,116.36169
64,CN110115,CN110115,团城,河北廊坊市团城,村镇,1911,1911,,,,hvd_136104,39.5079,116.41822
65,CN110115,CN110115,垡上营,北京市大兴县垡上营,村镇,1911,1911,,,,hvd_136238,39.692867,116.55831
66,CN110115,CN110115,堤上营,河北廊坊市堤上营,村镇,1911,1911,,,,hvd_136118,39.60949,116.7122
67,CN110115,CN110115,大张本庄,北京市大兴县大张本,村镇,1911,1911,,,,hvd_136676,39.706997,116.426125
68,CN110115,CN110115,大渠,北京市大兴县东大渠,村镇,1911,1911,,,,hvd_136245,39.573666,116.48146
69,CN110115,CN110115,大皮匠营,北京市大兴县大皮营,村镇,1911,1911,,,,hvd_136234,39.625515,116.645226
70,CN110115,CN110115,岳家务,北京市大兴县岳家务,村镇,1911,1911,,,,hvd_136254,39.647972,116.38394
71,CN110115,CN110115,庞各庄,,村镇,1911,1911,,,,hvd_136305,39.6282,116.31734
72,CN110115,CN110115,朱家庄,北京市大兴县朱庄,村镇,1911,1911,,,,hvd_136243,39.642258,116.604416
73,CN110115,CN110115,李各庄,北京市大兴县李各庄,村镇,1911,1911,,,,hvd_136247,39.52957,116.4168
74,CN110115,CN110115,李家务,北京市大兴县李务,村镇,1911,1911,,,,hvd_136412,39.709026,116.589096
75,CN110115,CN110115,李家渠,北京市大兴县北李渠,村镇,1911,1911,,,,hvd_136250,39.626743,116.33624
76,CN110115,CN110115,榆堡,北京市大兴县榆堡,村镇,1911,1911,,,,hvd_136304,39.521202,116.31485
77,CN110115,CN110115,求贤庄,北京市大兴县求贤庄,村镇,1911,1911,,,,hvd_136307,39.51161,116.276886
78,CN110115,CN110115,狼各庄,北京市大兴县郎各庄,村镇,1911,1911,,,,hvd_136251,39.67492,116.326706
79,CN110115,CN110115,狼垡,北京市大兴县狼垡,村镇,1911,1911,,,,hvd_136317,39.78679,116.26947
80,CN110115,CN110115,王各庄,北京市大兴县王各庄,村镇,1911,1911,,,,hvd_136255,39.67819,116.42952
81,CN110115,CN110115,白塔村,北京市大兴县东白塔,村镇,1911,1911,,,,hvd_136241,39.59245,116.48782
82,CN110115,CN110115,石州营,北京市大兴县石洲营,村镇,1911,1911,,,,hvd_136239,39.69452,116.5281
83,CN110115,CN110115,礼贤庄,,村镇,1911,1911,,,,hvd_136240,39.55667,116.44928
84,CN110115,CN110115,臧村,北京市大兴县大臧村,村镇,1911,1911,,,,hvd_136313,39.670837,116.28854
85,CN110115,CN110115,薛家营,北京市大兴县薛家营,村镇,1911,1911,,,,hvd_136310,39.61286,116.31716
86,CN110115,CN110115,西大营,北京市大兴县西大营,村镇,1911,1911,,,,hvd_136311,39.671654,116.23025
87,CN110115,CN110115,西里河,北京市大兴县西里河,村镇,1911,1911,,,,hvd_136248,39.538555,116.393486
88,CN110115,CN110115,西麻各庄,北京市大兴县西麻各庄,村镇,1911,1911,,,,hvd_136309,39.52957,116.26417
89,CN110115,CN110115,西黄垡,北京市大兴县西黄垡,村镇,1911,1911,,,,hvd_136308,39.574482,116.30021
90,CN110115,CN110115,赵村,北京市大兴县赵村,村镇,1911,1911,,,,hvd_136312,39.607964,116.23237
91,CN110115,CN110115,辛店村,北京市大兴县北辛店,村镇,1911,1911,,,,hvd_136413,39.662,116.667786
92,CN110115,CN110115,马村,北京市大兴县马村,村镇,1911,1911,,,,hvd_136314,39.697784,116.24721
93,CN110115,CN110115,鹅房,北京市大兴县鹅坊,村镇,1911,1911,,,,hvd_136316,39.74923,116.26205
94,CN110115,CN110115,黄村,,村镇,1911,1911,,,,hvd_136253,39.726154,116.333244
95,CN120225,CN120225,右北平郡,天津市蓟州区,郡,-226,-202,,,,hvd_112668,40.04386,117.40182
96,CN120225,CN120225,范阳郡,天津市蓟州区,郡,-194,223,,,,hvd_115208,40.04387,117.40182
97,CN120225,CN120225,玄州,天津市蓟州区,州,586,606,,,,hvd_110155,40.04386,117.40182
98,CN120225,CN120225,渔阳郡,天津市蓟州区,郡,607,617,,,,hvd_110264,40.04386,117.40182
99,CN120225,CN120225,渔阳县,天津市蓟州区,县,618,1367,,,,hvd_88213,40.04387,117.40182
100,CN120225,CN120225,燕国,天津蓟县,封国,618,623,高开道攻克北平，攻取渔阳，自称燕王，年号始兴（一作天成），建都渔阳（今天津蓟县），燕国遂立。,,,,40.051476,117.41487
101,CN120225,CN120225,营州,天津市蓟州区,州,705,715,,,,hvd_110790,40.04386,117.40182
102,CN120225,CN120225,平卢军节度使,天津市蓟州区,防镇,720,740,,,,hvd_110882,40.04386,117.40182
103,CN120225,CN120225,营州,天津市蓟州区,州,720,722,,,,hvd_110842,40.04386,117.40182
104,CN120225,CN120225,渔阳郡,天津市蓟州区,郡,742,756,,,,hvd_110264,40.04386,117.40182
105,CN120225,CN120225,镇朔卫,天津蓟县,州,1403,1651,,,,hvd_88212,40.04387,117.40182
106,CN120225,CN120225,上仓店镇,天津蓟县南上仑,村镇,1820,1820,,,,hvd_15874,39.90468,117.399315
107,CN120225,CN120225,下仓店镇,天津蓟县南下仓,村镇,1820,1820,,,,hvd_15914,39.792088,117.4289
108,CN120225,CN120225,蓟州,天津蓟县,州,1820,1820,,,,hvd_95,40.043865,117.40182
109,CN120225,CN120225,邦均店镇,天津蓟县西南邦均,村镇,1820,1820,,,,hvd_15875,39.99082,117.27476
110,CN120225,CN120225,马伸桥镇,天津蓟县东马伸桥,村镇,1820,1820,,,,hvd_15871,40.080296,117.58931
111,CN120225,CN120225,保安镇,天津市蓟县大保安镇,村镇,1911,1911,,,,hvd_136574,39.932755,117.49067
112,CN120225,CN120225,八里铺,天津市蓟县八里铺,村镇,1911,1911,,,,hvd_136586,40.00968,117.41935
113,CN120225,CN120225,台头,天津市蓟县台头,村镇,1911,1911,,,,hvd_136576,40.099155,117.54829
114,CN120225,CN120225,大漫河,天津市蓟县大漫河,村镇,1911,1911,,,,hvd_136587,39.893387,117.42708
115,CN120225,CN120225,大稻地,天津市蓟县大稻地,村镇,1911,1911,,,,hvd_135948,40.064693,117.70135
116,CN120225,CN120225,燕山口,天津市蓟县大燕山口,村镇,1911,1911,,,,hvd_135938,39.99687,117.712776
117,CN120225,CN120225,王家浅,天津市蓟县王家浅,村镇,1911,1911,,,,hvd_136588,39.844337,117.438324
118,CN120225,CN120225,田家峪,天津市蓟县田家峪,村镇,1911,1911,,,,hvd_136589,40.093216,117.24299
119,CN120225,CN120225,程子口,天津市蓟县程子口,村镇,1911,1911,,,,hvd_136584,39.87508,117.41162
120,CN120225,CN120225,苍山,天津市蓟县藏山庄,村镇,1911,1911,,,,hvd_135941,40.024906,117.73612
121,CN120225,CN120225,蓟州,天津市蓟县,州,1911,1911,,,,hvd_121520,40.043865,117.40182
122,CN120225,CN120225,隆福寺,天津市蓟县龙福寺,村镇,1911,1911,,,,hvd_136593,40.131947,117.6204
123,CN120225,CN120225,青山岭口,天津市蓟县青山岭,村镇,1911,1911,,,,hvd_136592,40.193413,117.49875
124,CN120225,CN120225,马道庄,天津市蓟县马道,村镇,1911,1911,,,,hvd_136582,39.873466,117.18256
125,CN120225,CN120225,高各庄,天津市蓟县高各庄,村镇,1911,1911,,,,hvd_136585,39.97738,117.39336
126,CN120225,CN120225,黄崖关,天津市蓟县黄崖关,村镇,1911,1911,,,,hvd_136591,40.23543,117.44535
127,CN120225,CN120225,龙虎峪,天津市蓟县东龙虎峪,村镇,1911,1911,,,,hvd_135939,40.00687,117.775894
128,CN130121,CN130121,井陉县,河北井陉县微水镇北北陉一带,县,-221,0,,,,hvd_87093,38.19603,114.04595
129,CN130121,CN130121,井陉县,河北井陉县微水镇北北陉一带,县,0,649,,,,hvd_88430,38.19603,114.04595
130,CN130121,CN130121,井州,河北省石家庄市井陉县,州,550,585,,,,hvd_115479,38.03413,114.13749
131,CN130121,CN130121,井陉县,河北井陉县微水镇北北陉一带,县,586,1072,新建,撤消,,hvd_44973,38.196033,114.04595
132,CN130121,CN130121,井州,河北省石家庄市井陉县,州,596,605,,,,hvd_88424,38.19603,114.04595
133,CN130121,CN130121,苇泽县,河北井陉县西南,县,596,605,新建,撤消,,hvd_44976,38.00616,114.017784
134,CN130121,CN130121,苇泽县,河北省石家庄市井陉县,县,596,605,,,,hvd_88434,38.03413,114.13749
135,CN130121,CN130121,井陉郡,河北省石家庄市井陉县,郡,617,617,,,,hvd_88425,38.19603,114.04595
136,CN130121,CN130121,井州,河北省石家庄市井陉县,州,618,642,,,,hvd_110696,38.03413,114.13749
137,CN130121,CN130121,井州,河北省石家庄市井陉县,州,618,621,,,,hvd_88426,38.19603,114.04595
138,CN130121,CN130121,井州,河北省石家庄市井陉县,州,622,623,,,,hvd_88427,38.19603,114.04595
139,CN130121,CN130121,井州,河北省石家庄市井陉县,州,624,642,,,,hvd_88428,38.19603,114.04595
140,CN130121,CN130121,井陉县,河北井陉县东北威州镇,县,1075,1251,新建,迁移治所,,hvd_44974,38.103672,114.15242
141,CN130121,CN130121,威州,河北省石家庄市井陉县,州,1129,1235,,,,hvd_88429,38.10367,114.15242
142,CN130121,CN130121,威州,河北省石家庄市井陉县,州,1236,1251,,,,hvd_87957,38.10367,114.15242
143,CN130121,CN130121,井陉县,河北井陉县西南城关,县,1252,1911,迁移治所,数据下限,,hvd_44975,38.00616,114.017784
144,CN130121,CN130121,井陉县,河北省石家庄市井陉县,县,1252,1911,,,,hvd_88433,38.03413,114.13749
145,CN130121,CN130121,东方岭,河北井陉县东东方岭,村镇,1820,1820,,,,hvd_16047,38.021965,114.243385
146,CN130121,CN130121,井陉县,河北井陉县西南城关,县,1820,1820,,,,hvd_134,38.00616,114.01778
147,CN130121,CN130121,固底,河北井陉县北南固底,村镇,1820,1820,,,,hvd_16043,38.090786,114.11288
148,CN130121,CN130121,岩峰,河北井陉县北岩峰,村镇,1820,1820,,,,hvd_16042,38.065006,114.14128
149,CN130121,CN130121,杨庄口,河北井陉县南杨庄,村镇,1820,1820,,,,hvd_16014,37.849342,114.08033
150,CN130121,CN130121,核桃园,河北井陉县西南核桃园,村镇,1820,1820,,,,hvd_16044,37.948086,113.94418
151,CN130121,CN130121,横口,河北井陉县西南北横口,村镇,1820,1820,,,,hvd_16023,38.01823,114.09172
152,CN130121,CN130121,金柱岭,河北鹿泉市南金柱,村镇,1820,1820,,,,hvd_16046,37.955578,114.24726
153,CN130121,CN130121,上安,河北井陉县上安鎮,村镇,1911,1911,,,,hvd_133708,38.05782,114.21338
154,CN130121,CN130121,井陉县,河北井陉县西南城关,县,1911,1911,,,,hvd_121412,38.00616,114.01778
155,CN130121,CN130121,割髭岭,河北井陉县割髭岭,村镇,1911,1911,,,,hvd_133705,37.87505,114.20845
156,CN130121,CN130121,北峪,河北井陉县北峪,村镇,1911,1911,,,,hvd_133715,38.00857,113.9482
157,CN130121,CN130121,北王庄,河北井陉县王庄,村镇,1911,1911,,,,hvd_133728,38.19103,114.14404
158,CN130121,CN130121,南蒿亭,河北井陉县南蒿亭,村镇,1911,1911,,,,hvd_147091,37.748604,114.06928
159,CN130121,CN130121,南障城,河北井陉县障城,村镇,1911,1911,,,,hvd_133704,37.90792,114.06799
160,CN130121,CN130121,塔子坪,河北井陉县塔寺坡,村镇,1911,1911,,,,hvd_133706,37.938675,114.12549
161,CN130121,CN130121,常家坪,河北井陉县常坪,村镇,1911,1911,,,,hvd_133719,38.05367,113.92167
162,CN130121,CN130121,平望,河北井陉县南平望,村镇,1911,1911,,,,hvd_133702,38.09191,114.18572
163,CN130121,CN130121,放口,河北井陉县北坊口,村镇,1911,1911,,,,hvd_133727,38.172752,114.11035
164,CN130121,CN130121,杨庄,河北井陉县杨庄,村镇,1911,1911,,,,hvd_133712,37.83114,114.07776
165,CN130121,CN130121,柿庄,河北井陉县柿庄,村镇,1911,1911,,,,hvd_133710,37.864296,114.065254
166,CN130121,CN130121,核桃园,河北井陉县核桃园,村镇,1911,1911,,,,hvd_133716,37.93778,113.96184
167,CN130121,CN130121,桃林坪,河北井陉县桃林坪,村镇,1911,1911,,,,hvd_133723,38.11675,113.99804
168,CN130121,CN130121,桃王庄,河北井陉县桃王庄,村镇,1911,1911,,,,hvd_133722,38.12409,113.96731
169,CN130121,CN130121,梅庄,河北井陉县梅庄,村镇,1911,1911,,,,hvd_133703,37.96561,114.083664
170,CN130121,CN130121,横口,河北井陉县北横口,村镇,1911,1911,,,,hvd_133718,38.010365,114.09935
171,CN130121,CN130121,白城,河北井陉县白城,村镇,1911,1911,,,,hvd_147090,37.77342,114.13415
172,CN130121,CN130121,白城口,河北井陉县白城口,村镇,1911,1911,,,,hvd_147092,37.76612,114.16839
173,CN130121,CN130121,石瓮,河北井陉县石瓮,村镇,1911,1911,,,,hvd_133721,38.08668,113.91119
174,CN130121,CN130121,窟窿峰,河北井陉县库隆峰,村镇,1911,1911,,,,hvd_133726,38.142097,114.0834
175,CN130121,CN130121,胡家滩,河北井陉县苍岩山（胡家滩）,村镇,1911,1911,,,,hvd_133711,37.8401,114.137985
176,CN130121,CN130121,良都,河北井陉县南良都,村镇,1911,1911,,,,hvd_133709,37.993336,114.18004
177,CN130121,CN130121,西焦,河北平山县南西焦,村镇,1911,1911,,,,hvd_133729,38.20046,114.157524
178,CN130121,CN130121,长生口,河北井陉县长生口,村镇,1911,1911,,,,hvd_133717,37.960182,113.98343
179,CN130123,CN130123,新市县,河北正定县东北新城铺,县,-203,0,,,,hvd_87542,38.2688,114.68176
180,CN130123,CN130123,新市县,河北正定县东北新城铺,县,0,606,,,,hvd_88470,38.2688,114.68176
181,CN130123,CN130123,恒山郡,河北省石家庄市正定县,郡,550,606,,,,hvd_115347,38.14011,114.56365
182,CN130123,CN130123,常山县,河北省石家庄市正定县,县,578,582,,,,hvd_88406,38.14011,114.56364
183,CN130123,CN130123,常山郡,河北省石家庄市正定县,郡,578,582,,,,hvd_88359,38.14011,114.56364
184,CN130123,CN130123,恒州,河北省石家庄市正定县,州,578,582,,,,hvd_88361,38.14011,114.56364
185,CN130123,CN130123,恒州,河北省石家庄市正定县,州,581,606,,,,hvd_112901,38.14011,114.56364
186,CN130123,CN130123,常山县,河北省石家庄市正定县,县,596,606,,,,hvd_88407,38.14011,114.56364
187,CN130123,CN130123,镇州,河北省石家庄市正定县,州,601,925,,,,hvd_116187,38.14011,114.56365
188,CN130123,CN130123,恒山郡,河北省石家庄市正定县,郡,607,616,,,,hvd_110168,38.14011,114.56364
189,CN130123,CN130123,新市县,河北正定县东北新城铺,县,617,621,新建,撤消,,hvd_45003,38.268795,114.68176
190,CN130123,CN130123,恒州,河北省石家庄市正定县,州,621,731,,,,hvd_110867,38.14011,114.56364
191,CN130123,CN130123,恒州,河北省石家庄市正定县,州,622,626,,,,hvd_88369,38.14011,114.56364
192,CN130123,CN130123,恒州,河北省石家庄市正定县,州,627,642,,,,hvd_88370,38.14011,114.56364
193,CN130123,CN130123,恒州,河北省石家庄市正定县,州,643,741,,,,hvd_88371,38.14011,114.56364
194,CN130123,CN130123,恒山郡,河北省石家庄市正定县,郡,742,755,,,,hvd_88372,38.14011,114.56364
195,CN130123,CN130123,平山郡,河北省石家庄市正定县,郡,756,756,,,,hvd_88373,38.14011,114.56364
196,CN130123,CN130123,恒山郡,河北省石家庄市正定县,郡,757,757,,,,hvd_88374,38.14011,114.56364
197,CN130123,CN130123,恒州,河北省石家庄市正定县,州,758,767,,,,hvd_88375,38.14011,114.56364
198,CN130123,CN130123,成德军节度使,河北省石家庄市正定县,防镇,762,781,,,,hvd_111488,38.14011,114.56364
199,CN130123,CN130123,恒州,河北省石家庄市正定县,州,768,773,,,,hvd_88376,38.14011,114.56364
200,CN130123,CN130123,恒州,河北省石家庄市正定县,州,774,819,,,,hvd_88377,38.14011,114.56364
201,CN130123,CN130123,恒冀都团练观察使,河北省石家庄市正定县,防镇,782,783,,,,hvd_111496,38.14011,114.56364
202,CN130123,CN130123,成德军节度使,河北省石家庄市正定县,防镇,784,904,,,,hvd_111649,38.14011,114.56364
203,CN130123,CN130123,镇州,河北省石家庄市正定县,州,820,922,,,,hvd_88378,38.14011,114.56364
204,CN130123,CN130123,武顺军节度使,河北省石家庄市正定县,防镇,905,909,,,,hvd_111674,38.14011,114.56364
205,CN130123,CN130123,成德军节度使,河北省石家庄市正定县,防镇,910,941,,,,hvd_111740,38.14011,114.56364
206,CN130123,CN130123,真定府,河北省石家庄市正定县,府,923,941,,,,hvd_88379,38.14011,114.56364
207,CN130123,CN130123,恒州,河北省石家庄市正定县,州,942,946,,,,hvd_88380,38.14011,114.56364
208,CN130123,CN130123,顺国军节度使,河北省石家庄市正定县,防镇,942,946,,,,hvd_111748,38.14011,114.56364
209,CN130123,CN130123,成德军节度使,河北省石家庄市正定县,防镇,947,976,,,,hvd_111842,38.14011,114.56364
210,CN130123,CN130123,镇州,河北省石家庄市正定县,州,947,987,,,,hvd_88381,38.14011,114.56364
211,CN130123,CN130123,镇州,河北省石家庄市正定县,州,988,989,,,,hvd_88382,38.14011,114.56364
212,CN130123,CN130123,镇州,河北省石家庄市正定县,州,990,1022,,,,hvd_88383,38.14011,114.56364
213,CN130123,CN130123,真定府,河北省石家庄市正定县,府,1023,1128,,,,hvd_88384,38.14011,114.56364
214,CN130123,CN130123,真定府,河北省石家庄市正定县,府,1129,1219,,,,hvd_88385,38.14011,114.56364
215,CN130123,CN130123,真定府,河北省石家庄市正定县,府,1368,1368,,,,hvd_88395,38.14011,114.56364
216,CN130123,CN130123,真定府,河北省石家庄市正定县,府,1369,1722,,,,hvd_88396,38.14011,114.56364
217,CN130123,CN130123,正定府,河北正定县,府,1723,1723,,,,hvd_88397,38.14011,114.56364
218,CN130123,CN130123,正定府,河北正定县,府,1724,1733,,,,hvd_88398,38.14011,114.56364
219,CN130123,CN130123,正定府,河北正定县,府,1734,1911,,,,hvd_88399,38.14011,114.56364
220,CN130123,CN130123,正定县,河北正定县,县,1820,1820,,,,hvd_140,38.14011,114.563644
221,CN130123,CN130123,正定府,河北正定县,府,1820,1820,,,,hvd_9516,38.14011,114.563644
222,CN130123,CN130123,大孙村,河北正定县大孙村,村镇,1911,1911,,,,hvd_133642,38.16413,114.49734
223,CN130123,CN130123,孔村,河北正定县孔村,村镇,1911,1911,,,,hvd_133635,38.308743,114.49162
224,CN130123,CN130123,完民庄,河北正定县完民庄,村镇,1911,1911,,,,hvd_133645,38.310993,114.56378
225,CN130123,CN130123,常香,河北行唐县常香,村镇,1911,1911,,,,hvd_133793,38.353294,114.491104
226,CN130123,CN130123,权城,河北正定县东权城,村镇,1911,1911,,,,hvd_133644,38.23503,114.58235
227,CN130123,CN130123,正定县,河北省石家庄市正定县,县,1911,1911,,,,hvd_121418,38.14011,114.56364
228,CN130123,CN130123,正定府,河北正定县,府,1911,1911,,,,hvd_120148,38.14011,114.563644
229,CN130123,CN130123,罗家庄,河北正定县罗家庄,村镇,1911,1911,,,,hvd_133627,38.142185,114.62236
230,CN130123,CN130123,西宿村,河北正定县西宿村,村镇,1911,1911,,,,hvd_133636,38.325623,114.52377
231,CN130123,CN130123,闽镇村,河北新乐县闽镇,村镇,1911,1911,,,,hvd_133821,38.34866,114.51775
232,CN130123,CN130123,韩家楼,河北正定县韩家楼,村镇,1911,1911,,,,hvd_133634,38.253822,114.44497
233,CN130133,CN130133,宋子县,河北省石家庄市赵县,县,-221,-200,,,,hvd_87066,37.8256,114.85683
234,CN130133,CN130133,封斯县,河北省石家庄市赵县,县,-221,-128,,,,hvd_87228,37.76293,114.71777
235,CN130133,CN130133,平棘侯国,河北省石家庄市赵县,国,-200,-63,,,,hvd_87232,37.71736,114.77829
236,CN130133,CN130133,宋子侯国,河北省石家庄市赵县,国,-199,-149,,,,hvd_87067,37.8256,114.85683
237,CN130133,CN130133,宋子县,河北省石家庄市赵县,县,-148,13,,,,hvd_87068,37.8256,114.85683
238,CN130133,CN130133,封斯侯国,河北省石家庄市赵县,国,-127,8,,,,hvd_87229,37.76293,114.71777
239,CN130133,CN130133,平棘县,河北省石家庄市赵县,县,-62,264,,,,hvd_87233,37.71736,114.77829
240,CN130133,CN130133,宋子县,河北赵县赵州镇北,县,0,557,,,,hvd_88338,37.7801,114.77468
241,CN130133,CN130133,赵州,河北赵县,州,0,1117,,,,hvd_88332,37.75293,114.77218
242,CN130133,CN130133,赵郡,河北省石家庄市赵县,郡,0,582,,,,hvd_88320,37.75293,114.77218
243,CN130133,CN130133,宜子县,河北省石家庄市赵县,县,14,22,,,,hvd_87069,37.8256,114.85683
244,CN130133,CN130133,宋子县,河北省石家庄市赵县,县,23,29,,,,hvd_87070,37.8256,114.85683
245,CN130133,CN130133,平棘县,河北省石家庄市赵县,县,265,1367,,,,hvd_88340,37.75293,114.77218
246,CN130133,CN130133,宋子县,河北赵县赵州镇北,县,586,605,新建,撤消,,hvd_44949,37.7801,114.77468
247,CN130133,CN130133,赵郡,河北省石家庄市赵县,郡,596,605,,,,hvd_116171,37.75293,114.77218
248,CN130133,CN130133,赵州,河北赵县,州,606,606,,,,hvd_88325,37.75293,114.77218
249,CN130133,CN130133,赵郡,河北省石家庄市赵县,郡,607,617,,,,hvd_88326,37.75293,114.77218
250,CN130133,CN130133,赵州,河北赵县,州,618,731,,,,hvd_110866,37.75293,114.77218
251,CN130133,CN130133,赵州,河北赵县,州,618,620,,,,hvd_88327,37.75293,114.77218
252,CN130133,CN130133,栾州,河北省石家庄市赵县,州,622,626,,,,hvd_88329,37.75293,114.77218
253,CN130133,CN130133,赵州,河北赵县,州,627,741,,,,hvd_88330,37.75293,114.77218
254,CN130133,CN130133,赵郡,河北省石家庄市赵县,郡,742,757,,,,hvd_88331,37.75293,114.77218
255,CN130133,CN130133,深赵都团练观察使,河北省石家庄市赵县,防镇,782,783,,,,hvd_111495,37.75293,114.77218
256,CN130133,CN130133,庆源府,河北省石家庄市赵县,府,1118,1128,,,,hvd_88333,37.75293,114.77218
257,CN130133,CN130133,赵州,河北赵县,州,1129,1150,,,,hvd_88334,37.75293,114.77218
258,CN130133,CN130133,沃州,河北省石家庄市赵县,州,1151,1219,,,,hvd_88335,37.75293,114.77218
259,CN130133,CN130133,赵州,河北赵县,州,1220,1723,,,,hvd_88336,37.75293,114.77218
260,CN130133,CN130133,赵州直隶州,河北省石家庄市赵县,直隶州,1724,1911,,,,hvd_88337,37.75293,114.77218
261,CN130133,CN130133,沙河,河北赵县南沙河店,村镇,1820,1820,,,,hvd_15543,37.656055,114.734436
262,CN130133,CN130133,贾店,河北赵县西北贾店村,村镇,1820,1820,,,,hvd_15565,37.814205,114.71208
263,CN130133,CN130133,赵州,河北赵县,直隶州,1820,1820,,,,hvd_9504,37.752926,114.77218
264,CN130133,CN130133,北朱家庄,河北赵县北朱家庄,村镇,1911,1911,,,,hvd_134134,37.871437,114.80278
265,CN130133,CN130133,北解家庄,河北赵县北解家疃,村镇,1911,1911,,,,hvd_134132,37.79617,114.79364
266,CN130133,CN130133,北龙化,河北赵县北龙化,村镇,1911,1911,,,,hvd_134137,37.851566,114.909424
267,CN130133,CN130133,史家庄,河北赵县史家庄,村镇,1911,1911,,,,hvd_134135,37.820854,114.7944
268,CN130133,CN130133,后营,河北赵县后营,村镇,1911,1911,,,,hvd_134129,37.73836,114.69385
269,CN130133,CN130133,周村,河北赵县周村,村镇,1911,1911,,,,hvd_134127,37.78834,114.73803
270,CN130133,CN130133,固德村,河北赵县固德,村镇,1911,1911,,,,hvd_134133,37.854576,114.769264
271,CN130133,CN130133,大夫庄,河北赵县大夫,村镇,1911,1911,,,,hvd_134142,37.75552,115.037285
272,CN130133,CN130133,大安村镇,河北赵县大安,村镇,1911,1911,,,,hvd_134139,37.78593,115.02216
273,CN130133,CN130133,大石桥,河北赵县大石桥,村镇,1911,1911,,,,hvd_134126,37.721313,114.75935
274,CN130133,CN130133,杨扈庄,河北赵县杨扈,村镇,1911,1911,,,,hvd_134141,37.741974,114.955894
275,CN130133,CN130133,贾店镇,河北赵县贾店村,村镇,1911,1911,,,,hvd_134128,37.8058,114.71213
276,CN130133,CN130133,赵州,河北赵县,直隶州,1911,1911,,,,hvd_120150,37.752926,114.77218
277,CN130133,CN130133,高庄,河北赵县高庄,村镇,1911,1911,,,,hvd_134140,37.726917,114.89038
278,CN130322,CN130322,絫县,河北省秦皇岛市昌黎县,县,-201,13,,,,hvd_87477,39.68174,119.16087
279,CN130322,CN130322,昌黎县,河北昌黎县,县,0,1911,,,,hvd_88310,39.70697,119.16641
280,CN130322,CN130322,选武县,河北省秦皇岛市昌黎县,县,14,22,,,,hvd_87478,39.68174,119.16087
281,CN130322,CN130322,絫县,河北省秦皇岛市昌黎县,县,23,29,,,,hvd_87479,39.68174,119.16087
282,CN130322,CN130322,昌黎县,河北昌黎县,县,1820,1820,,,,hvd_126,39.706974,119.16641
283,CN130322,CN130322,蒲河海口,河北昌黎县东南大蒲河,村镇,1820,1820,,,,hvd_15995,39.677345,119.277275
284,CN130322,CN130322,静安堡,,村镇,1820,1820,,,,hvd_15993,39.644028,118.88535
285,CN130322,CN130322,侯里庄,河北昌黎县侯里,村镇,1911,1911,,,,hvd_135787,39.562523,119.21126
286,CN130322,CN130322,刘官营,河北昌黎县刘官营,村镇,1911,1911,,,,hvd_135808,39.660694,118.948265
287,CN130322,CN130322,史家口,河北昌黎县大史家口,村镇,1911,1911,,,,hvd_135807,39.612946,118.94397
288,CN130322,CN130322,大樊各庄,河北昌黎县樊各庄,村镇,1911,1911,,,,hvd_135796,39.73087,118.78282
289,CN130322,CN130322,大田庄,河北昌黎县大田庄,村镇,1911,1911,,,,hvd_135794,39.70419,118.943634
290,CN130322,CN130322,小摊庄,河北昌黎县小摊,村镇,1911,1911,,,,hvd_135805,39.494232,119.15868
291,CN130322,CN130322,少佛林,河北昌黎县少佛林,村镇,1911,1911,,,,hvd_135806,39.473675,119.142365
292,CN130322,CN130322,总屯里,河北昌黎县总屯里,村镇,1911,1911,,,,hvd_135795,39.70879,118.90523
293,CN130322,CN130322,新立庄,河北昌黎县东新立庄,村镇,1911,1911,,,,hvd_135788,39.535847,119.19085
294,CN130322,CN130322,新进铺,河北昌黎县新金铺,村镇,1911,1911,,,,hvd_135809,39.627533,119.11574
295,CN130322,CN130322,昌黎县,河北昌黎县,县,1911,1911,,,,hvd_121498,39.706974,119.16641
296,CN130322,CN130322,梁各庄,河北昌黎县梁各庄,村镇,1911,1911,,,,hvd_135784,39.76798,119.2079
297,CN130322,CN130322,毛各庄,河北昌黎县东毛各庄,村镇,1911,1911,,,,hvd_135798,39.677513,118.91123
298,CN130322,CN130322,潮河庄,河北昌黎县潮河,村镇,1911,1911,,,,hvd_135785,39.614037,119.25806
299,CN130322,CN130322,裴家堡,河北昌黎县裴家堡,村镇,1911,1911,,,,hvd_135790,39.73179,119.26526
300,CN130322,CN130322,赤洋口,河北昌黎县赤洋口,村镇,1911,1911,,,,hvd_135786,39.647156,119.26886
301,CN130322,CN130322,静安堡,,村镇,1911,1911,,,,hvd_135797,39.644028,118.88535
302,CN130322,CN130322,马蹄庄,河北昌黎县马铁庄,村镇,1911,1911,,,,hvd_135810,39.659367,119.13206
303,CN130324,CN130324,卢龙县,河北卢龙县,县,0,1911,,,,hvd_88307,39.87732,118.86195
304,CN130324,CN130324,辽西郡,河北省秦皇岛市卢龙县,郡,265,0,,,,hvd_87635,39.77494,119.03823
305,CN130324,CN130324,阳乐县,河北省秦皇岛市卢龙县,县,265,0,,,,hvd_87636,39.77494,119.03823
306,CN130324,CN130324,平州,河北卢龙县,州,386,1214,,,,,39.877,118.862
307,CN130324,CN130324,平州,河北卢龙县,州,619,713,,,,hvd_110786,39.87732,118.86195
308,CN130324,CN130324,安东都护府,河北省秦皇岛市卢龙县,都护府,714,742,,,,hvd_111105,39.87732,118.86195
309,CN130324,CN130324,平 营 瀛 莫等州观察使,河北省秦皇岛市卢龙县,防镇,901,906,,,,hvd_111660,39.87732,118.86195
310,CN130324,CN130324,平滦府,河北省秦皇岛市卢龙县,府,1369,370,,,,hvd_88302,39.87732,118.86195
311,CN130324,CN130324,永平府,河北卢龙县,府,1371,1373,,,,hvd_88303,39.87732,118.86195
312,CN130324,CN130324,永平府,河北卢龙县,府,1374,1724,,,,hvd_88304,39.87732,118.86195
313,CN130324,CN130324,永平府,河北卢龙县,府,1725,1742,,,,hvd_88305,39.87732,118.86195
314,CN130324,CN130324,永平府,河北卢龙县,府,1743,1911,,,,hvd_88306,39.87732,118.86195
315,CN130324,CN130324,刘家营,河北卢龙县东北刘营,村镇,1820,1820,,,,hvd_15997,40.095173,118.94104
316,CN130324,CN130324,卢龙县,河北卢龙县,县,1820,1820,,,,hvd_34,39.877,118.862
317,CN130324,CN130324,永平府,河北卢龙县,府,1820,1820,,,,hvd_9515,39.877323,118.86195
318,CN130324,CN130324,燕河营,河北卢龙县东北燕河营,村镇,1820,1820,,,,hvd_15987,40.03895,119.063385
319,CN130324,CN130324,卢龙县,河北卢龙县,县,1911,1911,,,,hvd_121494,39.877323,118.86195
320,CN130324,CN130324,平房店,河北抚宁县平坊店,村镇,1911,1911,,,,hvd_135730,40.01828,119.13563
321,CN130324,CN130324,新罗寨,河北卢龙县新挪寨,村镇,1911,1911,,,,hvd_135642,39.94608,119.049965
322,CN130324,CN130324,李官营,河北卢龙县李官营,村镇,1911,1911,,,,hvd_135799,39.732708,118.88003
323,CN130324,CN130324,桃林口,河北卢龙县桃林口,村镇,1911,1911,,,,hvd_135694,40.10909,119.021
324,CN130324,CN130324,横河集,河北卢龙县大横河,村镇,1911,1911,,,,hvd_135644,39.975365,118.88883
325,CN130324,CN130324,永平府,河北卢龙县,府,1911,1911,,,,hvd_120158,39.877323,118.86195
326,CN130324,CN130324,花台庄,河北卢龙县花台,村镇,1911,1911,,,,hvd_135734,40.00367,119.08083
327,CN130324,CN130324,蛮子营,河北卢龙县蛮子营,村镇,1911,1911,,,,hvd_135733,39.967148,119.04629
328,CN130324,CN130324,部落岭,河北卢龙县部落岭,村镇,1911,1911,,,,hvd_135643,39.90595,118.9792
329,CN130324,CN130324,重峪庄,河北卢龙县重峪口,村镇,1911,1911,,,,hvd_135641,40.068695,119.07613
330,CN1304,CN1304,邯郸县,河北邯郸市,县,-221,0,,,,hvd_87010,36.59348,114.47204
331,CN1304,CN1304,邯郸县,河北邯郸市,县,907,1911,迁移治所,数据下限,,hvd_44847,36.593475,114.47204
332,CN1304,CN1304,邯郸县,河北邯郸市,县,1820,1820,,,,hvd_64,36.59348,114.47204
333,CN1304,CN1304,邯郸县,河北邯郸市,县,1911,1911,,,,hvd_121446,36.59348,114.47204
334,CN130423,CN130423,邺县,河北省邯郸市临漳县,县,-421,312,,,,hvd_82196,36.27238,114.41195
335,CN130423,CN130423,新安城,河南省三门峡市义马市古新安城遗址,县,-221,387,,,,,34.742317,111.87147
336,CN130423,CN130423,魏郡,河北省邯郸市临漳县,郡,-203,211,,,,hvd_87141,36.27238,114.41195
337,CN130423,CN130423,魏郡,河北省邯郸市临漳县,郡,-152,8,,,,hvd_112165,36.25668,114.54042
338,CN130423,CN130423,魏城郡（魏郡）,河北省邯郸市临漳县,郡,9,23,,,,hvd_112166,36.27238,114.41195
339,CN130423,CN130423,魏郡,河北省邯郸市临漳县,郡,24,0,,,,hvd_112167,36.27238,114.41195
340,CN130423,CN130423,冀州,河北省邯郸市临漳县,州,184,223,,,,hvd_113253,36.25668,114.54042
341,CN130423,CN130423,魏郡,河北省邯郸市临漳县,郡,212,220,,,,hvd_87142,36.27238,114.41195
342,CN130423,CN130423,魏郡,河北省邯郸市临漳县,郡,221,0,,,,hvd_87143,36.27238,114.41195
343,CN130423,CN130423,临漳县,河北省邯郸市临漳县,县,313,334,,,,hvd_82197,36.27238,114.41195
344,CN130423,CN130423,后赵,河北省邯郸市临漳县,政权,319,351,,,,hvd_113665,36.27238,114.41195
345,CN130423,CN130423,京师,河北省邯郸市临漳县,京師,319,351,後趙,,,hvd_113665,36.27238,114.41195
346,CN130423,CN130423,司州,河北省邯郸市临漳县,州,335,351,,,,hvd_112867,36.27238,114.41195
347,CN130423,CN130423,邺县,河北省邯郸市临漳县,县,335,579,,,,hvd_82198,36.27238,114.41195
348,CN130423,CN130423,前燕,河北省邯郸市临漳县,政权,337,369,,,,hvd_113667,36.27238,114.41195
349,CN130423,CN130423,京师,河北省邯郸市临漳县,京師,337,369,前燕,,,hvd_113667,36.27238,114.41195
350,CN130423,CN130423,冉魏,河北省邯郸市临漳县,政权,350,352,,,,hvd_113666,36.27238,114.41195
351,CN130423,CN130423,京师,河北省邯郸市临漳县,京師,350,352,冉魏,,,hvd_113666,36.27238,114.41195
352,CN130423,CN130423,中州,河北省邯郸市临漳县,州,352,369,,,,hvd_112868,36.27238,114.41195
353,CN130423,CN130423,冀州,河北省邯郸市临漳县,州,370,376,,,,hvd_112896,36.27238,114.41195
354,CN130423,CN130423,相州,河北省邯郸市临漳县,州,401,533,,,,hvd_112946,36.27238,114.41195
355,CN130423,CN130423,东魏,河北省邯郸市临漳县,政权,534,549,,,,hvd_113682,36.27238,114.41195
356,CN130423,CN130423,临漳县,河北省邯郸市临漳县,县,534,576,,,,hvd_82202,36.27238,114.41195
357,CN130423,CN130423,司州,河北省邯郸市临漳县,州,534,577,,,,hvd_112947,36.27238,114.41195
358,CN130423,CN130423,京师,河北省邯郸市临漳县,京師,534,549,東魏,,,hvd_113682,36.27238,114.41195
359,CN130423,CN130423,北齐,河北省邯郸市临漳县,政权,550,577,,,,hvd_113683,36.27238,114.41195
360,CN130423,CN130423,清都尹,河北省邯郸市临漳县,郡,550,576,,,,hvd_115728,36.27238,114.41195
361,CN130423,CN130423,京师,河北省邯郸市临漳县,京師,550,577,北齊,,,hvd_113683,36.27238,114.41195
362,CN130423,CN130423,临漳县,河北省邯郸市临漳县,县,577,1365,,,,hvd_82203,36.25668,114.54042
363,CN130423,CN130423,相州,河北省邯郸市临漳县,州,578,606,,,,hvd_112948,36.27238,114.41195
364,CN130423,CN130423,邺县,河北省邯郸市临漳县,县,606,1071,,,,hvd_82201,36.27238,114.41195
365,CN130423,CN130423,临漳县,河北省邯郸市临漳县,县,1368,1384,,,,hvd_82204,36.25668,114.54042
366,CN130423,CN130423,临漳县,河北临漳县,县,1385,1911,,,,hvd_82205,36.3413,114.60708
367,CN130423,CN130423,临漳县,河北临漳县,县,1820,1820,,,,hvd_525,36.3413,114.60708
368,CN130423,CN130423,邺镇,河北临漳县西南邺镇,村镇,1820,1820,,,,hvd_18019,36.272858,114.390816
369,CN130423,CN130423,临漳县,河北临漳县,县,1911,1911,,,,hvd_121997,36.3413,114.60708
370,CN130423,CN130423,保定庄,河北魏县保定庄,村镇,1911,1911,,,,hvd_134247,36.180225,114.76868
371,CN130423,CN130423,北柴屯,河北临漳县北柴屯,村镇,1911,1911,,,,hvd_148863,36.361465,114.45443
372,CN130423,CN130423,大漳集,河北临漳县大章,村镇,1911,1911,,,,hvd_148861,36.388474,114.542725
373,CN130423,CN130423,宋村,河北成安县宋村,村镇,1911,1911,,,,hvd_134407,36.30951,114.75576
374,CN130423,CN130423,秤沟集,河北临漳县称钓镇,村镇,1911,1911,,,,hvd_148866,36.232296,114.69364
375,CN130423,CN130423,谷子集,河北临漳县谷子,村镇,1911,1911,,,,hvd_148862,36.33519,114.44452
376,CN130423,CN130423,集孟村,河北临漳县孙陶镇,村镇,1911,1911,,,,hvd_148870,36.194176,114.51223
377,CN130425,CN130425,魏县,河北省邯郸市大名县,县,-221,13,,,,hvd_87155,36.26758,115.12156
378,CN130425,CN130425,元城县,河北省邯郸市大名县,县,-202,0,,,,hvd_87158,36.33702,115.29563
379,CN130425,CN130425,魏州,河北省邯郸市大名县,州,0,606,,,,hvd_87761,36.4184,115.11642
380,CN130425,CN130425,魏城亭县,河北省邯郸市大名县,县,14,22,,,,hvd_87156,36.26758,115.12156
381,CN130425,CN130425,魏县,河北省邯郸市大名县,县,23,0,,,,hvd_87157,36.26758,115.12156
382,CN130425,CN130425,武阳郡,河北省邯郸市大名县,郡,578,757,,,,hvd_115940,36.4184,115.11642
383,CN130425,CN130425,贵乡县,河北大名县东北旧府城,县,578,947,迁移治所,更名,,hvd_44800,36.30969,115.21836
384,CN130425,CN130425,魏县,河北省邯郸市大名县,县,586,743,,,,hvd_87781,36.26758,115.12156
385,CN130425,CN130425,漳阴县,河北省邯郸市大名县,县,596,605,,,,hvd_87785,36.4184,115.11642
386,CN130425,CN130425,武阳郡,河北省邯郸市大名县,郡,607,620,,,,hvd_87762,36.4184,115.11642
387,CN130425,CN130425,漳阴县,河北省邯郸市大名县,县,621,626,,,,hvd_87786,36.4184,115.11642
388,CN130425,CN130425,魏州,河北省邯郸市大名县,州,621,731,,,,hvd_110859,36.27553,115.14652
389,CN130425,CN130425,魏州,河北省邯郸市大名县,州,621,626,,,,hvd_87763,36.4184,115.11642
390,CN130425,CN130425,魏州,河北省邯郸市大名县,州,627,661,,,,hvd_87764,36.4184,115.11642
391,CN130425,CN130425,冀州,河北省邯郸市大名县,州,662,671,,,,hvd_87765,36.4184,115.11642
392,CN130425,CN130425,魏州,河北省邯郸市大名县,州,672,741,,,,hvd_87766,36.4184,115.11642
393,CN130425,CN130425,元城县,河北省邯郸市大名县,县,699,724,,,,hvd_87788,36.33702,115.29563
394,CN130425,CN130425,魏郡,河北省邯郸市大名县,郡,742,757,,,,hvd_87767,36.4184,115.11642
395,CN130425,CN130425,魏县,河北省邯郸市大名县,县,744,1166,,,,hvd_87782,36.19124,115.40635
396,CN130425,CN130425,魏州,河北省邯郸市大名县,州,744,959,,,,hvd_115911,36.33703,115.29563
397,CN130425,CN130425,魏州,河北省邯郸市大名县,州,758,771,,,,hvd_87768,36.4184,115.11642
398,CN130425,CN130425,魏博节度使,河北省邯郸市大名县,防镇,763,903,,,,hvd_111647,36.27553,115.14652
399,CN130425,CN130425,魏州,河北省邯郸市大名县,州,772,905,,,,hvd_87769,36.4184,115.11642
400,CN130425,CN130425,天雄军节度使,河北省邯郸市大名县,防镇,904,922,,,,hvd_111696,36.27553,115.14652
401,CN130425,CN130425,魏州,河北省邯郸市大名县,州,906,922,,,,hvd_87770,36.4184,115.11642
402,CN130425,CN130425,东京留守,河北省邯郸市大名县,留守,923,924,,,,hvd_111714,36.27553,115.14652
403,CN130425,CN130425,兴唐府,河北省邯郸市大名县,府,923,936,,,,hvd_87771,36.4184,115.11642
404,CN130425,CN130425,邺都留守,河北省邯郸市大名县,留守,925,925,,,,hvd_111717,36.27553,115.14652
405,CN130425,CN130425,天雄军节度使,河北省邯郸市大名县,防镇,926,937,,,,hvd_111733,36.27553,115.14652
406,CN130425,CN130425,广晋府,河北省邯郸市大名县,府,937,947,,,,hvd_87772,36.30969,115.21836
407,CN130425,CN130425,邺都留守,河北省邯郸市大名县,防镇,938,953,,,,hvd_111764,36.27553,115.14652
408,CN130425,CN130425,广晋府,河北省邯郸市大名县,府,944,947,,,,hvd_87773,36.30969,115.21836
409,CN130425,CN130425,大名县,河北大名县东北旧府城,县,948,1072,更名,撤消,,hvd_44801,36.30969,115.21836
410,CN130425,CN130425,大名府,河北大名县,府,948,1401,,,,,36.275528,115.1465
411,CN130425,CN130425,大名府,河北省邯郸市大名县,府,948,1228,,,,hvd_87774,36.30969,115.21836
412,CN130425,CN130425,天雄军节度使,河北省邯郸市大名县,防镇,954,976,,,,hvd_111840,36.27553,115.14652
413,CN130425,CN130425,北京,河北大名县,府,1042,1126,,,,,36.275528,115.14652
414,CN130425,CN130425,大名县,河北大名县东北旧府城,县,1096,1115,,,,hvd_87795,36.30969,115.21836
415,CN130425,CN130425,大名县,河北大名县南,县,1116,1128,迁移治所,迁移治所,,hvd_44802,36.24564,115.13826
416,CN130425,CN130425,大名县,河北大名县大名镇东旧城,县,1129,1233,迁移治所,迁移治所,,hvd_44803,36.30969,115.21836
417,CN130425,CN130425,大名府,河北省邯郸市大名县,府,1229,1271,,,,hvd_115137,36.30969,115.21836
418,CN130425,CN130425,大名县,河北大名县大名镇南旧治乡,县,1234,1251,迁移治所,迁移治所,,hvd_44804,36.24564,115.13826
419,CN130425,CN130425,大名县,河北大名县大名镇东旧城,县,1252,1271,迁移治所,迁移治所,,hvd_44805,36.30969,115.21836
420,CN130425,CN130425,元城县,河北大名县大名镇东旧城,县,1268,1401,新建,迁移治所,,hvd_44798,36.30969,115.21836
421,CN130425,CN130425,大名县,河北大名县大名镇南旧治乡,县,1272,1376,迁移治所,撤消,,hvd_44806,36.24564,115.13826
422,CN130425,CN130425,大名府,河北省邯郸市大名县,府,1368,1372,,,,hvd_87777,36.30969,115.21836
423,CN130425,CN130425,大名府,河北省邯郸市大名县,府,1373,1401,,,,hvd_87778,36.30969,115.21836
424,CN130425,CN130425,大名县,河北大名县大名镇东旧城,县,1382,1401,新建,迁移治所,,hvd_44807,36.30969,115.21836
425,CN130425,CN130425,大名县,河北大名县,县,1402,1410,迁移治所,迁移治所,,hvd_44808,36.275528,115.14652
426,CN130425,CN130425,大名府,河北大名县,府,1402,1724,,,,hvd_87779,36.27553,115.14652
427,CN130425,CN130425,大名县,河北大名县南旧治乡,县,1411,1757,迁移治所,迁移治所,,hvd_45009,36.24564,115.13826
428,CN130425,CN130425,大名府,河北大名县,府,1725,1911,,,,hvd_87780,36.27553,115.14652
429,CN130425,CN130425,大名县,河北大名县,县,1758,1911,迁移治所,数据下限,,hvd_44809,36.275528,115.14652
430,CN130425,CN130425,元城县,河北大名县,县,1820,1820,,,,hvd_38,36.275528,115.14652
431,CN130425,CN130425,大名县,河北大名县,县,1820,1820,,,,hvd_39,36.275528,115.1465
432,CN130425,CN130425,大名府,河北大名县,府,1820,1820,,,,hvd_9507,36.275528,115.1465
433,CN130425,CN130425,小滩镇,河北大名县东北金滩镇,村镇,1820,1820,,,,hvd_15595,36.354923,115.3027
434,CN130425,CN130425,束馆镇,河北大名县东南束馆,村镇,1820,1820,,,,hvd_15598,36.173134,115.41029
435,CN130425,CN130425,黄金隄堡,,村镇,1820,1820,,,,hvd_15489,36.45868,115.15373
436,CN130425,CN130425,七里店,河北大名县七里店,村镇,1911,1911,,,,hvd_134230,36.31442,115.13
437,CN130425,CN130425,东门口,河北大名县前东门口,村镇,1911,1911,,,,hvd_134261,36.30786,115.237625
438,CN130425,CN130425,元城县,河北省邯郸市大名县,县,1911,1911,,,,hvd_121440,36.27553,115.14652
439,CN130425,CN130425,前官庄,河北大名县前官庄,村镇,1911,1911,,,,hvd_134266,36.306572,115.34708
440,CN130425,CN130425,北门口,河北大名县北门口,村镇,1911,1911,,,,hvd_134276,36.334957,115.215866
441,CN130425,CN130425,十里铺,河北大名县十里铺,村镇,1911,1911,,,,hvd_134229,36.33855,115.15901
442,CN130425,CN130425,南满菜,山东冠县南满菜,村镇,1911,1911,,,,hvd_143800,36.410713,115.32158
443,CN130425,CN130425,南门口,河北大名县南门口,村镇,1911,1911,,,,hvd_134263,36.277565,115.206474
444,CN130425,CN130425,司庄楼,河北大名县司家庄,村镇,1911,1911,,,,hvd_134265,36.305283,115.41019
445,CN130425,CN130425,塚北集,河北大名县冢北,村镇,1911,1911,,,,hvd_134275,36.22406,115.45413
446,CN130425,CN130425,大名县,河北大名县,县,1911,1911,,,,hvd_121439,36.27553,115.14652
447,CN130425,CN130425,大名府,河北大名县,府,1911,1911,,,,hvd_120151,36.275528,115.14652
448,CN130425,CN130425,大李泞,河北大名县大李凝,村镇,1911,1911,,,,hvd_134258,36.42776,114.99556
449,CN130425,CN130425,杏现集,河北大名县杏现,村镇,1911,1911,,,,hvd_134274,36.166687,115.33909
450,CN130425,CN130425,王家庄,河北大名县王庄,村镇,1911,1911,,,,hvd_134269,36.27692,115.25201
451,CN130425,CN130425,社村,河北广平县社村,村镇,1911,1911,,,,hvd_134371,36.44382,115.01642
452,CN130425,CN130425,花二庄,河北大名县花二庄,村镇,1911,1911,,,,hvd_134227,36.24787,115.25422
453,CN130425,CN130425,西店村,河北大名县西店,村镇,1911,1911,,,,hvd_134255,36.390446,115.05489
454,CN130425,CN130425,谢儿寨,河北大名县谢儿寨,村镇,1911,1911,,,,hvd_134259,36.475464,115.08424
455,CN130425,CN130425,黄金堤集,河北大名县黄金堤集,村镇,1911,1911,,,,hvd_134260,36.44388,115.17851
456,CN130426,CN130426,涉县,,县,-203,-126,,,,hvd_82234,36.56414,113.67039
457,CN130426,CN130426,沙县,河北省邯郸市涉县,县,-202,24,,,,hvd_87148,36.61033,113.61689
458,CN130426,CN130426,涉侯国,河北省邯郸市涉县,国,-125,-113,,,,hvd_82235,36.56414,113.67039
459,CN130426,CN130426,涉县,,县,-112,25,,,,hvd_82236,36.56414,113.67039
460,CN130426,CN130426,沙侯国,河北省邯郸市涉县,国,25,195,,,,hvd_87149,36.61033,113.61689
461,CN130426,CN130426,涉侯国,河北省邯郸市涉县,国,26,190,,,,hvd_82237,36.56414,113.67039
462,CN130426,CN130426,涉县,,县,190,403,,,,hvd_82238,36.56414,113.67039
463,CN130426,CN130426,涉县,河北省邯郸市涉县,县,196,0,,,,hvd_87150,36.61033,113.61689
464,CN130426,CN130426,涉县,,县,590,1214,,,,hvd_82239,36.56414,113.67039
465,CN130426,CN130426,涉县,,县,1216,1220,,,,hvd_82240,36.56414,113.67039
466,CN130426,CN130426,涉县,,县,1225,1265,,,,hvd_82241,36.56414,113.67039
467,CN130426,CN130426,涉县,,县,1266,1365,,,,hvd_82242,36.56414,113.67039
468,CN130426,CN130426,交漳口,河北涉县东南交漳口,村镇,1820,1820,,,,hvd_18004,36.36932,113.87119
469,CN130426,CN130426,吾儿峪口,河北涉县西南、山西黎城县东北交界处,村镇,1820,1820,,,,hvd_18010,36.4969,113.57079
470,CN130426,CN130426,涉县,,县,1820,1820,,,,hvd_523,36.56414,113.670395
471,CN130426,CN130426,石泊村,河北涉县东北石泊镇,村镇,1820,1820,,,,hvd_18013,36.65144,113.7975
472,CN130426,CN130426,索堡镇,,村镇,1820,1820,,,,hvd_18005,36.642754,113.59563
473,CN130426,CN130426,辽城村,河北涉县西北西辽城,村镇,1820,1820,,,,hvd_18007,36.69107,113.52541
474,CN130426,CN130426,达城镇,河北涉县东南东达,村镇,1820,1820,,,,hvd_18008,36.42597,113.83504
475,CN130426,CN130426,古城,河南林县大古城,村镇,1911,1911,,,,hvd_148873,36.346207,113.85559
476,CN130426,CN130426,台村,河北涉县台村,村镇,1911,1911,,,,hvd_148912,36.615208,113.70891
477,CN130426,CN130426,宇庄,河北涉县宇庄,村镇,1911,1911,,,,hvd_145792,36.682896,113.6035
478,CN130426,CN130426,平方沟,河北涉县平房沟,村镇,1911,1911,,,,hvd_145797,36.787342,113.73684
479,CN130426,CN130426,污渎村,河北涉县污犊村,村镇,1911,1911,,,,hvd_148907,36.730137,113.508
480,CN130426,CN130426,涉县,,县,1911,1911,,,,hvd_121848,36.56414,113.670395
481,CN130426,CN130426,温村,河北涉县温村镇,村镇,1911,1911,,,,hvd_148908,36.61287,113.59502
482,CN130426,CN130426,符山窑,河北涉县符山窑,村镇,1911,1911,,,,hvd_148140,36.702568,113.760315
483,CN130426,CN130426,索堡镇,,村镇,1911,1911,,,,hvd_148905,36.642754,113.59563
484,CN130426,CN130426,胡峪,河北涉县胡峪,村镇,1911,1911,,,,hvd_148899,36.503895,113.700806
485,CN130426,CN130426,艾叶交,河北涉县艾峤,村镇,1911,1911,,,,hvd_145794,36.707916,113.63053
486,CN130426,CN130426,西庄,河北涉县西庄,村镇,1911,1911,,,,hvd_145798,36.743298,113.63413
487,CN130426,CN130426,西戍,河北涉县西戍镇,村镇,1911,1911,,,,hvd_148913,36.695732,113.794174
488,CN130426,CN130426,西焦,河北涉县小西峤,村镇,1911,1911,,,,hvd_145793,36.733196,113.56386
489,CN130426,CN130426,豆村,河北涉县东豆庄,村镇,1911,1911,,,,hvd_148902,36.735195,113.85486
490,CN130426,CN130426,青台,河北涉县青塔,村镇,1911,1911,,,,hvd_145796,36.80701,113.759186
491,CN130426,CN130426,青泉,山西潞城县下清泉,村镇,1911,1911,,,,hvd_145799,36.74474,113.5098
492,CN130426,CN130426,马布,河北涉县马布,村镇,1911,1911,,,,hvd_148903,36.696163,113.85486
493,CN130429,CN130429,易阳县,河北省邯郸市永年区,县,-221,0,,,,hvd_87036,36.77038,114.50987
494,CN130429,CN130429,广年县,河北省邯郸市永年区,县,-203,13,,,,hvd_87511,36.79166,114.64535
495,CN130429,CN130429,曲梁侯国,河北省邯郸市永年区,国,-64,-15,,,,hvd_87501,36.70103,114.72307
496,CN130429,CN130429,广平县,河北省邯郸市永年区,县,0,600,,,,hvd_87904,36.70103,114.72307
497,CN130429,CN130429,广平郡,河北省邯郸市永年区,郡,0,582,,,,hvd_87882,36.70103,114.72307
498,CN130429,CN130429,易阳县,河北省邯郸市永年区,县,0,585,,,,hvd_87907,36.79036,114.48263
499,CN130429,CN130429,富昌县,河北省邯郸市永年区,县,14,22,,,,hvd_87512,36.79166,114.64535
500,CN130429,CN130429,曲梁县,河北省邯郸市永年区,县,14,13,,,,hvd_87502,36.70103,114.72307
501,CN130429,CN130429,直梁县,河北省邯郸市永年区,县,14,22,,,,hvd_87503,36.70103,114.72307
502,CN130429,CN130429,广年县,河北省邯郸市永年区,县,23,0,,,,hvd_87513,36.79166,114.64535
503,CN130429,CN130429,曲梁县,河北省邯郸市永年区,县,23,24,,,,hvd_87504,36.70103,114.72307
504,CN130429,CN130429,广平郡,河北省邯郸市永年区,郡,82,264,,,,hvd_87487,36.70103,114.72307
505,CN130429,CN130429,曲梁县,河北省邯郸市永年区,县,196,0,,,,hvd_87505,36.70103,114.72307
506,CN130429,CN130429,洺州,河北省邯郸市永年区,州,527,556,,,,hvd_115616,36.70103,114.72307
507,CN130429,CN130429,武安郡,河北省邯郸市永年区,郡,534,757,,,,hvd_115921,36.70103,114.72307
508,CN130429,CN130429,洺州,河北省邯郸市永年区,州,577,595,,,,hvd_87884,36.70103,114.72307
509,CN130429,CN130429,洺州,河北省邯郸市永年区,州,578,606,,,,hvd_112951,36.77038,114.50987
510,CN130429,CN130429,洺州,河北省邯郸市永年区,州,596,605,,,,hvd_87885,36.70103,114.72307
511,CN130429,CN130429,永年县,河北永年县东南广府镇,县,601,1911,更名,数据下限,,hvd_44826,36.70103,114.72307
512,CN130429,CN130429,洺州,河北省邯郸市永年区,州,606,606,,,,hvd_87886,36.70103,114.72307
513,CN130429,CN130429,武安郡,河北省邯郸市永年区,郡,607,617,,,,hvd_87887,36.70103,114.72307
514,CN130429,CN130429,洺州,河北省邯郸市永年区,州,617,622,,,,hvd_87888,36.70103,114.72307
515,CN130429,CN130429,洺州,河北省邯郸市永年区,州,618,731,,,,hvd_110865,36.70103,114.72307
516,CN130429,CN130429,紫州,河北省邯郸市永年区,州,618,620,,,,hvd_87910,36.79036,114.48263
517,CN130429,CN130429,洺州,河北省邯郸市永年区,州,623,626,,,,hvd_87889,36.70103,114.72307
518,CN130429,CN130429,洺州,河北省邯郸市永年区,州,627,741,,,,hvd_87890,36.70103,114.72307
519,CN130429,CN130429,广平郡,河北省邯郸市永年区,郡,742,757,,,,hvd_87891,36.70103,114.72307
520,CN130429,CN130429,洺州,河北省邯郸市永年区,州,758,764,,,,hvd_87892,36.70103,114.72307
521,CN130429,CN130429,洺州,河北省邯郸市永年区,州,765,1128,,,,hvd_87893,36.70103,114.72307
522,CN130429,CN130429,洺州,河北省邯郸市永年区,州,1129,1235,,,,hvd_87894,36.70103,114.72307
523,CN130429,CN130429,广平府,河北省邯郸市永年区,府,1368,1368,,,,hvd_87898,36.70103,114.72307
524,CN130429,CN130429,广平府,河北省邯郸市永年区,府,1369,1372,,,,hvd_87899,36.70103,114.72307
525,CN130429,CN130429,广平府,河北省邯郸市永年区,府,1373,1725,,,,hvd_87900,36.70103,114.72307
526,CN130429,CN130429,广平府,河北省邯郸市永年区,府,1726,1730,,,,hvd_87901,36.70103,114.72307
527,CN130429,CN130429,广平府,河北省邯郸市永年区,府,1731,1911,,,,hvd_87902,36.70103,114.72307
528,CN130429,CN130429,临洺关,河北永年县临洺关镇,村镇,1820,1820,,,,hvd_15645,36.790363,114.48263
529,CN130429,CN130429,广平府,河北永年县东南永年,府,1820,1820,,,,hvd_9509,36.70103,114.72307
530,CN130429,CN130429,曲陌镇,,村镇,1820,1820,,,,hvd_15646,36.83433,114.71504
531,CN130429,CN130429,永年县,河北永年县东南广府镇,县,1820,1820,,,,hvd_58,36.70103,114.72307
532,CN130429,CN130429,临洺关,河北永年县临洺关镇,村镇,1911,1911,,,,hvd_134283,36.790363,114.48263
533,CN130429,CN130429,冀家窑,河北永年县冀窑,村镇,1911,1911,,,,hvd_134287,36.76723,114.38418
534,CN130429,CN130429,南胡贾,河北永年县南护驾,村镇,1911,1911,,,,hvd_134293,36.698807,114.68009
535,CN130429,CN130429,周村,河北永年县周村,村镇,1911,1911,,,,hvd_134289,36.729294,114.58033
536,CN130429,CN130429,善儿寨,河北永年县善寨,村镇,1911,1911,,,,hvd_134296,36.702194,114.779015
537,CN130429,CN130429,孙家营,河北鸡泽县孙堡营,村镇,1911,1911,,,,hvd_134356,36.79219,114.843094
538,CN130429,CN130429,普高村,河北鸡泽县普高村,村镇,1911,1911,,,,hvd_134362,36.842403,114.75403
539,CN130429,CN130429,曲陌镇,,村镇,1911,1911,,,,hvd_134279,36.83433,114.71504
540,CN130429,CN130429,曹庄铺,河北永年县前曹庄,村镇,1911,1911,,,,hvd_134286,36.734035,114.47972
541,CN130429,CN130429,永年县,河北永年县东南广府镇,县,1911,1911,,,,hvd_121441,36.70103,114.72307
542,CN130429,CN130429,河北村,河北永年县河北铺,村镇,1911,1911,,,,hvd_134288,36.809914,114.48986
543,CN130429,CN130429,焦左村,河北鸡泽县焦左村,村镇,1911,1911,,,,hvd_134363,36.87313,114.72181
544,CN130429,CN130429,牛家堡,河北永年县牛堡,村镇,1911,1911,,,,hvd_134292,36.60599,114.69193
545,CN130429,CN130429,胡贾沟,河北永年县胡家沟,村镇,1911,1911,,,,hvd_134285,36.729294,114.4273
546,CN130429,CN130429,贾葛铺,河北永年县南贾葛,村镇,1911,1911,,,,hvd_134294,36.715744,114.62852
547,CN130429,CN130429,辛庄堡,河北永年县辛庄,村镇,1911,1911,,,,hvd_134297,36.771297,114.77479
548,CN130429,CN130429,邓上村,河北永年县邓上,村镇,1911,1911,,,,hvd_134284,36.832268,114.422226
549,CN130429,CN130429,阎胡寨,河北永年县大阎胡寨,村镇,1911,1911,,,,hvd_134295,36.729294,114.85172
550,CN130429,CN130429,陈义村,河北永年县陈义,村镇,1911,1911,,,,hvd_134298,36.733356,114.74351
551,CN130432,CN130432,清漳县,河北广平县东北清漳村,县,596,842,新建,撤消,,hvd_44837,36.545597,115.04614
552,CN130432,CN130432,广平县,河北广平县,县,1167,1911,,,,hvd_87922,36.48052,114.93684
553,CN130432,CN130432,平堌,河北广平县东北平固庄,村镇,1820,1820,,,,hvd_15660,36.575714,115.07095
554,CN130432,CN130432,广平县,河北广平县,县,1820,1820,,,,hvd_63,36.48052,114.936844
555,CN130432,CN130432,东三塔,河北曲周县东三塔,村镇,1911,1911,,,,hvd_134313,36.598763,115.10516
556,CN130432,CN130432,义井村,河北魏县义井,村镇,1911,1911,,,,hvd_134245,36.407135,114.91567
557,CN130432,CN130432,冯营,河北广平县冯营,村镇,1911,1911,,,,hvd_134379,36.440933,114.90723
558,CN130432,CN130432,北吴村,河北广平县北吴村,村镇,1911,1911,,,,hvd_134368,36.55759,115.034515
559,CN130432,CN130432,双庙村,河北广平县双庙村,村镇,1911,1911,,,,hvd_134378,36.391254,114.889984
560,CN130432,CN130432,周固寨,河北广平县周固寨,村镇,1911,1911,,,,hvd_134374,36.531048,115.05665
561,CN130432,CN130432,寺郎固村,河北广平县南寺郎固,村镇,1911,1911,,,,hvd_134375,36.46404,114.999176
562,CN130432,CN130432,广平县,河北广平县,县,1911,1911,,,,hvd_121445,36.48052,114.936844
563,CN130432,CN130432,张东村,河北广平县张东村,村镇,1911,1911,,,,hvd_134380,36.546062,115.14789
564,CN130432,CN130432,王九郎寨,河北广平县王九郎寨,村镇,1911,1911,,,,hvd_134372,36.577835,115.12849
565,CN130432,CN130432,盐池村,河北广平县南盐池,村镇,1911,1911,,,,hvd_134373,36.495808,115.05162
566,CN130434,CN130434,洹水县,河北省邯郸市魏县,县,561,1072,,,,hvd_87839,36.32016,114.96709
567,CN130434,CN130434,魏县,河北省邯郸市魏县,县,1167,1369,,,,hvd_87783,36.23581,114.83089
568,CN130434,CN130434,双井镇,,村镇,1820,1820,,,,hvd_15597,36.229927,114.97631
569,CN130434,CN130434,旧魏县,河南魏县西南旧魏县,村镇,1820,1820,,,,hvd_15594,36.281616,114.81367
570,CN130434,CN130434,三马村,河北魏县三马村,村镇,1911,1911,,,,hvd_134231,36.18216,115.06107
571,CN130434,CN130434,军营村,河北广平县军营,村镇,1911,1911,,,,hvd_134370,36.428802,114.93739
572,CN130434,CN130434,双井镇,,村镇,1911,1911,,,,hvd_134239,36.229927,114.97631
573,CN130434,CN130434,大岩屯,河北魏县大严屯,村镇,1911,1911,,,,hvd_134237,36.09745,114.981224
574,CN130434,CN130434,申桥村,河北魏县申桥,村镇,1911,1911,,,,hvd_134238,36.27112,115.02672
575,CN130434,CN130434,白仕望,河北魏县白仕望,村镇,1911,1911,,,,hvd_134243,36.342026,114.8925
576,CN130434,CN130434,第六店,河北魏县第六店,村镇,1911,1911,,,,hvd_134235,36.078373,114.99237
577,CN130434,CN130434,罗胜屯,河北魏县罗屯,村镇,1911,1911,,,,hvd_134254,36.208588,115.03551
578,CN130434,CN130434,蒲潭营,河北魏县蒲潭营,村镇,1911,1911,,,,hvd_134248,36.22664,114.76628
579,CN130434,CN130434,西楼底,河北魏县西楼底,村镇,1911,1911,,,,hvd_134252,36.16991,114.99237
580,CN130434,CN130434,马丰头,河北魏县马丰头,村镇,1911,1911,,,,hvd_134249,36.316242,114.79504
581,CN130434,CN130434,高家堤,河北魏县高家堤,村镇,1911,1911,,,,hvd_134233,36.12801,115.034706
582,CN1305,CN1305,龙冈县,河北邢台市,县,589,1119,更名,更名,,hvd_44892,37.066357,114.49426
583,CN1305,CN1305,邢台县,河北邢台市,县,1120,1911,更名,数据下限,,hvd_44893,37.066357,114.49426
584,CN1305,CN1305,顺德府,河北邢台市,府,1262,1264,,,,hvd_88140,37.06636,114.49426
585,CN1305,CN1305,顺德府,河北邢台市,府,1368,1911,,,,hvd_88142,37.06636,114.49426
586,CN1305,CN1305,邢台县,河北邢台市,县,1820,1820,,,,hvd_91,37.06636,114.49426
587,CN1305,CN1305,顺德府,河北邢台市,府,1820,1820,,,,hvd_9512,37.066357,114.49426
588,CN1305,CN1305,邢台县,河北邢台市,县,1911,1911,,,,hvd_121425,37.06636,114.49426
589,CN1305,CN1305,顺德府,河北邢台市,府,1911,1911,,,,hvd_120149,37.066357,114.49426
590,CN130534,CN130534,厝县,河北省邢台市清河县,县,-221,-202,,,,hvd_87065,37.08367,115.58614
591,CN130534,CN130534,清河郡,河北省邢台市清河县,郡,-221,-148,,,,hvd_87254,37.0448,115.68916
592,CN130534,CN130534,清阳县,河北省邢台市清河县,县,-221,143,,,,hvd_87265,37.0448,115.68916
593,CN130534,CN130534,东武城县,河北省邢台市清河县,县,-202,0,,,,hvd_87267,37.0927,115.69399
594,CN130534,CN130534,信成县,河北省邢台市清河县,县,-202,29,,,,hvd_87268,37.09053,115.60249
595,CN130534,CN130534,清河郡,河北省邢台市清河县,郡,-198,-155,,,,hvd_112216,37.0448,115.68917
596,CN130534,CN130534,清河郡,河北省邢台市清河县,郡,-154,-148,,,,hvd_112217,37.0448,115.68917
597,CN130534,CN130534,清河国,河北省邢台市清河县,国,-147,-137,,,,hvd_87255,37.0448,115.68916
598,CN130534,CN130534,清河郡,河北省邢台市清河县,郡,-136,-113,,,,hvd_87256,37.0448,115.68916
599,CN130534,CN130534,清河郡,河北省邢台市清河县,郡,-136,-114,,,,hvd_112219,37.0448,115.68917
600,CN130534,CN130534,清河国,河北省邢台市清河县,国,-114,-82,,,,hvd_87257,37.0448,115.68916
601,CN130534,CN130534,清河国,河北省邢台市清河县,国,-113,-67,,,,hvd_112220,37.0448,115.68917
602,CN130534,CN130534,清河国,河北省邢台市清河县,国,-81,-71,,,,hvd_87258,37.0448,115.68916
603,CN130534,CN130534,清河国,河北省邢台市清河县,国,-70,-67,,,,hvd_87259,37.0448,115.68916
604,CN130534,CN130534,清河郡,河北省邢台市清河县,郡,-66,13,,,,hvd_87260,37.0448,115.68916
605,CN130534,CN130534,清河郡,河北省邢台市清河县,郡,-66,-48,,,,hvd_112221,37.0448,115.68917
606,CN130534,CN130534,清河国,河北省邢台市清河县,国,-47,-44,,,,hvd_112222,37.0448,115.68917
607,CN130534,CN130534,清河郡,河北省邢台市清河县,郡,-43,8,,,,hvd_112223,37.0448,115.68917
608,CN130534,CN130534,清河郡,河北省邢台市清河县,郡,0,582,,,,hvd_87939,37.08367,115.58614
609,CN130534,CN130534,贝州,河北省邢台市清河县,州,0,606,,,,hvd_87938,37.08367,115.58614
610,CN130534,CN130534,平河郡,河北省邢台市清河县,郡,9,23,,,,hvd_112224,37.0448,115.68917
611,CN130534,CN130534,平河郡,河北省邢台市清河县,郡,14,22,,,,hvd_87261,37.0448,115.68916
612,CN130534,CN130534,清河郡,河北省邢台市清河县,郡,23,81,,,,hvd_87262,37.0448,115.68916
613,CN130534,CN130534,清河国,河北省邢台市清河县,国,82,147,,,,hvd_87263,37.0448,115.68916
614,CN130534,CN130534,清阳县,河北省邢台市清河县,县,265,0,,,,hvd_87266,37.0448,115.68916
615,CN130534,CN130534,侯城县,河北省邢台市清河县,县,489,555,,,,hvd_85182,37.08367,115.58614
616,CN130534,CN130534,武城县,河北省邢台市清河县,县,556,585,,,,hvd_85170,37.09053,115.60249
617,CN130534,CN130534,贝州,河北省邢台市清河县,州,578,606,,,,hvd_112952,37.07303,115.62411
618,CN130534,CN130534,清河县,河北清河县西北,县,583,859,更名,迁移治所,,hvd_44848,37.083668,115.586136
619,CN130534,CN130534,夏津县,河北清河县东南,县,596,605,新建,撤消,,hvd_44851,37.044804,115.68916
620,CN130534,CN130534,清河郡,河北省邢台市清河县,郡,607,620,,,,hvd_87940,37.08367,115.58614
621,CN130534,CN130534,夏津县,河北清河县东南,县,621,625,新建,撤消,,hvd_44852,37.044804,115.68916
622,CN130534,CN130534,贝州,河北省邢台市清河县,州,621,622,,,,hvd_87941,37.08367,115.58614
623,CN130534,CN130534,贝州,河北省邢台市清河县,州,625,731,,,,hvd_110862,37.07008,115.6563
624,CN130534,CN130534,贝州,河北省邢台市清河县,州,625,625,,,,hvd_87942,37.08367,115.58614
625,CN130534,CN130534,贝州,河北省邢台市清河县,州,626,741,,,,hvd_87943,37.08367,115.58614
626,CN130534,CN130534,清阳县,河北省邢台市清河县,县,689,734,,,,hvd_87955,37.0448,115.68916
627,CN130534,CN130534,清阳县,河北省邢台市清河县,县,735,1070,,,,hvd_87956,37.08367,115.58614
628,CN130534,CN130534,清河郡,河北省邢台市清河县,郡,742,757,,,,hvd_87944,37.08367,115.58614
629,CN130534,CN130534,贝州,河北省邢台市清河县,州,758,859,,,,hvd_87945,37.08367,115.58614
630,CN130534,CN130534,清河县,河北清河县西,县,860,993,迁移治所,迁移治所,,hvd_44849,37.067806,115.598724
631,CN130534,CN130534,贝州,河北省邢台市清河县,州,860,905,,,,hvd_87946,37.06781,115.59872
632,CN130534,CN130534,贝州,河北省邢台市清河县,州,906,1047,,,,hvd_87947,37.06781,115.59872
633,CN130534,CN130534,永清军节度使,河北省邢台市清河县,防镇,938,954,,,,hvd_111766,37.07008,115.6563
634,CN130534,CN130534,清河县,河北清河西西城关乡,县,994,1911,迁移治所,数据下限,,hvd_44850,37.073032,115.62411
635,CN130534,CN130534,恩州,河北省邢台市清河县,州,1048,1122,,,,hvd_87948,37.07303,115.62411
636,CN130534,CN130534,二哥营,河北清河县东南二哥营,村镇,1820,1820,,,,hvd_15658,36.95033,115.74338
637,CN130534,CN130534,油坊铺,河北清河县东南油坊,村镇,1820,1820,,,,hvd_15649,37.00244,115.76962
638,CN130534,CN130534,清河县,河北清河县西旧城,县,1820,1820,,,,hvd_56,37.070076,115.6563
639,CN130534,CN130534,渡口驿,山东夏津县西北渡口驿,村镇,1820,1820,,,,hvd_20167,37.057106,115.830894
640,CN130534,CN130534,莲冢堡,河北清河县东北连塜集,村镇,1820,1820,,,,hvd_15650,37.107132,115.75633
641,CN130534,CN130534,谢炉堡,河北清河县东南谢炉集,村镇,1820,1820,,,,hvd_15652,37.02836,115.681854
642,CN130534,CN130534,郭家屯,河北清河县东南郭家庄,村镇,1820,1820,,,,hvd_15659,37.052925,115.76061
643,CN130534,CN130534,军营,河北清河县军营,村镇,1911,1911,,,,hvd_134455,37.169804,115.74729
644,CN130534,CN130534,前食店庄,河北清河县食店庄,村镇,1911,1911,,,,hvd_134441,37.03664,115.53432
645,CN130534,CN130534,双城集,河北清河县双城集,村镇,1911,1911,,,,hvd_134444,37.064503,115.76327
646,CN130534,CN130534,吕华庄,河北故城县吕化庄,村镇,1911,1911,,,,hvd_143927,37.121086,115.8047
647,CN130534,CN130534,吴家庄,河北清河县后吴庄,村镇,1911,1911,,,,hvd_134438,37.086697,115.601166
648,CN130534,CN130534,垒桥村,河北清河县西垒桥,村镇,1911,1911,,,,hvd_134454,37.116917,115.74197
649,CN130534,CN130534,堂上村,河北清河县堂上,村镇,1911,1911,,,,hvd_134457,37.01964,115.65145
650,CN130534,CN130534,小官营,河北清河县中小官,村镇,1911,1911,,,,hvd_134460,37.015392,115.59584
651,CN130534,CN130534,康家庄,河北清河县康家庄,村镇,1911,1911,,,,hvd_134452,37.017754,115.7396
652,CN130534,CN130534,李家庙,河北清河县李家庙,村镇,1911,1911,,,,hvd_134458,36.964394,115.64672
653,CN130534,CN130534,杨庙,河北清河县杨庙,村镇,1911,1911,,,,hvd_134459,37.052223,115.61182
654,CN130534,CN130534,油房镇,河北清河县油房镇,村镇,1911,1911,,,,hvd_134446,37.00244,115.76962
655,CN130534,CN130534,清河县,河北清河县城关,县,1911,1911,,,,hvd_121449,37.070076,115.6563
656,CN130534,CN130534,王什庄,河北清河县王什庄,村镇,1911,1911,,,,hvd_134439,37.052223,115.56508
657,CN130534,CN130534,王化庄,河北清河县王化庄,村镇,1911,1911,,,,hvd_134442,37.081028,115.66979
658,CN130534,CN130534,谢台头,河北清河县谢台头,村镇,1911,1911,,,,hvd_134450,36.98753,115.729546
659,CN130534,CN130534,赵家店,河北清河县赵店,村镇,1911,1911,,,,hvd_134449,36.956837,115.74729
660,CN130534,CN130534,辛集,河北清河县辛集,村镇,1911,1911,,,,hvd_134448,36.965466,115.67531
661,CN130534,CN130534,连塚屯,河北清河县连冢屯,村镇,1911,1911,,,,hvd_134453,37.111725,115.77214
662,CN130534,CN130534,郭家屯,河北清河县前郭屯,村镇,1911,1911,,,,hvd_134456,37.037113,115.814735
663,CN130534,CN130534,高家庄,河北清河县高家庄,村镇,1911,1911,,,,hvd_134451,37.01492,115.69168
664,CN130534,CN130534,黄金庄,河北清河县黄金庄镇,村镇,1911,1911,,,,hvd_134443,37.0996,115.693825
665,CN130607,CN130607,北平县,河北省保定市满城区,县,-221,13,,,,hvd_87251,38.95787,115.30381
666,CN130607,CN130607,善和县,河北省保定市满城区,县,14,22,,,,hvd_87252,38.95787,115.30381
667,CN130607,CN130607,北平县,河北省保定市满城区,县,23,0,,,,hvd_87253,38.95787,115.30381
668,CN130633,CN130633,故安县,河北省保定市易县,县,-117,0,,,,hvd_87318,39.288,115.56625
669,CN130633,CN130633,易州,河北易县,州,581,606,,,,hvd_88278,39.34904,115.49348
670,CN130633,CN130633,黎郡,河北省保定市易县,郡,581,581,,,,hvd_88277,39.34904,115.49348
671,CN130633,CN130633,上谷郡,河北省保定市易县,郡,607,620,,,,hvd_88279,39.34904,115.49348
672,CN130633,CN130633,易州,河北易县,州,621,713,,,,hvd_110787,39.34904,115.49348
673,CN130633,CN130633,易州,河北易县,州,623,626,,,,hvd_88282,39.34904,115.49348
674,CN130633,CN130633,易州,河北易县,州,627,741,,,,hvd_88283,39.34904,115.49348
675,CN130633,CN130633,上谷郡,河北省保定市易县,郡,742,757,,,,hvd_88284,39.34904,115.49348
676,CN130633,CN130633,易州,河北易县,州,758,980,,,,hvd_88285,39.34904,115.49348
677,CN130633,CN130633,易州,河北易县,州,981,1240,,,,hvd_88286,39.34904,115.49348
678,CN130633,CN130633,易州,河北易县,州,1241,1733,,,,hvd_88287,39.34904,115.49348
679,CN130633,CN130633,易州,河北易县,州,1734,1911,,,,hvd_116086,39.34904,115.49348
680,CN130633,CN130633,易州直隶州,河北省保定市易县,直隶州,1734,1911,,,,hvd_88288,39.34904,115.49348
681,CN130633,CN130633,奇峰口,河北易县西北奇峰口,村镇,1820,1820,,,,hvd_15529,39.476032,115.29143
682,CN130633,CN130633,易州,河北易县,直隶州,1820,1820,,,,hvd_9503,39.349037,115.49348
683,CN130633,CN130633,沙峪口,河北易县西北沙峪口,村镇,1820,1820,,,,hvd_15536,39.494556,115.392715
684,CN130633,CN130633,西水寨,河北易县西南西水,村镇,1820,1820,,,,hvd_15527,39.150146,115.21645
685,CN130633,CN130633,金陂岭,河北易县西金陂,村镇,1820,1820,,,,hvd_15486,39.332726,115.230865
686,CN130633,CN130633,金陂镇,河北易县西金陂,村镇,1820,1820,,,,hvd_15525,39.332726,115.230865
687,CN130633,CN130633,龙华店,河北易县西大龙华,村镇,1820,1820,,,,hvd_15523,39.322453,115.25342
688,CN130633,CN130633,刘家庄,河北易县刘家庄,村镇,1911,1911,,,,hvd_135241,39.149235,115.35336
689,CN130633,CN130633,北桥头,河北易县北桥,村镇,1911,1911,,,,hvd_135231,39.35995,115.59754
690,CN130633,CN130633,北白涧,河北易县北白涧,村镇,1911,1911,,,,hvd_135237,39.292995,115.38475
691,CN130633,CN130633,北董村,河北易县北东,村镇,1911,1911,,,,hvd_135238,39.316376,115.557724
692,CN130633,CN130633,南独乐,河北易县南独乐,村镇,1911,1911,,,,hvd_135243,39.07355,115.22018
693,CN130633,CN130633,南白虹,河北易县南白虹,村镇,1911,1911,,,,hvd_135236,39.24623,115.36004
694,CN130633,CN130633,南管头村,河北易县南管头,村镇,1911,1911,,,,hvd_135245,39.098778,115.120964
695,CN130633,CN130633,唐湖铺,河北易县塘湖铺,村镇,1911,1911,,,,hvd_135235,39.193466,115.37629
696,CN130633,CN130633,固村,河北易县固村,村镇,1911,1911,,,,hvd_135262,39.31966,115.49499
697,CN130633,CN130633,大方村,河北易县大方,村镇,1911,1911,,,,hvd_135240,39.176563,115.51237
698,CN130633,CN130633,奇峰口,河北易县奇峰庄,村镇,1911,1911,,,,hvd_135263,39.460514,115.35399
699,CN130633,CN130633,屯里村,河北易县屯里,村镇,1911,1911,,,,hvd_135242,39.16605,115.44577
700,CN130633,CN130633,建城司,河北易县建城寺,村镇,1911,1911,,,,hvd_135252,39.555397,115.182465
701,CN130633,CN130633,方成村,河北易县方成,村镇,1911,1911,,,,hvd_135259,39.280994,115.45929
702,CN130633,CN130633,易州,河北易县,直隶州,1911,1911,,,,hvd_120156,39.349037,115.49348
703,CN130633,CN130633,杨威城,河北易县杨威城,村镇,1911,1911,,,,hvd_135233,39.303623,115.61127
704,CN130633,CN130633,洼泥铺,河北易县洼泥铺,村镇,1911,1911,,,,hvd_135253,39.34077,115.201485
705,CN130633,CN130633,白羊,河北易县白羊,村镇,1911,1911,,,,hvd_135229,39.417442,115.45211
706,CN130633,CN130633,良各庄,河北易县梁各庄,村镇,1911,1911,,,,hvd_135230,39.383537,115.40012
707,CN130633,CN130633,营邱村,河北定兴县北营邱村,村镇,1911,1911,,,,hvd_134824,39.19988,115.53616
708,CN130633,CN130633,许家里,河北易县许家,村镇,1911,1911,,,,hvd_135257,39.292374,115.06287
709,CN130633,CN130633,龙村,河北易县龙村,村镇,1911,1911,,,,hvd_135256,39.238716,115.034325
710,CN130633,CN130633,龙王庙,河北易县龙王庙,村镇,1911,1911,,,,hvd_135247,39.494045,115.25727
711,CN130634,CN130634,上曲阳县,河北省保定市曲阳县,县,-221,13,,,,hvd_87094,38.61595,114.64456
712,CN130634,CN130634,常山亭县,河北省保定市曲阳县,县,14,22,,,,hvd_87095,38.61595,114.64456
713,CN130634,CN130634,上曲阳县,河北省保定市曲阳县,县,23,0,,,,hvd_87096,38.61595,114.64456
714,CN130634,CN130634,曲阳县,河北曲阳县,县,556,585,更名,更名,,hvd_44819,38.62145,114.6902
715,CN130634,CN130634,恒阳县,河北曲阳县,县,587,819,更名,更名,,hvd_44820,38.62145,114.6902
716,CN130634,CN130634,曲阳县,河北曲阳县,县,820,1215,更名,撤消,,hvd_44821,38.62145,114.6902
717,CN130634,CN130634,恒州,河北省保定市曲阳县,州,1216,1238,,,,hvd_87876,38.62145,114.6902
718,CN130634,CN130634,曲阳县,河北曲阳县曲阳镇,县,1239,1911,新建,数据下限,,hvd_44822,38.62145,114.6902
719,CN130634,CN130634,曲阳县,河北曲阳县,县,1820,1820,,,,hvd_5,38.62145,114.6902
720,CN130634,CN130634,横河口,河北唐县西横河口,村镇,1820,1820,,,,hvd_15590,38.764935,114.733246
721,CN130634,CN130634,东口南,河北曲阳县东口南,村镇,1911,1911,,,,hvd_133416,38.725227,114.62371
722,CN130634,CN130634,东邸镇,河北曲阳县东邸村,村镇,1911,1911,,,,hvd_133417,38.513943,114.76088
723,CN130634,CN130634,伏城,河北唐县伏城,村镇,1911,1911,,,,hvd_134906,38.683884,114.782036
724,CN130634,CN130634,十八渡,河北唐县十八渡,村镇,1911,1911,,,,hvd_134923,38.783012,114.71977
725,CN130634,CN130634,孝墓铺,河北曲阳县北孝墓,村镇,1911,1911,,,,hvd_133415,38.688484,114.65259
726,CN130634,CN130634,曲阳县,河北曲阳县,县,1911,1911,,,,hvd_121394,38.62145,114.6902
727,CN130634,CN130634,朱家峪,河北曲阳县朱家峪,村镇,1911,1911,,,,hvd_133412,38.776108,114.64356
728,CN130634,CN130634,横河口,河北曲阳县横河口,村镇,1911,1911,,,,hvd_134920,38.754925,114.71555
729,CN130634,CN130634,沙道村,河北曲阳县沙道村,村镇,1911,1911,,,,hvd_133419,38.55069,114.726585
730,CN130634,CN130634,董家马堡,河北曲阳县董家马,村镇,1911,1911,,,,hvd_133421,38.669743,114.738396
731,CN130634,CN130634,郑家庄,河北曲阳县郑家庄,村镇,1911,1911,,,,hvd_133414,38.743603,114.519936
732,CN130634,CN130634,高门屯,河北曲阳县高门屯,村镇,1911,1911,,,,hvd_133420,38.58768,114.84866
733,CN130681,CN130681,涿县,河北省保定市涿州市,县,-221,0,,,,hvd_87307,39.48722,115.96815
734,CN130681,CN130681,涿郡,河北省保定市涿州市,郡,-117,13,,,,hvd_87302,39.48722,115.96815
735,CN130681,CN130681,西乡侯国,河北省保定市涿州市高尔夫大道,国,-44,-1,,,,hvd_87351,39.49607,115.95177
736,CN130681,CN130681,阳乡侯国,河北省保定市涿州市,国,-44,-1,,,,hvd_87346,39.52053,116.21911
737,CN130681,CN130681,涿郡,河北省保定市涿州市,郡,-8,219,,,,hvd_116209,39.52053,116.21911
738,CN130681,CN130681,范阳县,河北省保定市涿州市,县,0,1367,,,,hvd_88194,39.48722,115.96815
739,CN130681,CN130681,西乡县,河北省保定市涿州市高尔夫大道,县,1,13,,,,hvd_87352,39.49607,115.95177
740,CN130681,CN130681,阳乡县,河北省保定市涿州市,县,1,13,,,,hvd_87347,39.52053,116.21911
741,CN130681,CN130681,垣翰郡,河北省保定市涿州市,郡,9,23,,,,hvd_112661,39.48722,115.96815
742,CN130681,CN130681,垣翰郡,河北省保定市涿州市,郡,14,22,,,,hvd_87303,39.48722,115.96815
743,CN130681,CN130681,移风县,河北省保定市涿州市高尔夫大道,县,14,23,,,,hvd_87353,39.49607,115.95177
744,CN130681,CN130681,章符县,河北省保定市涿州市,县,14,23,,,,hvd_87348,39.52053,116.21911
745,CN130681,CN130681,涿郡,河北省保定市涿州市,郡,23,223,,,,hvd_87304,39.48722,115.96815
746,CN130681,CN130681,西乡县,河北省保定市涿州市高尔夫大道,县,23,29,,,,hvd_87354,39.49607,115.95177
747,CN130681,CN130681,阳乡县,河北省保定市涿州市,县,23,29,,,,hvd_87349,39.52053,116.21911
748,CN130681,CN130681,涿郡,河北省保定市涿州市,郡,24,0,,,,hvd_112662,39.48722,115.96815
749,CN130681,CN130681,范阳郡,河北省保定市涿州市,郡,224,264,,,,hvd_87305,39.48722,115.96815
750,CN130681,CN130681,幽州,河北省保定市涿州市,州,265,318,,,,hvd_113259,39.48722,115.96815
751,CN130681,CN130681,范阳国,河北省保定市涿州市,国,265,555,,,,hvd_115207,39.48722,115.96815
752,CN130681,CN130681,范阳国,河北省保定市涿州市,国,265,0,,,,hvd_87306,39.48722,115.96815
753,CN130681,CN130681,长乡县,河北省保定市涿州市,县,265,0,,,,hvd_87350,39.52053,116.21911
754,CN130681,CN130681,涿州,河北涿县,州,929,1229,,,,hvd_116210,39.48722,115.96815
755,CN130681,CN130681,涿州,河北涿县,州,1263,1911,,,,hvd_88193,39.48722,115.96815
756,CN130681,CN130681,大马村,河北涿州市西南大马村,村镇,1820,1820,,,,hvd_15927,39.410038,115.83277
757,CN130681,CN130681,涿州,河北涿县,州,1820,1820,,,,hvd_104,39.48722,115.96815
758,CN130681,CN130681,七贤村墩,北京市房山区七贤,村镇,1911,1911,,,,hvd_136358,39.59703,115.932396
759,CN130681,CN130681,二站,河北涿州市二站,村镇,1911,1911,,,,hvd_136152,39.447933,115.860085
760,CN130681,CN130681,冈头,河北固安县大岗头,村镇,1911,1911,,,,hvd_136094,39.484806,116.16113
761,CN130681,CN130681,前铺,河北涿州市前铺,村镇,1911,1911,,,,hvd_136150,39.439804,115.80112
762,CN130681,CN130681,北茨村,河北涿州市茨村,村镇,1911,1911,,,,hvd_136133,39.492657,116.13913
763,CN130681,CN130681,北蔡村,河北涿州市北蔡,村镇,1911,1911,,,,hvd_136130,39.56421,116.20336
764,CN130681,CN130681,南河村,河北涿州市南河村,村镇,1911,1911,,,,hvd_136141,39.4707,115.98223
765,CN130681,CN130681,南蔡村,河北涿州市南蔡,村镇,1911,1911,,,,hvd_136131,39.547134,116.215996
766,CN130681,CN130681,向阳村,河北涿州市向阳,村镇,1911,1911,,,,hvd_136139,39.54388,116.04646
767,CN130681,CN130681,夹河村,河北涿州市夹河村,村镇,1911,1911,,,,hvd_136154,39.558517,115.90115
768,CN130681,CN130681,孙家疃,河北涿州市孙家疃,村镇,1911,1911,,,,hvd_136146,39.400772,115.82113
769,CN130681,CN130681,小营,河北涿州市小营,村镇,1911,1911,,,,hvd_136137,39.487778,116.10543
770,CN130681,CN130681,智军庄,河北涿州市智军庄,村镇,1911,1911,,,,hvd_136142,39.377193,116.06542
771,CN130681,CN130681,柳斌营,河北固安县柳彬营,村镇,1911,1911,,,,hvd_136100,39.399452,116.129295
772,CN130681,CN130681,柳河营,河北涿州市柳河营,村镇,1911,1911,,,,hvd_136135,39.39996,116.0749
773,CN130681,CN130681,楼桑铺,河北涿州市楼桑铺,村镇,1911,1911,,,,hvd_136143,39.408905,115.972755
774,CN130681,CN130681,涿州,河北涿州市,州,1911,1911,,,,hvd_121509,39.48722,115.96815
775,CN130681,CN130681,满子营,河北涿州市蛮子营,村镇,1911,1911,,,,hvd_136136,39.443867,116.0928
776,CN130681,CN130681,王御史庄,河北涿州市王御史庄,村镇,1911,1911,,,,hvd_136098,39.369087,116.10595
777,CN130681,CN130681,百尺杆,河北涿州市百尺杆,村镇,1911,1911,,,,hvd_136147,39.539818,115.91589
778,CN130681,CN130681,胡同口,河北涿州市胡同口,村镇,1911,1911,,,,hvd_136153,39.530872,115.94117
779,CN130681,CN130681,蓝家屯,河北涿州市兰家营,村镇,1911,1911,,,,hvd_136149,39.529408,115.84313
780,CN130681,CN130681,西找子营,河北涿州市找子营,村镇,1911,1911,,,,hvd_136140,39.463383,116.04541
781,CN130681,CN130681,邓渠村,河北涿州市邓渠,村镇,1911,1911,,,,hvd_136132,39.565838,116.16019
782,CN130681,CN130681,高官庄铺,河北涿州市高官屯,村镇,1911,1911,,,,hvd_136134,39.387947,116.04026
783,CN130928,CN130928,重平县,河北省沧州市吴桥县,县,-202,29,,,,hvd_87406,37.58862,116.38844
784,CN130928,CN130928,吴桥县,河北吴桥镇,县,0,1911,,,,hvd_88049,37.60676,116.50374
785,CN130928,CN130928,东安陵县,河北省沧州市吴桥县,县,265,0,,,,hvd_87630,37.64345,116.42015
786,CN130928,CN130928,吴桥县,河北吴桥镇,县,1820,1820,,,,hvd_45,37.606762,116.50374
787,CN130928,CN130928,桑园镇,山东吴桥县（桑园）治,村镇,1820,1820,,,,hvd_20184,37.626717,116.38395
788,CN130928,CN130928,范屯,河北吴桥县东北范屯,村镇,1820,1820,,,,hvd_15630,37.693462,116.57521
789,CN130928,CN130928,于家集,河北乌桥县于集镇,村镇,1911,1911,,,,hvd_133598,37.694347,116.52383
790,CN130928,CN130928,刘金庄,河北吴桥县刘金庄,村镇,1911,1911,,,,hvd_135203,37.78012,116.52647
791,CN130928,CN130928,吴桥县,河北吴桥县吴桥镇,县,1911,1911,,,,hvd_121407,37.606762,116.50374
792,CN130928,CN130928,小魏庄,河北吴桥县,村镇,1911,1911,,,,hvd_133659,37.76094,116.64277
793,CN130928,CN130928,张家集,河北吴桥县张家集,村镇,1911,1911,,,,hvd_133600,37.578327,116.46517
794,CN130928,CN130928,新镇,河北吴桥县新镇店,村镇,1911,1911,,,,hvd_135201,37.56961,116.396324
795,CN130928,CN130928,楼子铺,河北吴桥县楼子铺,村镇,1911,1911,,,,hvd_135202,37.65215,116.452995
796,CN130928,CN130928,水波镇,河北吴桥县水波,村镇,1911,1911,,,,hvd_133599,37.722656,116.45502
797,CN130928,CN130928,沟店铺,河北吴桥县沟店,村镇,1911,1911,,,,hvd_133603,37.626163,116.59944
798,CN130928,CN130928,王英,山东陵县王英,村镇,1911,1911,,,,hvd_135197,37.488728,116.4446
799,CN130928,CN130928,范家屯,河北吴桥县范屯,村镇,1911,1911,,,,hvd_133596,37.67906,116.593956
800,CN130928,CN130928,齐家庄,河北吴桥县大齐庄,村镇,1911,1911,,,,hvd_133602,37.529896,116.430115
801,CN130984,CN130984,束州县,河北省沧州市河间市,县,-202,0,,,,hvd_87410,38.53423,116.37783
802,CN130984,CN130984,州乡侯国,河北省沧州市河间市,国,-127,29,,,,hvd_87327,38.50557,116.24902
803,CN130984,CN130984,瀛州,河北省沧州市河间市,州,0,996,,,,hvd_87988,38.4357,116.08553
804,CN130984,CN130984,河间县,河北河间市,县,2,1911,,,,hvd_88003,38.4357,116.08553
805,CN130984,CN130984,瀛州,河北省沧州市河间市,州,486,606,,,,hvd_112900,38.4357,116.08553
806,CN130984,CN130984,瀛州,河北省沧州市河间市,州,583,606,,,,hvd_87986,38.4357,116.08553
807,CN130984,CN130984,河间郡,河北省沧州市河间市,郡,588,605,,,,hvd_115327,38.4357,116.08553
808,CN130984,CN130984,束城县,河北河间县东北束城镇,县,596,1072,新建,撤消,,hvd_44859,38.53423,116.37783
809,CN130984,CN130984,景城县,河北沧县西景城,县,598,1073,更名,撤消,,hvd_44864,38.3936,116.45176
810,CN130984,CN130984,河间郡,河北省沧州市河间市,郡,607,620,,,,hvd_87987,38.4357,116.08553
811,CN130984,CN130984,瀛州,河北省沧州市河间市,州,621,741,,,,hvd_110956,38.4357,116.08553
812,CN130984,CN130984,瀛州,河北省沧州市河间市,州,621,996,,,,hvd_116099,38.4357,116.08553
813,CN130984,CN130984,河间郡,河北省沧州市河间市,郡,742,757,,,,hvd_111285,38.4357,116.08553
814,CN130984,CN130984,瀛州,河北省沧州市河间市,州,758,761,,,,hvd_111403,38.4357,116.08553
815,CN130984,CN130984,瀛莫节度使,河北省沧州市河间市,防镇,821,821,,,,hvd_111560,38.4357,116.08553
816,CN130984,CN130984,瀛州,河北省沧州市河间市,州,997,1107,,,,hvd_87989,38.4357,116.08553
817,CN130984,CN130984,束城县,河北河间县东北束城镇,县,1086,1128,新建,撤消,,hvd_44860,38.53423,116.37783
818,CN130984,CN130984,河间府,河北河间市,府,1108,1128,,,,hvd_87990,38.4357,116.08553
819,CN130984,CN130984,河间府,河北河间市,府,1129,1264,,,,hvd_87991,38.4357,116.08553
820,CN130984,CN130984,河间府,河北河间市,府,1368,1374,,,,hvd_87996,38.4357,116.08553
821,CN130984,CN130984,河间府,河北河间市,府,1375,1376,,,,hvd_87997,38.4357,116.08553
822,CN130984,CN130984,河间府,河北河间市,府,1377,1724,,,,hvd_87998,38.4357,116.08553
823,CN130984,CN130984,河间府,河北河间市,府,1725,1728,,,,hvd_87999,38.4357,116.08553
824,CN130984,CN130984,河间府,河北河间市,府,1729,1730,,,,hvd_88000,38.4357,116.08553
825,CN130984,CN130984,河间府,河北河间市,府,1730,1911,,,,hvd_88001,38.4357,116.08553
826,CN130984,CN130984,刘古庄,河北河间市东北后留古寺,村镇,1820,1820,,,,hvd_15639,38.533195,116.2013
827,CN130984,CN130984,景和镇,河北沧县西景城,村镇,1820,1820,,,,hvd_15610,38.3936,116.45176
828,CN130984,CN130984,束城,河北河间市东北束城,村镇,1820,1820,,,,hvd_15638,38.53423,116.37783
829,CN130984,CN130984,沙河桥,,村镇,1820,1820,,,,hvd_15634,38.3954,116.32002
830,CN130984,CN130984,河间县,河北河间市,县,1820,1820,,,,hvd_54,38.4357,116.08553
831,CN130984,CN130984,河间府,河北河间市,府,1820,1820,,,,hvd_9508,38.4357,116.08553
832,CN130984,CN130984,辛庄,河北河间市南南辛庄,村镇,1820,1820,,,,hvd_15637,38.372528,116.102745
833,CN130984,CN130984,七吉,河北河间市东七吉,村镇,1911,1911,,,,hvd_133569,38.428997,116.5573
834,CN130984,CN130984,三十里铺,河北河间市三十里铺,村镇,1911,1911,,,,hvd_133508,38.56557,116.071205
835,CN130984,CN130984,南东桥,河北河间市南东,村镇,1911,1911,,,,hvd_133506,38.437706,116.16065
836,CN130984,CN130984,南召,河北河间市南召,村镇,1911,1911,,,,hvd_133512,38.592445,116.39382
837,CN130984,CN130984,景和镇,河北沧县西景城,村镇,1911,1911,,,,hvd_133498,38.3936,116.45176
838,CN130984,CN130984,沙河桥,,村镇,1911,1911,,,,hvd_133499,38.3954,116.32002
839,CN130984,CN130984,河间县,河北河间市,县,1911,1911,,,,hvd_121399,38.4357,116.08553
840,CN130984,CN130984,河间府,河北河间市,府,1911,1911,,,,hvd_120147,38.4357,116.08553
841,CN130984,CN130984,蒲禾屯,河北河间市蒲禾屯,村镇,1911,1911,,,,hvd_133509,38.52705,116.081505
842,CN130984,CN130984,赵家庄,河北河间市赵家庄,村镇,1911,1911,,,,hvd_133507,38.49301,116.03231
843,CN130984,CN130984,边村,河北河间市边村,村镇,1911,1911,,,,hvd_135179,38.566666,116.033356
844,CN1311,CN1311,衡水县,河北衡水市,县,1414,1911,迁移治所,数据下限,,hvd_44886,37.726162,115.70573
845,CN1311,CN1311,衡水县,河北衡水市,县,1820,1820,,,,hvd_9,37.72616,115.70573
846,CN1311,CN1311,衡水县,河北衡水市,县,1911,1911,,,,hvd_121455,37.72616,115.70573
847,CN131127,CN131127,修县,河北省衡水市景县,县,-203,13,,,,hvd_87597,37.63865,116.25345
848,CN131127,CN131127,修市侯国,河北省衡水市景县,国,-70,29,,,,hvd_87408,37.71106,116.11835
849,CN131127,CN131127,修治县,河北省衡水市景县,县,14,22,,,,hvd_87598,37.63865,116.25345
850,CN131127,CN131127,修县,河北省衡水市景县,县,23,219,,,,hvd_87599,37.63865,116.25345
851,CN131127,CN131127,蓚县,河北省衡水市景县,县,220,0,,,,hvd_87600,37.63865,116.25345
852,CN131127,CN131127,元州,河北省衡水市景县,州,1221,1264,,,,hvd_88045,37.68801,116.2581
853,CN131127,CN131127,景州,河北景县,州,1265,1911,,,,hvd_88043,37.68801,116.2581
854,CN131127,CN131127,安陵镇,河北景县东安陵镇,村镇,1820,1820,,,,hvd_15615,37.696938,116.37576
855,CN131127,CN131127,景州,河北景县,州,1820,1820,,,,hvd_48,37.688007,116.2581
856,CN131127,CN131127,王家浅,河北景县东北王家浅,村镇,1820,1820,,,,hvd_15633,37.750675,116.41682
857,CN131127,CN131127,连镇,河北东光县西南连镇,村镇,1820,1820,,,,hvd_15616,37.788017,116.47366
858,CN131127,CN131127,龙华镇,,村镇,1820,1820,,,,hvd_15618,37.600533,116.00742
859,CN131127,CN131127,八里屯,河北景县八里庄,村镇,1911,1911,,,,hvd_142623,37.499374,116.24091
860,CN131127,CN131127,北江江村,河北景县北江江,村镇,1911,1911,,,,hvd_133590,37.533672,116.07534
861,CN131127,CN131127,南留智,河北景县南留智,村镇,1911,1911,,,,hvd_133589,37.55879,116.263885
862,CN131127,CN131127,周家高,河北景县周高,村镇,1911,1911,,,,hvd_133592,37.761265,116.15572
863,CN131127,CN131127,大屯庄,河北景县南大屯,村镇,1911,1911,,,,hvd_144761,37.477695,116.2114
864,CN131127,CN131127,孙家镇,河北景县孙镇,村镇,1911,1911,,,,hvd_133595,37.85671,116.34119
865,CN131127,CN131127,宋门镇,河北景县宋门,村镇,1911,1911,,,,,37.73772,116.119995
866,CN131127,CN131127,小洋庄,河北景县小洋,村镇,1911,1911,,,,hvd_133616,37.504326,116.20482
867,CN131127,CN131127,戈家坟,河北阜城县戈家坟,村镇,1911,1911,,,,hvd_133606,37.827755,116.46538
868,CN131127,CN131127,景州,河北景县,州,1911,1911,,,,hvd_121406,37.688007,116.2581
869,CN131127,CN131127,河渠,河北景县河渠,村镇,1911,1911,,,,hvd_133587,37.514053,115.95924
870,CN131127,CN131127,盐厂,河北景县盐厂,村镇,1911,1911,,,,hvd_133593,37.74478,116.22022
871,CN131127,CN131127,野里庄,河北景县野林庄,村镇,1911,1911,,,,hvd_133585,37.597244,116.19541
872,CN131127,CN131127,马郎,河北枣强县马朗,村镇,1911,1911,,,,hvd_134567,37.627396,115.95868
873,CN131127,CN131127,龙华镇,,村镇,1911,1911,,,,hvd_133584,37.600533,116.00742
874,CN131181,CN131181,信都国,河北省衡水市冀州区,国,-203,13,,,,hvd_116006,37.56598,115.56381
875,CN131181,CN131181,扶柳县,河北省衡水市冀州区,县,-203,0,,,,hvd_87569,37.61451,115.39907
876,CN131181,CN131181,广川国,河北省衡水市冀州区,国,-194,-38,,,,hvd_115282,37.56598,115.56381
877,CN131181,CN131181,广川郡,河北省衡水市冀州区,郡,-165,-156,,,,hvd_112202,37.56598,115.56381
878,CN131181,CN131181,广川国,河北省衡水市冀州区,国,-155,-153,,,,hvd_87550,37.56598,115.56381
879,CN131181,CN131181,信都郡,河北省衡水市冀州区,郡,-152,-149,,,,hvd_112204,37.56598,115.56381
880,CN131181,CN131181,广川郡,河北省衡水市冀州区,郡,-152,-149,,,,hvd_87551,37.56598,115.56381
881,CN131181,CN131181,广川国,河北省衡水市冀州区,国,-148,-71,,,,hvd_87552,37.56598,115.56381
882,CN131181,CN131181,信都郡,河北省衡水市冀州区,郡,-70,-67,,,,hvd_112206,37.56598,115.56381
883,CN131181,CN131181,广川郡,河北省衡水市冀州区,郡,-70,-67,,,,hvd_87553,37.56598,115.56381
884,CN131181,CN131181,广川国,河北省衡水市冀州区,国,-66,-51,,,,hvd_87554,37.56598,115.56381
885,CN131181,CN131181,昌成侯国,河北省衡水市冀州区,国,-59,-5,,,,hvd_87588,37.61451,115.39907
886,CN131181,CN131181,信都郡,河北省衡水市冀州区,郡,-50,-38,,,,hvd_112208,37.56598,115.56381
887,CN131181,CN131181,广川郡,河北省衡水市冀州区,郡,-50,-38,,,,hvd_87555,37.56598,115.56381
888,CN131181,CN131181,信都国,河北省衡水市冀州区,国,-37,-24,,,,hvd_87556,37.56598,115.56381
889,CN131181,CN131181,信都郡,河北省衡水市冀州区,郡,-23,8,,,,hvd_112210,37.56598,115.56381
890,CN131181,CN131181,信都郡,河北省衡水市冀州区,郡,-23,13,,,,hvd_87557,37.56598,115.56381
891,CN131181,CN131181,昌成县,河北省衡水市冀州区,县,-4,29,,,,hvd_87589,37.61451,115.39907
892,CN131181,CN131181,冀州,河北省衡水市冀州区,州,0,588,,,,hvd_88057,37.56598,115.56381
893,CN131181,CN131181,长乐郡,河北省衡水市冀州区,郡,0,582,,,,hvd_88056,37.56598,115.56381
894,CN131181,CN131181,新博郡,河北省衡水市冀州区,郡,9,23,,,,hvd_112211,37.56598,115.56381
895,CN131181,CN131181,信都郡,河北省衡水市冀州区,郡,14,626,,,,hvd_116007,37.56598,115.56381
896,CN131181,CN131181,新博亭县,河北省衡水市冀州区,县,14,22,,,,hvd_87565,37.56598,115.56381
897,CN131181,CN131181,新博郡,河北省衡水市冀州区,郡,14,22,,,,hvd_87558,37.56598,115.56381
898,CN131181,CN131181,信都郡,河北省衡水市冀州区,郡,23,71,,,,hvd_87559,37.56598,115.56381
899,CN131181,CN131181,信都郡,河北省衡水市冀州区,郡,24,71,,,,hvd_112212,37.56598,115.56381
900,CN131181,CN131181,乐成国,河北省衡水市冀州区,国,26,219,,,,hvd_115523,37.56598,115.56381
901,CN131181,CN131181,昌城县,河北省衡水市冀州区,县,30,75,,,,hvd_87590,37.61451,115.39907
902,CN131181,CN131181,乐成国,河北省衡水市冀州区,国,72,121,,,,hvd_87560,37.56598,115.56381
903,CN131181,CN131181,阜城县,河北省衡水市冀州区,县,76,264,,,,hvd_87591,37.61451,115.39907
904,CN131181,CN131181,安平国,河北省衡水市冀州区,国,122,183,,,,hvd_87561,37.56598,115.56381
905,CN131181,CN131181,安定郡,河北省衡水市冀州区,郡,161,606,,,,hvd_115005,37.56598,115.56381
906,CN131181,CN131181,安平国,河北省衡水市冀州区,国,184,317,,,,hvd_115015,37.56598,115.56381
907,CN131181,CN131181,安平郡,河北省衡水市冀州区,郡,184,264,,,,hvd_87562,37.56598,115.56381
908,CN131181,CN131181,安平郡,河北省衡水市冀州区,郡,184,0,,,,hvd_112215,37.56598,115.56381
909,CN131181,CN131181,冀州,河北省衡水市冀州区,州,224,303,,,,hvd_113254,37.56598,115.56381
910,CN131181,CN131181,安平国,河北省衡水市冀州区,国,265,0,,,,hvd_87563,37.56598,115.56381
911,CN131181,CN131181,安平郡,河北省衡水市冀州区,郡,265,597,,,,hvd_115016,37.56598,115.56381
912,CN131181,CN131181,冀州,河北省衡水市冀州区,州,319,369,,,,hvd_112895,37.56598,115.56381
913,CN131181,CN131181,冀州,河北省衡水市冀州区,州,377,606,,,,hvd_112897,37.56598,115.56381
914,CN131181,CN131181,长乐县,河北省衡水市冀州区,县,583,615,,,,hvd_88075,37.56598,115.56381
915,CN131181,CN131181,冀州,河北省衡水市冀州区,州,589,606,,,,hvd_88058,37.56598,115.56381
916,CN131181,CN131181,泽城县,河北省衡水市冀州区,县,596,605,,,,hvd_88079,37.61451,115.39907
917,CN131181,CN131181,信都郡,河北省衡水市冀州区,郡,598,620,,,,hvd_88060,37.56598,115.56381
918,CN131181,CN131181,信都郡,河北省衡水市冀州区,郡,607,620,,,,hvd_110324,37.56598,115.56381
919,CN131181,CN131181,信都郡,河北省衡水市冀州区,郡,607,597,,,,hvd_88059,37.56598,115.56381
920,CN131181,CN131181,冀州,河北省衡水市冀州区,州,621,622,,,,hvd_88061,37.56598,115.56381
921,CN131181,CN131181,冀州,河北省衡水市冀州区,州,627,642,,,,hvd_88063,37.56598,115.56381
922,CN131181,CN131181,冀州,河北省衡水市冀州区,州,627,731,,,,hvd_110861,37.56598,115.56381
923,CN131181,CN131181,冀州,河北省衡水市冀州区,州,643,712,,,,hvd_88064,37.56598,115.56381
924,CN131181,CN131181,冀州,河北省衡水市冀州区,州,714,741,,,,hvd_88066,37.56598,115.56381
925,CN131181,CN131181,信都郡,河北省衡水市冀州区,郡,742,757,,,,hvd_88067,37.56598,115.56381
926,CN131181,CN131181,冀州,河北省衡水市冀州区,州,758,989,,,,hvd_88068,37.56598,115.56381
927,CN131181,CN131181,冀州,河北省衡水市冀州区,州,990,1119,,,,hvd_88069,37.56598,115.56381
928,CN131181,CN131181,冀州,河北省衡水市冀州区,州,1220,1234,,,,hvd_88070,37.56598,115.56381
929,CN131181,CN131181,冀州,河北省衡水市冀州区,州,1235,1237,,,,hvd_88071,37.56598,115.56381
930,CN131181,CN131181,冀州,河北省衡水市冀州区,州,1238,1723,,,,hvd_88072,37.56598,115.56381
931,CN131181,CN131181,冀州直隶州,河北省衡水市冀州区,直隶州,1724,1911,,,,hvd_88073,37.56598,115.56381
932,CN131181,CN131181,冀州,河北冀县,直隶州,1911,1911,,,,hvd_120153,37.565983,115.56381
933,CN131182,CN131182,下博县,河北省衡水市深州市,县,-221,13,,,,hvd_87201,37.8695,115.58226
934,CN131182,CN131182,桃县,河北省衡水市深州市,县,-203,13,,,,hvd_87583,37.80001,115.4941
935,CN131182,CN131182,乐乡侯国,河北省衡水市深州市,国,-68,-1,,,,hvd_87578,37.8695,115.58226
936,CN131182,CN131182,乐乡县,河北省衡水市深州市,县,1,13,,,,hvd_87579,37.8695,115.58226
937,CN131182,CN131182,乐丘县,河北省衡水市深州市,县,14,22,,,,hvd_87580,37.8695,115.58226
938,CN131182,CN131182,桓分县,河北省衡水市深州市,县,14,22,,,,hvd_87584,37.80001,115.4941
939,CN131182,CN131182,闰博县,河北省衡水市深州市,县,14,22,,,,hvd_87202,37.8695,115.58226
940,CN131182,CN131182,下博县,河北省衡水市深州市,县,23,0,,,,hvd_87203,37.8695,115.58226
941,CN131182,CN131182,桃县,河北省衡水市深州市,县,23,29,,,,hvd_87585,37.80001,115.4941
942,CN131182,CN131182,下博县,河北省衡水市深州市,县,577,984,,,,hvd_88113,37.8695,115.58226
943,CN131182,CN131182,冀州,河北省衡水市深州市,州,623,626,,,,hvd_88062,37.8695,115.58226
944,CN131182,CN131182,深州,河北深州市,州,713,731,,,,hvd_110864,38.01173,115.54887
945,CN131182,CN131182,静安军,河北省衡水市深州市,军,955,982,,,,hvd_88099,37.8695,115.58226
946,CN131182,CN131182,静安军,河北省衡水市深州市,军,983,984,,,,hvd_88100,37.8695,115.58226
947,CN131182,CN131182,静安县,河北深县东南,县,987,1368,新建,撤消,,hvd_44887,37.869495,115.58226
948,CN131182,CN131182,深州,河北省衡水市深州市,州,997,1219,,,,hvd_88105,37.8695,115.58226
949,CN131182,CN131182,深州,河北省衡水市深州市,州,1006,1219,,,,hvd_88106,37.8695,115.58226
950,CN131182,CN131182,深州,河北省衡水市深州市,州,1220,1223,,,,hvd_88107,37.8695,115.58226
951,CN131182,CN131182,深州,河北省衡水市深州市,州,1235,1411,,,,hvd_88110,37.8695,115.58226
952,CN131182,CN131182,深州,河北深州市,州,1412,1723,,,,hvd_88111,38.01173,115.54887
953,CN131182,CN131182,深州直隶州,河北省衡水市深州市,直隶州,1724,1911,,,,hvd_88112,38.01173,115.54887
954,CN131182,CN131182,三龙堂,河北深县东南三龙堂,村镇,1820,1820,,,,hvd_15520,37.905476,115.74717
955,CN131182,CN131182,东阳头,河北深县南东阳台,村镇,1820,1820,,,,hvd_15555,37.9695,115.55618
956,CN131182,CN131182,北黎园,河北深州市东南北黎园,村镇,1820,1820,,,,hvd_15558,37.875977,115.625374
957,CN131182,CN131182,大田家庄,,村镇,1820,1820,,,,hvd_15483,38.011753,115.69758
958,CN131182,CN131182,河头村,河北深州市东南南西河头,村镇,1820,1820,,,,hvd_15562,37.945995,115.767426
959,CN131182,CN131182,深州,河北深州市,直隶州,1820,1820,,,,hvd_9502,38.01173,115.548874
960,CN131182,CN131182,东西河头,河北深县东河头,村镇,1911,1911,,,,hvd_133446,37.955505,115.78104
961,CN131182,CN131182,北午村,河北深县北午村,村镇,1911,1911,,,,hvd_133437,38.080166,115.59727
962,CN131182,CN131182,北吐露,河北深县北土路口,村镇,1911,1911,,,,hvd_133447,37.74009,115.40219
963,CN131182,CN131182,南黄龙,河北深县南黄龙,村镇,1911,1911,,,,hvd_133453,37.87695,115.66297
964,CN131182,CN131182,向官屯,河北安平县向官屯,村镇,1911,1911,,,,hvd_133494,38.171947,115.54901
965,CN131182,CN131182,吕家庄,河北辛集县吕家庄,村镇,1911,1911,,,,hvd_135137,37.946648,115.436844
966,CN131182,CN131182,呼家庄,河北衡水市东护驾庄,村镇,1911,1911,,,,hvd_134607,37.755127,115.4457
967,CN131182,CN131182,唐奉镇,河北深县唐奉,村镇,1911,1911,,,,hvd_133435,38.121452,115.50281
968,CN131182,CN131182,大冯营镇,河北深县大冯营,村镇,1911,1911,,,,hvd_133442,38.008926,115.72354
969,CN131182,CN131182,护驾池,河北深县护驾池,村镇,1911,1911,,,,hvd_133454,37.89248,115.71486
970,CN131182,CN131182,木家左,河北深县穆家左,村镇,1911,1911,,,,hvd_133441,38.0154,115.65887
971,CN131182,CN131182,木村,河北深县穆村,村镇,1911,1911,,,,hvd_133439,38.03435,115.46278
972,CN131182,CN131182,榆科镇,河北深县榆科,村镇,1911,1911,,,,hvd_133445,37.96996,115.67582
973,CN131182,CN131182,深州,河北深县治,直隶州,1911,1911,,,,hvd_120146,38.01173,115.548874
974,CN131182,CN131182,清辉头,河北深县清辉头,村镇,1911,1911,,,,hvd_133438,37.96602,115.468925
975,CN131182,CN131182,王家井镇,河北深县王家井镇,村镇,1911,1911,,,,hvd_133451,37.83139,115.390724
976,CN131182,CN131182,磨头镇,河北深县前磨头镇,村镇,1911,1911,,,,hvd_133449,37.800014,115.4941
977,CN131182,CN131182,西安庄,河北深县西安庄,村镇,1911,1911,,,,hvd_133440,37.98707,115.52437
978,CN131182,CN131182,西蒲疃,河北深县西蒲疃,村镇,1911,1911,,,,hvd_133436,38.12631,115.54696
979,CN131182,CN131182,辰时,河北深县辰时,村镇,1911,1911,,,,hvd_133443,38.05428,115.69611
980,CN131182,CN131182,陈二庄铺,河北深县陈二庄,村镇,1911,1911,,,,hvd_133452,37.8397,115.64449
981,CN131182,CN131182,院头,河北深县院头,村镇,1911,1911,,,,hvd_133444,38.11666,115.770775
982,CN131182,CN131182,魏家桥镇,河北深县魏家桥,村镇,1911,1911,,,,hvd_133450,37.897152,115.52044
983,CN131182,CN131182,黄甫村,河北武强县皇甫,村镇,1911,1911,,,,hvd_133463,38.084267,115.81903
984,CN139001,CN139001,苦陉县,河北省保定市定州市,县,-221,13,,,,hvd_87101,38.31078,115.0134
985,CN139001,CN139001,中山国,河北省保定市定州市,国,-203,317,,,,hvd_116198,38.52006,114.97504
986,CN139001,CN139001,卢奴县,河北省保定市定州市,县,-203,0,,,,hvd_87211,38.52006,114.97504
987,CN139001,CN139001,安险县,河北省保定市定州市,县,-203,13,,,,hvd_87545,38.47064,115.12755
988,CN139001,CN139001,中山国,河北省保定市定州市,国,-154,-56,,,,hvd_87522,38.52006,114.97504
989,CN139001,CN139001,中山郡,河北省保定市定州市,郡,-55,-44,,,,hvd_87523,38.52006,114.97504
990,CN139001,CN139001,中山国,河北省保定市定州市,国,-43,-30,,,,hvd_87524,38.52006,114.97504
991,CN139001,CN139001,中山国,河北省保定市定州市,国,-43,-33,,,,hvd_112248,38.52006,114.97504
992,CN139001,CN139001,中山郡,河北省保定市定州市,郡,-32,-24,,,,hvd_112249,38.52006,114.97504
993,CN139001,CN139001,中山郡,河北省保定市定州市,郡,-31,-24,,,,hvd_87525,38.52006,114.97504
994,CN139001,CN139001,中山国,河北省保定市定州市,国,-23,-9,,,,hvd_112250,38.52006,114.97504
995,CN139001,CN139001,中山国,河北省保定市定州市,国,-23,-2,,,,hvd_87526,38.52006,114.97504
996,CN139001,CN139001,中山国,河北省保定市定州市,国,-8,8,,,,hvd_112251,38.52006,114.97504
997,CN139001,CN139001,中山郡,河北省保定市定州市,郡,-1,13,,,,hvd_87527,38.52006,114.97504
998,CN139001,CN139001,安喜县,河北省保定市定州市,县,0,549,,,,hvd_87868,38.47064,115.12755
999,CN139001,CN139001,定州,河北定州市,州,0,606,,,,hvd_87842,38.52006,114.97504
1000,CN139001,CN139001,陉邑县,河北省保定市定州市,县,0,1039,,,,hvd_87872,38.47064,115.12755
1001,CN139001,CN139001,常山郡,河北省保定市定州市,郡,9,23,,,,hvd_112252,38.52006,114.97504
1002,CN139001,CN139001,北陉县,河北省保定市定州市,县,14,22,,,,hvd_87102,38.31078,115.0134
1003,CN139001,CN139001,宁险县,河北省保定市定州市,县,14,22,,,,hvd_87546,38.47064,115.12755
1004,CN139001,CN139001,常山郡,河北省保定市定州市,郡,14,22,,,,hvd_87528,38.52006,114.97504
1005,CN139001,CN139001,中山郡,河北省保定市定州市,郡,23,582,,,,hvd_116199,38.52006,114.97504
1006,CN139001,CN139001,安险县,河北省保定市定州市,县,23,75,,,,hvd_87547,38.47064,115.12755
1007,CN139001,CN139001,苦陉县,河北省保定市定州市,县,23,75,,,,hvd_87103,38.31078,115.0134
1008,CN139001,CN139001,中山国,河北省保定市定州市,国,24,36,,,,hvd_112253,38.52006,114.97504
1009,CN139001,CN139001,中山国,河北省保定市定州市,国,25,36,,,,hvd_87529,38.52006,114.97504
1010,CN139001,CN139001,中山郡,河北省保定市定州市,郡,37,40,,,,hvd_87530,38.52006,114.97504
1011,CN139001,CN139001,中山国,河北省保定市定州市,国,41,43,,,,hvd_87531,38.52006,114.97504
1012,CN139001,CN139001,中山郡,河北省保定市定州市,郡,44,53,,,,hvd_87532,38.52006,114.97504
1013,CN139001,CN139001,中山国,河北省保定市定州市,国,54,173,,,,hvd_87533,38.52006,114.97504
1014,CN139001,CN139001,中山国,河北省保定市定州市,国,54,0,,,,hvd_112257,38.52006,114.97504
1015,CN139001,CN139001,安憙县,河北省保定市定州市,县,76,219,,,,hvd_87548,38.47064,115.12755
1016,CN139001,CN139001,汉昌县,河北省保定市定州市,县,76,219,,,,hvd_87104,38.31078,115.0134
1017,CN139001,CN139001,博陵郡,河北省定州,郡,122,616,,,,hvd_115073,38.52006,114.97504
1018,CN139001,CN139001,博陵国,河北省保定市定州市,国,158,420,,,,hvd_115072,38.52006,114.97504
1019,CN139001,CN139001,中山郡,河北省保定市定州市,郡,174,231,,,,hvd_87534,38.52006,114.97504
1020,CN139001,CN139001,安喜县,河北省保定市定州市,县,220,0,,,,hvd_87549,38.47064,115.12755
1021,CN139001,CN139001,中山国,河北省保定市定州市,国,232,0,,,,hvd_87535,38.52006,114.97504
1022,CN139001,CN139001,司州,河北省保定市定州市,州,386,396,,,,hvd_112869,38.52006,114.97504
1023,CN139001,CN139001,安州,河北定州,州,397,400,,,,,38.46584,115.0574
1024,CN139001,CN139001,安州,河北省保定市定州市,州,397,399,,,,hvd_112870,38.52006,114.97504
1025,CN139001,CN139001,定州,河北定州市,州,400,606,,,,hvd_112871,38.52006,114.97504
1026,CN139001,CN139001,安喜县,河北定州市,县,550,582,更名,更名,,hvd_44816,38.52006,114.975044
1027,CN139001,CN139001,博陵郡,河北省定州,郡,581,613,,,,,38.52006,114.975044
1028,CN139001,CN139001,鲜虞郡,河北省保定市定州市,郡,581,582,,,,hvd_87841,38.52006,114.97504
1029,CN139001,CN139001,鲜虞县,河北定州市,县,583,620,更名,更名,,hvd_44817,38.52006,114.975044
1030,CN139001,CN139001,博陵郡,河北省定州,郡,607,620,,,,hvd_110322,38.52006,114.97504
1031,CN139001,CN139001,博陵郡,河北省定州,郡,607,612,,,,hvd_87843,38.52006,114.97504
1032,CN139001,CN139001,高阳郡,河北省保定市定州市,郡,613,616,,,,hvd_87844,38.52006,114.97504
1033,CN139001,CN139001,博陵,河北省定州,郡,614,1910,,,,,38.52006,114.975044
1034,CN139001,CN139001,高阳郡,河北省保定市定州市,郡,617,620,,,,hvd_87845,38.52006,114.97504
1035,CN139001,CN139001,安喜县,河北定州市,县,621,1369,更名,撤消,,hvd_44818,38.52006,114.975044
1036,CN139001,CN139001,定州,河北定州市,州,621,731,,,,hvd_110860,38.52006,114.97504
1037,CN139001,CN139001,定州,河北定州市,州,621,626,,,,hvd_87846,38.52006,114.97504
1038,CN139001,CN139001,定州,河北定州市,州,627,642,,,,hvd_87847,38.52006,114.97504
1039,CN139001,CN139001,定州,河北定州市,州,643,712,,,,hvd_87848,38.52006,114.97504
1040,CN139001,CN139001,高阳郡,河北省保定市定州市,郡,697,892,,,,hvd_115255,38.52006,114.97504
1041,CN139001,CN139001,定州,河北定州市,州,713,741,,,,hvd_87849,38.52006,114.97504
1042,CN139001,CN139001,博陵郡,河北省定州,郡,742,757,,,,hvd_87850,38.52006,114.97504
1043,CN139001,CN139001,定州,河北定州市,州,758,767,,,,hvd_87851,38.52006,114.97504
1044,CN139001,CN139001,定州,河北定州市,州,768,773,,,,hvd_87852,38.52006,114.97504
1045,CN139001,CN139001,定州,河北定州市,州,774,892,,,,hvd_87853,38.52006,114.97504
1046,CN139001,CN139001,易定沧节度使,河北省保定市定州市,防镇,781,781,,,,hvd_111487,38.52006,114.97504
1047,CN139001,CN139001,义武军节度使,河北省保定市定州市,防镇,782,985,,,,hvd_111870,38.52006,114.97504
1048,CN139001,CN139001,定州,河北定州市,州,893,950,,,,hvd_87854,38.52006,114.97504
1049,CN139001,CN139001,定州,河北定州市,州,951,959,,,,hvd_87855,38.52006,114.97504
1050,CN139001,CN139001,定州,河北定州市,州,960,986,,,,hvd_87856,38.52006,114.97504
1051,CN139001,CN139001,定州,河北定州市,州,987,1003,,,,hvd_87857,38.52006,114.97504
1052,CN139001,CN139001,定州,河北定州市,州,1004,1112,,,,hvd_87858,38.52006,114.97504
1053,CN139001,CN139001,中山府,河北省保定市定州市,府,1113,1128,,,,hvd_87859,38.52006,114.97504
1054,CN139001,CN139001,定州,河北定州市,州,1129,1208,,,,hvd_87860,38.52006,114.97504
1055,CN139001,CN139001,中山府,河北省保定市定州市,府,1209,1213,,,,hvd_87861,38.52006,114.97504
1056,CN139001,CN139001,中山府,河北省保定市定州市,府,1214,1241,,,,hvd_87862,38.52006,114.97504
1057,CN139001,CN139001,中山府,河北省保定市定州市,府,1241,1367,,,,hvd_87863,38.52006,114.97504
1058,CN139001,CN139001,中山府,河北省保定市定州市,府,1368,1368,,,,hvd_87864,38.52006,114.97504
1059,CN139001,CN139001,定州,河北定州市,州,1369,1722,,,,hvd_87865,38.52006,114.97504
1060,CN139001,CN139001,定州直隶州,河北省保定市定州市,直隶州,1726,1733,,,,hvd_87866,38.52006,114.97504
1061,CN139001,CN139001,定州,河北定州市,州,1734,1911,,,,hvd_115169,38.52006,114.97504
1062,CN139001,CN139001,定州直隶州,河北省保定市定州市,直隶州,1734,1911,,,,hvd_87867,38.52006,114.97504
1063,CN139001,CN139001,定州,河北定州市,直隶州,1820,1820,,,,hvd_9500,38.52006,114.975044
1064,CN139001,CN139001,定州,河北定州市,直隶州,1911,1911,,,,hvd_120145,38.52006,114.975044
1065,CN14,CN14,山西省,山西省太原市迎泽区,省,1644,1911,,,,hvd_112103,37.87375,112.56483
1066,CN14,CN14,山西,山西省太原市迎泽区,省,1820,1820,,,,hvd_25011,37.87375,112.56483
1067,CN14,CN14,山西,山西省太原市迎泽区,省,1911,1911,,,,hvd_120011,37.87375,112.56483
1068,CN1401,CN1401,太原郡,山西太原市,郡,-248,-202,,,,,37.873753,112.56483
1069,CN1401,CN1401,太原郡,山西太原市,郡,-114,11,,,,,37.873753,112.56483
1070,CN1401,CN1401,太原郡,山西太原市,郡,-113,25,,,,hvd_112287,37.87375,112.56483
1071,CN1401,CN1401,太原郡,山西太原市,郡,25,533,,,,,37.873753,112.56483
1072,CN1401,CN1401,太原郡,山西太原市,郡,34,0,,,,hvd_112289,37.87375,112.56483
1073,CN1401,CN1401,太原郡,山西太原市,郡,550,575,,,,,37.873753,112.56483
1074,CN1401,CN1401,太原郡,山西太原市,郡,607,617,,,,,37.873753,112.56483
1075,CN1401,CN1401,太原府,山西太原市,府,618,1261,,,,hvd_115851,37.87375,112.56483
1076,CN1401,CN1401,太原府,山西太原市,府,723,741,,,,,37.873753,112.56483
1077,CN1401,CN1401,太原府,山西太原市,府,1059,1217,,,,hvd_94242,37.873753,112.56483
1078,CN1401,CN1401,阳曲县,山西太原市,县,1126,1911,,,,hvd_95638,37.87375,112.56483
1079,CN1401,CN1401,太原府,山西太原市,府,1368,1911,,,,hvd_94021,37.87375,112.56483
1080,CN1401,CN1401,太原府,山西太原市,府,1369,1910,,,,,37.873753,112.56483
1081,CN1401,CN1401,阳曲县,山西太原市,县,1820,1820,,,,hvd_1113,37.873753,112.56483
1082,CN1401,CN1401,太原府,山西太原市,府,1911,1911,,,,hvd_120234,37.873753,112.56483
1083,CN1401,CN1401,阳曲县,山西太原市,县,1911,1911,,,,hvd_121830,37.873753,112.56483
1084,CN140110,CN140110,晋阳,山西太原晋源区,县,-497,979,,,,,37.74985,112.484215
1085,CN140110,CN140110,太原郡,山西省太原市晋源区,郡,-247,1217,,,,hvd_115853,37.72863,112.38794
1086,CN140110,CN140110,太原郡,山西省太原市晋源区,郡,-246,-196,,,,hvd_112280,37.72863,112.38794
1087,CN140110,CN140110,长安县,山西省太原市晋源区,县,417,447,,,,hvd_95600,37.72863,112.38794
1088,CN140110,CN140110,长安县,山西省太原市晋源区,县,500,574,,,,hvd_95601,37.72863,112.38794
1089,CN140110,CN140110,太原郡,山西省太原市晋源区,郡,607,617,,,,hvd_94184,37.7565,112.51709
1090,CN140110,CN140110,并州,山西省太原市晋源区,州,617,617,,,,hvd_115070,37.72759,112.47893
1091,CN140110,CN140110,并州,山西省太原市晋源区,州,618,719,,,,hvd_110823,37.72863,112.38794
1092,CN140110,CN140110,并州,山西省太原市晋源区,州,618,619,,,,hvd_94185,37.7565,112.51709
1093,CN140110,CN140110,并州,山西省太原市晋源区,州,620,622,,,,hvd_94186,37.7565,112.51709
1094,CN140110,CN140110,并州,山西省太原市晋源区,州,623,623,,,,hvd_94209,37.7565,112.51709
1095,CN140110,CN140110,并州,山西省太原市晋源区,州,624,624,,,,hvd_94210,37.7565,112.51709
1096,CN140110,CN140110,并州,山西省太原市晋源区,州,625,633,,,,hvd_94211,37.7565,112.51709
1097,CN140110,CN140110,并州,山西省太原市晋源区,州,634,722,,,,hvd_94212,37.7565,112.51709
1098,CN140110,CN140110,北都,山西太原市晋源区,首都,690,704,,,,hvd_72692,37.72863,112.38794
1099,CN140110,CN140110,天兵军节度使,山西省太原市晋源区,防镇,720,722,,,,hvd_110839,37.72863,112.38794
1100,CN140110,CN140110,太原以北诸军州节度使,山西省太原市晋源区,防镇,723,729,,,,hvd_110856,37.72863,112.38794
1101,CN140110,CN140110,太原府,山西省太原市晋源区,府,723,978,,,,hvd_94213,37.7565,112.51709
1102,CN140110,CN140110,北都,山西太原市晋源区,首都,723,741,,,,hvd_72692,37.72863,112.38794
1103,CN140110,CN140110,河东节度使,山西省太原市晋源区,防镇,730,783,,,,hvd_111505,37.72863,112.38794
1104,CN140110,CN140110,北京,山西太原市晋源区,首都,742,760,,,,hvd_72692,37.72863,112.38794
1105,CN140110,CN140110,北都,山西太原市晋源区,首都,762,922,,,,hvd_72692,37.72863,112.38794
1106,CN140110,CN140110,保宁军节度使,山西省太原市晋源区,防镇,784,786,,,,hvd_111520,37.72863,112.38794
1107,CN140110,CN140110,河东节度使,山西省太原市晋源区,防镇,787,922,,,,hvd_111706,37.72863,112.38794
1108,CN140110,CN140110,北都,山西省太原市晋源区,首都,923,950,后唐,,,hvd_111757,37.72863,112.38794
1109,CN140110,CN140110,北京,山西省太原市晋源区,首都,923,950,,,,hvd_111757,37.72863,112.38794
1110,CN140110,CN140110,平晋县,山西省太原市晋源区,县,1371,1374,,,,hvd_95599,37.72759,112.47893
1111,CN140110,CN140110,东庄水堡,山西太原市西南东庄,村镇,1820,1820,,,,hvd_20743,37.70284,112.43373
1112,CN140110,CN140110,太原县,,县,1820,1820,,,,hvd_1115,37.72759,112.47893
1113,CN140110,CN140110,董茹堡,山西太原市西南董如,村镇,1820,1820,,,,hvd_20753,37.772995,112.48118
1114,CN140110,CN140110,马村,山西太原市南马村,村镇,1820,1820,,,,hvd_20759,37.781,112.532
1115,CN140110,CN140110,南峪,山西太原市南峪,村镇,1911,1911,,,,hvd_150265,37.663517,112.37648
1116,CN140110,CN140110,嘉节,山西太原市嘉节,村镇,1911,1911,,,,hvd_144900,37.754932,112.542206
1117,CN140110,CN140110,太原县,,县,1911,1911,,,,hvd_121831,37.72759,112.47893
1118,CN140110,CN140110,杏平,山西太原市杏坪,村镇,1911,1911,,,,hvd_144896,37.708614,112.3494
1119,CN140110,CN140110,董茹,山西太原市董茹,村镇,1911,1911,,,,hvd_144894,37.783436,112.48995
1120,CN140110,CN140110,西镇,山西太原市西镇,村镇,1911,1911,,,,hvd_144897,37.72714,112.4476
1121,CN1404,CN1404,壶关县,山西省长治市潞州区,县,-247,316,,,,hvd_95318,36.18354,113.10349
1122,CN1404,CN1404,潞州,山西长治市,州,578,1528,,,,,36.201584,113.12305
1123,CN1404,CN1404,上党县,山西省长治市潞州区,县,607,1368,,,,hvd_95317,36.18354,113.10349
1124,CN1404,CN1404,上党郡,山西省长治市潞州区,郡,607,617,,,,hvd_110230,36.18354,113.10349
1125,CN1404,CN1404,上党郡,山西省长治市潞州区,郡,607,616,,,,hvd_94098,36.18354,113.10349
1126,CN1404,CN1404,潞州,山西省长治市潞州区,州,618,741,,,,hvd_111036,36.18354,113.10349
1127,CN1404,CN1404,潞州,山西省长治市潞州区,州,618,642,,,,hvd_94095,36.18354,113.10349
1128,CN1404,CN1404,潞州,山西省长治市潞州区,州,643,741,,,,hvd_94094,36.18354,113.10349
1129,CN1404,CN1404,上党郡,山西省长治市潞州区,郡,742,757,,,,hvd_94093,36.18354,113.10349
1130,CN1404,CN1404,上党郡,山西省长治市潞州区,郡,742,755,,,,hvd_111214,36.18354,113.10349
1131,CN1404,CN1404,泽潞沁节度使,山西省长治市潞州区,防镇,756,776,,,,hvd_111469,36.18354,113.10349
1132,CN1404,CN1404,潞州,山西省长治市潞州区,州,758,976,,,,hvd_94091,36.18354,113.10349
1133,CN1404,CN1404,昭义军节度使,山西省长治市潞州区,防镇,780,881,,,,hvd_111599,36.18354,113.10349
1134,CN1404,CN1404,安义军节度使,山西省长治市潞州区,防镇,922,925,,,,hvd_111718,36.18354,113.10349
1135,CN1404,CN1404,昭义军节度使,山西省长治市潞州区,防镇,926,976,,,,hvd_111847,36.18354,113.10349
1136,CN1404,CN1404,潞州,山西省长治市潞州区,州,977,1100,,,,hvd_94092,36.18354,113.10349
1137,CN1404,CN1404,隆德军,山西省长治市潞州区,军,1101,1103,,,,hvd_94090,36.18354,113.10349
1138,CN1404,CN1404,隆德府,山西省长治市潞州区,府,1104,1127,,,,hvd_94078,36.18354,113.10349
1139,CN1404,CN1404,潞州,山西省长治市潞州区,州,1128,1217,,,,hvd_94077,36.18354,113.10349
1140,CN1404,CN1404,昭义军,山西省长治市潞州区,军,1151,1217,,,,hvd_116167,36.18354,113.10349
1141,CN1404,CN1404,隆德府,山西省长治市潞州区,府,1217,1265,,,,hvd_115581,36.18354,113.10349
1142,CN1404,CN1404,潞州,山西省长治市潞州区,州,1368,1528,,,,hvd_94067,36.18354,113.10349
1143,CN1404,CN1404,潞安府,山西长治市,府,1529,1911,,,,hvd_94066,36.18354,113.10349
1144,CN1404,CN1404,长治县,山西长治市,县,1529,1911,,,,hvd_95319,36.18354,113.10349
1145,CN1404,CN1404,潞安府,山西长治市,府,1820,1820,,,,hvd_9693,36.183537,113.103485
1146,CN1404,CN1404,长治县,山西长治市,县,1820,1820,,,,hvd_1138,36.183537,113.103485
1147,CN1404,CN1404,潞安府,山西长治市,府,1911,1911,,,,hvd_120257,36.183537,113.103485
1148,CN1404,CN1404,长治县,山西长治市,县,1911,1911,,,,hvd_122092,36.183537,113.103485
1149,CN1405,CN1405,建州,山西晋城,州,529,582,,,,,35.496082,112.857704
1150,CN1405,CN1405,泽州,山西晋城,州,583,606,,,,,35.496082,112.857704
1151,CN1405,CN1405,长平郡,山西晋城,郡,607,617,,,,,35.496082,112.857704
1152,CN1405,CN1405,晋城,山西晋城,州,618,1367,,,,,35.496082,112.857704
1153,CN1405,CN1405,泽州,山西晋城,州,618,741,,,,,35.496082,112.857704
1154,CN1405,CN1405,高平郡,山西晋城,郡,742,757,,,,,35.496082,112.857704
1155,CN1405,CN1405,泽州,山西晋城,州,758,996,,,,,35.496082,112.857704
1156,CN1405,CN1405,泽州,山西晋城,州,1267,1368,,,,,35.496082,112.857704
1157,CN1405,CN1405,凤台县,山西晋城市,县,1728,1911,,,,hvd_95706,35.50432,112.83916
1158,CN1405,CN1405,泽州府,山西晋城市,府,1728,1911,,,,hvd_94062,35.50432,112.83916
1159,CN1405,CN1405,凤台县,山西晋城市,县,1820,1820,,,,hvd_1158,35.50432,112.83916
1160,CN1405,CN1405,泽州府,山西晋城市,府,1820,1820,,,,hvd_9695,35.50432,112.83916
1161,CN1405,CN1405,七岭镇,山西晋城市七岭店,村镇,1911,1911,,,,hvd_146123,35.527744,112.87194
1162,CN1405,CN1405,凤台县,山西晋城市,县,1911,1911,,,,hvd_121891,35.50432,112.83916
1163,CN1405,CN1405,泽州府,山西晋城市,府,1911,1911,,,,hvd_120239,35.50432,112.83916
1164,CN1405,CN1405,田社,山西晋城市南田石,村镇,1911,1911,,,,hvd_146120,35.458855,112.83681
1165,CN140602,CN140602,马邑县,山西省朔州市朔城区,县,-221,13,,,,hvd_95533,39.30807,112.42152
1166,CN140602,CN140602,阴馆县,山西省朔州市朔城区,县,-141,13,,,,hvd_95542,39.24229,112.72729
1167,CN140602,CN140602,富臧县,山西省朔州市朔城区,县,14,22,,,,hvd_95543,39.24229,112.72729
1168,CN140602,CN140602,章昭县,山西省朔州市朔城区,县,14,22,,,,hvd_95534,39.30807,112.42152
1169,CN140602,CN140602,阴馆县,山西省朔州市朔城区,县,23,212,,,,hvd_95544,39.24229,112.72729
1170,CN140602,CN140602,雁门郡,山西省朔州市朔城区,郡,23,757,,,,hvd_116052,39.21109,112.76784
1171,CN140602,CN140602,马邑县,山西省朔州市朔城区,县,23,212,,,,hvd_95535,39.30807,112.42152
1172,CN140602,CN140602,马邑县,山西省朔州市朔城区,县,221,309,,,,hvd_95536,39.30807,112.42152
1173,CN140602,CN140602,阴馆县,山西省朔州市朔城区,县,265,309,,,,hvd_95545,39.24229,112.72729
1174,CN140602,CN140602,新城县,山西省朔州市朔城区,县,543,554,,,,hvd_95547,39.1348,112.32498
1175,CN140602,CN140602,神武郡,山西省朔州市朔城区,郡,550,607,,,,hvd_115791,39.21109,112.76784
1176,CN140602,CN140602,招远县,山西省朔州市朔城区,县,555,604,,,,hvd_95527,39.30807,112.42152
1177,CN140602,CN140602,神武县,山西省朔州市朔城区,县,555,617,,,,hvd_95546,39.21109,112.76784
1178,CN140602,CN140602,化政郡,山西省朔州市朔城区,郡,561,582,,,,hvd_115373,39.30807,112.42152
1179,CN140602,CN140602,马邑郡,山西省朔州市朔城区,郡,581,757,,,,hvd_115601,39.30807,112.42152
1180,CN140602,CN140602,鄯阳县,山西省朔州市朔城区,县,605,1368,,,,hvd_95528,39.30807,112.42152
1181,CN140602,CN140602,马邑郡,山西省朔州市朔城区,郡,607,620,,,,hvd_110375,39.30807,112.42152
1182,CN140602,CN140602,马邑县,山西省朔州市朔城区,县,717,925,,,,hvd_95537,39.35357,112.60991
1183,CN140602,CN140602,振武军节度使,山西省朔州市朔城区,防镇,779,907,,,,hvd_111670,39.30807,112.42152
1184,CN140602,CN140602,寰清县,山西省朔州市朔城区,县,926,997,,,,hvd_95538,39.35357,112.60991
1185,CN140602,CN140602,顺义郡,山西省朔州市朔城区,郡,998,1216,,,,hvd_115814,39.30807,112.42152
1186,CN140602,CN140602,马邑县,山西省朔州市朔城区,县,998,1213,,,,hvd_95539,39.35357,112.60991
1187,CN140602,CN140602,固州,山西省朔州市朔城区,州,1214,1233,,,,hvd_95540,39.35357,112.60991
1188,CN140602,CN140602,马邑县,山西省朔州市朔城区,县,1234,1795,,,,hvd_95541,39.35357,112.60991
1189,CN140602,CN140602,东邵庄堡,山西朔州市东南贾庄,村镇,1820,1820,,,,hvd_20619,39.329,112.554
1190,CN140602,CN140602,利民堡,山西朔县西利民,村镇,1820,1820,,,,hvd_20622,39.302,112.109
1191,CN140602,CN140602,小代堡,山西朔州市东南小岱堡,村镇,1820,1820,,,,hvd_20629,39.236,112.591
1192,CN140602,CN140602,广武城,山西山阴县南新广武,村镇,1820,1820,,,,hvd_20624,39.151,112.715
1193,CN140602,CN140602,罗家疃堡,山西朔州市东罗疃,村镇,1820,1820,,,,hvd_20637,39.377,112.72
1194,CN140602,CN140602,蒋家峪,山西朔州市西蒋家峪,村镇,1820,1820,,,,hvd_20626,39.325,112.069
1195,CN140602,CN140602,贾家庄堡,山西朔州市东南贾庄,村镇,1820,1820,,,,hvd_20636,39.245712,112.53497
1196,CN140602,CN140602,马邑,山西朔州市东马邑,村镇,1820,1820,,,,hvd_20632,39.358,112.636
1197,CN140602,CN140602,下石碣峪,山西朔州市下石碣峪,村镇,1911,1911,,,,hvd_146655,39.137592,112.40346
1198,CN140602,CN140602,下窑子,山西朔州市下窑,村镇,1911,1911,,,,hvd_146642,39.433487,112.39355
1199,CN140602,CN140602,二十里铺,山西朔州市二十里铺,村镇,1911,1911,,,,hvd_146647,39.3341,112.50346
1200,CN140602,CN140602,南西河底,山西朔州市南西河底,村镇,1911,1911,,,,hvd_146650,39.364468,112.70167
1201,CN140602,CN140602,大代,山西朔州市大岱堡,村镇,1911,1911,,,,hvd_146659,39.244442,112.58004
1202,CN140602,CN140602,官堡子,山西朔州市官堡沟,村镇,1911,1911,,,,hvd_146654,39.179493,112.30075
1203,CN140602,CN140602,小代,山西朔州市小岱堡,村镇,1911,1911,,,,hvd_146660,39.226982,112.59446
1204,CN140602,CN140602,岭东,山西朔州市岭东,村镇,1911,1911,,,,hvd_146633,39.33962,112.11967
1205,CN140602,CN140602,庄头,山西朔州市上庄头,村镇,1911,1911,,,,hvd_146643,39.37827,112.41878
1206,CN140602,CN140602,张家口,山西朔州市张家口,村镇,1911,1911,,,,hvd_146645,39.3976,112.523285
1207,CN140602,CN140602,张家嘴,山西朔州市张家嘴,村镇,1911,1911,,,,hvd_146656,39.14527,112.45932
1208,CN140602,CN140602,张豆铺,山西山阴县豆庄,村镇,1911,1911,,,,hvd_146450,39.348194,112.74581
1209,CN140602,CN140602,心庄,山西朔州市西辛庄,村镇,1911,1911,,,,hvd_146658,39.27934,112.4995
1210,CN140602,CN140602,梵王寺,山西朔州市梵王寺,村镇,1911,1911,,,,hvd_146653,39.136894,112.32147
1211,CN140602,CN140602,汴子铺,山西朔州市汴子疃,村镇,1911,1911,,,,hvd_146662,39.26819,112.71248
1212,CN140602,CN140602,河会,山西朔州市河会,村镇,1911,1911,,,,hvd_146657,39.175304,112.49445
1213,CN140602,CN140602,白家窑,山西朔州市白家窑,村镇,1911,1911,,,,hvd_146638,39.24023,112.31607
1214,CN140602,CN140602,耿庄,山西朔州市耿庄,村镇,1911,1911,,,,hvd_146644,39.387936,112.46562
1215,CN140602,CN140602,蒋家峪,山西朔州市蒋家峪,村镇,1911,1911,,,,hvd_146634,39.369987,112.05299
1216,CN140602,CN140602,西影寺,山西朔州市西影寺,村镇,1911,1911,,,,hvd_146648,39.33962,112.58455
1217,CN140602,CN140602,郭家窑,山西朔州市郭家窑,村镇,1911,1911,,,,hvd_146632,39.298206,112.080025
1218,CN140602,CN140602,里仁铺,山西朔州市里仁村,村镇,1911,1911,,,,hvd_146663,39.240253,112.7341
1219,CN140602,CN140602,阴庄,山西山阴县山阴庄,村镇,1911,1911,,,,hvd_146452,39.28698,112.76924
1220,CN140602,CN140602,青圪塔,山西朔州市青圪塔,村镇,1911,1911,,,,hvd_146652,39.158543,112.3503
1221,CN140602,CN140602,马营堡,山西朔州市马营堡,村镇,1911,1911,,,,hvd_146641,39.37965,112.371925
1222,CN140602,CN140602,马邑乡,山西朔州市马邑,村镇,1911,1911,,,,hvd_146649,39.361706,112.60977
1223,CN140602,CN140602,高庄,山西朔州市高庄,村镇,1911,1911,,,,hvd_146639,39.31063,112.32688
1224,CN140602,CN140602,鱼渠,山西朔州市鱼渠岭,村镇,1911,1911,,,,hvd_146640,39.320293,112.233185
1225,CN140725,CN140725,太安驿,山西寿阳县西太安驿,村镇,1820,1820,,,,hvd_20754,37.888,112.921
1226,CN140725,CN140725,宗艾镇,,村镇,1820,1820,,,,hvd_20540,37.962635,113.12468
1227,CN140725,CN140725,寿阳县,山西寿阳县,县,1820,1820,,,,hvd_1121,37.886784,113.16871
1228,CN140725,CN140725,张净镇,山西寿阳县东张净镇,村镇,1820,1820,,,,hvd_20776,37.866,113.324
1229,CN140725,CN140725,芹泉驿,山西寿阳县东芹泉,村镇,1820,1820,,,,hvd_20774,37.86,113.248
1230,CN140725,CN140725,解愁镇,,村镇,1820,1820,,,,hvd_20701,38.019768,113.176834
1231,CN140725,CN140725,云烟,山西寿阳县云烟村,村镇,1911,1911,,,,hvd_147198,37.688663,112.97195
1232,CN140725,CN140725,北河镇,山西寿阳县北河,村镇,1911,1911,,,,hvd_147203,37.82014,112.98546
1233,CN140725,CN140725,南头,山西寿阳县南头,村镇,1911,1911,,,,hvd_147195,37.856384,113.121506
1234,CN140725,CN140725,南岭庄,山西寿阳县南岭,村镇,1911,1911,,,,hvd_147201,37.644604,113.03051
1235,CN140725,CN140725,南黄门,山西寿阳县南黄门,村镇,1911,1911,,,,hvd_147187,37.886944,113.098976
1236,CN140725,CN140725,太安驿,山西寿阳县太安驿,村镇,1911,1911,,,,hvd_147182,37.882683,112.931404
1237,CN140725,CN140725,孙家庄,山西寿阳县孙家庄,村镇,1911,1911,,,,hvd_147190,37.91466,113.18727
1238,CN140725,CN140725,安胜所,山西寿阳县安胜,村镇,1911,1911,,,,hvd_147188,37.999943,113.15934
1239,CN140725,CN140725,宗艾镇,,村镇,1911,1911,,,,hvd_147173,37.962635,113.12468
1240,CN140725,CN140725,寿阳县,山西寿阳县,县,1911,1911,,,,hvd_121826,37.886784,113.16871
1241,CN140725,CN140725,山南,山西寿阳县大山南,村镇,1911,1911,,,,hvd_147193,37.86065,113.3125
1242,CN140725,CN140725,库仓,山西寿阳县库仓,村镇,1911,1911,,,,hvd_147194,37.82938,113.27106
1243,CN140725,CN140725,库韩昌,山西寿阳县南库韩,村镇,1911,1911,,,,hvd_147197,37.729885,113.20979
1244,CN140725,CN140725,弓村,山西寿阳县东弓村,村镇,1911,1911,,,,hvd_147204,37.77466,112.953026
1245,CN140725,CN140725,张净镇,山西寿阳县张净,村镇,1911,1911,,,,hvd_147192,37.86989,113.32151
1246,CN140725,CN140725,戏塘,山西寿阳县西塘,村镇,1911,1911,,,,hvd_147210,37.74481,113.27016
1247,CN140725,CN140725,段廷,山西寿阳县段廷,村镇,1911,1911,,,,hvd_147200,37.731304,112.96384
1248,CN140725,CN140725,段王镇,山西寿阳县段王,村镇,1911,1911,,,,hvd_147184,37.968674,112.96564
1249,CN140725,CN140725,河底,山西寿阳县河底,村镇,1911,1911,,,,hvd_147196,37.794556,113.17015
1250,CN140725,CN140725,清平,山西寿阳县清平,村镇,1911,1911,,,,hvd_147185,37.894764,113.0269
1251,CN140725,CN140725,王胡庄,山西寿阳县王胡庄,村镇,1911,1911,,,,hvd_147181,37.96654,112.85753
1252,CN140725,CN140725,程家寨,山西寿阳县程家寨,村镇,1911,1911,,,,hvd_147191,37.896183,113.244934
1253,CN140725,CN140725,纂木,山西寿阳县纂木,村镇,1911,1911,,,,hvd_147199,37.6709,113.00258
1254,CN140725,CN140725,胡家墕,山西寿阳县胡家烟,村镇,1911,1911,,,,hvd_147180,37.894928,112.82936
1255,CN140725,CN140725,芹泉,山西寿阳县灵芝镇,村镇,1911,1911,,,,hvd_147175,37.869602,113.2743
1256,CN140725,CN140725,苗家,山西寿阳县苗家庄,村镇,1911,1911,,,,hvd_147206,37.821564,113.32511
1257,CN140725,CN140725,落磨寺,山西寿阳县落磨寺,村镇,1911,1911,,,,hvd_147205,37.79767,113.342
1258,CN140725,CN140725,解愁镇,,村镇,1911,1911,,,,hvd_147172,38.019768,113.176834
1259,CN140725,CN140725,许庄,山西寿阳县下许庄,村镇,1911,1911,,,,hvd_147207,37.663082,113.26926
1260,CN140725,CN140725,辛店,山西阳泉市新店,村镇,1911,1911,,,,hvd_147127,37.8561,113.367455
1261,CN140725,CN140725,阔郊镇,山西寿阳县阔郊,村镇,1911,1911,,,,hvd_148176,37.579967,113.11679
1262,CN140725,CN140725,雒家店,山西寿阳县雒家店,村镇,1911,1911,,,,hvd_147189,37.999233,113.19898
1263,CN140725,CN140725,黄村,山西寿阳县黄村,村镇,1911,1911,,,,hvd_147209,37.727043,113.29629
1264,CN140725,CN140725,黑平,山西寿阳县黑坪,村镇,1911,1911,,,,hvd_147208,37.633232,113.20439
1265,CN140725,CN140725,龙门镇,山西寿阳县龙门垴,村镇,1911,1911,,,,hvd_147186,37.932636,113.05483
1266,CN140727,CN140727,祁县,山西省晋中市祁县,县,-247,-132,,,,hvd_95582,37.31348,112.38851
1267,CN140727,CN140727,祁县,山西省晋中市祁县,县,-132,13,,,,hvd_95584,37.34452,112.35711
1268,CN140727,CN140727,示县,山西省晋中市祁县,县,14,22,,,,hvd_95583,37.34452,112.35711
1269,CN140727,CN140727,祁县,山西省晋中市祁县,县,23,492,,,,hvd_95585,37.34452,112.35711
1270,CN140727,CN140727,祁县,山西祁县,县,493,555,,,,hvd_95586,37.35382,112.3153
1271,CN140727,CN140727,祁县,山西祁县,县,590,1911,,,,hvd_95587,37.35382,112.3153
1272,CN140727,CN140727,隆州,山西省晋中市祁县,州,975,978,,,,hvd_95588,37.3424,112.44718
1273,CN140727,CN140727,团柏镇,山西祁县东团柏,村镇,1820,1820,,,,hvd_20756,37.351,112.449
1274,CN140727,CN140727,子洪镇,山西祁县东南子洪,村镇,1820,1820,,,,hvd_20758,37.286,112.437
1275,CN140727,CN140727,盘陀镇,山西祁县东南盘陀,村镇,1820,1820,,,,hvd_20768,37.232,112.475
1276,CN140727,CN140727,祁县,山西祁县,县,1820,1820,,,,,37.353817,112.3153
1277,CN140727,CN140727,祁县县,山西省晋中市祁县,县,1820,1820,,,,hvd_1118,37.35382,112.3153
1278,CN140727,CN140727,贾令镇,,村镇,1820,1820,,,,hvd_20764,37.415253,112.35695
1279,CN140727,CN140727,龙舟峪关,山西祁县东南北关镇南,村镇,1820,1820,,,,hvd_20766,37.124,112.483
1280,CN140727,CN140727,侯庄,山西祁县侯家庄,村镇,1911,1911,,,,hvd_144971,37.29928,112.515175
1281,CN140727,CN140727,修善,山西祁县修善,村镇,1911,1911,,,,hvd_144977,37.405304,112.28724
1282,CN140727,CN140727,前庄,山西祁县前庄,村镇,1911,1911,,,,hvd_144968,37.11317,112.55167
1283,CN140727,CN140727,北庄,山西太谷县北庄,村镇,1911,1911,,,,hvd_150267,37.308758,112.59395
1284,CN140727,CN140727,后庄,山西祁县后庄,村镇,1911,1911,,,,hvd_150268,37.125645,112.61055
1285,CN140727,CN140727,夏堡,山西祁县夏家堡,村镇,1911,1911,,,,hvd_144976,37.444706,112.34219
1286,CN140727,CN140727,子洪镇,山西祁县子洪,村镇,1911,1911,,,,hvd_144970,37.289177,112.46337
1287,CN140727,CN140727,小义,山西祁县晓义,村镇,1911,1911,,,,hvd_144964,37.453655,112.46092
1288,CN140727,CN140727,梁壁寨,山西祁县梁坪寨,村镇,1911,1911,,,,hvd_144967,37.1745,112.6341
1289,CN140727,CN140727,牛堡,山西祁县牛家堡,村镇,1911,1911,,,,hvd_144975,37.468346,112.43139
1290,CN140727,CN140727,盘陀镇,山西祁县盘陀,村镇,1911,1911,,,,hvd_144969,37.228115,112.47959
1291,CN140727,CN140727,石佛窑,山西祁县石佛窑,村镇,1911,1911,,,,hvd_144972,37.145256,112.45932
1292,CN140727,CN140727,祁县,山西祁县,县,1911,1911,,,,hvd_121841,37.353817,112.3153
1293,CN140727,CN140727,苗家堡,山西祁县苗家堡,村镇,1911,1911,,,,hvd_145049,37.432705,112.28679
1294,CN140727,CN140727,西韩,山西祁县西韩,村镇,1911,1911,,,,hvd_144978,37.350143,112.26021
1295,CN140727,CN140727,谷峪口,山西祁县谷峪口,村镇,1911,1911,,,,hvd_144973,37.21188,112.47193
1296,CN140727,CN140727,贾令镇,,村镇,1911,1911,,,,hvd_144963,37.415253,112.35695
1297,CN140727,CN140727,郑庄,山西祁县郑家庄,村镇,1911,1911,,,,hvd_144979,37.317905,112.28183
1298,CN140825,CN140825,临汾县,山西省运城市新绛县,县,-204,444,,,,hvd_95427,35.68586,111.30286
1299,CN140825,CN140825,东雍州,山西省运城市新绛县,州,443,494,,,,hvd_113274,35.55854,111.15425
1300,CN140825,CN140825,临汾县,山西省运城市新绛县,县,487,551,,,,hvd_95433,35.68586,111.30286
1301,CN140825,CN140825,正平郡,山西省运城市新绛县,郡,487,597,,,,hvd_116188,35.61641,111.21615
1302,CN140825,CN140825,绛郡,山西新绛县,郡,487,582,,,,hvd_115447,35.61641,111.21615
1303,CN140825,CN140825,临汾县,山西省运城市新绛县,县,550,597,,,,hvd_95243,35.61641,111.21615
1304,CN140825,CN140825,绛州,山西新绛县,州,560,582,,,,,35.61641,111.21615
1305,CN140825,CN140825,闻喜县,山西省运城市新绛县,县,561,589,,,,hvd_95242,35.55854,111.15425
1306,CN140825,CN140825,绛郡,山西新绛县,郡,583,617,,,,,35.61641,111.21615
1307,CN140825,CN140825,正平县,山西省运城市新绛县,县,598,1367,,,,hvd_95244,35.61641,111.21615
1308,CN140825,CN140825,绛郡,山西新绛县,郡,607,617,,,,hvd_110228,35.61641,111.21615
1309,CN140825,CN140825,绛郡,山西新绛县,郡,607,616,,,,hvd_94121,35.61641,111.21615
1310,CN140825,CN140825,绛州,山西新绛县,州,618,620,,,,hvd_94120,35.61641,111.21615
1311,CN140825,CN140825,绛州,山西新绛县,州,618,1819,,,,,35.61641,111.21615
1312,CN140825,CN140825,绛州,山西新绛县,州,618,741,,,,hvd_111034,35.61641,111.21615
1313,CN140825,CN140825,绛州,山西新绛县,州,621,626,,,,hvd_94119,35.61641,111.21615
1314,CN140825,CN140825,绛州,山西新绛县,州,627,642,,,,hvd_94118,35.61641,111.21615
1315,CN140825,CN140825,绛州,山西新绛县,州,643,662,,,,hvd_94117,35.61641,111.21615
1316,CN140825,CN140825,绛州,山西新绛县,州,663,701,,,,hvd_94116,35.61641,111.21615
1317,CN140825,CN140825,绛州,山西新绛县,州,702,741,,,,hvd_94115,35.61641,111.21615
1318,CN140825,CN140825,绛郡,山西新绛县,郡,742,756,,,,hvd_111245,35.61641,111.21615
1319,CN140825,CN140825,绛郡,山西新绛县,郡,742,757,,,,hvd_94114,35.61641,111.21615
1320,CN140825,CN140825,绛州,山西新绛县,州,758,786,,,,hvd_94113,35.61641,111.21615
1321,CN140825,CN140825,绛州,山西新绛县,州,787,807,,,,hvd_94112,35.61641,111.21615
1322,CN140825,CN140825,绛州,山西新绛县,州,808,890,,,,hvd_94111,35.61641,111.21615
1323,CN140825,CN140825,绛州,山西新绛县,州,891,906,,,,hvd_94110,35.61641,111.21615
1324,CN140825,CN140825,绛州,山西新绛县,州,907,923,,,,hvd_94109,35.61641,111.21615
1325,CN140825,CN140825,绛州,山西新绛县,州,924,947,,,,hvd_94108,35.61641,111.21615
1326,CN140825,CN140825,绛州,山西新绛县,州,948,1071,,,,hvd_94107,35.61641,111.21615
1327,CN140825,CN140825,绛州,山西新绛县,州,1072,1085,,,,hvd_94106,35.61641,111.21615
1328,CN140825,CN140825,绛州,山西新绛县,州,1086,1217,,,,hvd_94105,35.61641,111.21615
1329,CN140825,CN140825,晋安府,山西省运城市新绛县,府,1218,1259,,,,hvd_115461,35.61641,111.21615
1330,CN140825,CN140825,绛州,山西新绛县,州,1724,1728,,,,hvd_94056,35.61641,111.21615
1331,CN140825,CN140825,绛州,山西新绛县,州,1729,1911,,,,hvd_94057,35.61641,111.21615
1332,CN140825,CN140825,樊村堡,山西新绛县西南樊村,村镇,1820,1820,,,,hvd_20911,35.576,111.123
1333,CN140825,CN140825,绛州,山西新绛县,直隶州,1820,1820,,,,hvd_9694,35.61641,111.21615
1334,CN140825,CN140825,义泉,山西新绛县义泉村,村镇,1911,1911,,,,hvd_147658,35.699825,111.22414
1335,CN140825,CN140825,兰村,山西新绛县兰村,村镇,1911,1911,,,,hvd_147646,35.514565,111.216934
1336,CN140825,CN140825,刘玉,山西新绛县刘峪,村镇,1911,1911,,,,hvd_147643,35.497723,111.07999
1337,CN140825,CN140825,北范庄,山西新绛县北范庄,村镇,1911,1911,,,,hvd_147663,35.772324,111.12684
1338,CN140825,CN140825,南平原,山西新绛县南平原,村镇,1911,1911,,,,hvd_147656,35.66468,111.24126
1339,CN140825,CN140825,南社,山西新绛县南社,村镇,1911,1911,,,,hvd_147657,35.693237,111.213326
1340,CN140825,CN140825,张王,山西侯马市张王村,村镇,1911,1911,,,,hvd_145256,35.59629,111.26398
1341,CN140825,CN140825,木站,山西新绛县东木赞,村镇,1911,1911,,,,hvd_147654,35.68445,111.31153
1342,CN140825,CN140825,杨威,山西襄汾县杨威,村镇,1911,1911,,,,hvd_145284,35.691036,111.24632
1343,CN140825,CN140825,柳泉,山西新绛县柳泉,村镇,1911,1911,,,,hvd_147648,35.569485,111.24306
1344,CN140825,CN140825,王村,山西新绛县王村,村镇,1911,1911,,,,hvd_147650,35.57534,111.16648
1345,CN140825,CN140825,王马,山西新绛县南王马,村镇,1911,1911,,,,hvd_147652,35.627335,111.17729
1346,CN140825,CN140825,娄庄,山西新绛县娄庄,村镇,1911,1911,,,,hvd_147653,35.63319,111.25387
1347,CN140825,CN140825,绛州,山西新绛县,直隶州,1911,1911,,,,hvd_120269,35.61641,111.21615
1348,CN140825,CN140825,翟家,山西新绛县翟家庄,村镇,1911,1911,,,,hvd_147649,35.534336,111.25387
1349,CN140825,CN140825,苏村镇,山西新绛县北苏村,村镇,1911,1911,,,,hvd_147662,35.746693,111.17549
1350,CN140825,CN140825,西吉,山西襄汾县西吉,村镇,1911,1911,,,,hvd_145294,35.692497,111.3392
1351,CN140825,CN140825,西庄,山西新绛县西庄,村镇,1911,1911,,,,hvd_147661,35.730583,111.093506
1352,CN140825,CN140825,言壁,山西新绛县阎壁,村镇,1911,1911,,,,hvd_147644,35.524082,111.074585
1353,CN140825,CN140825,诸村,山西侯马市诸村,村镇,1911,1911,,,,hvd_145257,35.65354,111.30133
1354,CN140825,CN140825,高庄,山西襄汾县高庄,村镇,1911,1911,,,,hvd_145287,35.763355,111.192215
1355,CN140830,CN140830,河北县,山西省运城市芮城县,县,-204,559,,,,hvd_95285,34.68539,110.63691
1356,CN140830,CN140830,安戎县,山西省运城市芮城县,县,535,559,,,,hvd_95283,34.69979,110.73634
1357,CN140830,CN140830,永乐县,山西省运城市芮城县,县,560,561,,,,hvd_95286,34.62344,110.54737
1358,CN140830,CN140830,芮城县,山西芮城县,县,560,1911,,,,hvd_95284,34.69731,110.68829
1359,CN140830,CN140830,永乐县,山西省运城市芮城县,县,618,623,,,,hvd_95287,34.62835,110.55605
1360,CN140830,CN140830,芮州,山西省运城市芮城县,州,619,626,,,,hvd_110586,34.69731,110.68829
1361,CN140830,CN140830,永乐县,山西省运城市芮城县,县,624,1012,,,,hvd_95288,34.62344,110.54737
1362,CN140830,CN140830,朱吕堡,山西芮城县东北朱吕,村镇,1820,1820,,,,hvd_20960,34.757,110.859
1363,CN140830,CN140830,永乐镇,山西芮城县西南永乐镇,村镇,1820,1820,,,,hvd_20957,34.614,110.54
1364,CN140830,CN140830,稠桑镇,河南灵宝县（虢略）北稠桑,村镇,1820,1820,,,,hvd_18061,34.635853,110.84423
1365,CN140830,CN140830,芮城县,山西芮城县,县,1820,1820,,,,hvd_1163,34.697308,110.68829
1366,CN140830,CN140830,陌底镇,,村镇,1820,1820,,,,hvd_20961,34.756058,110.88096
1367,CN140830,CN140830,风陵渡,山西芮城县西南风陵渡,村镇,1820,1820,,,,hvd_20964,34.632458,110.303696
1368,CN140830,CN140830,上石门,山西芮城县上石门,村镇,1911,1911,,,,hvd_147638,34.72551,110.74844
1369,CN140830,CN140830,东吕,山西芮城县东吕,村镇,1911,1911,,,,hvd_147629,34.687744,110.779976
1370,CN140830,CN140830,东张,山西芮城县东张,村镇,1911,1911,,,,hvd_147637,34.698112,110.75205
1371,CN140830,CN140830,东陌,山西芮城县东陌,村镇,1911,1911,,,,hvd_147639,34.73958,110.792595
1372,CN140830,CN140830,古贤渡,山西芮城县古县,村镇,1911,1911,,,,hvd_145406,34.629242,110.38143
1373,CN140830,CN140830,坑头,山西芮城县坑头,村镇,1911,1911,,,,hvd_147636,34.719585,110.67367
1374,CN140830,CN140830,大禹渡,山西芮城县大禹渡,村镇,1911,1911,,,,hvd_147628,34.66849,110.75385
1375,CN140830,CN140830,大车,山西芮城县大车,村镇,1911,1911,,,,hvd_147627,34.675156,110.69169
1376,CN140830,CN140830,太安渡,山西芮城县太安,村镇,1911,1911,,,,hvd_147626,34.652203,110.67728
1377,CN140830,CN140830,庄里,山西芮城县庄里,村镇,1911,1911,,,,hvd_147633,34.796597,110.91692
1378,CN140830,CN140830,朱吕,山西芮城县朱吕,村镇,1911,1911,,,,hvd_147631,34.75661,110.86106
1379,CN140830,CN140830,杜村,山西芮城县杜村,村镇,1911,1911,,,,hvd_145407,34.615196,110.564316
1380,CN140830,CN140830,杨家,山西芮城县杨家村,村镇,1911,1911,,,,hvd_147640,34.752907,110.72592
1381,CN140830,CN140830,枣树巷,山西芮城县枣树巷,村镇,1911,1911,,,,hvd_147635,34.704037,110.898
1382,CN140830,CN140830,桃花涧,山西芮城县桃花涧,村镇,1911,1911,,,,hvd_147630,34.720325,110.85386
1383,CN140830,CN140830,桑林,山西芮城县桑林,村镇,1911,1911,,,,hvd_145408,34.71425,110.38503
1384,CN140830,CN140830,槐树峪,山西芮城县槐树峪,村镇,1911,1911,,,,hvd_147634,34.829178,110.86016
1385,CN140830,CN140830,潘村,山西芮城县潘家村,村镇,1911,1911,,,,hvd_145412,34.6285,110.51206
1386,CN140830,CN140830,田村,山西芮城县田村,村镇,1911,1911,,,,hvd_145415,34.646244,110.29494
1387,CN140830,CN140830,芮城县,山西芮城县,县,1911,1911,,,,hvd_121887,34.697308,110.68829
1388,CN140830,CN140830,营子,山西芮城县营子,村镇,1911,1911,,,,hvd_145411,34.71425,110.51657
1389,CN140830,CN140830,西岭底,山西芮城县岭底,村镇,1911,1911,,,,hvd_147632,34.799557,110.88359
1390,CN140830,CN140830,郑家渡,山西芮城县郑家村,村镇,1911,1911,,,,hvd_147622,34.615917,110.58087
1391,CN140830,CN140830,郑村,山西芮城县郑村,村镇,1911,1911,,,,hvd_147623,34.69219,110.58177
1392,CN140830,CN140830,阳任,山西芮城县阳任,村镇,1911,1911,,,,hvd_147624,34.716625,110.57276
1393,CN140830,CN140830,陌底镇,,村镇,1911,1911,,,,hvd_148177,34.756058,110.88096
1394,CN140830,CN140830,韩庄,山西芮城县韩王庄,村镇,1911,1911,,,,hvd_145410,34.691334,110.49675
1395,CN140830,CN140830,风陵渡,山西芮城县风陵渡口,村镇,1911,1911,,,,hvd_145404,34.623627,110.30215
1396,CN140881,CN140881,蒲坂县,山西省运城市永济市,县,-286,13,,,,hvd_95493,34.83513,110.33231
1397,CN140881,CN140881,蒲反县,山西永济市,县,-202,7,,,,,34.87289,110.45431
1398,CN140881,CN140881,蒲城县,山西永济市,县,8,24,,,,,34.87289,110.45431
1399,CN140881,CN140881,蒲城县,山西省运城市永济市,县,14,22,,,,hvd_95494,34.83513,110.33231
1400,CN140881,CN140881,蒲坂县,山西省运城市永济市,县,23,595,,,,hvd_95495,34.83513,110.33231
1401,CN140881,CN140881,蒲坂县,山西永济市,县,25,353,,,,,34.87289,110.45431
1402,CN140881,CN140881,并州,山西省运城市永济市,州,319,369,,,,hvd_112907,34.84124,110.36757
1403,CN140881,CN140881,秦州,山西永济市,州,354,370,,,,,34.87289,110.45431
1404,CN140881,CN140881,雍州,山西省运城市永济市,州,370,383,,,,hvd_113265,34.84124,110.36757
1405,CN140881,CN140881,雍州,山西永济市,州,371,431,,,,,34.87289,110.45431
1406,CN140881,CN140881,冀州,山西省运城市永济市,州,394,417,,,,hvd_112945,34.84124,110.36757
1407,CN140881,CN140881,并州,山西省运城市永济市,州,394,428,,,,hvd_112909,34.84124,110.36757
1408,CN140881,CN140881,雍州,山西省运城市永济市,州,428,431,,,,hvd_113270,34.83513,110.33231
1409,CN140881,CN140881,泰州,山西省运城市永济市,州,432,557,,,,hvd_113271,34.83513,110.33231
1410,CN140881,CN140881,秦州,山西永济市,州,432,557,,,,,34.87289,110.45431
1411,CN140881,CN140881,安定县,山西省运城市永济市,县,477,536,,,,hvd_95498,34.85941,110.61755
1412,CN140881,CN140881,虞乡县,山西永济市东虞乡,县,535,558,,,,hvd_95484,34.85941,110.61755
1413,CN140881,CN140881,南解县,山西省运城市永济市,县,537,559,,,,hvd_95491,34.94687,110.64277
1414,CN140881,CN140881,蒲州,山西省运城市永济市,州,558,606,,,,hvd_113272,34.83513,110.33231
1415,CN140881,CN140881,蒲州,山西永济市,州,558,617,,,,,34.87289,110.45431
1416,CN140881,CN140881,绥化县,山西省运城市永济市运文线,县,560,560,,,,hvd_95485,34.95275,110.50755
1417,CN140881,CN140881,虞乡县,山西省运城市永济市运文线,县,561,612,,,,hvd_95486,34.95275,110.50755
1418,CN140881,CN140881,河东县,山西省运城市永济市,县,596,1368,,,,hvd_95497,34.83513,110.33231
1419,CN140881,CN140881,河东县,山西永济市,县,596,1368,,,,,34.857018,110.31255
1420,CN140881,CN140881,蒲坂县,山西省运城市永济市,县,596,605,,,,hvd_95496,34.84124,110.36757
1421,CN140881,CN140881,河东郡,山西省运城市永济市,郡,607,617,,,,hvd_110229,34.83513,110.33231
1422,CN140881,CN140881,河东郡,山西省运城市永济市,郡,607,616,,,,hvd_94123,34.83513,110.33231
1423,CN140881,CN140881,虞乡县,山西永济市东虞乡,县,618,647,,,,hvd_95487,34.85941,110.61755
1424,CN140881,CN140881,蒲州,山西省运城市永济市,州,620,741,,,,hvd_111035,34.83513,110.33231
1425,CN140881,CN140881,蒲州,山西永济市,州,620,719,,,,,34.857018,110.31255
1426,CN140881,CN140881,河中府,山西省运城市永济市,府,691,1368,,,,hvd_115340,34.83513,110.33231
1427,CN140881,CN140881,虞乡县,山西永济市东虞乡,县,691,1265,,,,hvd_95488,34.85941,110.61755
1428,CN140881,CN140881,河东郡,山西省运城市永济市,郡,742,755,,,,hvd_111213,34.83513,110.33231
1429,CN140881,CN140881,河中郡,山西省运城市永济市,郡,742,757,,,,hvd_115341,34.83513,110.33231
1430,CN140881,CN140881,河中防御守捉蒲关使,山西省运城市永济市,防镇,756,756,,,,hvd_111246,34.83513,110.33231
1431,CN140881,CN140881,河中节度使,山西省运城市永济市,防镇,757,763,,,,hvd_111435,34.83513,110.33231
1432,CN140881,CN140881,河中府,山西永济市,府,760,770,,,,,34.857018,110.31255
1433,CN140881,CN140881,河中五州都团练观察使,山西省运城市永济市,防镇,764,798,,,,hvd_111535,34.83513,110.33231
1434,CN140881,CN140881,河中防御观察使,山西省运城市永济市,防镇,799,799,,,,hvd_111537,34.83513,110.33231
1435,CN140881,CN140881,河中节度使,山西省运城市永济市,防镇,800,818,,,,hvd_111555,34.83513,110.33231
1436,CN140881,CN140881,河中都防御观察使,山西省运城市永济市,防镇,819,819,,,,hvd_111558,34.83513,110.33231
1437,CN140881,CN140881,河中节度使,山西省运城市永济市,防镇,820,884,,,,hvd_111607,34.83513,110.33231
1438,CN140881,CN140881,护国军节度使,山西省运城市永济市,防镇,885,978,,,,hvd_111863,34.83513,110.33231
1439,CN140881,CN140881,河中府,山西省运城市永济市,府,960,1127,,,,hvd_94102,34.83513,110.33231
1440,CN140881,CN140881,蒲州,山西省运城市永济市,州,1128,1148,,,,hvd_94101,34.83513,110.33231
1441,CN140881,CN140881,河中府,山西省运城市永济市,府,1149,1217,,,,hvd_94100,34.83513,110.33231
1442,CN140881,CN140881,蒲州,山西永济市,州,1369,1728,,,,,34.857018,110.31255
1443,CN140881,CN140881,蒲州,山西省运城市永济市,州,1724,1727,,,,hvd_94060,34.83513,110.33231
1444,CN140881,CN140881,永济县,山西永济县蒲州镇,县,1728,1911,,,,hvd_95492,34.83513,110.33231
1445,CN140881,CN140881,蒲州府,山西省运城市永济市,府,1728,1911,,,,hvd_94061,34.83513,110.33231
1446,CN140881,CN140881,蒲州府,山西永济市,府,1729,1819,,,,,34.857018,110.31255
1447,CN140881,CN140881,虞乡县,山西永济市东虞乡,县,1730,1911,,,,hvd_95489,34.85941,110.61755
1448,CN140881,CN140881,下阳堡,山西永济县西南夏阳,村镇,1820,1820,,,,hvd_20958,34.690975,110.26989
1449,CN140881,CN140881,故市镇,山西永济县东北古市营,村镇,1820,1820,,,,hvd_20963,34.897,110.675
1450,CN140881,CN140881,栲栳镇,,村镇,1820,1820,,,,hvd_20962,34.938416,110.42346
1451,CN140881,CN140881,永济县,山西永济县蒲州镇,县,1820,1820,,,,hvd_1162,34.83513,110.332306
1452,CN140881,CN140881,蒲州府,山西永济市西南蒲州,府,1820,1820,,,,hvd_9696,34.83513,110.332306
1453,CN140881,CN140881,虞乡县,山西永济市东虞乡,县,1820,1820,,,,hvd_1164,34.85941,110.617546
1454,CN140881,CN140881,七社,山西永济县七社,村镇,1911,1911,,,,hvd_145416,34.86948,110.42017
1455,CN140881,CN140881,上高市,山西永济县上高市,村镇,1911,1911,,,,hvd_145419,34.911694,110.436386
1456,CN140881,CN140881,古城,山西临猗县北古城,村镇,1911,1911,,,,hvd_145446,34.996635,110.50035
1457,CN140881,CN140881,古城屯,山西永济县南古城,村镇,1911,1911,,,,hvd_145420,34.957443,110.51477
1458,CN140881,CN140881,古市镇,山西永济县古市营,村镇,1911,1911,,,,hvd_145430,34.888798,110.686844
1459,CN140881,CN140881,城子埒,山西临猗县城子埒,村镇,1911,1911,,,,hvd_145448,34.990726,110.59315
1460,CN140881,CN140881,大庆关,陕西省大荔县东黄河中,村镇,1911,1911,,,,hvd_132608,34.838894,110.27166
1461,CN140881,CN140881,大鸳鸯,山西永济县大鸳鸯,村镇,1911,1911,,,,hvd_145422,34.97223,110.33368
1462,CN140881,CN140881,太宁庄,山西永济县太宁,村镇,1911,1911,,,,hvd_145417,34.848045,110.37332
1463,CN140881,CN140881,孙常,山西永济县孙常,村镇,1911,1911,,,,hvd_145426,34.887966,110.54989
1464,CN140881,CN140881,寒暑,山西永济县寒暑,村镇,1911,1911,,,,hvd_145435,34.970783,110.62919
1465,CN140881,CN140881,常旗营,山西永济县常旗营,村镇,1911,1911,,,,hvd_145437,34.927204,110.58955
1466,CN140881,CN140881,常旺,山西永济县首阳,村镇,1911,1911,,,,hvd_145405,34.690975,110.26989
1467,CN140881,CN140881,杨村,山西永济县杨村,村镇,1911,1911,,,,hvd_145433,34.953796,110.58504
1468,CN140881,CN140881,栲栳镇,,村镇,1911,1911,,,,hvd_145403,34.938416,110.42346
1469,CN140881,CN140881,永喜,山西永济县永喜庄,村镇,1911,1911,,,,hvd_145428,34.96709,110.725586
1470,CN140881,CN140881,永济县,山西永济县蒲州镇,县,1911,1911,,,,hvd_121880,34.83513,110.332306
1471,CN140881,CN140881,牌首,山西永济县牌首,村镇,1911,1911,,,,hvd_145436,34.927944,110.62919
1472,CN140881,CN140881,王官,山西永济县王官峪,村镇,1911,1911,,,,hvd_145431,34.83931,110.68504
1473,CN140881,CN140881,王朔,山西永济县王朔,村镇,1911,1911,,,,hvd_145438,34.895443,110.587746
1474,CN140881,CN140881,董村,山西永济县董村,村镇,1911,1911,,,,hvd_145429,34.90494,110.71438
1475,CN140881,CN140881,虞乡县,山西永济县县治虞乡镇,县,1911,1911,,,,hvd_121881,34.85941,110.617546
1476,CN140881,CN140881,赵伊镇,山西永济县县治赵伊镇,村镇,1911,1911,,,,hvd_145402,34.866585,110.44372
1477,CN140881,CN140881,赵柏,山西永济县赵柏,村镇,1911,1911,,,,hvd_145418,34.911694,110.45621
1478,CN140881,CN140881,辛店,山西永济县辛店,村镇,1911,1911,,,,hvd_145414,34.759342,110.299446
1479,CN140881,CN140881,马布头,山西永济县马铺头,村镇,1911,1911,,,,hvd_145432,34.86664,110.49315
1480,CN140881,CN140881,黄家窑,山西永济县黄家窑,村镇,1911,1911,,,,hvd_145439,34.83192,110.576935
1481,CN140881,CN140881,黄旗营,山西永济县黄旗营,村镇,1911,1911,,,,hvd_145434,34.956013,110.60036
1482,CN140881,CN140881,黄龙镇,山西永济县南黄龙,村镇,1911,1911,,,,hvd_145425,34.9981,110.33999
1483,CN140882,CN140882,皮氏县,山西省运城市河津市,县,-204,13,,,,hvd_95228,35.57609,110.66239
1484,CN140882,CN140882,延平县,山西省运城市河津市,县,14,22,,,,hvd_95229,35.57609,110.66239
1485,CN140882,CN140882,皮氏县,山西省运城市河津市,县,23,445,,,,hvd_95230,35.57609,110.66239
1486,CN140882,CN140882,龙门县,山西省运城市河津市,县,446,1119,,,,hvd_95231,35.57609,110.66239
1487,CN140882,CN140882,龙门郡,山西省运城市河津市,郡,556,621,,,,hvd_115579,35.5874,110.69781
1488,CN140882,CN140882,泰州,山西省运城市河津市,州,618,642,,,,hvd_94147,35.57609,110.66239
1489,CN140882,CN140882,万春县,山西省运城市河津市,县,622,642,,,,hvd_95234,35.69185,110.7863
1490,CN140882,CN140882,河津县,山西省运城市河津市,县,1120,1311,,,,hvd_95232,35.57609,110.66239
1491,CN140882,CN140882,河津县,,县,1312,1911,,,,hvd_95233,35.5874,110.69781
1492,CN140882,CN140882,僧楼镇,,村镇,1820,1820,,,,,35.69,110.739
1493,CN140882,CN140882,河津县,,县,1820,1820,,,,hvd_1144,35.587402,110.69781
1494,CN140882,CN140882,禹门渡,山西河津市西北禹门口,村镇,1820,1820,,,,hvd_20880,35.674244,110.600716
1495,CN140882,CN140882,船窝镇,山西乡宁县西南船窝,村镇,1820,1820,,,,hvd_20893,35.747,110.599
1496,CN140882,CN140882,西硙口,山西稷山县西北西硙口,村镇,1820,1820,,,,hvd_20892,35.722,110.735
1497,CN140882,CN140882,上史,山西河津县上市,村镇,1911,1911,,,,hvd_147707,35.54965,110.81422
1498,CN140882,CN140882,尹村集,山西河津县尹村,村镇,1911,1911,,,,hvd_147714,35.69466,110.73133
1499,CN140882,CN140882,仓底,山西河津县仓底,村镇,1911,1911,,,,hvd_147706,35.535736,110.69259
1500,CN140882,CN140882,北五芹,山西河津县北午芹,村镇,1911,1911,,,,hvd_147713,35.7159,110.76466
1501,CN140882,CN140882,南张吴,山西河津县张吴,村镇,1911,1911,,,,hvd_147712,35.698322,110.7989
1502,CN140882,CN140882,南方平,山西河津县南方平,村镇,1911,1911,,,,hvd_147717,35.655846,110.73313
1503,CN140882,CN140882,固镇集,山西河津县固镇,村镇,1911,1911,,,,hvd_147715,35.70052,110.7061
1504,CN140882,CN140882,河津县,,县,1911,1911,,,,hvd_121877,35.587402,110.69781
1505,CN140882,CN140882,禹门口,山西河津县禹门口,村镇,1911,1911,,,,hvd_147696,35.674244,110.600716
1506,CN140882,CN140882,苍头,山西河津县苍头,村镇,1911,1911,,,,hvd_147711,35.58993,110.630424
1507,CN140882,CN140882,西庄,山西河津县西庄,村镇,1911,1911,,,,hvd_147716,35.618492,110.69169
1508,CN140882,CN140882,西王,山西河津县西王,村镇,1911,1911,,,,hvd_147709,35.578213,110.81602
1509,CN140882,CN140882,西硙,山西河津县西硙口,村镇,1911,1911,,,,hvd_148135,35.72486,110.723526
1510,CN140882,CN140882,黄村,山西河津县黄村,村镇,1911,1911,,,,hvd_147708,35.56869,110.776375
1511,CN140923,CN140923,广武县,山西省忻州市代县,县,-204,13,,,,hvd_95094,39.03431,112.89068
1512,CN140923,CN140923,信桓县,山西省忻州市代县,县,14,22,,,,hvd_95095,39.03431,112.89068
1513,CN140923,CN140923,广武县,山西省忻州市代县,县,25,515,,,,hvd_95096,39.03431,112.89068
1514,CN140923,CN140923,雁门郡,山西省忻州市代县,郡,50,0,,,,hvd_112305,39.06039,112.94904
1515,CN140923,CN140923,广武县,山西省忻州市代县,县,516,597,,,,hvd_95097,39.06039,112.94904
1516,CN140923,CN140923,肆州,山西省忻州市代县,州,579,584,,,,hvd_112914,39.03431,112.89068
1517,CN140923,CN140923,代州,山西代县,州,585,606,,,,hvd_110146,39.06039,112.94904
1518,CN140923,CN140923,雁门县,山西省忻州市代县,县,598,1262,,,,hvd_95098,39.06039,112.94904
1519,CN140923,CN140923,雁门郡,山西省忻州市代县,郡,607,617,,,,hvd_110218,39.06039,112.94904
1520,CN140923,CN140923,代州,山西代县,州,618,722,,,,hvd_110833,39.06039,112.94904
1521,CN140923,CN140923,雁门节度使,山西省忻州市代县,防镇,882,882,,,,hvd_111603,39.06039,112.94904
1522,CN140923,CN140923,代北节度使,山西省忻州市代县,防镇,883,886,,,,hvd_111613,39.06039,112.94904
1523,CN140923,CN140923,代州,山西代县,州,1263,1368,,,,hvd_95100,39.06039,112.94904
1524,CN140923,CN140923,代县,山西省忻州市代县,县,1369,1374,,,,hvd_95099,39.06039,112.94904
1525,CN140923,CN140923,代州,山西代县,州,1375,1723,,,,hvd_95101,39.06039,112.94904
1526,CN140923,CN140923,代州,山西代县,州,1724,1911,,,,hvd_94024,39.06039,112.94904
1527,CN140923,CN140923,代州,山西代县,直隶州,1820,1820,,,,hvd_9682,39.06039,112.94904
1528,CN140923,CN140923,胡峪堡,山西代县东北胡峪,村镇,1820,1820,,,,hvd_20649,39.178,113.108
1529,CN140923,CN140923,阳明堡,山西代县西南阳明堡,村镇,1820,1820,,,,hvd_20677,39.013,112.881
1530,CN140923,CN140923,雁门关,山西代县西北雁门关,村镇,1820,1820,,,,hvd_20621,39.156,112.795
1531,CN140923,CN140923,七里铺,山西代县七里铺,村镇,1911,1911,,,,hvd_147339,39.04907,112.91699
1532,CN140923,CN140923,九龙,山西代县九龙,村镇,1911,1911,,,,hvd_147336,39.081238,112.778244
1533,CN140923,CN140923,二十里铺,山西代县二十里铺,村镇,1911,1911,,,,hvd_147351,39.122498,113.07015
1534,CN140923,CN140923,代州,山西代县,直隶州,1911,1911,,,,hvd_120263,39.06039,112.94904
1535,CN140923,CN140923,兔梁,山西代县兔儿梁,村镇,1911,1911,,,,hvd_147353,39.03928,113.26205
1536,CN140923,CN140923,古城,山西代县古城,村镇,1911,1911,,,,hvd_147338,39.03019,112.89447
1537,CN140923,CN140923,大包里,山西繁峙县大保,村镇,1911,1911,,,,hvd_147450,39.073215,113.27647
1538,CN140923,CN140923,大如解,山西代县大茹解,村镇,1911,1911,,,,hvd_147334,39.004314,112.8296
1539,CN140923,CN140923,天地里,山西代县大地,村镇,1911,1911,,,,hvd_147355,38.937183,113.26205
1540,CN140923,CN140923,太和岭口,山西代县太和岭口,村镇,1911,1911,,,,hvd_147320,39.110493,112.860756
1541,CN140923,CN140923,峪口村,山西代县下庄,村镇,1911,1911,,,,hvd_147347,39.06166,113.03141
1542,CN140923,CN140923,平城,山西代县上平城,村镇,1911,1911,,,,hvd_147340,39.075645,112.97916
1543,CN140923,CN140923,望台,山西代县望台,村镇,1911,1911,,,,hvd_147325,39.184734,113.122406
1544,CN140923,CN140923,木阁里,山西繁峙县木格,村镇,1911,1911,,,,hvd_147449,39.113888,113.19898
1545,CN140923,CN140923,朴村,山西代县朴村,村镇,1911,1911,,,,hvd_147341,39.112015,113.01429
1546,CN140923,CN140923,段家,山西代县段家湾,村镇,1911,1911,,,,hvd_147346,39.03718,113.103485
1547,CN140923,CN140923,段景,山西代县段景,村镇,1911,1911,,,,hvd_147349,39.094524,113.07105
1548,CN140923,CN140923,殷家,山西代县殷家会,村镇,1911,1911,,,,hvd_147345,39.005016,113.14042
1549,CN140923,CN140923,水峪,山西代县水峪,村镇,1911,1911,,,,hvd_147342,39.133686,112.957535
1550,CN140923,CN140923,沙沟,山西代县沙沟,村镇,1911,1911,,,,hvd_147327,39.19243,113.16385
1551,CN140923,CN140923,琛德沟,山西代县称达沟,村镇,1911,1911,,,,hvd_147352,39.19175,112.91338
1552,CN140923,CN140923,白草口,山西代县白草口,村镇,1911,1911,,,,hvd_147330,39.16865,112.76653
1553,CN140923,CN140923,白草村,山西代县白草村,村镇,1911,1911,,,,hvd_147354,38.9197,113.236824
1554,CN140923,CN140923,董家,山西代县董家寨,村镇,1911,1911,,,,hvd_147333,38.994526,112.91338
1555,CN140923,CN140923,西瓦窑头,山西代县西瓦窑头,村镇,1911,1911,,,,hvd_147337,39.088932,112.820595
1556,CN140923,CN140923,西留属,山西代县西留属,村镇,1911,1911,,,,hvd_147328,39.17005,113.16745
1557,CN140923,CN140923,赤土沟,山西代县赤土沟,村镇,1911,1911,,,,hvd_147331,39.151184,112.99087
1558,CN140923,CN140923,铁匠营,山西代县铁匠营,村镇,1911,1911,,,,hvd_147329,39.244877,112.99087
1559,CN140923,CN140923,长城村,山西代县长城,村镇,1911,1911,,,,hvd_147324,39.3211,113.092674
1560,CN140923,CN140923,韩家,山西代县韩家湾,村镇,1911,1911,,,,hvd_147343,38.884037,112.99447
1561,CN140923,CN140923,黑山庄,山西代县黑山庄,村镇,1911,1911,,,,hvd_147350,39.095226,113.1188
1562,CN140923,CN140923,龙王堂,山西代县龙王堂,村镇,1911,1911,,,,hvd_147357,38.907112,113.18727
1563,CN141,CN141,平阳县,山西临汾市,县,-221,220,,,,,36.078037,111.515434
1564,CN141,CN141,平阳郡,山西临汾市,府,247,309,,,,,36.078037,111.515434
1565,CN141,CN141,晋州,山西省临汾市,州,528,572,,,,,36.078037,111.515434
1566,CN141,CN141,临汾郡,山西省临汾市,郡,581,617,,,,hvd_115555,36.07804,111.51543
1567,CN141,CN141,临汾县,山西临汾市,县,583,1911,,,,hvd_95421,36.07804,111.51543
1568,CN141,CN141,晋州,山西省临汾市,州,583,606,,,,,36.078037,111.515434
1569,CN141,CN141,临汾郡,山西省临汾市,郡,607,616,,,,hvd_94138,36.07804,111.51543
1570,CN141,CN141,临汾郡,山西省临汾市,郡,607,617,,,,,36.078037,111.515434
1571,CN141,CN141,平阳郡,山西临汾市,郡,617,617,,,,hvd_94139,36.07804,111.51543
1572,CN141,CN141,晋州,山西省临汾市,州,618,741,,,,hvd_111031,36.078037,111.515434
1573,CN141,CN141,晋州,山西省临汾市,州,618,642,,,,hvd_94148,36.07804,111.51543
1574,CN141,CN141,平阳府,山西临汾市,府,632,1304,,,,hvd_115675,36.07804,111.51543
1575,CN141,CN141,平阳郡,山西临汾市,郡,742,757,,,,,36.078037,111.515434
1576,CN141,CN141,平阳郡,山西临汾市,郡,742,756,,,,hvd_111243,36.07804,111.51543
1577,CN141,CN141,晋州,山西省临汾市,州,758,909,,,,,36.078037,111.515434
1578,CN141,CN141,晋州,山西省临汾市,州,960,1127,,,,,36.078037,111.515434
1579,CN141,CN141,平阳府,山西临汾市,府,1116,1166,,,,hvd_94230,36.07804,111.51543
1580,CN141,CN141,平阳府,山西临汾市,府,1116,1272,,,,,36.078037,111.515434
1581,CN141,CN141,平阳府,山西临汾市,府,1167,1217,,,,hvd_94239,36.07804,111.51543
1582,CN141,CN141,平阳路,山西临汾市,府,1273,1304,,,,,36.078037,111.515434
1583,CN141,CN141,平阳府,山西临汾市,府,1368,1594,,,,hvd_94048,36.07804,111.51543
1584,CN141,CN141,平阳府,山西临汾市,府,1595,1611,,,,hvd_94049,36.07804,111.51543
1585,CN141,CN141,平阳府,山西临汾市,府,1612,1614,,,,hvd_94050,36.07804,111.51543
1586,CN141,CN141,平阳府,山西临汾市,府,1615,1723,,,,hvd_94052,36.07804,111.51543
1587,CN141,CN141,平阳府,山西临汾市,府,1724,1728,,,,hvd_94053,36.07804,111.51543
1588,CN141,CN141,平阳府,山西临汾市,府,1729,1730,,,,hvd_94047,36.07804,111.51543
1589,CN141,CN141,平阳府,山西临汾市,府,1731,1771,,,,hvd_94046,36.07804,111.51543
1590,CN141,CN141,平阳府,山西临汾市,府,1772,1911,,,,hvd_94045,36.07804,111.51543
1591,CN141,CN141,临汾县,山西临汾市,县,1820,1820,,,,hvd_1125,36.078037,111.515434
1592,CN141,CN141,平阳府,山西临汾市,府,1820,1820,,,,hvd_9690,36.078037,111.515434
1593,CN141,CN141,营里镇,山西乡宁县东北营里村,村镇,1820,1820,,,,hvd_20884,35.99,110.866
1594,CN141,CN141,三官峪口,山西乡宁县三官庙,村镇,1911,1911,,,,hvd_145376,35.895332,111.20258
1595,CN141,CN141,下善,山西乡宁县下善,村镇,1911,1911,,,,hvd_145359,36.01318,110.9758
1596,CN141,CN141,临汾县,山西临汾市,县,1911,1911,,,,hvd_121856,36.078037,111.515434
1597,CN141,CN141,交口,山西乡宁县交口,村镇,1911,1911,,,,hvd_145369,35.74187,110.903786
1598,CN141,CN141,仓儿,山西乡宁县苍儿上,村镇,1911,1911,,,,hvd_145366,35.981052,110.99203
1599,CN141,CN141,后峪,山西乡宁县后峪,村镇,1911,1911,,,,hvd_150283,36.049187,111.21055
1600,CN141,CN141,宽井,山西乡宁县宽井,村镇,1911,1911,,,,hvd_145401,35.943104,110.69079
1601,CN141,CN141,平阳府,山西临汾市,府,1911,1911,,,,hvd_120237,36.078037,111.515434
1602,CN141,CN141,张马,山西乡宁县张马,村镇,1911,1911,,,,hvd_145363,35.943565,110.754425
1603,CN141,CN141,掷沙,山西乡宁县掷沙,村镇,1911,1911,,,,hvd_145374,35.89423,110.58625
1604,CN141,CN141,桑坪峪,山西乡宁县桑坪,村镇,1911,1911,,,,hvd_150282,35.767033,110.90823
1605,CN141,CN141,武村,山西乡宁县大武村,村镇,1911,1911,,,,hvd_145375,35.917973,110.66515
1606,CN141,CN141,法王,山西乡宁县法王庙,村镇,1911,1911,,,,hvd_145364,35.929207,110.73864
1607,CN141,CN141,法王,山西乡宁县梵王寺,村镇,1911,1911,,,,hvd_145378,35.92893,111.0574
1608,CN141,CN141,石鼻子,山西乡宁县石鼻子,村镇,1911,1911,,,,hvd_145372,35.79412,110.574524
1609,CN141,CN141,营里,山西乡宁县营里,村镇,1911,1911,,,,hvd_145360,36.0,110.9
1610,CN141,CN141,铺头,山西乡宁县铺头,村镇,1911,1911,,,,hvd_145367,35.966446,111.26075
1611,CN141,CN141,长镇,山西乡宁县长镇,村镇,1911,1911,,,,hvd_145357,36.03874,110.95506
1612,CN141,CN141,龙皮,山西乡宁县龙皮,村镇,1911,1911,,,,hvd_145362,35.971558,110.77742
1613,CN141182,CN141182,兹氏县,山西省吕梁市汾阳市,县,-206,13,,,,hvd_95135,37.20595,111.81372
1614,CN141182,CN141182,兹同县,山西省吕梁市汾阳市,县,14,22,,,,hvd_95137,37.20595,111.81372
1615,CN141182,CN141182,兹氏县,山西省吕梁市汾阳市,县,23,281,,,,hvd_95136,37.20595,111.81372
1616,CN141182,CN141182,美稷县,山西省吕梁市汾阳市,县,186,219,,,,hvd_95143,37.37638,111.63503
1617,CN141182,CN141182,隰城县,山西省吕梁市汾阳市,县,282,436,,,,hvd_95138,37.2634,111.77903
1618,CN141182,CN141182,永石郡,山西省吕梁市汾阳市,郡,319,399,,,,hvd_116121,37.26341,111.77903
1619,CN141182,CN141182,什星军,山西省吕梁市汾阳市,县,437,483,,,,hvd_95139,37.2634,111.77903
1620,CN141182,CN141182,隰城县,山西省吕梁市汾阳市,县,484,759,,,,hvd_95140,37.2634,111.77903
1621,CN141182,CN141182,汾州,山西省吕梁市汾阳市,州,526,550,,,,hvd_113313,37.2634,111.77903
1622,CN141182,CN141182,南朔州,山西省吕梁市汾阳市,州,551,577,,,,hvd_113314,37.2634,111.77903
1623,CN141182,CN141182,介州,山西省吕梁市汾阳市,州,578,606,,,,hvd_113315,37.2634,111.77903
1624,CN141182,CN141182,西河郡,山西省吕梁市汾阳市,郡,607,617,,,,hvd_110219,37.2634,111.77903
1625,CN141182,CN141182,西河郡,山西省吕梁市汾阳市,郡,607,616,,,,hvd_94160,37.2634,111.77903
1626,CN141182,CN141182,浩州,山西省吕梁市汾阳市,州,618,619,,,,hvd_94162,37.2634,111.77903
1627,CN141182,CN141182,汾州,山西省吕梁市汾阳市,州,620,722,,,,hvd_110834,37.2634,111.77903
1628,CN141182,CN141182,汾州,山西省吕梁市汾阳市,州,620,626,,,,hvd_94164,37.2634,111.77903
1629,CN141182,CN141182,汾州,山西省吕梁市汾阳市,州,627,642,,,,hvd_94165,37.2634,111.77903
1630,CN141182,CN141182,汾州,山西省吕梁市汾阳市,州,643,741,,,,hvd_94166,37.2634,111.77903
1631,CN141182,CN141182,西河郡,山西省吕梁市汾阳市,郡,742,757,,,,hvd_94167,37.2634,111.77903
1632,CN141182,CN141182,汾州,山西省吕梁市汾阳市,州,758,1217,,,,hvd_94235,37.2634,111.77903
1633,CN141182,CN141182,西河县,山西省吕梁市汾阳市,县,760,1368,,,,hvd_95141,37.2634,111.77903
1634,CN141182,CN141182,汾州,山西省吕梁市汾阳市,州,1376,1594,,,,hvd_94028,37.2634,111.77903
1635,CN141182,CN141182,汾州府,山西汾阳市,府,1595,1911,,,,hvd_94027,37.2634,111.77903
1636,CN141182,CN141182,汾阳县,山西汾阳县县治,县,1595,1911,,,,hvd_95144,37.2634,111.77903
1637,CN141182,CN141182,三泉镇,山西汾阳市西南三泉镇,村镇,1820,1820,,,,hvd_20715,37.205982,111.702415
1638,CN141182,CN141182,冀村,,村镇,1820,1820,,,,hvd_20716,37.333454,111.95733
1639,CN141182,CN141182,汾州府,山西汾阳市,府,1820,1820,,,,hvd_9685,37.263405,111.77903
1640,CN141182,CN141182,汾阳县,山西汾阳县县治,县,1820,1820,,,,hvd_1108,37.263405,111.77903
1641,CN141182,CN141182,金锁关,山西汾阳市西北向阳河旁向阳,村镇,1820,1820,,,,hvd_20738,37.358,111.685
1642,CN141182,CN141182,黄芦岭关,山西汾阳市西北黄卢岭,村镇,1820,1820,,,,hvd_20723,37.365,111.576
1643,CN141182,CN141182,上古城,山西汾阳县上古池,村镇,1911,1911,,,,hvd_145808,37.42072,111.65839
1644,CN141182,CN141182,义丰,山西汾阳县义丰南,村镇,1911,1911,,,,hvd_145820,37.24165,111.70614
1645,CN141182,CN141182,交口,山西汾阳县交口,村镇,1911,1911,,,,hvd_145800,37.425953,111.724915
1646,CN141182,CN141182,仁到,山西汾阳县仁道,村镇,1911,1911,,,,hvd_145910,37.19252,111.71515
1647,CN141182,CN141182,冀村,,村镇,1911,1911,,,,hvd_145823,37.333454,111.95733
1648,CN141182,CN141182,北庄,山西汾阳县北庄,村镇,1911,1911,,,,hvd_145819,37.221596,111.84668
1649,CN141182,CN141182,南开社,山西汾阳县南开社,村镇,1911,1911,,,,hvd_145804,37.24595,111.925064
1650,CN141182,CN141182,向阳关,山西汾阳县向阳,村镇,1911,1911,,,,hvd_145810,37.36843,111.67821
1651,CN141182,CN141182,垣壑,山西汾阳县南垣活,村镇,1911,1911,,,,hvd_145822,37.274597,111.56199
1652,CN141182,CN141182,城子,山西汾阳县城子,村镇,1911,1911,,,,hvd_145806,37.296085,111.94939
1653,CN141182,CN141182,大王,山西汾阳县东大王,村镇,1911,1911,,,,hvd_148142,37.15762,111.91033
1654,CN141182,CN141182,太平,山西汾阳县万年青,村镇,1911,1911,,,,hvd_145815,37.30683,111.82326
1655,CN141182,CN141182,小虢,山西汾阳县小虢城,村镇,1911,1911,,,,hvd_145908,37.186054,111.782715
1656,CN141182,CN141182,岭底,山西汾阳县岭底,村镇,1911,1911,,,,hvd_145809,37.384907,111.59352
1657,CN141182,CN141182,康家堡,山西汾阳县康宁堡,村镇,1911,1911,,,,hvd_145803,37.243797,111.88002
1658,CN141182,CN141182,武家垣,山西汾阳县武家垣,村镇,1911,1911,,,,hvd_145813,37.380608,111.91515
1659,CN141182,CN141182,永安镇,山西汾阳县永安,村镇,1911,1911,,,,hvd_145814,37.33405,111.91605
1660,CN141182,CN141182,汾州府,山西汾阳县县治,府,1911,1911,,,,hvd_120235,37.263405,111.77903
1661,CN141182,CN141182,汾阳县,山西汾阳县县治,县,1911,1911,,,,hvd_121835,37.263405,111.77903
1662,CN141182,CN141182,田屯,山西汾阳县田屯,村镇,1911,1911,,,,hvd_145818,37.19509,111.781815
1663,CN141182,CN141182,郭村,山西汾阳县崞村,村镇,1911,1911,,,,hvd_145911,37.182465,111.68632
1664,CN141182,CN141182,金庄,山西汾阳县上金庄,村镇,1911,1911,,,,hvd_145811,37.37559,111.74488
1665,CN141182,CN141182,阳城镇,山西汾阳县西阳城,村镇,1911,1911,,,,hvd_145817,37.23019,111.783615
1666,CN141182,CN141182,阳泉,山西汾阳县阳泉,村镇,1911,1911,,,,hvd_145821,37.22016,111.60523
1667,CN141182,CN141182,陈家庄,山西汾阳县西陈家庄,村镇,1911,1911,,,,hvd_145816,37.285343,111.84308
1668,CN141182,CN141182,霍头,山西汾阳县霍头,村镇,1911,1911,,,,hvd_145812,37.39493,111.85659
1669,CN141182,CN141182,青堆,山西汾阳县青堆,村镇,1911,1911,,,,hvd_145805,37.267437,111.91245
1670,CN141182,CN141182,靳屯,山西汾阳县靳屯,村镇,1911,1911,,,,hvd_145909,37.19611,111.75118
1671,CN141182,CN141182,韩家桥,山西汾阳县韩家桥,村镇,1911,1911,,,,hvd_145802,37.206554,111.92056
1672,CN141182200,CN141182,兹氏县,山西省吕梁市汾阳市,县,-206,13,,,,hvd_95135,37.20595,111.81372
1673,CN141182200,CN141182,兹同县,山西省吕梁市汾阳市,县,14,22,,,,hvd_95137,37.20595,111.81372
1674,CN141182200,CN141182,兹氏县,山西省吕梁市汾阳市,县,23,281,,,,hvd_95136,37.20595,111.81372
1675,CN141182200,CN141182,美稷县,山西省吕梁市汾阳市,县,186,219,,,,hvd_95143,37.37638,111.63503
1676,CN141182200,CN141182,隰城县,山西省吕梁市汾阳市,县,282,436,,,,hvd_95138,37.2634,111.77903
1677,CN141182200,CN141182,永石郡,山西省吕梁市汾阳市,郡,319,399,,,,hvd_116121,37.26341,111.77903
1678,CN141182200,CN141182,什星军,山西省吕梁市汾阳市,县,437,483,,,,hvd_95139,37.2634,111.77903
1679,CN141182200,CN141182,隰城县,山西省吕梁市汾阳市,县,484,759,,,,hvd_95140,37.2634,111.77903
1680,CN141182200,CN141182,汾州,山西省吕梁市汾阳市,州,526,550,,,,hvd_113313,37.2634,111.77903
1681,CN141182200,CN141182,南朔州,山西省吕梁市汾阳市,州,551,577,,,,hvd_113314,37.2634,111.77903
1682,CN141182200,CN141182,介州,山西省吕梁市汾阳市,州,578,606,,,,hvd_113315,37.2634,111.77903
1683,CN141182200,CN141182,西河郡,山西省吕梁市汾阳市,郡,607,617,,,,hvd_110219,37.2634,111.77903
1684,CN141182200,CN141182,西河郡,山西省吕梁市汾阳市,郡,607,616,,,,hvd_94160,37.2634,111.77903
1685,CN141182200,CN141182,浩州,山西省吕梁市汾阳市,州,618,619,,,,hvd_94162,37.2634,111.77903
1686,CN141182200,CN141182,汾州,山西省吕梁市汾阳市,州,620,722,,,,hvd_110834,37.2634,111.77903
1687,CN141182200,CN141182,汾州,山西省吕梁市汾阳市,州,620,626,,,,hvd_94164,37.2634,111.77903
1688,CN141182200,CN141182,汾州,山西省吕梁市汾阳市,州,627,642,,,,hvd_94165,37.2634,111.77903
1689,CN141182200,CN141182,汾州,山西省吕梁市汾阳市,州,643,741,,,,hvd_94166,37.2634,111.77903
1690,CN141182200,CN141182,西河郡,山西省吕梁市汾阳市,郡,742,757,,,,hvd_94167,37.2634,111.77903
1691,CN141182200,CN141182,汾州,山西省吕梁市汾阳市,州,758,1217,,,,hvd_94235,37.2634,111.77903
1692,CN141182200,CN141182,西河县,山西省吕梁市汾阳市,县,760,1368,,,,hvd_95141,37.2634,111.77903
1693,CN141182200,CN141182,汾州,山西省吕梁市汾阳市,州,1376,1594,,,,hvd_94028,37.2634,111.77903
1694,CN141182200,CN141182,汾州府,山西汾阳市,府,1595,1911,,,,hvd_94027,37.2634,111.77903
1695,CN141182200,CN141182,汾阳县,山西汾阳县县治,县,1595,1911,,,,hvd_95144,37.2634,111.77903
1696,CN141182200,CN141182,三泉镇,山西汾阳市西南三泉镇,村镇,1820,1820,,,,hvd_20715,37.205982,111.702415
1697,CN141182200,CN141182,冀村,,村镇,1820,1820,,,,hvd_20716,37.333454,111.95733
1698,CN141182200,CN141182,汾州府,山西汾阳市,府,1820,1820,,,,hvd_9685,37.263405,111.77903
1699,CN141182200,CN141182,汾阳县,山西汾阳县县治,县,1820,1820,,,,hvd_1108,37.263405,111.77903
1700,CN141182200,CN141182,金锁关,山西汾阳市西北向阳河旁向阳,村镇,1820,1820,,,,hvd_20738,37.358,111.685
1701,CN141182200,CN141182,黄芦岭关,山西汾阳市西北黄卢岭,村镇,1820,1820,,,,hvd_20723,37.365,111.576
1702,CN141182200,CN141182,上古城,山西汾阳县上古池,村镇,1911,1911,,,,hvd_145808,37.42072,111.65839
1703,CN141182200,CN141182,义丰,山西汾阳县义丰南,村镇,1911,1911,,,,hvd_145820,37.24165,111.70614
1704,CN141182200,CN141182,交口,山西汾阳县交口,村镇,1911,1911,,,,hvd_145800,37.425953,111.724915
1705,CN141182200,CN141182,仁到,山西汾阳县仁道,村镇,1911,1911,,,,hvd_145910,37.19252,111.71515
1706,CN141182200,CN141182,冀村,,村镇,1911,1911,,,,hvd_145823,37.333454,111.95733
1707,CN141182200,CN141182,北庄,山西汾阳县北庄,村镇,1911,1911,,,,hvd_145819,37.221596,111.84668
1708,CN141182200,CN141182,南开社,山西汾阳县南开社,村镇,1911,1911,,,,hvd_145804,37.24595,111.925064
1709,CN141182200,CN141182,向阳关,山西汾阳县向阳,村镇,1911,1911,,,,hvd_145810,37.36843,111.67821
1710,CN141182200,CN141182,垣壑,山西汾阳县南垣活,村镇,1911,1911,,,,hvd_145822,37.274597,111.56199
1711,CN141182200,CN141182,城子,山西汾阳县城子,村镇,1911,1911,,,,hvd_145806,37.296085,111.94939
1712,CN141182200,CN141182,大王,山西汾阳县东大王,村镇,1911,1911,,,,hvd_148142,37.15762,111.91033
1713,CN141182200,CN141182,太平,山西汾阳县万年青,村镇,1911,1911,,,,hvd_145815,37.30683,111.82326
1714,CN141182200,CN141182,小虢,山西汾阳县小虢城,村镇,1911,1911,,,,hvd_145908,37.186054,111.782715
1715,CN141182200,CN141182,岭底,山西汾阳县岭底,村镇,1911,1911,,,,hvd_145809,37.384907,111.59352
1716,CN141182200,CN141182,康家堡,山西汾阳县康宁堡,村镇,1911,1911,,,,hvd_145803,37.243797,111.88002
1717,CN141182200,CN141182,武家垣,山西汾阳县武家垣,村镇,1911,1911,,,,hvd_145813,37.380608,111.91515
1718,CN141182200,CN141182,永安镇,山西汾阳县永安,村镇,1911,1911,,,,hvd_145814,37.33405,111.91605
1719,CN141182200,CN141182,汾州府,山西汾阳县县治,府,1911,1911,,,,hvd_120235,37.263405,111.77903
1720,CN141182200,CN141182,汾阳县,山西汾阳县县治,县,1911,1911,,,,hvd_121835,37.263405,111.77903
1721,CN141182200,CN141182,田屯,山西汾阳县田屯,村镇,1911,1911,,,,hvd_145818,37.19509,111.781815
1722,CN141182200,CN141182,郭村,山西汾阳县崞村,村镇,1911,1911,,,,hvd_145911,37.182465,111.68632
1723,CN141182200,CN141182,金庄,山西汾阳县上金庄,村镇,1911,1911,,,,hvd_145811,37.37559,111.74488
1724,CN141182200,CN141182,阳城镇,山西汾阳县西阳城,村镇,1911,1911,,,,hvd_145817,37.23019,111.783615
1725,CN141182200,CN141182,阳泉,山西汾阳县阳泉,村镇,1911,1911,,,,hvd_145821,37.22016,111.60523
1726,CN141182200,CN141182,陈家庄,山西汾阳县西陈家庄,村镇,1911,1911,,,,hvd_145816,37.285343,111.84308
1727,CN141182200,CN141182,霍头,山西汾阳县霍头,村镇,1911,1911,,,,hvd_145812,37.39493,111.85659
1728,CN141182200,CN141182,青堆,山西汾阳县青堆,村镇,1911,1911,,,,hvd_145805,37.267437,111.91245
1729,CN141182200,CN141182,靳屯,山西汾阳县靳屯,村镇,1911,1911,,,,hvd_145909,37.19611,111.75118
1730,CN141182200,CN141182,韩家桥,山西汾阳县韩家桥,村镇,1911,1911,,,,hvd_145802,37.206554,111.92056
1731,CN1501,CN1501,归化城厅,内蒙古呼和浩特市,直隶厅,1911,1911,,,,hvd_120285,40.815483,111.66416
1732,CN1501,CN1501,绥远城厅,内蒙古呼和浩特市,直隶厅,1911,1911,,,,hvd_120281,40.815483,111.66416
1733,CN150622,CN150622,美稷县,内蒙古自治区鄂尔多斯市准格尔旗,县,-125,185,,,,hvd_95142,39.76624,110.79623
1734,CN150622,CN150622,胜州,内蒙古自治区鄂尔多斯市准格尔旗,州,600,606,,,,hvd_110138,39.76624,110.79623
1735,CN150622,CN150622,榆林郡,内蒙古自治区鄂尔多斯市准格尔旗,郡,607,628,,,,hvd_110616,39.76624,110.79623
1736,CN150622,CN150622,云州,内蒙古自治区鄂尔多斯市准格尔旗,州,629,629,,,,hvd_110621,39.76624,110.79623
1737,CN150622,CN150622,胜州,内蒙古自治区鄂尔多斯市准格尔旗,州,629,720,,,,hvd_110827,39.76624,110.79623
1738,CN150622,CN150622,威州,内蒙古自治区鄂尔多斯市准格尔旗,州,630,634,,,,hvd_110670,39.76624,110.79623
1739,CN150622,CN150622,东素海,,村镇,1820,1820,,,,hvd_19673,40.232914,110.86475
1740,CN150622,CN150622,十里长滩,内蒙古准格尔旗长滩,村镇,1820,1820,,,,hvd_19674,39.6074,111.15917
1741,CN150622,CN150622,湖滩河朔,内蒙古托克托南河口,村镇,1820,1820,,,,hvd_20554,40.234,111.156
1742,CN150622,CN150622,鄂尔多斯左翼前旗,,旗,1820,1820,,,,hvd_1782,39.632187,110.71827
1743,CN150622,CN150622,乌拉素沟,内蒙古准格尔旗乌兰苏,村镇,1911,1911,,,,hvd_153289,39.88735,110.81493
1744,CN150622,CN150622,喇嘛洞昭,内蒙古准格尔旗喇嘛洞昭,村镇,1911,1911,,,,hvd_153294,39.71717,111.35818
1745,CN150622,CN150622,大饭铺,内蒙古准格尔旗大饭铺,村镇,1911,1911,,,,hvd_153293,39.79855,111.15686
1746,CN150622,CN150622,毛不浪,内蒙古托克托县毛不拉,村镇,1911,1911,,,,hvd_148065,40.15754,111.30766
1747,CN150622,CN150622,沙梁村,陕西省府谷县沙梁,村镇,1911,1911,,,,hvd_133020,39.30331,110.7238
1748,CN150622,CN150622,白相公庙,内蒙古准格尔旗白相公墕,村镇,1911,1911,,,,hvd_153296,39.48675,111.30748
1749,CN150622,CN150622,红树梁,内蒙古准格尔旗红树梁,村镇,1911,1911,,,,hvd_153291,39.464947,111.28826
1750,CN150622,CN150622,织机壕,内蒙古准格尔旗枳机壕,村镇,1911,1911,,,,hvd_153288,40.016514,111.015656
1751,CN150622,CN150622,蒲滩拐渡,内蒙古托克托县蒲滩拐,村镇,1911,1911,,,,hvd_148068,40.181362,111.23315
1752,CN150622,CN150622,鄂尔多斯左翼前旗,,旗,1911,1911,,,,hvd_123134,39.63219,110.71827
1753,CN150622,CN150622,长滩镇,内蒙古准格尔旗长滩,村镇,1911,1911,,,,hvd_153292,39.6074,111.15917
1754,CN150622,CN150622,马栅渡,内蒙古准格尔旗榆树湾镇,村镇,1911,1911,,,,hvd_153290,39.436832,111.27111
1755,CN152923,CN152923,居延县,内蒙古自治区阿拉善盟额济纳旗,县,-104,107,,,,hvd_70602,41.83586,101.16285
1756,CN152923,CN152923,张掖居延属国,内蒙古自治区阿拉善盟额济纳旗,国,107,195,,,,hvd_70499,41.83586,101.16285
1757,CN152923,CN152923,居延县,内蒙古自治区阿拉善盟额济纳旗,县,195,527,,,,hvd_70500,41.83586,101.16285
1758,CN152923,CN152923,西海郡,内蒙古自治区阿拉善盟额济纳旗,郡,195,527,,,,hvd_115953,41.83586,101.16285
1759,CN152923,CN152923,索陇呼都克,,村镇,1820,1820,,,,hvd_19622,41.968693,99.93303
1760,CN152923,CN152923,西喇乌苏,,村镇,1820,1820,,,,,42.23,98.19473
1761,CN152923,CN152923,西湾,,村镇,1820,1820,,,,hvd_19623,40.96511,100.17532
1762,CN152923,CN152923,邵马营,,村镇,1820,1820,,,,hvd_19624,40.88864,100.10856
1763,CN152923,CN152923,额济纳土尔扈特旗,内蒙古自治区阿拉善盟额济纳旗,旗,1911,1911,,,,hvd_123146,41.33724,100.07511
1764,CN2113,CN2113,朝阳县,辽宁朝阳市,县,1778,1902,,,,hvd_88502,41.58008,120.45078
1765,CN2113,CN2113,朝阳县,辽宁朝阳市,县,1820,1820,,,,hvd_69,41.580082,120.45078
1766,CN2113,CN2113,朝阳府,辽宁朝阳市,府,1903,1911,,,,hvd_88500,41.58008,120.45078
1767,CN2113,CN2113,朝阳府,辽宁朝阳市,府,1903,1911,,,,hvd_115096,41.58008,120.45078
1768,CN2113,CN2113,朝阳府,辽宁朝阳市,府,1911,1911,,,,hvd_120345,41.580082,120.45078
1769,CN3201,CN3201,建业县,江苏南京市区,县,212,279,更名和迁移治所,撤销,,hvd_40523,32.052563,118.76899
1770,CN3201,CN3201,扬州,江苏南京市区,州,212,458,新建,更名,,hvd_30056,32.052563,118.76899
1771,CN3201,CN3201,扬州,江苏南京市区,州,281,458,,,,hvd_113483,32.05256,118.76899
1772,CN3201,CN3201,建邺县,江苏南京市区,县,282,312,新建,更名,,hvd_40524,32.052563,118.76899
1773,CN3201,CN3201,建康县,江苏南京市区,县,313,588,更名,撤销,,hvd_40525,32.052563,118.76899
1774,CN3201,CN3201,丹阳尹,江苏南京市,郡,318,588,更名和迁移治所,更名和迁移治所,,hvd_32364,32.052563,118.76899
1775,CN3201,CN3201,秣陵县,江苏南京市区,县,413,588,迁移治所,撤销,,hvd_40522,32.052563,118.76899
1776,CN3201,CN3201,王畿,江苏南京市区,王畿,459,463,更名,更名,,hvd_113484,32.052563,118.76899
1777,CN3201,CN3201,扬州,江苏南京市区,州,464,588,更名,撤销,,hvd_113485,32.052563,118.76899
1778,CN3201,CN3201,江宁县,江苏南京市,县,590,619,迁移治所,更名,,hvd_40539,32.052563,118.76899
1779,CN3201,CN3201,丹阳郡,江苏南京市,郡,607,619,更名和迁移治所,更名,,hvd_32324,32.052563,118.76899
1780,CN3201,CN3201,归化县,江苏南京市,县,620,624,更名,更名,,hvd_40540,32.052563,118.76899
1781,CN3201,CN3201,扬州,江苏南京市区,州,620,625,,,,hvd_110524,32.05256,118.76899
1782,CN3201,CN3201,扬州,江苏南京市,州,620,623,更名,更名,,hvd_32319,32.052563,118.76899
1783,CN3201,CN3201,蒋州,江苏南京市,州,624,624,更名,更名,,hvd_32323,32.052563,118.76899
1784,CN3201,CN3201,扬州,江苏南京市,州,625,625,更名,撤销,,hvd_32248,32.052563,118.76899
1785,CN3201,CN3201,金陵县,江苏南京市,县,625,625,更名,更名和迁移治所,,hvd_40541,32.052563,118.76899
1786,CN3201,CN3201,白下县,江苏南京市,县,633,634,迁移治所,更名,,hvd_40543,32.052563,118.76899
1787,CN3201,CN3201,江宁县,江苏南京市,县,635,760,更名,更名,,hvd_40544,32.052563,118.76899
1788,CN3201,CN3201,江宁郡,江苏南京市,郡,757,757,新建,更名,,hvd_32308,32.052563,118.76899
1789,CN3201,CN3201,升州,江苏南京市,州,758,760,更名,撤销,,hvd_32312,32.052563,118.76899
1790,CN3201,CN3201,上元县,江苏南京市,县,761,1355,更名,迁移治所,,hvd_40545,32.052563,118.76899
1791,CN3201,CN3201,升州,江苏南京市,州,887,919,新建,更名,,hvd_32303,32.052563,118.76899
1792,CN3201,CN3201,江宁县,江苏南京市,县,917,1911,新建,数据下限,,hvd_40548,32.052563,118.76899
1793,CN3201,CN3201,金陵府,江苏南京市,府,920,936,更名,更名,,hvd_32304,32.052563,118.76899
1794,CN3201,CN3201,江宁府,江苏南京市,府,937,974,更名,更名,,hvd_32305,32.052563,118.76899
1795,CN3201,CN3201,升州,江苏南京市,州,975,1017,更名,更名,,hvd_32299,32.052563,118.76899
1796,CN3201,CN3201,江宁府,江苏南京市,府,1018,1128,更名,更名,,hvd_32298,32.052563,118.76899
1797,CN3201,CN3201,建康府,江苏南京市,府,1129,1276,更名,更名,,hvd_32297,32.052563,118.76899
1798,CN3201,CN3201,应天府,江苏南京市,府,1356,1644,更名,更名,,hvd_32287,32.052563,118.76899
1799,CN3201,CN3201,江南行省,江苏省南京市,行省,1356,1367,新建,撤销,,hvd_112023,32.052563,118.76899
1800,CN3201,CN3201,上元县,江苏南京市,县,1357,1911,迁移治所,数据下限,,hvd_40547,32.052563,118.76899
1801,CN3201,CN3201,南京,江苏省南京市,京師,1368,1377,新建,更名,,hvd_112041,32.052563,118.76899
1802,CN3201,CN3201,京师,江苏省南京市,京師,1378,1402,明朝,更名,,hvd_112043,32.052563,118.76899
1803,CN3201,CN3201,南京,江苏省南京市,京師,1403,1424,更名,更名,,hvd_30031,32.052563,118.76899
1804,CN3201,CN3201,京师,江苏省南京市,京師,1425,1440,明朝,更名,,hvd_30032,32.052563,118.76899
1805,CN3201,CN3201,南京,江苏省南京市,京師,1441,1644,更名,更名,,hvd_30033,32.052563,118.76899
1806,CN3201,CN3201,江宁府,江苏南京市,府,1645,1911,更名,数据下限,,hvd_32285,32.052563,118.76899
1807,CN320115,CN320115,丹阳县,安徽当涂县丹阳镇,县,-222,588,新建,撤销,,hvd_41377,31.65601,118.71336
1808,CN320115,CN320115,秣陵县,江苏江宁县南秣陵镇,县,-210,-129,新建,更名,,hvd_40516,31.842648,118.82727
1809,CN320115,CN320115,秣陵侯国,江苏江宁县南秣陵镇,侯国,-128,-115,更名,更名,,hvd_40517,31.842648,118.82727
1810,CN320115,CN320115,胡孰侯国,江苏江宁县东南湖熟镇,侯国,-128,-113,新建,更名,,hvd_40509,31.859503,118.97967
1811,CN320115,CN320115,秣陵县,江苏江宁县南秣陵镇,县,-114,13,更名,更名,,hvd_40518,31.842648,118.82727
1812,CN320115,CN320115,胡孰县,江苏江宁县东南湖熟镇,县,-112,29,更名,更名,,hvd_40510,31.859503,118.97967
1813,CN320115,CN320115,宣亭县,江苏江宁县南秣陵镇,县,14,29,更名,更名,,hvd_40519,31.842648,118.82727
1814,CN320115,CN320115,湖熟侯国,江苏江宁县东南湖熟镇,侯国,30,189,更名,更名,,hvd_40511,31.859503,118.97967
1815,CN320115,CN320115,秣陵县,江苏江宁县南秣陵镇,县,30,211,更名,更名和迁移治所,,hvd_40520,31.842648,118.82727
1816,CN320115,CN320115,湖熟县,江苏江宁县东南湖熟镇,县,190,221,更名,更名,,hvd_40512,31.859503,118.97967
1817,CN320115,CN320115,丹阳郡,江苏省南京市江宁区,郡,212,0,,,,hvd_112545,31.95586,118.83971
1818,CN320115,CN320115,湖熟典农都尉,江苏江宁县东南湖熟镇,典农都尉,222,279,更名,更名,,hvd_40513,31.859503,118.97967
1819,CN320115,CN320115,临江县,江苏江宁县西南江宁镇,县,280,280,新建,更名,,hvd_40537,31.86377,118.595634
1820,CN320115,CN320115,湖熟县,江苏江宁县东南湖熟镇,县,280,535,更名,撤销,,hvd_40514,31.859503,118.97967
1821,CN320115,CN320115,秣陵县,江苏江宁县南秣陵镇,县,280,412,新建,迁移治所,,hvd_40521,31.842648,118.82727
1822,CN320115,CN320115,丹阳郡,江苏江宁县南秣陵镇,郡,281,317,迁移治所,更名和迁移治所,,hvd_32363,31.842648,118.82727
1823,CN320115,CN320115,江宁县,江苏江宁县西南江宁镇,县,281,589,更名,迁移治所,,hvd_40538,31.86377,118.595634
1824,CN320115,CN320115,湖熟县,江苏江宁县东南湖熟镇,县,578,588,新建,撤销,,hvd_40515,31.859503,118.97967
1825,CN320115,CN320115,丹杨县,江苏江宁县南横溪一带,县,620,624,新建,撤销,,hvd_40553,31.717602,118.773544
1826,CN320115,CN320115,上元县,江宁县东淳化,县,1356,1356,迁移治所,迁移治所,,hvd_40546,31.931362,118.93777
1827,CN320115,CN320115,东流市,江苏江宁县东北东流,村镇,1820,1820,,,,hvd_23417,32.083157,118.95838
1828,CN320115,CN320115,土桥镇,江苏江宁县东土桥,村镇,1820,1820,,,,hvd_23412,31.932478,119.059944
1829,CN320115,CN320115,断山凹,江苏江宁县西南断山凹,村镇,1820,1820,,,,hvd_23619,31.897491,118.62095
1830,CN320115,CN320115,新坊,江苏句容县西南新坊,村镇,1820,1820,,,,hvd_23626,31.912197,119.118965
1831,CN320115,CN320115,朱门市,江苏江宁县西南朱门,村镇,1820,1820,,,,hvd_23436,31.761461,118.67303
1832,CN320115,CN320115,杜桥市,江苏江宁县西南渡桥,村镇,1820,1820,,,,hvd_23437,31.885544,118.823845
1833,CN320115,CN320115,殷巷,江苏江宁县南殷巷,村镇,1820,1820,,,,hvd_23439,31.907257,118.82673
1834,CN320115,CN320115,水桥市,江苏江宁县西南西水桥,村镇,1820,1820,,,,hvd_23434,31.833153,118.60901
1835,CN320115,CN320115,江宁镇,江苏江宁县西南江宁镇,村镇,1820,1820,,,,hvd_23427,31.86377,118.595634
1836,CN320115,CN320115,汤泉市,江苏江宁县东北汤山镇,村镇,1820,1820,,,,hvd_23419,32.060253,119.05745
1837,CN320115,CN320115,泉都市,江苏江宁县东南龙都,村镇,1820,1820,,,,hvd_23425,31.83349,118.919785
1838,CN320115,CN320115,淳化镇,江苏江宁县东南淳化,村镇,1820,1820,,,,hvd_23411,31.931362,118.93777
1839,CN320115,CN320115,湖熟镇,江苏江宁县东南湖熟镇,村镇,1820,1820,,,,hvd_23413,31.859503,118.97967
1840,CN320115,CN320115,牧龙亭,江苏江宁县西南牧龙镇,村镇,1820,1820,,,,hvd_23618,31.817528,118.56127
1841,CN320115,CN320115,石井市,江苏江宁县东北高桥门,村镇,1820,1820,,,,hvd_23422,31.995838,118.85531
1842,CN320115,CN320115,秣陵镇,江苏江宁县南秣陵,村镇,1820,1820,,,,hvd_23428,31.842648,118.82727
1843,CN320115,CN320115,索墅市,江苏江宁县东索墅镇,村镇,1820,1820,,,,hvd_23420,31.9315,119.01047
1844,CN320115,CN320115,路口市,江苏江宁县南禄口,村镇,1820,1820,,,,hvd_23438,31.791792,118.85531
1845,CN320115,CN320115,金陵镇,江苏江宁县南陶吴,村镇,1820,1820,,,,hvd_23432,31.781286,118.76868
1846,CN320115,CN320115,铜井市,江苏江宁县西南铜井镇,村镇,1820,1820,,,,hvd_23435,31.796831,118.54179
1847,CN320115,CN320115,东善桥,江苏江宁县东善,村镇,1911,1911,,,,hvd_139563,31.865374,118.76827
1848,CN320115,CN320115,东流市,江苏江宁县东北东流,村镇,1911,1911,,,,hvd_138674,32.083157,118.95838
1849,CN320115,CN320115,六郎桥,江苏江宁县陆郎,村镇,1911,1911,,,,hvd_139564,31.791079,118.633995
1850,CN320115,CN320115,土桥镇,江苏江宁县东土桥,村镇,1911,1911,,,,hvd_138669,31.932478,119.059944
1851,CN320115,CN320115,断山凹,江苏江宁县西南断山凹,村镇,1911,1911,,,,hvd_138875,31.897491,118.62095
1852,CN320115,CN320115,新坊,江苏句容县西南新坊,村镇,1911,1911,,,,hvd_138882,31.912197,119.118965
1853,CN320115,CN320115,曹村,江苏江宁县曹村,村镇,1911,1911,,,,hvd_139562,31.704384,118.92816
1854,CN320115,CN320115,朱门市,江苏江宁县西南朱门,村镇,1911,1911,,,,hvd_138693,31.761461,118.67303
1855,CN320115,CN320115,杜桥市,江苏江宁县西南渡桥,村镇,1911,1911,,,,hvd_138694,31.885544,118.823845
1856,CN320115,CN320115,殷巷,江苏江宁县南殷巷,村镇,1911,1911,,,,hvd_138696,31.907257,118.82673
1857,CN320115,CN320115,水桥市,江苏江宁县西南西水桥,村镇,1911,1911,,,,hvd_138691,31.833153,118.60901
1858,CN320115,CN320115,江宁镇,江苏江宁县西南江宁镇,村镇,1911,1911,,,,hvd_138684,31.86377,118.595634
1859,CN320115,CN320115,汤泉市,江苏江宁县东北汤山镇,村镇,1911,1911,,,,hvd_138676,32.060253,119.05745
1860,CN320115,CN320115,泉都市,江苏江宁县东南龙都,村镇,1911,1911,,,,hvd_138682,31.83349,118.919785
1861,CN320115,CN320115,淳化镇,江苏江宁县东南淳化,村镇,1911,1911,,,,hvd_138668,31.931362,118.93777
1862,CN320115,CN320115,湖熟镇,江苏江宁县东南湖熟镇,村镇,1911,1911,,,,hvd_138670,31.859503,118.97967
1863,CN320115,CN320115,牧龙亭,江苏江宁县西南牧龙镇,村镇,1911,1911,,,,hvd_138874,31.817528,118.56127
1864,CN320115,CN320115,石井市,江苏江宁县东北高桥门,村镇,1911,1911,,,,hvd_138679,31.995838,118.85531
1865,CN320115,CN320115,秣陵镇,江苏江宁县南秣陵,村镇,1911,1911,,,,hvd_138685,31.842648,118.82727
1866,CN320115,CN320115,索墅市,江苏江宁县东索墅镇,村镇,1911,1911,,,,hvd_138677,31.9315,119.01047
1867,CN320115,CN320115,路口市,江苏江宁县南禄口,村镇,1911,1911,,,,hvd_138695,31.791792,118.85531
1868,CN320115,CN320115,金陵镇,江苏江宁县南陶吴,村镇,1911,1911,,,,hvd_138689,31.781286,118.76868
1869,CN320115,CN320115,铜井市,江苏江宁县西南铜井镇,村镇,1911,1911,,,,hvd_138692,31.796831,118.54179
1870,CN3202,CN3202,无锡县,江苏无锡市区,县,-202,-111,新建,更名,,hvd_40438,31.574614,120.29767
1871,CN3202,CN3202,无锡侯国,江苏无锡市区,县,-110,-90,更名,更名,,hvd_40439,31.574614,120.29767
1872,CN3202,CN3202,无锡县,江苏无锡市区,县,-89,13,更名,更名,,hvd_40440,31.574614,120.29767
1873,CN3202,CN3202,有锡县,江苏无锡市区,县,14,22,更名,更名,,hvd_40441,31.574614,120.29767
1874,CN3202,CN3202,无锡县,江苏无锡市区,县,23,57,更名,更名,,hvd_40442,31.574614,120.29767
1875,CN3202,CN3202,无锡侯国,江苏无锡市区,县,58,189,更名,更名,,hvd_40443,31.574614,120.29767
1876,CN3202,CN3202,无锡县,江苏无锡市区,县,190,221,更名,撤销,,hvd_40444,31.574614,120.29767
1877,CN3202,CN3202,无锡县,江苏无锡市区,县,281,1294,新建,更名,,hvd_40445,31.574614,120.29767
1878,CN3202,CN3202,无锡州,江苏无锡市区,州,1295,1368,更名,更名,,hvd_40446,31.574614,120.29767
1879,CN3202,CN3202,无锡县,江苏无锡市,县,1369,1911,更名,数据下限,,hvd_40447,31.574614,120.29767
1880,CN3202,CN3202,金匮县,江苏无锡市,县,1724,1911,新建,数据下限,,hvd_40448,31.574614,120.29767
1881,CN320282,CN320282,阳羡县,江苏宜兴县城南五里,县,-222,-196,新建,更名,,hvd_40461,31.353706,119.81562
1882,CN320282,CN320282,阳羡侯国,江苏宜兴县城南五里,侯国,-195,-169,更名,更名,,hvd_40462,31.353706,119.81562
1883,CN320282,CN320282,阳羡县,江苏宜兴县城南五里,县,-168,588,更名,更名和迁移治所,,hvd_40463,31.353706,119.81562
1884,CN320282,CN320282,临津县,江苏宜兴县西北五十里,县,304,588,新建,撤销,,hvd_40464,31.449558,119.68987
1885,CN320282,CN320282,义兴郡,江苏宜兴县城南五里,郡,304,588,新建,撤销,,hvd_32351,31.353706,119.81562
1886,CN320282,CN320282,国山县,江苏宜兴县西南五十里,县,304,588,新建,撤销,,hvd_40467,31.30578,119.71335
1887,CN320282,CN320282,义乡县,治所在今浙江长兴县西北桥里,县,403,588,新建,撤销,,hvd_40162,31.178518,119.754944
1888,CN320282,CN320282,绥安县,江苏宜兴县西南八十里,县,422,556,新建,撤销,,hvd_40468,31.254993,119.630356
1889,CN320282,CN320282,义兴县,江苏宜兴县,县,589,975,更名和迁移治所,更名,,hvd_40503,31.363638,119.814384
1890,CN320282,CN320282,临津县,江苏宜兴县西北五十里,县,624,624,新建,撤销,,hvd_40465,31.449558,119.68987
1891,CN320282,CN320282,南兴州,江苏宜兴县,州,624,624,新建,撤销,,hvd_32085,31.363638,119.814384
1892,CN320282,CN320282,阳羡县,江苏宜兴县城南五里,县,624,624,新建,撤销,,hvd_40476,31.353706,119.81562
1893,CN320282,CN320282,宜兴县,江苏宜兴县,县,976,1277,更名,更名,,hvd_40469,31.363638,119.814384
1894,CN320282,CN320282,宜兴府,江苏宜兴县,府,1278,1282,更名,更名,,hvd_40501,31.363638,119.814384
1895,CN320282,CN320282,宜兴县,江苏宜兴市,县,1283,1294,更名,更名,,hvd_40470,31.363638,119.814384
1896,CN320282,CN320282,宜兴州,江苏宜兴市,州,1295,1357,更名,更名,,hvd_40471,31.363638,119.814384
1897,CN320282,CN320282,建宁州,江苏宜兴县,州,1358,1358,更名,更名,,hvd_40472,31.363638,119.814384
1898,CN320282,CN320282,宜兴州,江苏宜兴县,州,1359,1368,更名,更名,,hvd_40473,31.363638,119.814384
1899,CN320282,CN320282,宜兴县,江苏宜兴县,县,1369,1911,更名,数据下限,,hvd_40474,31.363638,119.814384
1900,CN320282,CN320282,荆溪县,江苏宜兴县,县,1724,1911,新建,数据下限,,hvd_40475,31.363638,119.814384
1901,CN320282,CN320282,丁山市,江苏宜兴市南丁蜀镇,村镇,1820,1820,,,,hvd_24114,31.262877,119.83775
1902,CN320282,CN320282,下邾镇市,江苏宜兴市东北下邾街,村镇,1820,1820,,,,hvd_24140,31.413496,119.97128
1903,CN320282,CN320282,丰义村,江苏宜兴市西北丰义村,村镇,1820,1820,,,,hvd_24134,31.5502,119.72611
1904,CN320282,CN320282,分水墩,江苏宜兴市东北分水墩,村镇,1820,1820,,,,hvd_24128,31.489199,120.01711
1905,CN320282,CN320282,周铁桥镇市,江苏宜兴市东北周铁镇,村镇,1820,1820,,,,hvd_24129,31.440199,119.989105
1906,CN320282,CN320282,和桥镇市,江苏宜兴市东北和桥镇,村镇,1820,1820,,,,hvd_24137,31.484978,119.890114
1907,CN320282,CN320282,城塘桥,江苏宜兴市西城塘,村镇,1820,1820,,,,hvd_24132,31.4142,119.725105
1908,CN320282,CN320282,官村市,江苏宜兴市西官林镇,村镇,1820,1820,,,,hvd_24138,31.494696,119.71067
1909,CN320282,CN320282,川埠,江苏宜兴市南川埠,村镇,1820,1820,,,,hvd_24119,31.287199,119.80911
1910,CN320282,CN320282,张泽桥,江苏宜兴市东张泽,村镇,1820,1820,,,,hvd_24118,31.3352,119.877106
1911,CN320282,CN320282,张渚镇市,江苏宜兴市西南张渚镇,村镇,1820,1820,,,,hvd_24126,31.262573,119.62856
1912,CN320282,CN320282,归径桥,江苏宜兴市西归迳桥,村镇,1820,1820,,,,hvd_24127,31.34589,119.66367
1913,CN320282,CN320282,徐舍市,江苏宜兴市西徐舍镇,村镇,1820,1820,,,,hvd_24141,31.40071,119.65053
1914,CN320282,CN320282,新芳桥,江苏宜兴市西北新芳桥,村镇,1820,1820,,,,hvd_24133,31.521198,119.62511
1915,CN320282,CN320282,曹桥,江苏宜兴市东北漕桥,村镇,1820,1820,,,,hvd_24131,31.5152,119.97611
1916,CN320282,CN320282,杨港镇,江苏宜兴市西北杨巷镇,村镇,1820,1820,,,,hvd_24139,31.482016,119.592476
1917,CN320282,CN320282,洞渚,江苏宜兴市西南潼渚,村镇,1820,1820,,,,hvd_24120,31.343199,119.67611
1918,CN320282,CN320282,祝陵,江苏宜兴市西南祝陵,村镇,1820,1820,,,,hvd_24123,31.2972,119.64811
1919,CN320282,CN320282,离群,江苏宜兴市西联群,村镇,1820,1820,,,,hvd_24121,31.379198,119.72611
1920,CN320282,CN320282,筿里市,江苏宜兴市西南筱里,村镇,1820,1820,,,,hvd_24117,31.3212,119.53611
1921,CN320282,CN320282,臧村,江苏宜兴市西北臧林,村镇,1820,1820,,,,hvd_24135,31.6052,119.65711
1922,CN320282,CN320282,董塘,江苏宜兴市东南董塘,村镇,1820,1820,,,,hvd_24125,31.177876,119.89775
1923,CN320282,CN320282,蜀山市,江苏宜兴市南蜀山,村镇,1820,1820,,,,hvd_24115,31.270876,119.85475
1924,CN320282,CN320282,西洋渚,江苏宜兴市西南西渚,村镇,1820,1820,,,,hvd_24122,31.291199,119.55511
1925,CN320282,CN320282,钟溪,江苏宜兴市闸口北,村镇,1820,1820,,,,hvd_24130,31.544199,119.904106
1926,CN320282,CN320282,丁山市,江苏宜兴市南丁蜀镇,村镇,1911,1911,,,,hvd_139368,31.262877,119.83775
1927,CN320282,CN320282,下邾镇市,江苏宜兴市东北下邾街,村镇,1911,1911,,,,hvd_139394,31.413496,119.97128
1928,CN320282,CN320282,丰义村,江苏宜兴市西北丰义村,村镇,1911,1911,,,,hvd_139388,31.5502,119.72611
1929,CN320282,CN320282,分水墩,江苏宜兴市东北分水墩,村镇,1911,1911,,,,hvd_139382,31.489199,120.01711
1930,CN320282,CN320282,周铁桥镇市,江苏宜兴市东北周铁镇,村镇,1911,1911,,,,hvd_139383,31.440199,119.989105
1931,CN320282,CN320282,和桥镇市,江苏宜兴市东北和桥镇,村镇,1911,1911,,,,hvd_139391,31.484978,119.890114
1932,CN320282,CN320282,城塘桥,江苏宜兴市西城塘,村镇,1911,1911,,,,hvd_139386,31.4142,119.725105
1933,CN320282,CN320282,官村市,江苏宜兴市西官林镇,村镇,1911,1911,,,,hvd_139392,31.494696,119.71067
1934,CN320282,CN320282,川埠,江苏宜兴市南川埠,村镇,1911,1911,,,,hvd_139373,31.287199,119.80911
1935,CN320282,CN320282,张泽桥,江苏宜兴市东张泽,村镇,1911,1911,,,,hvd_139372,31.3352,119.877106
1936,CN320282,CN320282,张渚镇市,江苏宜兴市西南张渚镇,村镇,1911,1911,,,,hvd_139380,31.262573,119.62856
1937,CN320282,CN320282,归径桥,江苏宜兴市西归迳桥,村镇,1911,1911,,,,hvd_139381,31.34589,119.66367
1938,CN320282,CN320282,徐舍市,江苏宜兴市西徐舍镇,村镇,1911,1911,,,,hvd_139395,31.40071,119.65053
1939,CN320282,CN320282,新芳桥,江苏宜兴市西北新芳桥,村镇,1911,1911,,,,hvd_139387,31.521198,119.62511
1940,CN320282,CN320282,曹桥,江苏宜兴市东北漕桥,村镇,1911,1911,,,,hvd_139385,31.5152,119.97611
1941,CN320282,CN320282,杨港镇,江苏宜兴市西北杨巷镇,村镇,1911,1911,,,,hvd_139393,31.482016,119.592476
1942,CN320282,CN320282,洞渚,江苏宜兴市西南潼渚,村镇,1911,1911,,,,hvd_139374,31.343199,119.67611
1943,CN320282,CN320282,祝陵,江苏宜兴市西南祝陵,村镇,1911,1911,,,,hvd_139377,31.2972,119.64811
1944,CN320282,CN320282,离群,江苏宜兴市西联群,村镇,1911,1911,,,,hvd_139375,31.379198,119.72611
1945,CN320282,CN320282,筿里市,江苏宜兴市西南筱里,村镇,1911,1911,,,,hvd_139371,31.3212,119.53611
1946,CN320282,CN320282,臧村,江苏宜兴市西北臧林,村镇,1911,1911,,,,hvd_139389,31.6052,119.65711
1947,CN320282,CN320282,董塘,江苏宜兴市东南董塘,村镇,1911,1911,,,,hvd_139379,31.177876,119.89775
1948,CN320282,CN320282,蜀山市,江苏宜兴市南蜀山,村镇,1911,1911,,,,hvd_139369,31.270876,119.85475
1949,CN320282,CN320282,西洋渚,江苏宜兴市西南西渚,村镇,1911,1911,,,,hvd_139376,31.291199,119.55511
1950,CN320282,CN320282,钟溪,江苏宜兴市闸口北,村镇,1911,1911,,,,hvd_139384,31.544199,119.904106
1951,CN3203,CN3203,铜山县,江苏徐州市,县,1733,1911,新建,数据下限,,hvd_42865,34.269634,117.18768
1952,CN3203,CN3203,铜山县,江苏徐州市,县,1820,1820,,,,hvd_756,34.26963,117.18768
1953,CN3203,CN3203,铜山县,江苏徐州市,县,1911,1911,,,,hvd_121013,34.26963,117.18768
1954,CN320321,CN320321,丰县,江苏丰县,县,-154,13,新建,更名,,hvd_42803,34.703617,116.58418
1955,CN320321,CN320321,吾符县,江苏丰县,县,14,22,更名,更名,,hvd_42804,34.703617,116.58418
1956,CN320321,CN320321,丰县,江苏丰县,县,23,404,更名,撤销,,hvd_42805,34.703617,116.58418
1957,CN320321,CN320321,丰县,江苏丰县,县,457,1911,更名,撤销,,hvd_42806,34.703617,116.58418
1958,CN320321,CN320321,丰县,江苏丰县,县,1820,1820,,,,hvd_752,34.70362,116.58418
1959,CN320321,CN320321,华山集,江苏丰县华山镇,村镇,1820,1820,,,,hvd_18984,34.642143,116.728676
1960,CN320321,CN320321,梁寨寨,江苏丰县梁城寨,村镇,1820,1820,,,,hvd_18979,34.505566,116.74771
1961,CN320321,CN320321,丰县,江苏丰县,县,1911,1911,,,,hvd_121009,34.70362,116.58418
1962,CN320321,CN320321,亭台镇,江苏丰县亭台集,村镇,1911,1911,,,,hvd_125183,34.781204,116.683136
1963,CN320321,CN320321,周庄,江苏丰县周庄寨,村镇,1911,1911,,,,hvd_125190,34.685257,116.4286
1964,CN320321,CN320321,施寨,江苏丰县师砦,村镇,1911,1911,,,,hvd_125187,34.81144,116.672356
1965,CN320321,CN320321,李新集,江苏丰县新集,村镇,1911,1911,,,,hvd_125240,34.57136,116.7362
1966,CN320321,CN320321,李集,江苏丰县李寨,村镇,1911,1911,,,,hvd_125192,34.50204,116.629974
1967,CN320321,CN320321,梁寨,江苏丰县梁城寨,村镇,1911,1911,,,,hvd_125239,34.505566,116.74771
1968,CN320321,CN320321,王冈集,江苏丰县王冈集,村镇,1911,1911,,,,hvd_125186,34.631435,116.61017
1969,CN320321,CN320321,王集,江苏丰县王集,村镇,1911,1911,,,,hvd_125188,34.817375,116.45762
1970,CN320321,CN320321,石城寨,江苏丰县食城,村镇,1911,1911,,,,hvd_125241,34.55282,116.69225
1971,CN320321,CN320321,郭集,江苏丰县郭集,村镇,1911,1911,,,,hvd_125189,34.821465,116.42362
1972,CN320321,CN320321,黄楼,江苏丰县黄楼,村镇,1911,1911,,,,hvd_125191,34.591957,116.71879
1973,CN320322,CN320322,沛县,江苏沛县,县,-223,1264,新建,撤销,,hvd_42807,34.737995,116.92695
1974,CN320322,CN320322,留县,江苏沛县东南五十里微山湖西岸,县,-223,556,新建,撤销,,hvd_42818,34.70135,117.04984
1975,CN320322,CN320322,广戚侯国,江苏沛县东吴楼附近,侯国,-128,-113,新建,撤销,,hvd_42814,34.752018,116.97991
1976,CN320322,CN320322,广戚侯国,江苏沛县东吴楼附近,侯国,-26,13,新建,更名,,hvd_42815,34.752018,116.97991
1977,CN320322,CN320322,力聚县,江苏沛县东吴楼附近,县,14,22,更名,更名,,hvd_42816,34.752018,116.97991
1978,CN320322,CN320322,广戚县,江苏沛县东吴楼附近,县,23,315,更名,撤销,,hvd_42817,34.752018,116.97991
1979,CN320322,CN320322,沛国,江苏沛县,侯国,232,264,更名,治所迁移,,hvd_33435,34.737995,116.92695
1980,CN320322,CN320322,留县,江苏沛县东南五十里微山湖西岸,县,596,620,新建,撤销,,hvd_42951,34.70135,117.04984
1981,CN320322,CN320322,沛县,江苏沛县,县,1266,1356,新建,迁移治所,,hvd_42808,34.737995,116.92695
1982,CN320322,CN320322,沛县,江苏沛县,县,1369,1780,迁移治所,迁移治所,,hvd_42810,34.737995,116.92695
1983,CN320322,CN320322,沛县,江苏沛县西南栖山,县,1781,1850,迁移治所,迁移治所,,hvd_42811,34.628246,116.79961
1984,CN320322,CN320322,庙道口店,,村镇,1820,1820,,,,hvd_18976,34.864964,116.86262
1985,CN320322,CN320322,敬安镇,江苏沛县敬安镇,村镇,1820,1820,,,,hvd_18978,34.504745,116.91788
1986,CN320322,CN320322,斗虎店,,村镇,1820,1820,,,,hvd_18977,34.616302,117.05703
1987,CN320322,CN320322,沛县,江苏沛县西南栖山,县,1820,1820,,,,hvd_753,34.62825,116.79961
1988,CN320322,CN320322,高房集,,村镇,1820,1820,,,,hvd_18975,34.722103,116.77303
1989,CN320322,CN320322,沛县,江苏沛县,县,1861,1911,迁移治所,数据下限,,hvd_42813,34.737995,116.92695
1990,CN320322,CN320322,保和寨,江苏沛县大朱集,村镇,1911,1911,,,,hvd_125196,34.76698,116.737854
1991,CN320322,CN320322,冯集,江苏沛县冯集,村镇,1911,1911,,,,hvd_125195,34.722786,116.715515
1992,CN320322,CN320322,凤皇寨,江苏沛县封皇庄,村镇,1911,1911,,,,hvd_125206,34.585148,116.843155
1993,CN320322,CN320322,刘寨,江苏沛县刘寨,村镇,1911,1911,,,,hvd_125208,34.788773,116.9244
1994,CN320322,CN320322,吴集,江苏沛县吴集,村镇,1911,1911,,,,hvd_125204,34.616474,116.91528
1995,CN320322,CN320322,大孟集,江苏沛县大孟集,村镇,1911,1911,,,,hvd_125205,34.564716,116.8531
1996,CN320322,CN320322,宗集,江苏沛县宗集,村镇,1911,1911,,,,hvd_125207,34.777878,116.84481
1997,CN320322,CN320322,崔寨,江苏沛县崔寨,村镇,1911,1911,,,,hvd_125246,34.57548,116.98493
1998,CN320322,CN320322,庙道口寨,江苏沛县庙道口,村镇,1911,1911,,,,hvd_125193,34.868454,116.843155
1999,CN320322,CN320322,张家洼集,江苏沛县张洼,村镇,1911,1911,,,,hvd_125202,34.617836,117.01395
2000,CN320322,CN320322,房村寨,江苏沛县房村,村镇,1911,1911,,,,hvd_125244,34.633858,117.08857
2001,CN320322,CN320322,毛寨,江苏沛县毛寨,村镇,1911,1911,,,,hvd_125245,34.59677,117.02141
2002,CN320322,CN320322,沛县,江苏沛县,县,1911,1911,,,,hvd_121010,34.738,116.92695
2003,CN320322,CN320322,王店集,江苏沛县王店,村镇,1911,1911,,,,hvd_125197,34.683216,116.81248
2004,CN320322,CN320322,聂庄铺,山东微山县聂庄铺,村镇,1911,1911,,,,hvd_125320,34.801548,116.99522
2005,CN320322,CN320322,草庙寨,江苏沛县草庙,村镇,1911,1911,,,,hvd_125200,34.682533,116.97498
2006,CN320322,CN320322,赵圈寨,江苏沛县赵圈,村镇,1911,1911,,,,hvd_125199,34.709095,116.91528
2007,CN320322,CN320322,郝家集,江苏沛县郝寨,村镇,1911,1911,,,,hvd_125209,34.80512,116.89622
2008,CN320322,CN320322,阎寨,江苏沛县阎集,村镇,1911,1911,,,,hvd_125194,34.725086,116.833855
2009,CN320322,CN320322,魏营寨,江苏沛县魏营,村镇,1911,1911,,,,hvd_125210,34.82887,116.87979
2010,CN320382,CN320382,武原县,江苏邳县西北泇口,县,-154,13,新建,更名,,hvd_42830,34.46844,117.82068
2011,CN320382,CN320382,良成侯国,江苏新沂市西南沂河西周庄附近,侯国,-82,13,新建,更名,,hvd_42827,34.30048,118.07194
2012,CN320382,CN320382,和乐亭,江苏邳县西北泇口,亭,14,22,更名,更名,,hvd_42831,34.46844,117.82068
2013,CN320382,CN320382,承翰县,江苏新沂市西南沂河西周庄附近,县,14,22,更名,更名,,hvd_42828,34.30048,118.07194
2014,CN320382,CN320382,武原县,江苏邳县西北泇口,县,23,310,更名,撤销,,hvd_42832,34.46844,117.82068
2015,CN320382,CN320382,良成县,江苏新沂市西南沂河西周庄附近,县,23,555,更名,撤销,,hvd_42829,34.30048,118.07194
2016,CN320382,CN320382,下邳国,江苏省徐州市邳州市邳坡线,国,72,205,,,,hvd_112515,34.47102,117.96307
2017,CN320382,CN320382,徐州,江苏省徐州市邳州市邳坡线,州,196,264,,,,hvd_113440,34.47102,117.96307
2018,CN320382,CN320382,下邳郡,江苏省徐州市邳州市邳坡线,郡,206,0,,,,hvd_112516,34.47102,117.96307
2019,CN320382,CN320382,扬州,江苏省徐州市邳州市邳坡线,州,379,383,,,,hvd_113236,34.47102,117.96307
2020,CN320382,CN320382,武原县,江苏邳县西北泇口,县,550,590,新建,更名,,hvd_42833,34.46844,117.82068
2021,CN320382,CN320382,艾山县,江苏邳县北艾山南,县,550,555,新建,撤销,,hvd_42942,34.503918,117.96122
2022,CN320382,CN320382,良城县,江苏邳县西北泇口,县,591,626,更名,撤销,,hvd_42834,34.46844,117.82068
2023,CN320382,CN320382,邳州,江苏邳县北邳城,州,1690,1911,迁移治所,数据下限,,hvd_42826,34.47102,117.963066
2024,CN320382,CN320382,邳州,江苏睢宁县北古邳镇,州,1724,1732,新建,撤销,,hvd_33320,34.47102,117.963066
2025,CN320382,CN320382,泇口镇,江苏邳县泇口,村镇,1820,1820,,,,hvd_19016,34.46844,117.82068
2026,CN320382,CN320382,滩上,,村镇,1820,1820,,,,hvd_19015,34.391773,117.86984
2027,CN320382,CN320382,猫儿庄,,村镇,1820,1820,,,,hvd_19014,34.272972,117.97599
2028,CN320382,CN320382,邳州,江苏邳县北邳城,州,1820,1820,,,,hvd_759,34.47102,117.96307
2029,CN320382,CN320382,马庄集,,村镇,1820,1820,,,,hvd_19013,34.230373,118.02134
2030,CN320382,CN320382,黄林庄,,村镇,1820,1820,,,,hvd_19017,34.51604,117.78847
2031,CN320382,CN320382,土山镇圩,江苏新沂市土山镇,村镇,1911,1911,,,,hvd_125272,34.22846,117.834175
2032,CN320382,CN320382,大沂圩,江苏邳县大沂圩,村镇,1911,1911,,,,hvd_125268,34.41385,118.08516
2033,CN320382,CN320382,官河镇,江苏铜山县官湖镇,村镇,1911,1911,,,,hvd_125266,34.429813,117.9969
2034,CN320382,CN320382,徐塘集,江苏邳县徐塘,村镇,1911,1911,,,,hvd_125277,34.358524,117.92348
2035,CN320382,CN320382,曹八集,江苏邳县八集,村镇,1911,1911,,,,hvd_125275,34.269257,117.679695
2036,CN320382,CN320382,沟上圩,江苏邳县沟上集,村镇,1911,1911,,,,hvd_125267,34.519176,118.076035
2037,CN320382,CN320382,泇口镇,江苏邳县泇口,村镇,1911,1911,,,,hvd_125279,34.46844,117.82068
2038,CN320382,CN320382,炮车圩,江苏新沂市炮车镇,村镇,1911,1911,,,,hvd_125270,34.340103,118.03292
2039,CN320382,CN320382,猫儿窝圩,江苏邳县猫窝,村镇,1911,1911,,,,hvd_125278,34.271564,117.975716
2040,CN320382,CN320382,纪集,江苏新沂市纪集,村镇,1911,1911,,,,hvd_125271,34.327026,118.08598
2041,CN320382,CN320382,邳州,江苏邳县北邳城,州,1911,1911,,,,hvd_121014,34.47102,117.96307
2042,CN320382,CN320382,顺和集,江苏邳县顺和集,村镇,1911,1911,,,,hvd_125284,34.204407,117.67346
2043,CN3204,CN3204,毗陵县,江苏常州市,县,-202,13,新建,更名,,hvd_40449,31.782784,119.9523
2044,CN3204,CN3204,毗坛县,江苏常州市,县,14,22,更名,更名,,hvd_40450,31.782784,119.9523
2045,CN3204,CN3204,毗陵县,江苏常州市,县,23,412,更名,更名,,hvd_40451,31.782784,119.9523
2046,CN3204,CN3204,毗陵典农校尉,江苏常州市区,典农校尉,198,280,新建,更名和迁移治所,,hvd_32365,31.782784,119.9523
2047,CN3204,CN3204,晋陵县,江苏常州市,县,413,1356,更名,更名,,hvd_40452,31.782784,119.9523
2048,CN3204,CN3204,晋陵郡,江苏常州市区,郡,413,588,迁移治所,撤销,,hvd_32375,31.782784,119.9523
2049,CN3204,CN3204,常州,江苏常州市区,州,620,622,,,,hvd_110439,31.78278,119.9523
2050,CN3204,CN3204,常州,江苏常州市区,州,620,741,更名,更名,,hvd_32381,31.782784,119.9523
2051,CN3204,CN3204,常州,江苏常州市区,州,624,741,,,,hvd_111000,31.78278,119.9523
2052,CN3204,CN3204,武进县,江苏常州市区,县,666,1356,新建,更名,,hvd_40457,31.782784,119.9523
2053,CN3204,CN3204,晋陵郡,江苏常州市区,郡,742,757,更名,更名,,hvd_32030,31.782784,119.9523
2054,CN3204,CN3204,常州,江苏常州市区,州,758,1276,更名,更名,,hvd_32386,31.782784,119.9523
2055,CN3204,CN3204,京临县,江苏常州市区,县,1357,1357,更名,撤销,,hvd_40453,31.782784,119.9523
2056,CN3204,CN3204,常州府,江苏常州市区,府,1357,1911,更名,数据下限,,hvd_32394,31.782784,119.9523
2057,CN3204,CN3204,永定县,江苏常州市区,县,1357,1361,更名,更名,,hvd_40458,31.782784,119.9523
2058,CN3204,CN3204,武进县,江苏常州市区,县,1362,1911,更名,数据下限,,hvd_40459,31.782784,119.9523
2059,CN3204,CN3204,阳湖县,江苏常州市,县,1724,1911,新建,数据下限,,hvd_40460,31.782784,119.9523
2060,CN320413,CN320413,琅琊县,江苏金坛县境内,县,618,624,新建,撤销,,hvd_40596,31.746979,119.57062
2061,CN320413,CN320413,金山县,江苏金坛县,县,618,624,新建,撤销,,hvd_40594,31.746979,119.57062
2062,CN320413,CN320413,茅州,江苏金坛县,州,619,623,新建,撤销,,hvd_32320,31.746979,119.57062
2063,CN320413,CN320413,金坛县,江苏金坛县,县,688,1911,新建,数据下限,,hvd_40595,31.746979,119.57062
2064,CN320413,CN320413,五叶村,江苏金坛县东南五叶,村镇,1820,1820,,,,hvd_23400,31.641438,119.61882
2065,CN320413,CN320413,南洲村,江苏金坛县南南洲村,村镇,1820,1820,,,,hvd_23401,31.713667,119.54103
2066,CN320413,CN320413,南社,江苏金坛县南南社镇,村镇,1820,1820,,,,hvd_24136,31.587198,119.57311
2067,CN320413,CN320413,唐王,江苏金坛县西南唐王,村镇,1820,1820,,,,hvd_23404,31.692526,119.43253
2068,CN320413,CN320413,尧塘,江苏金坛县东南尧塘,村镇,1820,1820,,,,hvd_23399,31.721243,119.67123
2069,CN320413,CN320413,指前标,江苏金坛县南指前标,村镇,1820,1820,,,,hvd_23403,31.620817,119.48515
2070,CN320413,CN320413,朱林,江苏金坛县西朱林,村镇,1820,1820,,,,hvd_23409,31.736921,119.45456
2071,CN320413,CN320413,湖头,江苏金坛县东湖头,村镇,1820,1820,,,,hvd_23410,31.745834,119.66798
2072,CN320413,CN320413,湖溪镇,江苏金坛县南湖溪村,村镇,1820,1820,,,,hvd_23402,31.648409,119.50306
2073,CN320413,CN320413,直里,江苏金坛县西北直溪桥,村镇,1820,1820,,,,hvd_23406,31.809555,119.45634
2074,CN320413,CN320413,薛埠,江苏金坛县西南薛埠镇,村镇,1820,1820,,,,hvd_23405,31.72032,119.3702
2075,CN320413,CN320413,西阳,江苏金坛县西北西旸,村镇,1820,1820,,,,hvd_23407,31.843264,119.35116
2076,CN320413,CN320413,迪庄村,江苏金坛县西北迪庄村,村镇,1820,1820,,,,hvd_23408,31.833946,119.492836
2077,CN320413,CN320413,五叶村,江苏金坛县东南五叶,村镇,1911,1911,,,,hvd_138657,31.641438,119.61882
2078,CN320413,CN320413,南洲村,江苏金坛县南南洲村,村镇,1911,1911,,,,hvd_138658,31.713667,119.54103
2079,CN320413,CN320413,南社,江苏金坛县南南社镇,村镇,1911,1911,,,,hvd_139390,31.587198,119.57311
2080,CN320413,CN320413,唐王,江苏金坛县西南唐王,村镇,1911,1911,,,,hvd_138661,31.692526,119.43253
2081,CN320413,CN320413,尧塘,江苏金坛县东南尧塘,村镇,1911,1911,,,,hvd_138656,31.721243,119.67123
2082,CN320413,CN320413,指前标,江苏金坛县南指前标,村镇,1911,1911,,,,hvd_138660,31.620817,119.48515
2083,CN320413,CN320413,朱林,江苏金坛县西朱林,村镇,1911,1911,,,,hvd_138666,31.736921,119.45456
2084,CN320413,CN320413,湖头,江苏金坛县东湖头,村镇,1911,1911,,,,hvd_138667,31.745834,119.66798
2085,CN320413,CN320413,湖溪镇,江苏金坛县南湖溪村,村镇,1911,1911,,,,hvd_138659,31.648409,119.50306
2086,CN320413,CN320413,直里,江苏金坛县西北直溪桥,村镇,1911,1911,,,,hvd_138663,31.809555,119.45634
2087,CN320413,CN320413,薛埠,江苏金坛县西南薛埠镇,村镇,1911,1911,,,,hvd_138662,31.72032,119.3702
2088,CN320413,CN320413,西阳,江苏金坛县西北西旸,村镇,1911,1911,,,,hvd_138664,31.843264,119.35116
2089,CN320413,CN320413,迪庄村,江苏金坛县西北迪庄村,村镇,1911,1911,,,,hvd_138665,31.833946,119.492836
2090,CN320481,CN320481,溧阳侯国,江苏溧阳市西北旧县,侯国,-38,-2,新建,更名,,hvd_40579,31.48672,119.31224
2091,CN320481,CN320481,溧阳县,江苏溧阳市西北旧县,县,-1,29,更名,迁移治所,,hvd_40580,31.48672,119.31224
2092,CN320481,CN320481,永平县,江苏溧阳县南古县,县,222,279,新建,更名,,hvd_40590,31.37004,119.46861
2093,CN320481,CN320481,永世县,江苏溧阳市南古县,县,280,588,更名,撤销,,hvd_40591,31.37004,119.46861
2094,CN320481,CN320481,平陵县,江苏溧阳市西南渡镇,县,304,431,新建,撤销,,hvd_40593,31.443993,119.323494
2095,CN320481,CN320481,永世县,江苏溧阳市南古县,县,592,617,新建,撤销,,hvd_40592,31.37004,119.46861
2096,CN320481,CN320481,溧阳县,江苏溧阳市西北旧县,县,620,902,新建,迁移治所,,hvd_40584,31.48672,119.31224
2097,CN320481,CN320481,溧阳县,江苏溧阳市,县,903,1276,迁移治所,更名,,hvd_40585,31.430706,119.486
2098,CN320481,CN320481,溧阳州,江苏溧阳市,州,1277,1278,更名,撤销,,hvd_40586,31.430706,119.486
2099,CN320481,CN320481,溧阳县,江苏溧阳市,县,1290,1294,新建,更名,,hvd_40587,31.430706,119.486
2100,CN320481,CN320481,溧阳州,江苏溧阳市,州,1295,1368,更名,更名,,hvd_40588,31.430706,119.486
2101,CN320481,CN320481,溧阳县,江苏溧阳市,县,1369,1911,更名,数据下限,,hvd_40589,31.430706,119.486
2102,CN320481,CN320481,上兴埠,江苏溧阳县西北上兴,村镇,1820,1820,,,,hvd_23364,31.530201,119.25228
2103,CN320481,CN320481,上沛埠,江苏溧阳县西上沛埠,村镇,1820,1820,,,,hvd_23365,31.472683,119.22093
2104,CN320481,CN320481,前马村,江苏溧阳县西北前马,村镇,1820,1820,,,,hvd_23372,31.496883,119.37525
2105,CN320481,CN320481,南渡镇,江苏溧阳县西南渡镇,村镇,1820,1820,,,,hvd_23366,31.443993,119.323494
2106,CN320481,CN320481,古读村,江苏溧阳县北古渎,村镇,1820,1820,,,,hvd_23373,31.500895,119.45376
2107,CN320481,CN320481,后周埠,江苏溧阳县北后周,村镇,1820,1820,,,,hvd_23362,31.568378,119.38045
2108,CN320481,CN320481,周城埠,江苏溧阳县西南周城,村镇,1820,1820,,,,hvd_23371,31.359875,119.33439
2109,CN320481,CN320481,埭头村,江苏溧阳县东北埭头村,村镇,1820,1820,,,,hvd_23361,31.496653,119.512695
2110,CN320481,CN320481,山下桥镇,江苏溧阳县南山丫(平桥)附近,村镇,1820,1820,,,,hvd_23374,31.237516,119.45071
2111,CN320481,CN320481,强埠,江苏溧阳县西强步,村镇,1820,1820,,,,hvd_23367,31.430077,119.26788
2112,CN320481,CN320481,戴埠镇,江苏溧阳县南戴埠镇,村镇,1820,1820,,,,hvd_23358,31.306223,119.50119
2113,CN320481,CN320481,横涧镇,江苏溧阳县南横涧,村镇,1820,1820,,,,hvd_23359,31.22118,119.50523
2114,CN320481,CN320481,汤家桥镇,江苏溧阳县西汤桥,村镇,1820,1820,,,,hvd_23368,31.400032,119.205956
2115,CN320481,CN320481,河口村,江苏溧阳县西南河口,村镇,1820,1820,,,,hvd_23369,31.377802,119.23085
2116,CN320481,CN320481,甓桥镇,江苏溧阳县北别桥,村镇,1820,1820,,,,hvd_23360,31.560936,119.45416
2117,CN320481,CN320481,社渚镇,江苏溧阳县西南社渚,村镇,1820,1820,,,,hvd_23370,31.316364,119.27738
2118,CN320481,CN320481,竹箦桥镇,江苏溧阳县西北竹箦桥,村镇,1820,1820,,,,hvd_23363,31.55697,119.3303
2119,CN320481,CN320481,薛家桥,江苏宜兴市西南薛家桥,村镇,1820,1820,,,,hvd_24124,31.281876,119.53675
2120,CN320481,CN320481,上兴埠,江苏溧阳县西北上兴,村镇,1911,1911,,,,hvd_138621,31.530201,119.25228
2121,CN320481,CN320481,上沛埠,江苏溧阳县西上沛埠,村镇,1911,1911,,,,hvd_138622,31.472683,119.22093
2122,CN320481,CN320481,前马村,江苏溧阳县西北前马,村镇,1911,1911,,,,hvd_138629,31.496883,119.37525
2123,CN320481,CN320481,南渡镇,江苏溧阳县西南渡镇,村镇,1911,1911,,,,hvd_138623,31.443993,119.323494
2124,CN320481,CN320481,古读村,江苏溧阳县北古渎,村镇,1911,1911,,,,hvd_138630,31.500895,119.45376
2125,CN320481,CN320481,后周埠,江苏溧阳县北后周,村镇,1911,1911,,,,hvd_138619,31.568378,119.38045
2126,CN320481,CN320481,周城埠,江苏溧阳县西南周城,村镇,1911,1911,,,,hvd_138628,31.359875,119.33439
2127,CN320481,CN320481,埭头村,江苏溧阳县东北埭头村,村镇,1911,1911,,,,hvd_138618,31.496653,119.512695
2128,CN320481,CN320481,山下桥镇,江苏溧阳县南山丫(平桥)附近,村镇,1911,1911,,,,hvd_138631,31.237516,119.45071
2129,CN320481,CN320481,强埠,江苏溧阳县西强步,村镇,1911,1911,,,,hvd_138624,31.430077,119.26788
2130,CN320481,CN320481,戴埠镇,江苏溧阳县南戴埠镇,村镇,1911,1911,,,,hvd_138615,31.306223,119.50119
2131,CN320481,CN320481,横涧镇,江苏溧阳县南横涧,村镇,1911,1911,,,,hvd_138616,31.22118,119.50523
2132,CN320481,CN320481,汤家桥镇,江苏溧阳县西汤桥,村镇,1911,1911,,,,hvd_138625,31.400032,119.205956
2133,CN320481,CN320481,河口村,江苏溧阳县西南河口,村镇,1911,1911,,,,hvd_138626,31.377802,119.23085
2134,CN320481,CN320481,甓桥镇,江苏溧阳县北别桥,村镇,1911,1911,,,,hvd_138617,31.560936,119.45416
2135,CN320481,CN320481,社渚镇,江苏溧阳县西南社渚,村镇,1911,1911,,,,hvd_138627,31.316364,119.27738
2136,CN320481,CN320481,竹箦桥镇,江苏溧阳县西北竹箦桥,村镇,1911,1911,,,,hvd_138620,31.55697,119.3303
2137,CN320481,CN320481,薛家桥,江苏宜兴市西南薛家桥,村镇,1911,1911,,,,hvd_139378,31.281876,119.53675
2138,CN3205,CN3205,会稽郡,江苏苏州市区,郡,-222,-202,,,,hvd_112530,31.31271,120.61862
2139,CN3205,CN3205,会稽郡,江苏苏州市区,郡,-222,128,新建,迁移治所,,hvd_32052,31.31271,120.61862
2140,CN3205,CN3205,吴县,江苏苏州市,县,-222,13,新建,更名,,hvd_40402,31.31271,120.61862
2141,CN3205,CN3205,吴郡,江苏苏州市区,郡,-154,-112,,,,hvd_112533,31.31271,120.61862
2142,CN3205,CN3205,会稽郡,江苏苏州市区,郡,-111,128,,,,hvd_112534,31.31271,120.61862
2143,CN3205,CN3205,泰德县,江苏苏州市区,县,14,22,更名,更名,,hvd_40403,31.31271,120.61862
2144,CN3205,CN3205,吴县,江苏苏州市区,县,23,590,更名,迁移治所,,hvd_40404,31.31271,120.61862
2145,CN3205,CN3205,吴郡,江苏苏州市区,郡,129,0,,,,hvd_112536,31.31271,120.61862
2146,CN3205,CN3205,吴郡,江苏苏州市区,郡,129,548,新建,更名,,hvd_32054,31.31271,120.61862
2147,CN3205,CN3205,吴州,江苏苏州市区,州,549,549,更名,更名,,hvd_32413,31.31271,120.61862
2148,CN3205,CN3205,吴郡,江苏苏州市区,郡,550,588,更名,辖区扩大,,hvd_32059,31.31271,120.61862
2149,CN3205,CN3205,吴州,江苏苏州市区,州,587,588,,,,hvd_113607,31.31271,120.61862
2150,CN3205,CN3205,苏州,江苏苏州市区,州,589,590,更名,迁移治所,,hvd_32418,31.31271,120.61862
2151,CN3205,CN3205,苏州,江苏苏州市区,州,589,604,,,,hvd_110023,31.31271,120.61862
2152,CN3205,CN3205,吴州,江苏苏州市区,州,605,606,,,,hvd_110127,31.31271,120.61862
2153,CN3205,CN3205,吴郡,江苏苏州市区,郡,607,620,,,,hvd_110362,31.31271,120.61862
2154,CN3205,CN3205,苏州,江苏苏州市区,州,621,622,,,,hvd_110440,31.31271,120.61862
2155,CN3205,CN3205,吴县,江苏苏州市区,县,624,1911,迁移治所,数据下限,,hvd_40406,31.31271,120.61862
2156,CN3205,CN3205,苏州,江苏苏州市区,州,624,741,迁移治所,更名,,hvd_32069,31.31271,120.61862
2157,CN3205,CN3205,长洲县,江苏苏州市,县,696,1911,新建,数据下限,,hvd_40407,31.31271,120.61862
2158,CN3205,CN3205,吴郡,江苏苏州市区,郡,742,757,更名,更名,,hvd_32070,31.31271,120.61862
2159,CN3205,CN3205,苏州,江苏苏州市区,州,758,1112,更名,更名,,hvd_32071,31.31271,120.61862
2160,CN3205,CN3205,平江府,江苏苏州市区,府,1113,1275,更名,更名,,hvd_32073,31.31271,120.61862
2161,CN3205,CN3205,隆平府,江苏苏州市区,府,1356,1356,更名,更名,,hvd_32430,31.31271,120.61862
2162,CN3205,CN3205,苏州府,江苏苏州市区,府,1367,1911,更名,数据下限,,hvd_32432,31.31271,120.61862
2163,CN3205,CN3205,元和县,江苏苏州市区,县,1724,1911,新建,数据下限,,hvd_40408,31.31271,120.61862
2164,CN3208,CN3208,山阳县,江苏淮安市,县,413,1227,新建,更名,,hvd_42764,33.50279,119.141106
2165,CN3208,CN3208,楚州,江苏淮安市,州,581,605,,,,hvd_113034,33.50279,119.14111
2166,CN3208,CN3208,楚州,江苏淮安市,州,592,606,治所迁移,撤销,,hvd_33347,33.50279,119.141106
2167,CN3208,CN3208,东楚州,江苏淮安市,州,620,624,新建,更名,,hvd_33348,33.50279,119.141106
2168,CN3208,CN3208,东楚州,江苏淮安市,州,621,624,,,,hvd_110490,33.50279,119.14111
2169,CN3208,CN3208,楚州,江苏淮安市,州,625,741,更名,更名,,hvd_111001,33.50279,119.141106
2170,CN3208,CN3208,淮阴郡,江苏淮安市,郡,742,757,更名,更名,,hvd_33353,33.50279,119.141106
2171,CN3208,CN3208,淮阴郡,江苏淮安市,郡,742,755,,,,hvd_111196,33.50279,119.14111
2172,CN3208,CN3208,楚州,江苏淮安市,州,758,1226,更名,更名,,hvd_33354,33.50279,119.141106
2173,CN3208,CN3208,淮安军,江苏淮安市,军,1227,1233,更名,更名,,hvd_33355,33.50279,119.141106
2174,CN3208,CN3208,淮安县,江苏淮安市,县,1228,1282,更名,撤销,,hvd_42765,33.50279,119.141106
2175,CN3208,CN3208,淮安州,江苏淮安市,州,1234,1276,更名,更名,,hvd_33356,33.50279,119.141106
2176,CN3208,CN3208,山阳县,江苏淮安市,县,1276,1911,新建,数据下限,,hvd_42766,33.50279,119.141106
2177,CN3208,CN3208,淮安府,江苏淮安市,府,1366,1911,更名,数据下限,,hvd_33314,33.50279,119.141106
2178,CN3208,CN3208,山阳县,江苏淮安市,县,1820,1820,,,,hvd_762,33.50279,119.14111
2179,CN3208,CN3208,淮安府,江苏淮安市,府,1820,1820,,,,hvd_9632,33.50279,119.14111
2180,CN3208,CN3208,山阳县,江苏淮安市,县,1911,1911,,,,hvd_121003,33.50279,119.14111
2181,CN3208,CN3208,淮安府,江苏淮安市,府,1911,1911,,,,hvd_120163,33.50279,119.14111
2182,CN320804,CN320804,淮阴县,江苏淮阴市区西南码头镇东一里,县,-223,13,新建,更名,,hvd_42744,33.531315,118.933586
2183,CN320804,CN320804,富陵县,江苏洪泽县西北洪泽湖中,县,-201,13,新建,更名,,hvd_42954,33.380634,118.79843
2184,CN320804,CN320804,泗阳县,江苏淮阴县西南码头镇附近,县,-113,13,新建,更名,,hvd_42761,33.531315,118.933586
2185,CN320804,CN320804,𣝇虑县,江苏洪泽县西北洪泽湖中,县,14,22,,,,hvd_42955,33.38063,118.79843
2186,CN320804,CN320804,嘉信县,江苏淮阴市区西南码头镇东一里,县,14,22,更名,更名,,hvd_42745,33.531315,118.933586
2187,CN320804,CN320804,𣝇虑县,江苏洪泽县西北洪泽湖中,县,14,22,更名,更名,,,33.380634,118.79843
2188,CN320804,CN320804,淮平亭,江苏淮阴县西南码头镇附近,亭,14,22,更名,更名,,hvd_42762,33.531315,118.933586
2189,CN320804,CN320804,富陵县,江苏洪泽县西北洪泽湖中,县,23,36,更名,撤销,,hvd_42956,33.380634,118.79843
2190,CN320804,CN320804,泗阳县,江苏淮阴县西南码头镇附近,县,23,36,更名,撤销,,hvd_42763,33.531315,118.933586
2191,CN320804,CN320804,淮阴县,江苏淮阴市区西南码头镇东一里,县,23,470,更名,撤销,,hvd_42746,33.531315,118.933586
2192,CN320804,CN320804,广陵郡,江苏淮阴市区西南码头镇东一里,郡,225,396,,,,hvd_33418,33.53131,118.93359
2193,CN320804,CN320804,广陵郡,江苏淮阴市区西南码头镇东一里,郡,225,312,治所迁移,暂无,,,33.531315,118.933586
2194,CN320804,CN320804,角城县,江苏淮阴县西南废黄河与淮沭河交会处之南,县,411,501,新建,更名,,hvd_42753,33.523,118.95309
2195,CN320804,CN320804,富陵县,江苏洪泽县西北洪泽湖中,县,450,555,新建,撤销,,hvd_42957,33.380634,118.79843
2196,CN320804,CN320804,临清县,江苏淮阴县西南废黄河与淮沭河交会处之南,县,502,548,更名,更名,,hvd_42754,33.523,118.95309
2197,CN320804,CN320804,绥化县,江苏淮阴市西旧黄河南,县,549,556,新建,更名,,hvd_42952,33.531315,118.933586
2198,CN320804,CN320804,角城县,江苏淮阴县西南废黄河与淮沭河交会处之南,县,549,549,更名,更名,,hvd_42755,33.523,118.95309
2199,CN320804,CN320804,文城县,江苏淮阴县西南废黄河与淮沭河交会处之南,县,550,557,更名,更名,,hvd_42756,33.523,118.95309
2200,CN320804,CN320804,淮阳县,江苏淮阴市西旧黄河南,县,557,626,更名,撤销,,hvd_42953,33.531315,118.933586
2201,CN320804,CN320804,淮阳县,江苏淮阴市西旧黄河南,县,557,626,更名,撤销,,hvd_42953,33.531315,118.933586
2202,CN320804,CN320804,临清县,江苏淮阴县西南废黄河与淮沭河交会处之南,县,558,582,更名,撤销,,hvd_42757,33.523,118.95309
2203,CN320804,CN320804,楚州,江苏淮阴市区西南码头镇东一里,州,583,591,新建,治所迁移,,hvd_33346,33.531315,118.933586
2204,CN320804,CN320804,淮阴县,江苏淮阴市区西南码头镇东一里,县,583,606,新建,撤销,,hvd_42747,33.531315,118.933586
2205,CN320804,CN320804,淮阴县,江苏淮阴市区西南码头镇东一里,县,621,623,新建,撤销,,hvd_42748,33.531315,118.933586
2206,CN320804,CN320804,淮阴县,江苏淮阴市区西南码头镇东一里,县,667,1134,新建,撤销,,hvd_42749,33.531315,118.933586
2207,CN320804,CN320804,淮阴县,江苏淮阴市区西南码头镇东一里,县,1136,1213,新建,迁移治所,,hvd_42750,33.531315,118.933586
2208,CN320804,CN320804,淮阴县,江苏淮阴市西南废黄河、淮沭河相会之处,县,1214,1214,迁移治所,迁移治所,,hvd_42751,33.571426,118.94233
2209,CN320804,CN320804,淮阴县,江苏淮阴市区西南码头镇东一里,县,1215,1282,迁移治所,撤销,,hvd_42752,33.531315,118.933586
2210,CN320804,CN320804,清河县,江苏淮阴县西南码头镇东一里,县,1324,1327,迁移治所,迁移治所,,hvd_42768,33.531315,118.933586
2211,CN320804,CN320804,清河县,江苏淮阴县西南旧县,县,1328,1642,迁移治所,迁移治所,,hvd_42769,33.580395,118.89391
2212,CN320804,CN320804,清河县,江苏淮阴县西南码头镇东一里,县,1643,1644,迁移治所,迁移治所,,hvd_42770,33.531315,118.933586
2213,CN320804,CN320804,清河县,江苏淮阴县西南旧县,县,1645,1759,迁移治所,迁移治所,,hvd_42771,33.580395,118.89391
2214,CN320804,CN320804,清河县,江苏淮阴市,县,1760,1911,迁移治所,数据下限,,hvd_42772,33.588356,119.016685
2215,CN320804,CN320804,杨庄,,村镇,1820,1820,,,,hvd_19024,33.58802,118.95326
2216,CN320804,CN320804,涧桥镇,,村镇,1820,1820,,,,hvd_19027,33.78098,118.946625
2217,CN320804,CN320804,清河县,江苏淮阴市,县,1820,1820,,,,hvd_763,33.58836,119.01669
2218,CN320804,CN320804,码头镇,江苏淮阴县码头镇,村镇,1820,1820,,,,hvd_19047,33.531315,118.933586
2219,CN320804,CN320804,西坝,,村镇,1820,1820,,,,hvd_19025,33.614414,118.98262
2220,CN320804,CN320804,五里庄,江苏淮阴县五里庄,村镇,1911,1911,,,,hvd_125075,33.75563,118.94898
2221,CN320804,CN320804,头班集,江苏淮阴县豆瓣集,村镇,1911,1911,,,,hvd_125077,33.57008,118.840324
2222,CN320804,CN320804,小王集,江苏淮阴县王集,村镇,1911,1911,,,,hvd_125078,33.447845,118.83083
2223,CN320804,CN320804,张圩,江苏淮阴县张圩,村镇,1911,1911,,,,hvd_125081,33.439053,118.84349
2224,CN320804,CN320804,杨庄镇,江苏淮阴县杨庄,村镇,1911,1911,,,,hvd_125072,33.58327,118.92999
2225,CN320804,CN320804,浪石镇,江苏淮阴县浪石,村镇,1911,1911,,,,hvd_125074,33.675606,118.944756
2226,CN320804,CN320804,清河县,江苏淮阴市,县,1911,1911,,,,hvd_121004,33.58836,119.01669
2227,CN320804,CN320804,潘圩,江苏淮阴县潘圩,村镇,1911,1911,,,,hvd_125083,33.855003,118.921555
2228,CN320804,CN320804,王圩,江苏淮阴县王圩,村镇,1911,1911,,,,hvd_125080,33.479504,118.8013
2229,CN320804,CN320804,蒋集,江苏淮阴县蒋集,村镇,1911,1911,,,,hvd_125085,33.631638,118.77387
2230,CN320804,CN320804,西坝镇,江苏淮阴县,村镇,1911,1911,,,,hvd_125071,33.62919,119.01759
2231,CN320804,CN320804,高堰镇,江苏淮阴县高埝东南,村镇,1911,1911,,,,hvd_125060,33.43845,118.93157
2232,CN320826,CN320826,淮浦县,江苏涟水县,县,-201,13,新建,更名,,hvd_42758,33.766373,119.26123
2233,CN320826,CN320826,淮敬县,江苏涟水县,县,14,22,更名,更名,,hvd_42759,33.766373,119.26123
2234,CN320826,CN320826,淮浦县,江苏涟水县,县,23,317,更名,撤销,,hvd_42760,33.766373,119.26123
2235,CN320826,CN320826,襄贲县,江苏涟水县北王头庄附近,县,469,584,新建,更名和迁移治所,,hvd_42773,33.89159,119.279076
2236,CN320826,CN320826,涟水县,江苏涟水县,县,585,1270,更名和迁移治所,撤销,,hvd_42774,33.766373,119.26123
2237,CN320826,CN320826,涟州,江苏涟水县,州,621,626,新建,撤销,,hvd_33384,33.766373,119.26123
2238,CN320826,CN320826,金城县,江苏涟水县北王头庄附近,县,621,626,新建,撤销,,hvd_42775,33.89159,119.279076
2239,CN320826,CN320826,涟水军,江苏涟水县,军,978,1071,新建,撤销,,hvd_33385,33.766373,119.26123
2240,CN320826,CN320826,涟水军,江苏涟水县,军,1130,1134,新建,撤销,,hvd_33386,33.766373,119.26123
2241,CN320826,CN320826,涟水军,江苏涟水县,军,1162,1163,新建,撤销,,hvd_33387,33.766373,119.26123
2242,CN320826,CN320826,涟水军,江苏涟水县,军,1220,1227,新建,撤销,,hvd_33388,33.766373,119.26123
2243,CN320826,CN320826,涟水军,江苏涟水县,军,1234,1261,新建,更名,,hvd_33389,33.766373,119.26123
2244,CN320826,CN320826,安东州,江苏涟水县,州,1260,1368,更名,撤销,,hvd_42923,33.766373,119.26123
2245,CN320826,CN320826,安东州,江苏涟水县,州,1262,1276,更名,撤销,,hvd_33390,33.766373,119.26123
2246,CN320826,CN320826,安东县,江苏涟水县,县,1369,1911,新建,数据下限,,hvd_42924,33.766373,119.26123
2247,CN320826,CN320826,五港口,江苏涟水县五港,村镇,1820,1820,,,,hvd_19031,33.967075,119.40871
2248,CN320826,CN320826,佃湖,,村镇,1820,1820,,,,hvd_19035,33.94247,119.61014
2249,CN320826,CN320826,北沙镇,,村镇,1820,1820,,,,hvd_19036,33.928745,119.64315
2250,CN320826,CN320826,夏村营,,村镇,1820,1820,,,,hvd_19032,33.71037,119.421196
2251,CN320826,CN320826,安东县,江苏涟水县,县,1820,1820,,,,hvd_761,33.76637,119.26123
2252,CN320826,CN320826,彭家滩,,村镇,1820,1820,,,,hvd_19033,33.7561,119.49842
2253,CN320826,CN320826,金城镇,,村镇,1820,1820,,,,hvd_19030,33.876457,119.24255
2254,CN320826,CN320826,高家沟镇,,村镇,1820,1820,,,,hvd_19085,34.021706,119.188736
2255,CN320826,CN320826,佃湖镇,江苏涟水县甸湖镇,村镇,1911,1911,,,,hvd_125107,33.943768,119.61513
2256,CN320826,CN320826,北沙镇,江苏阜宁县北沙镇,村镇,1911,1911,,,,hvd_125023,33.924015,119.64888
2257,CN320826,CN320826,周门镇,江苏阜宁县周门,村镇,1911,1911,,,,hvd_125022,33.795296,119.53601
2258,CN320826,CN320826,安东县,江苏涟水县,县,1911,1911,,,,hvd_121006,33.76637,119.26123
2259,CN320826,CN320826,王家集,江苏涟水县王集,村镇,1911,1911,,,,hvd_125105,33.855606,119.233795
2260,CN320826,CN320826,薛家集,江苏涟水县薛集,村镇,1911,1911,,,,hvd_125112,33.952354,119.50536
2261,CN320826,CN320826,陈溪镇,江苏涟水县陈溪,村镇,1911,1911,,,,hvd_125104,33.91797,119.15995
2262,CN320826,CN320826,麻垛镇,江苏涟水县麻垛,村镇,1911,1911,,,,hvd_125100,33.93834,119.07501
2263,CN320830,CN320830,东阳县,安徽盱眙县马坝镇东南,县,-224,212,新建,撤销,,hvd_43263,32.961845,118.83847
2264,CN320830,CN320830,盱眙县,安徽盱眙县管滩镇,县,-224,13,新建,更名,,hvd_43285,33.09627,118.5609
2265,CN320830,CN320830,武匡县,安徽盱眙县管滩镇,县,14,22,更名,更名,,hvd_43286,33.09632,118.56049
2266,CN320830,CN320830,盱眙县,安徽盱眙县管滩镇,县,23,212,更名,撤销,,hvd_43287,33.09632,118.56049
2267,CN320830,CN320830,东阳县,安徽盱眙县马坝镇东南,县,280,310,新建,撤销,,hvd_43264,32.961845,118.83847
2268,CN320830,CN320830,盱眙县,安徽盱眙县管滩镇,县,280,410,新建,迁移治所,,hvd_43288,33.09627,118.5609
2269,CN320830,CN320830,盱眙县,安徽盱眙县治东北,县,411,624,迁移治所,迁移治所,,hvd_43289,33.031635,118.50559
2270,CN320830,CN320830,考城县,安徽盱眙县王店西南,县,411,582,新建,撤销,,hvd_43298,32.75849,118.543076
2271,CN320830,CN320830,南兖州,江苏省淮安市盱眙县,州,451,465,,,,hvd_113470,33.03163,118.5056
2272,CN320830,CN320830,鲁县,安徽盱眙县桂五镇北,县,505,549,新建,撤销,,hvd_43303,32.892445,118.513626
2273,CN320830,CN320830,西楚州,安徽盱眙县治东北,州,620,624,新建,撤销,,hvd_33351,33.031635,118.50559
2274,CN320830,CN320830,西楚州,江苏省淮安市盱眙县,州,621,624,,,,hvd_110492,33.01474,118.49534
2275,CN320830,CN320830,泗州,安徽盱眙县治西北,州,735,741,治所迁移,更名,,hvd_33333,33.023403,118.46812
2276,CN320830,CN320830,临淮郡,江苏省淮安市盱眙县,郡,742,755,,,,hvd_111198,33.01474,118.49534
2277,CN320830,CN320830,临淮郡,安徽盱眙县治西北,郡,742,757,更名,更名,,hvd_33334,33.023403,118.46812
2278,CN320830,CN320830,泗州,安徽盱眙县治西北,州,758,1282,更名,撤销,,hvd_33335,33.023403,118.46812
2279,CN320830,CN320830,盱眙县,安徽盱眙县治西北,县,1005,1194,迁移治所,撤销,,hvd_43294,33.023403,118.46812
2280,CN320830,CN320830,淮平县,安徽盱眙县管镇南,县,1161,1194,新建,迁移治所,,hvd_43297,33.045105,118.38869
2281,CN320830,CN320830,淮平县,安徽盱眙县治西北,县,1195,1283,迁移治所,更名,,hvd_43295,33.023403,118.46812
2282,CN320830,CN320830,泗州,江苏盱眙县北古淮河北岸洪泽湖中,州,1276,1368,新建,撤销,,hvd_43404,33.023403,118.46812
2283,CN320830,CN320830,临淮县,安徽盱眙县治西北,县,1284,1370,更名,撤销,,hvd_43296,33.023403,118.46812
2284,CN320830,CN320830,泗州,安徽盱眙县治西北,州,1369,1370,新建,撤销,,hvd_32079,33.023403,118.46812
2285,CN320830,CN320830,泗州,江苏盱眙县北古淮河北岸洪泽湖中,州,1371,1679,新建,迁移治所,,hvd_43403,33.023403,118.46812
2286,CN320830,CN320830,泗州,江苏盱眙县,州,1680,1723,迁移治所,撤销,,hvd_43405,33.014736,118.49534
2287,CN320830,CN320830,泗州,安徽盱眙县治西北,州,1724,1911,新建,数据下限,,hvd_33336,33.023403,118.46812
2288,CN320830,CN320830,穆家店,江苏盱眙县东南穆店,村镇,1820,1820,,,,hvd_23088,32.93139,118.611664
2289,CN320830,CN320830,管公店,江苏泗洪县东南管镇,村镇,1820,1820,,,,hvd_23037,33.104347,118.38349
2290,CN320830,CN320830,高桥,江苏盱眙县东高桥,村镇,1820,1820,,,,hvd_23031,33.007004,118.68538
2291,CN320830,CN320830,东阳城,江苏盱眙县东阳城,村镇,1911,1911,,,,hvd_130960,32.95952,118.835754
2292,CN320830,CN320830,义井铺,江苏盱眙县义井街,村镇,1911,1911,,,,hvd_130956,32.943893,118.58566
2293,CN320830,CN320830,人和集,江苏盱眙县仁和镇,村镇,1911,1911,,,,hvd_130935,33.118763,118.449905
2294,CN320830,CN320830,冈村,江苏盱眙县黄花塘（岗村）,村镇,1911,1911,,,,hvd_130957,32.90989,118.71192
2295,CN320830,CN320830,太平集,江苏盱眙县太平集,村镇,1911,1911,,,,hvd_130934,33.04956,118.39006
2296,CN320830,CN320830,磨刀涧,江苏盱眙县磨刀涧,村镇,1911,1911,,,,hvd_130951,32.95059,118.46241
2297,CN320830,CN320830,莲塘铺,江苏盱眙县莲塘,村镇,1911,1911,,,,hvd_130953,32.874615,118.64462
2298,CN320830,CN320830,藕塘营,江苏盱眙县藕塘,村镇,1911,1911,,,,hvd_130950,32.908173,118.53029
2299,CN320830,CN320830,高桥,江苏盱眙县高桥,村镇,1911,1911,,,,hvd_130958,33.00491,118.69731
2300,CN321,CN321,南兖州,江苏扬州市,州,431,450,,,,hvd_113469,32.39127,119.43719
2301,CN321,CN321,南兖州,江苏扬州市,州,466,550,,,,hvd_113471,32.39127,119.43719
2302,CN321,CN321,南兖州,江苏扬州市,州,576,557,,,,hvd_113473,32.39127,119.43719
2303,CN321,CN321,扬州,江苏扬州市,州,589,606,新建,更名,,hvd_110128,32.39127,119.43719
2304,CN321,CN321,江都县,江苏扬州市,县,607,1358,迁移治所,撤销,,hvd_42683,32.39127,119.43719
2305,CN321,CN321,江都郡,江苏扬州市,郡,607,619,更名,更名,,hvd_110301,32.39127,119.43719
2306,CN321,CN321,南兖州,江苏扬州市,州,620,623,更名,更名,,hvd_33339,32.39127,119.43719
2307,CN321,CN321,邗州,江苏扬州市,州,624,625,更名,更名,,hvd_33340,32.39127,119.43719
2308,CN321,CN321,扬州,江苏扬州市,州,626,741,更名,更名,,hvd_111006,32.39127,119.43719
2309,CN321,CN321,扬州,江苏扬州市,州,758,919,更名,更名,,hvd_33343,32.39127,119.43719
2310,CN321,CN321,江都府,江苏扬州市,府,920,955,更名,更名,,hvd_33344,32.39127,119.43719
2311,CN321,CN321,扬州,江苏扬州市,州,956,1276,更名,更名,,hvd_33345,32.39127,119.43719
2312,CN321,CN321,江淮行省,江苏省扬州市,行省,1276,1278,新建,治所迁移,,hvd_30027,32.39127,119.43719
2313,CN321,CN321,江淮行省,江苏省扬州市,行省,1278,1283,,,,hvd_111995,32.39127,119.43719
2314,CN321,CN321,江淮行省,江苏省扬州市,行省,1280,1283,治所迁移,治所迁移,,hvd_30307,32.39127,119.43719
2315,CN321,CN321,江浙行省,江苏扬州市,行省,1286,1286,治所迁移,更名,,hvd_30038,32.39127,119.43719
2316,CN321,CN321,江淮行省,江苏扬州市,行省,1287,1288,更名,治所迁移,,hvd_30309,32.39127,119.43719
2317,CN321,CN321,淮南江北行省,江苏扬州市,行省,1352,1356,新建,暂无,,hvd_30312,32.39127,119.43719
2318,CN321,CN321,淮海府,江苏扬州市,府,1357,1360,更名,更名,,hvd_33307,32.39127,119.43719
2319,CN321,CN321,江都县,江苏扬州市,县,1361,1911,新建,数据下限,,hvd_42684,32.39127,119.43719
2320,CN321,CN321,维扬府,江苏扬州市,府,1361,1365,更名,更名,,hvd_33308,32.39127,119.43719
2321,CN321,CN321,扬州府,江苏扬州市,府,1366,1911,更名,数据下限,,hvd_33309,32.39127,119.43719
2322,CN321,CN321,甘泉县,江苏扬州市,县,1731,1911,新建,数据下限,,hvd_42728,32.39127,119.43719
2323,CN321,CN321,扬州府,江苏扬州市,府,1820,1820,,,,hvd_9634,32.39127,119.43719
2324,CN321,CN321,江都县,江苏扬州市,县,1820,1820,,,,hvd_772,32.39127,119.43719
2325,CN321,CN321,甘泉县,江苏扬州市,县,1820,1820,,,,hvd_771,32.39127,119.43719
2326,CN321,CN321,扬州府,江苏扬州市,府,1911,1911,,,,hvd_120162,32.39127,119.43719
2327,CN321,CN321,江都县,江苏扬州市,州,1911,1911,,,,hvd_121024,32.39127,119.43719
2328,CN321,CN321,甘泉县,江苏扬州市,县,1911,1911,,,,hvd_121528,32.39127,119.43719
2329,CN321023,CN321023,射阳县,江苏宝应县东北射阳镇,县,-201,13,新建,更名,,hvd_42735,33.305,119.616165
2330,CN321023,CN321023,监淮亭,江苏宝应县东北射阳镇,亭,14,22,更名,更名,,hvd_42736,33.305,119.616165
2331,CN321023,CN321023,射阳县,江苏宝应县东北射阳镇,县,23,223,更名,撤销,,hvd_42737,33.305,119.616165
2332,CN321023,CN321023,广陵郡,江苏宝应县东北射阳镇,郡,196,223,治所迁移,治所迁移,,hvd_33416,33.305,119.616165
2333,CN321023,CN321023,射阳县,江苏宝应县东北射阳镇,县,280,404,新建,撤销,,hvd_42738,33.305,119.616165
2334,CN321023,CN321023,安宜县,江苏宝应县西南宝应湖北岸,县,479,620,新建,迁移治所,,hvd_42722,33.181812,119.28058
2335,CN321023,CN321023,仓州,江苏宝应县西南宝应湖北岸,州,620,623,新建,撤销,,hvd_33349,33.181812,119.28058
2336,CN321023,CN321023,仓州,江苏省扬州市宝应县,州,621,623,,,,hvd_110461,33.23595,119.31004
2337,CN321023,CN321023,安宜县,江苏宝应县,县,621,761,迁移治所,更名,,hvd_42723,33.235947,119.31004
2338,CN321023,CN321023,宝应县,江苏宝应县,县,762,1270,更名,更名,,hvd_42724,33.235947,119.31004
2339,CN321023,CN321023,宝应州,江苏宝应县,州,1227,1270,新建,更名,,hvd_33395,33.235947,119.31004
2340,CN321023,CN321023,宝应军,江苏宝应县,军,1271,1278,更名,更名,,hvd_42725,33.235947,119.31004
2341,CN321023,CN321023,安宜府,江苏宝应县,府,1279,1282,更名,撤销,,hvd_42726,33.235947,119.31004
2342,CN321023,CN321023,宝应县,江苏宝应县,县,1283,1911,更名,数据下限,,hvd_42727,33.235947,119.31004
2343,CN321023,CN321023,安丰镇,,村镇,1820,1820,,,,hvd_19049,33.37324,119.51867
2344,CN321023,CN321023,宝应县,江苏宝应县,县,1820,1820,,,,hvd_767,33.23595,119.31004
2345,CN321023,CN321023,射阳湖镇,江苏宝应县东北射阳镇,村镇,1820,1820,,,,hvd_19123,33.305,119.616165
2346,CN321023,CN321023,刘家堡,江苏宝应县刘堡,村镇,1911,1911,,,,hvd_125463,33.151535,119.35022
2347,CN321023,CN321023,大仓镇,江苏宝应县太仓,村镇,1911,1911,,,,hvd_125047,33.4006,119.47272
2348,CN321023,CN321023,宝应县,江苏宝应县,县,1911,1911,,,,hvd_121022,33.23595,119.31004
2349,CN321023,CN321023,林沟头,江苏宝应县杨林沟,村镇,1911,1911,,,,hvd_125458,33.21588,119.58824
2350,CN321023,CN321023,甄庄,江苏宝应县甄家庄,村镇,1911,1911,,,,hvd_125456,33.265106,119.439026
2351,CN321023,CN321023,钧师寨,江苏宝应县均师咀,村镇,1911,1911,,,,hvd_125455,33.251457,119.3949
2352,CN321023,CN321023,陶村,江苏宝应县陶家林,村镇,1911,1911,,,,hvd_125457,33.21178,119.5329
2353,CN321084,CN321084,高邮县,江苏高邮市,县,-201,223,新建,撤销,,hvd_42714,32.79071,119.43733
2354,CN321084,CN321084,高邮县,江苏高邮市,县,280,610,新建,迁移治所,,hvd_42715,32.79071,119.43733
2355,CN321084,CN321084,临泽县,江苏高邮市东北临泽镇,县,472,582,新建,撤销,,hvd_42718,33.047802,119.61266
2356,CN321084,CN321084,高邮县,江苏高邮市北东墩镇附近,县,611,650,迁移治所,迁移治所,,hvd_42716,32.8679,119.449394
2357,CN321084,CN321084,高邮县,江苏高邮市,县,651,1368,迁移治所,撤销,,hvd_42717,32.79071,119.43733
2358,CN321084,CN321084,高邮军,江苏高邮市,军,971,1071,新建,撤销,,hvd_33391,32.79071,119.43733
2359,CN321084,CN321084,高邮军,江苏高邮市,军,1086,1129,新建,更名,,hvd_33392,32.79071,119.43733
2360,CN321084,CN321084,承州,江苏高邮市,州,1130,1134,更名,更名,,hvd_33393,32.79071,119.43733
2361,CN321084,CN321084,高邮军,江苏高邮市,军,1161,1276,新建,更名,,hvd_33394,32.79071,119.43733
2362,CN321084,CN321084,高邮府,江苏高邮市,府,1291,1367,新建,撤销,,hvd_33306,32.79071,119.43733
2363,CN321084,CN321084,高邮州,江苏高邮县,州,1368,1911,新建,数据下限,,hvd_42868,32.79071,119.43733
2364,CN321084,CN321084,河口镇,,村镇,1820,1820,,,,hvd_19096,32.840107,119.76673
2365,CN321084,CN321084,界首,江苏高邮县界首镇,村镇,1820,1820,,,,hvd_19092,33.009068,119.42116
2366,CN321084,CN321084,车逻镇,江苏高邮县车逻,村镇,1820,1820,,,,hvd_19094,32.719482,119.4537
2367,CN321084,CN321084,马棚湾,江苏高邮县马棚,村镇,1820,1820,,,,hvd_19093,32.894,119.4284
2368,CN321084,CN321084,高邮州,江苏高邮县,州,1820,1820,,,,hvd_768,32.79071,119.43733
2369,CN321084,CN321084,三十里铺,江苏高邮县三十里铺,村镇,1911,1911,,,,hvd_125469,32.655487,119.46125
2370,CN321084,CN321084,二沟镇,江苏高邮县二沟,村镇,1911,1911,,,,hvd_125473,32.810192,119.58027
2371,CN321084,CN321084,八字桥镇,江苏高邮县八桥镇,村镇,1911,1911,,,,hvd_125471,32.680656,119.58207
2372,CN321084,CN321084,公田庙,江苏高邮县公田庙,村镇,1911,1911,,,,hvd_125470,32.70728,119.50998
2373,CN321084,CN321084,淩亭镇,江苏兴化市老阁,村镇,1911,1911,,,,hvd_125430,32.808758,119.83294
2374,CN321084,CN321084,淩桥镇,江苏高邮县菱桥,村镇,1911,1911,,,,hvd_125464,32.689777,119.21812
2375,CN321084,CN321084,车逻镇,江苏高邮县车逻,村镇,1911,1911,,,,hvd_125468,32.719482,119.4537
2376,CN321084,CN321084,马蓬湾镇,江苏高邮县马棚,村镇,1911,1911,,,,hvd_125467,32.894,119.4284
2377,CN321084,CN321084,高邮州,江苏高邮县,县,1911,1911,,,,hvd_121023,32.79071,119.43733
2378,CN3211,CN3211,丹徒县,江苏镇江市,县,318,327,迁移治所,迁移治所,,hvd_40829,32.20649,119.44429
2379,CN3211,CN3211,晋陵郡,江苏镇江市,郡,318,412,迁移治所,迁移治所,,hvd_32368,32.20649,119.44429
2380,CN3211,CN3211,延陵县,江苏镇江市,县,589,619,迁移治所,迁移治所,,hvd_40569,32.20649,119.44429
2381,CN3211,CN3211,润州,江苏镇江市,州,595,606,新建,撤销,,hvd_32329,32.20649,119.44429
2382,CN3211,CN3211,润州,江苏镇江市,州,595,605,,,,hvd_110057,32.20649,119.44429
2383,CN3211,CN3211,丹徒县,江苏镇江市,县,620,1911,新建,数据下限,,hvd_40570,32.20649,119.44429
2384,CN3211,CN3211,润州,江苏镇江市,州,620,741,新建,更名,,hvd_32314,32.20649,119.44429
2385,CN3211,CN3211,润州,江苏镇江市,州,620,622,,,,hvd_110441,32.20649,119.44429
2386,CN3211,CN3211,润州,江苏镇江市,州,624,741,,,,hvd_111007,32.20649,119.44429
2387,CN3211,CN3211,丹阳郡,江苏镇江市,郡,742,757,更名,更名,,hvd_111303,32.20649,119.44429
2388,CN3211,CN3211,润州,江苏镇江市,州,758,1112,更名,更名,,hvd_32311,32.20649,119.44429
2389,CN3211,CN3211,镇江府,江苏镇江市,府,1113,1276,更名,更名,,hvd_32301,32.20649,119.44429
2390,CN3211,CN3211,镇江府,江苏镇江市,府,1356,1911,更名,数据下限,,hvd_32296,32.20649,119.44429
2391,CN321181,CN321181,曲阿县,江苏丹阳市,县,-222,13,新建,更名,,hvd_40571,31.995802,119.569855
2392,CN321181,CN321181,风美县,江苏丹阳市,县,14,27,更名,更名,,hvd_40572,31.995802,119.569855
2393,CN321181,CN321181,曲阿县,江苏丹阳市,县,28,233,更名,更名,,hvd_40573,31.995802,119.569855
2394,CN321181,CN321181,扬州,江苏丹阳市,州,193,194,治所迁移,撤销,,hvd_30055,31.995802,119.569855
2395,CN321181,CN321181,云阳县,江苏丹阳市,县,234,280,更名,更名,,hvd_40574,31.995802,119.569855
2396,CN321181,CN321181,延陵县,江苏丹阳市西南延陵,县,281,588,新建,迁移治所,,hvd_40577,31.882374,119.47829
2397,CN321181,CN321181,曲阿县,江苏丹阳市,县,281,741,更名,更名,,hvd_40575,31.995802,119.569855
2398,CN321181,CN321181,南东海郡,江苏丹阳市,侨郡,431,501,新建,更名和迁移治所,,hvd_32369,31.995802,119.569855
2399,CN321181,CN321181,东海郡,江苏丹阳市,郡,558,588,更名和迁移治所,撤销,,hvd_32371,31.995802,119.569855
2400,CN321181,CN321181,云州,江苏丹阳市,州,619,621,新建,更名,,hvd_32317,31.995802,119.569855
2401,CN321181,CN321181,延陵县,江苏丹阳市西南延陵,县,620,1071,迁移治所,撤销,,hvd_40578,31.882374,119.47829
2402,CN321181,CN321181,简州,江苏丹阳市,州,622,624,更名,撤销,,hvd_32318,31.995802,119.569855
2403,CN321181,CN321181,云州,江苏丹阳市,州,732,935,,,,hvd_116156,31.9958,119.56986
2404,CN321181,CN321181,丹阳县,江苏丹阳市,县,742,1911,更名,数据下限,,hvd_40576,31.995802,119.569855
2405,CN321181,CN321181,丁庄铺,江苏丹阳市西丁庄铺,村镇,1820,1820,,,,hvd_23381,31.980213,119.46074
2406,CN321181,CN321181,丁桥镇,江苏丹阳市东南丁桥,村镇,1820,1820,,,,hvd_24308,31.813553,119.705826
2407,CN321181,CN321181,九里村,江苏丹阳市西南九里镇,村镇,1820,1820,,,,hvd_23385,31.892897,119.43144
2408,CN321181,CN321181,吕城镇,江苏丹阳市东南吕城,村镇,1820,1820,,,,hvd_23375,31.90683,119.73636
2409,CN321181,CN321181,埤城镇,江苏丹阳市北埤城,村镇,1820,1820,,,,,32.120003,119.70535
2410,CN321181,CN321181,大泊村,江苏丹阳市东北大泊,村镇,1820,1820,,,,hvd_23384,32.033714,119.59161
2411,CN321181,CN321181,延陵镇,江苏丹阳市南延陵,村镇,1820,1820,,,,hvd_23377,31.882374,119.47829
2412,CN321181,CN321181,张官渡,江苏丹阳市北张官渡,村镇,1820,1820,,,,hvd_23382,32.054665,119.56382
2413,CN321181,CN321181,横塘,江苏丹阳市南横塘,村镇,1820,1820,,,,hvd_23380,31.935177,119.5866
2414,CN321181,CN321181,珥陵镇,江苏丹阳市东南珥陵,村镇,1820,1820,,,,hvd_23376,31.877504,119.59877
2415,CN321181,CN321181,荆村,江苏丹阳市东荆村桥,村镇,1820,1820,,,,hvd_23386,31.998596,119.62566
2416,CN321181,CN321181,蒋墅村,江苏丹阳市东南蒋士,村镇,1820,1820,,,,hvd_23383,31.829475,119.77105
2417,CN321181,CN321181,访仙桥,江苏丹阳市东访仙镇,村镇,1820,1820,,,,hvd_23387,31.988789,119.73113
2418,CN321181,CN321181,陵口,江苏丹阳市南陵口,村镇,1820,1820,,,,hvd_23378,31.95201,119.65961
2419,CN321181,CN321181,丁庄铺,江苏丹阳市西丁庄铺,村镇,1911,1911,,,,hvd_138638,31.980213,119.46074
2420,CN321181,CN321181,丁桥镇,江苏丹阳市东南丁桥,村镇,1911,1911,,,,hvd_139561,31.813553,119.705826
2421,CN321181,CN321181,九里村,江苏丹阳市西南九里镇,村镇,1911,1911,,,,hvd_138642,31.892897,119.43144
2422,CN321181,CN321181,吕城镇,江苏丹阳市东南吕城,村镇,1911,1911,,,,hvd_138632,31.90683,119.73636
2423,CN321181,CN321181,埤城镇,江苏丹阳市北埤城,村镇,1911,1911,,,,,32.120003,119.70535
2424,CN321181,CN321181,大泊村,江苏丹阳市东北大泊,村镇,1911,1911,,,,hvd_138641,32.033714,119.59161
2425,CN321181,CN321181,延陵镇,江苏丹阳市南延陵,村镇,1911,1911,,,,hvd_138634,31.882374,119.47829
2426,CN321181,CN321181,张官渡,江苏丹阳市北张官渡,村镇,1911,1911,,,,hvd_138639,32.054665,119.56382
2427,CN321181,CN321181,横塘,江苏丹阳市南横塘,村镇,1911,1911,,,,hvd_138637,31.935177,119.5866
2428,CN321181,CN321181,珥陵镇,江苏丹阳市东南珥陵,村镇,1911,1911,,,,hvd_138633,31.877504,119.59877
2429,CN321181,CN321181,荆村,江苏丹阳市东荆村桥,村镇,1911,1911,,,,hvd_138643,31.998596,119.62566
2430,CN321181,CN321181,蒋墅村,江苏丹阳市东南蒋士,村镇,1911,1911,,,,hvd_138640,31.829475,119.77105
2431,CN321181,CN321181,访仙桥,江苏丹阳市东访仙镇,村镇,1911,1911,,,,hvd_138644,31.988789,119.73113
2432,CN321181,CN321181,陵口,江苏丹阳市南陵口,村镇,1911,1911,,,,hvd_138635,31.95201,119.65961
2433,CN321183,CN321183,句容县,江苏句容县,县,-201,-130,新建,更名,,hvd_40531,31.946535,119.162735
2434,CN321183,CN321183,句容侯国,江苏句容县,侯国,-129,-129,更名,更名,,hvd_40532,31.946535,119.162735
2435,CN321183,CN321183,句容县,江苏句容县,县,-128,1019,更名,更名,,hvd_40533,31.946535,119.162735
2436,CN321183,CN321183,茅州,江苏句容县,州,620,623,新建,撤销,,hvd_32321,31.946535,119.162735
2437,CN321183,CN321183,茂州,江苏省镇江市句容市洪武路辅路,州,621,623,,,,hvd_110462,31.94654,119.16274
2438,CN321183,CN321183,常宁县,江苏句容县,县,1020,1020,更名,更名,,hvd_40534,31.946535,119.162735
2439,CN321183,CN321183,句容县,江苏句容县,县,1021,1911,更名,数据下限,,hvd_40535,31.946535,119.162735
2440,CN321183,CN321183,丁角镇,江苏丹徒县西南丁角,村镇,1820,1820,,,,hvd_23394,31.944366,119.35224
2441,CN321183,CN321183,三汊村,江苏句容县西南三岔,村镇,1820,1820,,,,hvd_23628,31.863483,119.092926
2442,CN321183,CN321183,下蜀镇,江苏句容县北下蜀镇,村镇,1820,1820,,,,hvd_23624,32.172787,119.1865
2443,CN321183,CN321183,东昌村,江苏句容县东北东昌街,村镇,1820,1820,,,,hvd_23641,32.052273,119.30244
2444,CN321183,CN321183,亭子村,江苏句容县北亭子,村镇,1820,1820,,,,hvd_23640,32.11324,119.178215
2445,CN321183,CN321183,包巷村,江苏句容县东北包巷,村镇,1820,1820,,,,hvd_23638,32.008705,119.3555
2446,CN321183,CN321183,后潘村,江苏句容县东南后潘,村镇,1820,1820,,,,hvd_23634,31.827639,119.25784
2447,CN321183,CN321183,天王村,江苏句容县南天王寺,村镇,1820,1820,,,,hvd_23631,31.741941,119.191086
2448,CN321183,CN321183,太平庄,江苏句容县东北大太平庄,村镇,1820,1820,,,,hvd_23637,31.956316,119.22746
2449,CN321183,CN321183,常宁镇,江苏句容县东南长城附近,村镇,1820,1820,,,,hvd_23622,31.85797,119.26978
2450,CN321183,CN321183,於乡,江苏句容县南淤湘,村镇,1820,1820,,,,hvd_23635,31.881866,119.2036
2451,CN321183,CN321183,曹庄,江苏句容县东南曹庄,村镇,1820,1820,,,,hvd_23636,31.894733,119.225296
2452,CN321183,CN321183,炭渚镇,江苏丹徒县西炭渚街,村镇,1820,1820,,,,hvd_23393,32.176907,119.25459
2453,CN321183,CN321183,白土镇,江苏句容县东白兔镇,村镇,1820,1820,,,,hvd_23621,31.97672,119.353325
2454,CN321183,CN321183,白沙村,江苏句容县东南白沙,村镇,1820,1820,,,,hvd_23633,31.641973,119.24483
2455,CN321183,CN321183,行香村,江苏句容县东北行香,村镇,1820,1820,,,,hvd_23625,31.979294,119.281715
2456,CN321183,CN321183,袁巷村,江苏句容县南袁巷,村镇,1820,1820,,,,hvd_23632,31.661741,119.23379
2457,CN321183,CN321183,谢桥村,江苏句容县西南谢桥,村镇,1820,1820,,,,hvd_23630,31.847858,119.02999
2458,CN321183,CN321183,郭庄,江苏句容县西南郭庄,村镇,1820,1820,,,,hvd_23629,31.810555,119.03329
2459,CN321183,CN321183,陈武庄,江苏句容县东北陈武,村镇,1820,1820,,,,hvd_23639,32.022984,119.26098
2460,CN321183,CN321183,龙潭镇,江苏南京市东北龙潭镇,村镇,1820,1820,,,,hvd_23620,32.16433,119.055855
2461,CN321183,CN321183,丁角镇,江苏丹徒县西南丁角,村镇,1911,1911,,,,hvd_138651,31.944366,119.35224
2462,CN321183,CN321183,三汊村,江苏句容县西南三岔,村镇,1911,1911,,,,hvd_138884,31.863483,119.092926
2463,CN321183,CN321183,下蜀镇,江苏句容县北下蜀镇,村镇,1911,1911,,,,hvd_138880,32.172787,119.1865
2464,CN321183,CN321183,东昌村,江苏句容县东北东昌街,村镇,1911,1911,,,,hvd_138897,32.052273,119.30244
2465,CN321183,CN321183,亭子村,江苏句容县北亭子,村镇,1911,1911,,,,hvd_138896,32.11324,119.178215
2466,CN321183,CN321183,包巷村,江苏句容县东北包巷,村镇,1911,1911,,,,hvd_138894,32.008705,119.3555
2467,CN321183,CN321183,后潘村,江苏句容县东南后潘,村镇,1911,1911,,,,hvd_138890,31.827639,119.25784
2468,CN321183,CN321183,天王村,江苏句容县南天王寺,村镇,1911,1911,,,,hvd_138887,31.741941,119.191086
2469,CN321183,CN321183,太平庄,江苏句容县东北大太平庄,村镇,1911,1911,,,,hvd_138893,31.956316,119.22746
2470,CN321183,CN321183,常宁镇,江苏句容县东南长城附近,村镇,1911,1911,,,,hvd_138878,31.85797,119.26978
2471,CN321183,CN321183,於乡,江苏句容县南淤湘,村镇,1911,1911,,,,hvd_138891,31.881866,119.2036
2472,CN321183,CN321183,曹庄,江苏句容县东南曹庄,村镇,1911,1911,,,,hvd_138892,31.894733,119.225296
2473,CN321183,CN321183,炭渚镇,江苏丹徒县西炭渚街,村镇,1911,1911,,,,hvd_138650,32.176907,119.25459
2474,CN321183,CN321183,白土镇,江苏句容县东白兔镇,村镇,1911,1911,,,,hvd_138877,31.97672,119.353325
2475,CN321183,CN321183,白沙村,江苏句容县东南白沙,村镇,1911,1911,,,,hvd_138889,31.641973,119.24483
2476,CN321183,CN321183,行香村,江苏句容县东北行香,村镇,1911,1911,,,,hvd_138881,31.979294,119.281715
2477,CN321183,CN321183,袁巷村,江苏句容县南袁巷,村镇,1911,1911,,,,hvd_138888,31.661741,119.23379
2478,CN321183,CN321183,谢桥村,江苏句容县西南谢桥,村镇,1911,1911,,,,hvd_138886,31.847858,119.02999
2479,CN321183,CN321183,郭庄,江苏句容县西南郭庄,村镇,1911,1911,,,,hvd_138885,31.810555,119.03329
2480,CN321183,CN321183,陈武庄,江苏句容县东北陈武,村镇,1911,1911,,,,hvd_138895,32.022984,119.26098
2481,CN321183,CN321183,龙潭镇,江苏南京市东北龙潭镇,村镇,1911,1911,,,,hvd_138876,32.16433,119.055855
2482,CN3301,CN3301,钱唐县,浙江杭州市,县,-222,13,新建,更名,,hvd_40076,30.294125,120.168625
2483,CN3301,CN3301,泉亭县,浙江杭州市,县,14,22,更名,更名,,hvd_40077,30.294125,120.168625
2484,CN3301,CN3301,钱唐县,浙江杭州市,县,23,620,更名,更名,,hvd_40078,30.294125,120.168625
2485,CN3301,CN3301,钱塘郡,浙江杭州市,郡,587,588,新建,更名,,hvd_32356,30.294125,120.168625
2486,CN3301,CN3301,杭州,浙江杭州市,州,589,606,更名,更名,,hvd_110164,30.294125,120.168625
2487,CN3301,CN3301,余杭郡,浙江杭州市,郡,607,620,更名,更名,,hvd_110381,30.294125,120.168625
2488,CN3301,CN3301,杭州,浙江杭州市,州,621,741,更名,更名,,hvd_32335,30.294125,120.168625
2489,CN3301,CN3301,杭州,浙江杭州市,州,621,622,,,,hvd_110450,30.29413,120.16863
2490,CN3301,CN3301,钱塘县,浙江杭州市,县,621,1911,更名,数据下限,,hvd_40079,30.294125,120.168625
2491,CN3301,CN3301,杭州,浙江杭州市,州,624,741,,,,hvd_111087,30.29413,120.16863
2492,CN3301,CN3301,余杭郡,浙江杭州市,郡,742,757,更名,更名,,hvd_32353,30.294125,120.168625
2493,CN3301,CN3301,杭州,浙江杭州市,州,758,1128,更名,更名,,hvd_32336,30.294125,120.168625
2494,CN3301,CN3301,钱江县,浙江杭州市,县,922,978,新建,更名,,hvd_40080,30.294125,120.168625
2495,CN3301,CN3301,仁和县,浙江杭州市,县,979,1911,更名,数据下限,,hvd_40081,30.294125,120.168625
2496,CN3301,CN3301,京师,浙江杭州,州,1127,1279,南宋,,,,30.28006,120.16169
2497,CN3301,CN3301,临安府,浙江杭州市,府,1129,1277,更名,更名,,hvd_32344,30.294125,120.168625
2498,CN3301,CN3301,江浙行省,浙江省杭州市,行省,1285,1285,更名,治所迁移,,hvd_30308,30.294125,120.168625
2499,CN3301,CN3301,浙江行省,浙江省杭州市,行省,1292,1360,更名,撤销,,hvd_112019,30.294125,120.168625
2500,CN3301,CN3301,杭州府,浙江杭州市,府,1366,1911,更名,数据下限,,hvd_32337,30.294125,120.168625
2501,CN3301,CN3301,浙江行省,浙江省杭州市,行省,1368,1375,新建,更名,,hvd_30036,30.294125,120.168625
2502,CN3301,CN3301,浙江布政使司,浙江省杭州市,布政司,1376,1644,更名,更名,,hvd_112063,30.294125,120.168625
2503,CN330109,CN330109,萧山县,治今浙江萧山市,县,742,1911,更名,数据下限,,hvd_40784,30.161488,120.258934
2504,CN330109,CN330109,赭山,,村镇,1820,1820,,,,hvd_22854,30.263657,120.40436
2505,CN330109,CN330109,龛山,浙江萧山市坎山镇,村镇,1820,1820,,,,hvd_22855,30.192154,120.399704
2506,CN330109,CN330109,井头市,浙江萧山市径游,村镇,1911,1911,,,,hvd_139776,29.960367,120.2635
2507,CN330109,CN330109,党山镇,浙江萧山县党山镇,村镇,1911,1911,,,,hvd_139788,30.181665,120.528625
2508,CN330109,CN330109,山末址,浙江萧山市新街镇,村镇,1911,1911,,,,hvd_139783,30.191364,120.332504
2509,CN330109,CN330109,戴村市,浙江萧山市今戴村镇东,村镇,1911,1911,,,,hvd_139772,30.018307,120.18758
2510,CN330109,CN330109,所前,浙江萧山县所前镇（位于两县边界）,村镇,1911,1911,,,,hvd_139805,30.074045,120.28574
2511,CN330109,CN330109,方家桥,浙江萧山市方家塘,村镇,1911,1911,,,,hvd_139774,29.977362,120.13042
2512,CN330109,CN330109,欢潭村,浙江萧山县欢潭,村镇,1911,1911,,,,hvd_139806,29.958572,120.31664
2513,CN330109,CN330109,河上店市,浙江萧山市河上店市,村镇,1911,1911,,,,hvd_139771,29.94631,120.15728
2514,CN330109,CN330109,荏山庄,浙江萧山市长山镇,村镇,1911,1911,,,,hvd_139781,30.188066,120.30349
2515,CN330109,CN330109,萧山县,治今浙江萧山市,县,1911,1911,,,,hvd_121673,30.16149,120.25893
2516,CN330109,CN330109,龛山镇,浙江萧山市坎山镇,村镇,1911,1911,,,,hvd_139782,30.192154,120.399704
2517,CN330111,CN330111,富春县,浙江富阳县城西北隅,县,-201,13,新建,更名,,hvd_40086,30.053434,119.947754
2518,CN330111,CN330111,诛岁县,浙江富阳县城西北隅,县,14,22,更名,更名,,hvd_40087,30.053434,119.947754
2519,CN330111,CN330111,富春县,浙江富阳县城西北隅,县,23,225,更名,迁移治所,,hvd_40088,30.053434,119.947754
2520,CN330111,CN330111,新城县,浙江富阳市西南新登镇,县,225,227,新建,撤销,,hvd_40119,29.970999,119.72395
2521,CN330111,CN330111,富春县,浙江富春县北十八里高桥镇,县,226,227,迁移治所,迁移治所,,hvd_40089,30.09357,119.93725
2522,CN330111,CN330111,富春县,浙江富阳县城西北隅,县,228,371,迁移治所,更名,,hvd_40090,30.053434,119.947754
2523,CN330111,CN330111,新城县,浙江富阳市西南新登镇,县,334,588,新建,撤销,,hvd_40120,29.970999,119.72395
2524,CN330111,CN330111,富阳县,浙江富阳县城西北隅,县,372,1911,更名,数据下限,,hvd_40092,30.053434,119.947754
2525,CN330111,CN330111,新城县,浙江富阳市西南新登镇,县,682,906,新建,更名,,hvd_40121,29.970999,119.72395
2526,CN330111,CN330111,新登县,浙江富阳市西南新登镇,县,907,978,更名,更名,,hvd_40122,29.970999,119.72395
2527,CN330111,CN330111,新城县,浙江富阳市西南新登镇,县,979,1911,更名,数据下限,,hvd_40123,29.970999,119.72395
2528,CN330111,CN330111,昭德县,浙江富阳市西南新登镇西北五十里,县,994,994,新建,更名,,hvd_40124,30.029505,119.62097
2529,CN330111,CN330111,南新县,浙江富阳市西南新登镇西北五十里,县,995,1071,更名,撤销,,hvd_40125,30.029505,119.62097
2530,CN330111,CN330111,三溪,浙江富阳县新登镇西北三溪,村镇,1820,1820,,,,hvd_23497,30.039484,119.61552
2531,CN330111,CN330111,东梓,浙江富阳县西南东梓,村镇,1820,1820,,,,hvd_23501,29.886871,119.82213
2532,CN330111,CN330111,何村,浙江富阳县新登镇西北何村,村镇,1820,1820,,,,hvd_23493,30.04086,119.541306
2533,CN330111,CN330111,太平,浙江富阳县西南太平,村镇,1820,1820,,,,hvd_23507,29.995796,119.93516
2534,CN330111,CN330111,巨龙,浙江富阳县巨龙,村镇,1820,1820,,,,hvd_23616,30.031666,119.52503
2535,CN330111,CN330111,庙山,浙江富阳县东北庙山坞,村镇,1820,1820,,,,hvd_23508,30.091442,120.00786
2536,CN330111,CN330111,延德,浙江富阳县延德,村镇,1820,1820,,,,hvd_23615,30.027987,119.56843
2537,CN330111,CN330111,新店,浙江富阳县西南新店,村镇,1820,1820,,,,hvd_23505,29.92774,119.83317
2538,CN330111,CN330111,望仙,浙江富阳县东南望仙坂,村镇,1820,1820,,,,hvd_23506,30.004995,120.01111
2539,CN330111,CN330111,松溪镇,浙江富阳县新登镇东北松溪,村镇,1820,1820,,,,hvd_23491,30.004835,119.75183
2540,CN330111,CN330111,汤家埠,浙江富阳县西南汤家埠,村镇,1820,1820,,,,hvd_23500,29.966368,119.89393
2541,CN330111,CN330111,洋波,浙江富阳县南,村镇,1820,1820,,,,hvd_23504,30.009592,119.9471
2542,CN330111,CN330111,洞桥镇,浙江富阳县新登镇西北洞桥镇,村镇,1820,1820,,,,hvd_23490,30.080406,119.58579
2543,CN330111,CN330111,渌川镇,浙江富阳县新登镇南渌渚镇,村镇,1820,1820,,,,hvd_23489,29.918543,119.72141
2544,CN330111,CN330111,渔山埠,浙江富阳县东渔山,村镇,1820,1820,,,,hvd_23499,30.047297,120.05994
2545,CN330111,CN330111,湘溪,浙江富阳县湘溪乡（王家）西北湘溪,村镇,1820,1820,,,,hvd_23495,30.091442,119.68344
2546,CN330111,CN330111,灵桥,浙江富阳县东南灵桥,村镇,1820,1820,,,,hvd_23503,30.02729,120.02734
2547,CN330111,CN330111,田坂,浙江富阳县新登镇西北田坂,村镇,1820,1820,,,,hvd_23492,30.115355,119.48597
2548,CN330111,CN330111,百丈村,浙江富阳县新登镇南百丈,村镇,1820,1820,,,,hvd_23488,29.945215,119.73552
2549,CN330111,CN330111,胥口,浙江富阳县新登镇西胥口,村镇,1820,1820,,,,hvd_23498,29.988441,119.67042
2550,CN330111,CN330111,董湾,浙江富阳县新登镇南董湾,村镇,1820,1820,,,,hvd_23494,29.901989,119.73552
2551,CN330111,CN330111,长盘,浙江富阳县新登镇北长盘殿,村镇,1820,1820,,,,hvd_23496,30.027987,119.71056
2552,CN330111,CN330111,三溪,浙江富阳县新登镇西北三溪,村镇,1911,1911,,,,hvd_138754,30.039484,119.61552
2553,CN330111,CN330111,东梓,浙江富阳县西南东梓,村镇,1911,1911,,,,hvd_138758,29.886871,119.82213
2554,CN330111,CN330111,何村,浙江富阳县新登镇西北何村,村镇,1911,1911,,,,hvd_138750,30.04086,119.541306
2555,CN330111,CN330111,太平,浙江富阳县西南太平,村镇,1911,1911,,,,hvd_138764,29.995796,119.93516
2556,CN330111,CN330111,巨龙,浙江富阳县巨龙,村镇,1911,1911,,,,hvd_138872,30.031666,119.52503
2557,CN330111,CN330111,庙山,浙江富阳县东北庙山坞,村镇,1911,1911,,,,hvd_138765,30.091442,120.00786
2558,CN330111,CN330111,延德,浙江富阳县延德,村镇,1911,1911,,,,hvd_138871,30.027987,119.56843
2559,CN330111,CN330111,新店,浙江富阳县西南新店,村镇,1911,1911,,,,hvd_138762,29.92774,119.83317
2560,CN330111,CN330111,望仙,浙江富阳县东南望仙坂,村镇,1911,1911,,,,hvd_138763,30.004995,120.01111
2561,CN330111,CN330111,松溪镇,浙江富阳县新登镇东北松溪,村镇,1911,1911,,,,hvd_138748,30.004835,119.75183
2562,CN330111,CN330111,汤家埠,浙江富阳县西南汤家埠,村镇,1911,1911,,,,hvd_138757,29.966368,119.89393
2563,CN330111,CN330111,洋波,浙江富阳县南,村镇,1911,1911,,,,hvd_138761,30.009592,119.9471
2564,CN330111,CN330111,洞桥镇,浙江富阳县新登镇西北洞桥镇,村镇,1911,1911,,,,hvd_138747,30.080406,119.58579
2565,CN330111,CN330111,渌川镇,浙江富阳县新登镇南渌渚镇,村镇,1911,1911,,,,hvd_138746,29.918543,119.72141
2566,CN330111,CN330111,渔山埠,浙江富阳县东渔山,村镇,1911,1911,,,,hvd_138756,30.047297,120.05994
2567,CN330111,CN330111,湘溪,浙江富阳县湘溪乡（王家）西北湘溪,村镇,1911,1911,,,,hvd_138752,30.091442,119.68344
2568,CN330111,CN330111,灵桥,浙江富阳县东南灵桥,村镇,1911,1911,,,,hvd_138760,30.02729,120.02734
2569,CN330111,CN330111,田坂,浙江富阳县新登镇西北田坂,村镇,1911,1911,,,,hvd_138749,30.115355,119.48597
2570,CN330111,CN330111,百丈村,浙江富阳县新登镇南百丈,村镇,1911,1911,,,,hvd_138745,29.945215,119.73552
2571,CN330111,CN330111,胥口,浙江富阳县新登镇西胥口,村镇,1911,1911,,,,hvd_138755,29.988441,119.67042
2572,CN330111,CN330111,董湾,浙江富阳县新登镇南董湾,村镇,1911,1911,,,,hvd_138751,29.901989,119.73552
2573,CN330111,CN330111,长盘,浙江富阳县新登镇北长盘殿,村镇,1911,1911,,,,hvd_138753,30.027987,119.71056
2574,CN330122,CN330122,桐庐县,治今浙江桐庐县西南二十五里,县,225,588,新建,撤销,,hvd_40812,29.741302,119.63426
2575,CN330122,CN330122,桐庐县,治今浙江桐庐县西北旧县,县,603,737,新建,迁移治所,,hvd_40813,29.804697,119.626945
2576,CN330122,CN330122,严州,浙江桐庐县西北旧县,州,621,623,新建,撤销,,hvd_32209,29.804697,119.626945
2577,CN330122,CN330122,分水县,治今浙江桐庐县西北分水镇,县,621,623,新建,撤销,,hvd_40797,29.92337,119.43347
2578,CN330122,CN330122,武盛县,治今浙江桐庐县西北分水镇,县,692,704,新建,更名,,hvd_40798,29.92337,119.43347
2579,CN330122,CN330122,分水县,治今浙江桐庐县西北分水镇,县,705,1911,更名,数据下限,,hvd_40799,29.92337,119.43347
2580,CN330122,CN330122,桐庐县,治今浙江桐庐县西钟山乡城下村,县,738,738,迁移治所,迁移治所,,hvd_40814,29.755054,119.52445
2581,CN330122,CN330122,桐庐县,治今浙江桐庐县,县,739,1911,迁移治所,数据下限,,hvd_40815,29.802458,119.66494
2582,CN330122,CN330122,昭德县,治今浙江桐庐县西北合村,县,763,770,新建,撤销,,hvd_40800,29.943026,119.31247
2583,CN330122,CN330122,上航埠,浙江桐庐县上航埠,村镇,1820,1820,,,,hvd_23554,29.797146,119.6791
2584,CN330122,CN330122,下航埠,浙江桐庐县富春江东岸,村镇,1820,1820,,,,hvd_23560,29.806341,119.69646
2585,CN330122,CN330122,东辉,浙江桐庐县东辉,村镇,1820,1820,,,,hvd_23606,29.844969,119.28199
2586,CN330122,CN330122,何宋,浙江桐庐县何宋,村镇,1820,1820,,,,hvd_23600,29.892794,119.47512
2587,CN330122,CN330122,儒桥,浙江桐庐县儒桥,村镇,1820,1820,,,,hvd_23601,29.895552,119.389404
2588,CN330122,CN330122,前山,浙江桐庐县前山,村镇,1820,1820,,,,hvd_23607,29.804502,119.332985
2589,CN330122,CN330122,半坑,浙江桐庐县半坑,村镇,1820,1820,,,,hvd_23599,29.968206,119.53588
2590,CN330122,CN330122,吴村铺,浙江桐庐县分水镇东,村镇,1820,1820,,,,hvd_23596,29.93418,119.47946
2591,CN330122,CN330122,城下村,浙江桐庐县城下,村镇,1820,1820,,,,hvd_23551,29.751162,119.51309
2592,CN330122,CN330122,尖山,浙江桐庐县尖山村,村镇,1820,1820,,,,hvd_23556,29.822897,119.63461
2593,CN330122,CN330122,智明,浙江桐庐县智明,村镇,1820,1820,,,,hvd_23608,29.761276,119.317795
2594,CN330122,CN330122,杨村,浙江桐庐县杨村,村镇,1820,1820,,,,hvd_23602,29.872559,119.37096
2595,CN330122,CN330122,查村,浙江桐庐县查村,村镇,1820,1820,,,,hvd_23603,29.819218,119.438225
2596,CN330122,CN330122,柴埠市,浙江桐庐县柴埠镇,村镇,1820,1820,,,,hvd_23550,29.84129,119.75179
2597,CN330122,CN330122,歌舞,浙江桐庐县,村镇,1820,1820,,,,hvd_23604,29.78427,119.41544
2598,CN330122,CN330122,毕浦,浙江桐庐县毕浦,村镇,1820,1820,,,,hvd_23597,29.936304,119.51516
2599,CN330122,CN330122,沙潭,浙江桐庐县沙潭,村镇,1820,1820,,,,hvd_23617,29.92774,119.61942
2600,CN330122,CN330122,河湾埠,浙江桐庐县河湾埠,村镇,1820,1820,,,,hvd_23553,29.768635,119.66283
2601,CN330122,CN330122,渡济铺,浙江桐庐县渡济,村镇,1820,1820,,,,hvd_23555,29.77783,119.64872
2602,CN330122,CN330122,潘坂,浙江桐庐县潘坂,村镇,1820,1820,,,,hvd_23605,29.755758,119.45125
2603,CN330122,CN330122,白峰,浙江桐庐县白峰岭,村镇,1820,1820,,,,hvd_23557,29.87164,119.69429
2604,CN330122,CN330122,白桥,浙江桐庐县白桥,村镇,1820,1820,,,,hvd_23552,29.827496,119.66499
2605,CN330122,CN330122,砖山,浙江桐庐县砖山,村镇,1820,1820,,,,hvd_23614,29.970966,119.41002
2606,CN330122,CN330122,窄溪市,浙江桐庐县窄溪市,村镇,1820,1820,,,,hvd_23734,29.867195,119.773346
2607,CN330122,CN330122,童家,浙江桐庐县童家,村镇,1820,1820,,,,hvd_23598,29.941538,119.58145
2608,CN330122,CN330122,袁阐,浙江桐庐县元川,村镇,1820,1820,,,,hvd_23558,29.898312,119.5847
2609,CN330122,CN330122,诸家,浙江桐庐县诸家,村镇,1820,1820,,,,hvd_23611,29.89739,119.24835
2610,CN330122,CN330122,里范,浙江桐庐县里范,村镇,1820,1820,,,,hvd_23613,29.992119,119.33949
2611,CN330122,CN330122,陈村,浙江桐庐县陈村,村镇,1820,1820,,,,hvd_23612,29.952574,119.34275
2612,CN330122,CN330122,鸬鹚埠,浙江桐庐县芦茨,村镇,1820,1820,,,,hvd_23559,29.69046,119.6715
2613,CN330122,CN330122,黄山埠,浙江桐庐县横山埠,村镇,1820,1820,,,,hvd_23561,29.87624,119.80821
2614,CN330122,CN330122,上航埠,浙江桐庐县上航埠,村镇,1911,1911,,,,hvd_138810,29.797146,119.6791
2615,CN330122,CN330122,下航埠,浙江桐庐县富春江东岸,村镇,1911,1911,,,,hvd_138816,29.806341,119.69646
2616,CN330122,CN330122,东辉,浙江桐庐县东辉,村镇,1911,1911,,,,hvd_138862,29.844969,119.28199
2617,CN330122,CN330122,何宋,浙江桐庐县何宋,村镇,1911,1911,,,,hvd_138856,29.892794,119.47512
2618,CN330122,CN330122,儒桥,浙江桐庐县儒桥,村镇,1911,1911,,,,hvd_138857,29.895552,119.389404
2619,CN330122,CN330122,前山,浙江桐庐县前山,村镇,1911,1911,,,,hvd_138863,29.804502,119.332985
2620,CN330122,CN330122,半坑,浙江桐庐县半坑,村镇,1911,1911,,,,hvd_138855,29.968206,119.53588
2621,CN330122,CN330122,吴村铺,浙江桐庐县分水镇东,村镇,1911,1911,,,,hvd_138852,29.93418,119.47946
2622,CN330122,CN330122,城下村,浙江桐庐县城下,村镇,1911,1911,,,,hvd_138807,29.751162,119.51309
2623,CN330122,CN330122,尖山,浙江桐庐县尖山村,村镇,1911,1911,,,,hvd_138812,29.822897,119.63461
2624,CN330122,CN330122,智明,浙江桐庐县智明,村镇,1911,1911,,,,hvd_138864,29.761276,119.317795
2625,CN330122,CN330122,杨村,浙江桐庐县杨村,村镇,1911,1911,,,,hvd_138858,29.872559,119.37096
2626,CN330122,CN330122,查村,浙江桐庐县查村,村镇,1911,1911,,,,hvd_138859,29.819218,119.438225
2627,CN330122,CN330122,柴埠市,浙江桐庐县柴埠镇,村镇,1911,1911,,,,hvd_138806,29.84129,119.75179
2628,CN330122,CN330122,歌舞,浙江桐庐县,村镇,1911,1911,,,,hvd_138860,29.78427,119.41544
2629,CN330122,CN330122,毕浦,浙江桐庐县毕浦,村镇,1911,1911,,,,hvd_138853,29.936304,119.51516
2630,CN330122,CN330122,沙潭,浙江桐庐县沙潭,村镇,1911,1911,,,,hvd_138873,29.92774,119.61942
2631,CN330122,CN330122,河湾埠,浙江桐庐县河湾埠,村镇,1911,1911,,,,hvd_138809,29.768635,119.66283
2632,CN330122,CN330122,渡济铺,浙江桐庐县渡济,村镇,1911,1911,,,,hvd_138811,29.77783,119.64872
2633,CN330122,CN330122,潘坂,浙江桐庐县潘坂,村镇,1911,1911,,,,hvd_138861,29.755758,119.45125
2634,CN330122,CN330122,白峰,浙江桐庐县白峰岭,村镇,1911,1911,,,,hvd_138813,29.87164,119.69429
2635,CN330122,CN330122,白桥,浙江桐庐县白桥,村镇,1911,1911,,,,hvd_138808,29.827496,119.66499
2636,CN330122,CN330122,砖山,浙江桐庐县砖山,村镇,1911,1911,,,,hvd_138870,29.970966,119.41002
2637,CN330122,CN330122,窄溪市,浙江桐庐县窄溪市,村镇,1911,1911,,,,hvd_138987,29.867195,119.773346
2638,CN330122,CN330122,童家,浙江桐庐县童家,村镇,1911,1911,,,,hvd_138854,29.941538,119.58145
2639,CN330122,CN330122,袁阐,浙江桐庐县元川,村镇,1911,1911,,,,hvd_138814,29.898312,119.5847
2640,CN330122,CN330122,诸家,浙江桐庐县诸家,村镇,1911,1911,,,,hvd_138867,29.89739,119.24835
2641,CN330122,CN330122,里范,浙江桐庐县里范,村镇,1911,1911,,,,hvd_138869,29.992119,119.33949
2642,CN330122,CN330122,陈村,浙江桐庐县陈村,村镇,1911,1911,,,,hvd_138868,29.952574,119.34275
2643,CN330122,CN330122,鸬鹚埠,浙江桐庐县芦茨,村镇,1911,1911,,,,hvd_138815,29.69046,119.6715
2644,CN330122,CN330122,黄山埠,浙江桐庐县横山埠,村镇,1911,1911,,,,hvd_138817,29.87624,119.80821
2645,CN330182,CN330182,建德县,治今浙江建德县东梅城镇,县,225,588,新建,撤销,,hvd_40801,29.544481,119.498856
2646,CN330182,CN330182,新昌县,治今浙江建德县西南26公里古城山,县,225,279,新建,更名,,hvd_40816,29.307032,119.09532
2647,CN330182,CN330182,寿昌县,治今浙江建德县西南26公里古城山,县,280,588,更名,撤销,,hvd_40817,29.307032,119.09532
2648,CN330182,CN330182,建德县,治今浙江建德县东梅城镇,县,621,623,新建,撤销,,hvd_40802,29.544481,119.498856
2649,CN330182,CN330182,建德县,治今浙江建德县东梅城镇,县,683,1911,新建,数据下限,,hvd_40803,29.544481,119.498856
2650,CN330182,CN330182,寿昌县,治今浙江建德县西南26公里古城山,县,689,689,新建,撤销,,hvd_40818,29.307032,119.09532
2651,CN330182,CN330182,睦州,浙江建德县东梅城镇,州,697,741,,,,hvd_111089,29.54448,119.49886
2652,CN330182,CN330182,寿昌县,治今浙江建德县西南寿昌镇,县,705,1911,新建,数据下限,,hvd_40819,29.369589,119.219635
2653,CN330182,CN330182,新定郡,浙江建德县东梅城镇,郡,742,757,更名和迁移治所,更名,,hvd_32197,29.544481,119.498856
2654,CN330182,CN330182,睦州,浙江建德县东梅城镇,州,758,1120,更名,更名,,hvd_32196,29.544481,119.498856
2655,CN330182,CN330182,睦州都团练观察处置使,浙江省杭州市建德市,防镇,905,977,,,,hvd_30092,29.54448,119.49886
2656,CN330182,CN330182,严州,浙江建德县东梅城镇,州,1121,1264,更名,更名,,hvd_32175,29.544481,119.498856
2657,CN330182,CN330182,建德府,浙江建德县东梅城镇,府,1265,1276,更名,更名,,hvd_32174,29.544481,119.498856
2658,CN330182,CN330182,建安府,浙江建德县东梅城镇,府,1358,1358,更名,更名,,hvd_32172,29.544481,119.498856
2659,CN330182,CN330182,建德府,浙江建德县东梅城镇,府,1359,1361,更名,更名,,hvd_32171,29.544481,119.498856
2660,CN330182,CN330182,严州府,浙江建德县东梅城镇,府,1362,1911,更名,数据下限,,hvd_32164,29.544481,119.498856
2661,CN330182,CN330182,三河关,浙江建德县三河,村镇,1820,1820,,,,hvd_23687,29.36857,119.509834
2662,CN330182,CN330182,下包村,浙江建德县下包,村镇,1820,1820,,,,hvd_23694,29.686829,119.4813
2663,CN330182,CN330182,乌石,浙江建德县乌石,村镇,1820,1820,,,,hvd_23573,29.317987,119.24835
2664,CN330182,CN330182,倪村,浙江建德县倪村,村镇,1820,1820,,,,hvd_23699,29.5801,119.36445
2665,CN330182,CN330182,冷水村,浙江建德县冷水,村镇,1820,1820,,,,hvd_23691,29.650915,119.64764
2666,CN330182,CN330182,劳村,浙江建德县劳村,村镇,1820,1820,,,,hvd_23568,29.310629,119.071495
2667,CN330182,CN330182,南山,浙江建德县南山,村镇,1820,1820,,,,hvd_23571,29.376846,119.086685
2668,CN330182,CN330182,周村,浙江建德县周村,村镇,1820,1820,,,,hvd_23576,29.398,119.18108
2669,CN330182,CN330182,太洲村,浙江建德县大洲,村镇,1820,1820,,,,hvd_23710,29.671146,119.34166
2670,CN330182,CN330182,安仁村,浙江建德县安仁,村镇,1820,1820,,,,hvd_23711,29.663792,119.605316
2671,CN330182,CN330182,戴家村,浙江建德县戴家,村镇,1820,1820,,,,hvd_23700,29.596012,119.28262
2672,CN330182,CN330182,新市镇,浙江建德县更楼镇西,村镇,1820,1820,,,,hvd_23562,29.43203,119.25161
2673,CN330182,CN330182,曲斗,浙江建德县曲斗村,村镇,1820,1820,,,,hvd_23566,29.266485,119.162636
2674,CN330182,CN330182,杨村,浙江建德县杨村,村镇,1820,1820,,,,hvd_23713,29.445824,119.42955
2675,CN330182,CN330182,桃村,浙江建德县桃村,村镇,1820,1820,,,,hvd_23709,29.54769,119.69796
2676,CN330182,CN330182,横坞口村,浙江建德县前源,村镇,1820,1820,,,,hvd_23707,29.475252,119.62702
2677,CN330182,CN330182,洋尾庄,浙江建德县洋尾,村镇,1820,1820,,,,hvd_23706,29.499165,119.54022
2678,CN330182,CN330182,洋溪村,浙江建德县洋溪镇,村镇,1820,1820,,,,hvd_23698,29.510084,119.306496
2679,CN330182,CN330182,洪岭庄,浙江建德县洪岭,村镇,1820,1820,,,,hvd_23715,29.525837,119.65089
2680,CN330182,CN330182,洪村,浙江建德县洪村,村镇,1820,1820,,,,hvd_23697,29.640797,119.348175
2681,CN330182,CN330182,淤堨,浙江建德县淤堨,村镇,1820,1820,,,,hvd_23564,29.400759,119.23859
2682,CN330182,CN330182,清溪村,浙江建德县清溪,村镇,1820,1820,,,,hvd_23714,29.643557,119.4187
2683,CN330182,CN330182,白沙村,浙江建德县白沙,村镇,1820,1820,,,,hvd_23702,29.463297,119.27005
2684,CN330182,CN330182,石泉,浙江建德县石泉,村镇,1820,1820,,,,hvd_23565,29.389723,119.27873
2685,CN330182,CN330182,祝家,浙江建德县祝家,村镇,1820,1820,,,,hvd_23567,29.274761,119.06607
2686,CN330182,CN330182,禹田,浙江建德县禹田,村镇,1820,1820,,,,hvd_23569,29.272003,119.02158
2687,CN330182,CN330182,罗村,浙江建德县罗村,村镇,1820,1820,,,,hvd_23695,29.717934,119.39506
2688,CN330182,CN330182,胡村,浙江建德县胡村,村镇,1820,1820,,,,hvd_23572,29.33822,119.129
2689,CN330182,CN330182,郑村,浙江建德县郑家,村镇,1820,1820,,,,hvd_23701,29.452261,119.2017
2690,CN330182,CN330182,里何庄,浙江建德县里何,村镇,1820,1820,,,,hvd_23688,29.625162,119.47729
2691,CN330182,CN330182,长林,浙江建德县长林,村镇,1820,1820,,,,hvd_23570,29.304192,118.99012
2692,CN330182,CN330182,马目庄,浙江建德县马目,村镇,1820,1820,,,,hvd_23704,29.498247,119.3829
2693,CN330182,CN330182,高岭村,浙江建德县高岭,村镇,1820,1820,,,,hvd_23712,29.539633,119.25594
2694,CN330182,CN330182,麻车,浙江建德县麻车岗,村镇,1820,1820,,,,hvd_23574,29.30971,119.32213
2695,CN330182,CN330182,麻车庄,浙江建德县麻车,村镇,1820,1820,,,,hvd_23705,29.418234,119.54565
2696,CN330182,CN330182,三河关,浙江建德县三河,村镇,1911,1911,,,,hvd_138941,29.36857,119.509834
2697,CN330182,CN330182,下包村,浙江建德县下包,村镇,1911,1911,,,,hvd_138948,29.686829,119.4813
2698,CN330182,CN330182,乌石,浙江建德县乌石,村镇,1911,1911,,,,hvd_138829,29.317987,119.24835
2699,CN330182,CN330182,倪村,浙江建德县倪村,村镇,1911,1911,,,,hvd_138953,29.5801,119.36445
2700,CN330182,CN330182,冷水村,浙江建德县冷水,村镇,1911,1911,,,,hvd_138945,29.650915,119.64764
2701,CN330182,CN330182,劳村,浙江建德县劳村,村镇,1911,1911,,,,hvd_138824,29.310629,119.071495
2702,CN330182,CN330182,南山,浙江建德县南山,村镇,1911,1911,,,,hvd_138827,29.376846,119.086685
2703,CN330182,CN330182,周村,浙江建德县周村,村镇,1911,1911,,,,hvd_138832,29.398,119.18108
2704,CN330182,CN330182,太洲村,浙江建德县大洲,村镇,1911,1911,,,,hvd_138964,29.671146,119.34166
2705,CN330182,CN330182,安仁村,浙江建德县安仁,村镇,1911,1911,,,,hvd_138965,29.663792,119.605316
2706,CN330182,CN330182,戴家村,浙江建德县戴家,村镇,1911,1911,,,,hvd_138954,29.596012,119.28262
2707,CN330182,CN330182,新市镇,浙江建德县更楼镇西,村镇,1911,1911,,,,hvd_138818,29.43203,119.25161
2708,CN330182,CN330182,曲斗,浙江建德县曲斗村,村镇,1911,1911,,,,hvd_138822,29.266485,119.162636
2709,CN330182,CN330182,杨村,浙江建德县杨村,村镇,1911,1911,,,,hvd_138967,29.445824,119.42955
2710,CN330182,CN330182,桃村,浙江建德县桃村,村镇,1911,1911,,,,hvd_138963,29.54769,119.69796
2711,CN330182,CN330182,横坞口村,浙江建德县前源,村镇,1911,1911,,,,hvd_138961,29.475252,119.62702
2712,CN330182,CN330182,洋尾庄,浙江建德县洋尾,村镇,1911,1911,,,,hvd_138960,29.499165,119.54022
2713,CN330182,CN330182,洋溪村,浙江建德县洋溪镇,村镇,1911,1911,,,,hvd_138952,29.510084,119.306496
2714,CN330182,CN330182,洪岭庄,浙江建德县洪岭,村镇,1911,1911,,,,hvd_138969,29.525837,119.65089
2715,CN330182,CN330182,洪村,浙江建德县洪村,村镇,1911,1911,,,,hvd_138951,29.640797,119.348175
2716,CN330182,CN330182,淤堨,浙江建德县淤堨,村镇,1911,1911,,,,hvd_138820,29.400759,119.23859
2717,CN330182,CN330182,清溪村,浙江建德县清溪,村镇,1911,1911,,,,hvd_138968,29.643557,119.4187
2718,CN330182,CN330182,白沙村,浙江建德县白沙,村镇,1911,1911,,,,hvd_138956,29.463297,119.27005
2719,CN330182,CN330182,石泉,浙江建德县石泉,村镇,1911,1911,,,,hvd_138821,29.389723,119.27873
2720,CN330182,CN330182,祝家,浙江建德县祝家,村镇,1911,1911,,,,hvd_138823,29.274761,119.06607
2721,CN330182,CN330182,禹田,浙江建德县禹田,村镇,1911,1911,,,,hvd_138825,29.272003,119.02158
2722,CN330182,CN330182,罗村,浙江建德县罗村,村镇,1911,1911,,,,hvd_138949,29.717934,119.39506
2723,CN330182,CN330182,胡村,浙江建德县胡村,村镇,1911,1911,,,,hvd_138828,29.33822,119.129
2724,CN330182,CN330182,郑村,浙江建德县郑家,村镇,1911,1911,,,,hvd_138955,29.452261,119.2017
2725,CN330182,CN330182,里何庄,浙江建德县里何,村镇,1911,1911,,,,hvd_138942,29.625162,119.47729
2726,CN330182,CN330182,长林,浙江建德县长林,村镇,1911,1911,,,,hvd_138826,29.304192,118.99012
2727,CN330182,CN330182,马目庄,浙江建德县马目,村镇,1911,1911,,,,hvd_138958,29.498247,119.3829
2728,CN330182,CN330182,高岭村,浙江建德县高岭,村镇,1911,1911,,,,hvd_138966,29.539633,119.25594
2729,CN330182,CN330182,麻车,浙江建德县麻车岗,村镇,1911,1911,,,,hvd_138830,29.30971,119.32213
2730,CN330182,CN330182,麻车庄,浙江建德县麻车,村镇,1911,1911,,,,hvd_138959,29.418234,119.54565
2731,CN330182109,CN330182,建德县,治今浙江建德县东梅城镇,县,225,588,新建,撤销,,hvd_40801,29.544481,119.498856
2732,CN330182109,CN330182,新昌县,治今浙江建德县西南26公里古城山,县,225,279,新建,更名,,hvd_40816,29.307032,119.09532
2733,CN330182109,CN330182,寿昌县,治今浙江建德县西南26公里古城山,县,280,588,更名,撤销,,hvd_40817,29.307032,119.09532
2734,CN330182109,CN330182,建德县,治今浙江建德县东梅城镇,县,621,623,新建,撤销,,hvd_40802,29.544481,119.498856
2735,CN330182109,CN330182,建德县,治今浙江建德县东梅城镇,县,683,1911,新建,数据下限,,hvd_40803,29.544481,119.498856
2736,CN330182109,CN330182,寿昌县,治今浙江建德县西南26公里古城山,县,689,689,新建,撤销,,hvd_40818,29.307032,119.09532
2737,CN330182109,CN330182,睦州,浙江建德县东梅城镇,州,697,741,,,,hvd_111089,29.54448,119.49886
2738,CN330182109,CN330182,寿昌县,治今浙江建德县西南寿昌镇,县,705,1911,新建,数据下限,,hvd_40819,29.369589,119.219635
2739,CN330182109,CN330182,新定郡,浙江建德县东梅城镇,郡,742,757,更名和迁移治所,更名,,hvd_32197,29.544481,119.498856
2740,CN330182109,CN330182,睦州,浙江建德县东梅城镇,州,758,1120,更名,更名,,hvd_32196,29.544481,119.498856
2741,CN330182109,CN330182,睦州都团练观察处置使,浙江省杭州市建德市,防镇,905,977,,,,hvd_30092,29.54448,119.49886
2742,CN330182109,CN330182,严州,浙江建德县东梅城镇,州,1121,1264,更名,更名,,hvd_32175,29.544481,119.498856
2743,CN330182109,CN330182,建德府,浙江建德县东梅城镇,府,1265,1276,更名,更名,,hvd_32174,29.544481,119.498856
2744,CN330182109,CN330182,建安府,浙江建德县东梅城镇,府,1358,1358,更名,更名,,hvd_32172,29.544481,119.498856
2745,CN330182109,CN330182,建德府,浙江建德县东梅城镇,府,1359,1361,更名,更名,,hvd_32171,29.544481,119.498856
2746,CN330182109,CN330182,严州府,浙江建德县东梅城镇,府,1362,1911,更名,数据下限,,hvd_32164,29.544481,119.498856
2747,CN330182109,CN330182,三河关,浙江建德县三河,村镇,1820,1820,,,,hvd_23687,29.36857,119.509834
2748,CN330182109,CN330182,下包村,浙江建德县下包,村镇,1820,1820,,,,hvd_23694,29.686829,119.4813
2749,CN330182109,CN330182,乌石,浙江建德县乌石,村镇,1820,1820,,,,hvd_23573,29.317987,119.24835
2750,CN330182109,CN330182,倪村,浙江建德县倪村,村镇,1820,1820,,,,hvd_23699,29.5801,119.36445
2751,CN330182109,CN330182,冷水村,浙江建德县冷水,村镇,1820,1820,,,,hvd_23691,29.650915,119.64764
2752,CN330182109,CN330182,劳村,浙江建德县劳村,村镇,1820,1820,,,,hvd_23568,29.310629,119.071495
2753,CN330182109,CN330182,南山,浙江建德县南山,村镇,1820,1820,,,,hvd_23571,29.376846,119.086685
2754,CN330182109,CN330182,周村,浙江建德县周村,村镇,1820,1820,,,,hvd_23576,29.398,119.18108
2755,CN330182109,CN330182,太洲村,浙江建德县大洲,村镇,1820,1820,,,,hvd_23710,29.671146,119.34166
2756,CN330182109,CN330182,安仁村,浙江建德县安仁,村镇,1820,1820,,,,hvd_23711,29.663792,119.605316
2757,CN330182109,CN330182,戴家村,浙江建德县戴家,村镇,1820,1820,,,,hvd_23700,29.596012,119.28262
2758,CN330182109,CN330182,新市镇,浙江建德县更楼镇西,村镇,1820,1820,,,,hvd_23562,29.43203,119.25161
2759,CN330182109,CN330182,曲斗,浙江建德县曲斗村,村镇,1820,1820,,,,hvd_23566,29.266485,119.162636
2760,CN330182109,CN330182,杨村,浙江建德县杨村,村镇,1820,1820,,,,hvd_23713,29.445824,119.42955
2761,CN330182109,CN330182,桃村,浙江建德县桃村,村镇,1820,1820,,,,hvd_23709,29.54769,119.69796
2762,CN330182109,CN330182,横坞口村,浙江建德县前源,村镇,1820,1820,,,,hvd_23707,29.475252,119.62702
2763,CN330182109,CN330182,洋尾庄,浙江建德县洋尾,村镇,1820,1820,,,,hvd_23706,29.499165,119.54022
2764,CN330182109,CN330182,洋溪村,浙江建德县洋溪镇,村镇,1820,1820,,,,hvd_23698,29.510084,119.306496
2765,CN330182109,CN330182,洪岭庄,浙江建德县洪岭,村镇,1820,1820,,,,hvd_23715,29.525837,119.65089
2766,CN330182109,CN330182,洪村,浙江建德县洪村,村镇,1820,1820,,,,hvd_23697,29.640797,119.348175
2767,CN330182109,CN330182,淤堨,浙江建德县淤堨,村镇,1820,1820,,,,hvd_23564,29.400759,119.23859
2768,CN330182109,CN330182,清溪村,浙江建德县清溪,村镇,1820,1820,,,,hvd_23714,29.643557,119.4187
2769,CN330182109,CN330182,白沙村,浙江建德县白沙,村镇,1820,1820,,,,hvd_23702,29.463297,119.27005
2770,CN330182109,CN330182,石泉,浙江建德县石泉,村镇,1820,1820,,,,hvd_23565,29.389723,119.27873
2771,CN330182109,CN330182,祝家,浙江建德县祝家,村镇,1820,1820,,,,hvd_23567,29.274761,119.06607
2772,CN330182109,CN330182,禹田,浙江建德县禹田,村镇,1820,1820,,,,hvd_23569,29.272003,119.02158
2773,CN330182109,CN330182,罗村,浙江建德县罗村,村镇,1820,1820,,,,hvd_23695,29.717934,119.39506
2774,CN330182109,CN330182,胡村,浙江建德县胡村,村镇,1820,1820,,,,hvd_23572,29.33822,119.129
2775,CN330182109,CN330182,郑村,浙江建德县郑家,村镇,1820,1820,,,,hvd_23701,29.452261,119.2017
2776,CN330182109,CN330182,里何庄,浙江建德县里何,村镇,1820,1820,,,,hvd_23688,29.625162,119.47729
2777,CN330182109,CN330182,长林,浙江建德县长林,村镇,1820,1820,,,,hvd_23570,29.304192,118.99012
2778,CN330182109,CN330182,马目庄,浙江建德县马目,村镇,1820,1820,,,,hvd_23704,29.498247,119.3829
2779,CN330182109,CN330182,高岭村,浙江建德县高岭,村镇,1820,1820,,,,hvd_23712,29.539633,119.25594
2780,CN330182109,CN330182,麻车,浙江建德县麻车岗,村镇,1820,1820,,,,hvd_23574,29.30971,119.32213
2781,CN330182109,CN330182,麻车庄,浙江建德县麻车,村镇,1820,1820,,,,hvd_23705,29.418234,119.54565
2782,CN330182109,CN330182,三河关,浙江建德县三河,村镇,1911,1911,,,,hvd_138941,29.36857,119.509834
2783,CN330182109,CN330182,下包村,浙江建德县下包,村镇,1911,1911,,,,hvd_138948,29.686829,119.4813
2784,CN330182109,CN330182,乌石,浙江建德县乌石,村镇,1911,1911,,,,hvd_138829,29.317987,119.24835
2785,CN330182109,CN330182,倪村,浙江建德县倪村,村镇,1911,1911,,,,hvd_138953,29.5801,119.36445
2786,CN330182109,CN330182,冷水村,浙江建德县冷水,村镇,1911,1911,,,,hvd_138945,29.650915,119.64764
2787,CN330182109,CN330182,劳村,浙江建德县劳村,村镇,1911,1911,,,,hvd_138824,29.310629,119.071495
2788,CN330182109,CN330182,南山,浙江建德县南山,村镇,1911,1911,,,,hvd_138827,29.376846,119.086685
2789,CN330182109,CN330182,周村,浙江建德县周村,村镇,1911,1911,,,,hvd_138832,29.398,119.18108
2790,CN330182109,CN330182,太洲村,浙江建德县大洲,村镇,1911,1911,,,,hvd_138964,29.671146,119.34166
2791,CN330182109,CN330182,安仁村,浙江建德县安仁,村镇,1911,1911,,,,hvd_138965,29.663792,119.605316
2792,CN330182109,CN330182,戴家村,浙江建德县戴家,村镇,1911,1911,,,,hvd_138954,29.596012,119.28262
2793,CN330182109,CN330182,新市镇,浙江建德县更楼镇西,村镇,1911,1911,,,,hvd_138818,29.43203,119.25161
2794,CN330182109,CN330182,曲斗,浙江建德县曲斗村,村镇,1911,1911,,,,hvd_138822,29.266485,119.162636
2795,CN330182109,CN330182,杨村,浙江建德县杨村,村镇,1911,1911,,,,hvd_138967,29.445824,119.42955
2796,CN330182109,CN330182,桃村,浙江建德县桃村,村镇,1911,1911,,,,hvd_138963,29.54769,119.69796
2797,CN330182109,CN330182,横坞口村,浙江建德县前源,村镇,1911,1911,,,,hvd_138961,29.475252,119.62702
2798,CN330182109,CN330182,洋尾庄,浙江建德县洋尾,村镇,1911,1911,,,,hvd_138960,29.499165,119.54022
2799,CN330182109,CN330182,洋溪村,浙江建德县洋溪镇,村镇,1911,1911,,,,hvd_138952,29.510084,119.306496
2800,CN330182109,CN330182,洪岭庄,浙江建德县洪岭,村镇,1911,1911,,,,hvd_138969,29.525837,119.65089
2801,CN330182109,CN330182,洪村,浙江建德县洪村,村镇,1911,1911,,,,hvd_138951,29.640797,119.348175
2802,CN330182109,CN330182,淤堨,浙江建德县淤堨,村镇,1911,1911,,,,hvd_138820,29.400759,119.23859
2803,CN330182109,CN330182,清溪村,浙江建德县清溪,村镇,1911,1911,,,,hvd_138968,29.643557,119.4187
2804,CN330182109,CN330182,白沙村,浙江建德县白沙,村镇,1911,1911,,,,hvd_138956,29.463297,119.27005
2805,CN330182109,CN330182,石泉,浙江建德县石泉,村镇,1911,1911,,,,hvd_138821,29.389723,119.27873
2806,CN330182109,CN330182,祝家,浙江建德县祝家,村镇,1911,1911,,,,hvd_138823,29.274761,119.06607
2807,CN330182109,CN330182,禹田,浙江建德县禹田,村镇,1911,1911,,,,hvd_138825,29.272003,119.02158
2808,CN330182109,CN330182,罗村,浙江建德县罗村,村镇,1911,1911,,,,hvd_138949,29.717934,119.39506
2809,CN330182109,CN330182,胡村,浙江建德县胡村,村镇,1911,1911,,,,hvd_138828,29.33822,119.129
2810,CN330182109,CN330182,郑村,浙江建德县郑家,村镇,1911,1911,,,,hvd_138955,29.452261,119.2017
2811,CN330182109,CN330182,里何庄,浙江建德县里何,村镇,1911,1911,,,,hvd_138942,29.625162,119.47729
2812,CN330182109,CN330182,长林,浙江建德县长林,村镇,1911,1911,,,,hvd_138826,29.304192,118.99012
2813,CN330182109,CN330182,马目庄,浙江建德县马目,村镇,1911,1911,,,,hvd_138958,29.498247,119.3829
2814,CN330182109,CN330182,高岭村,浙江建德县高岭,村镇,1911,1911,,,,hvd_138966,29.539633,119.25594
2815,CN330182109,CN330182,麻车,浙江建德县麻车岗,村镇,1911,1911,,,,hvd_138830,29.30971,119.32213
2816,CN330182109,CN330182,麻车庄,浙江建德县麻车,村镇,1911,1911,,,,hvd_138959,29.418234,119.54565
2817,CN3302,CN3302,明州,浙江宁波市,州,771,1193,迁移治所,更名,,hvd_32169,29.866316,121.542656
2818,CN3302,CN3302,望海县,治今宁波市镇海区,县,909,909,新建,更名,,hvd_40744,29.953701,121.711716
2819,CN3302,CN3302,定海县,治今宁波市镇海区,县,910,1686,更名,更名,,hvd_40745,29.953701,121.711716
2820,CN3302,CN3302,庆元府,浙江宁波市,府,1194,1276,更名,更名,,hvd_32168,29.866316,121.542656
2821,CN3302,CN3302,明州府,浙江宁波市,府,1367,1380,更名,更名,,hvd_32166,29.866316,121.542656
2822,CN3302,CN3302,宁波府,浙江宁波市,府,1381,1911,更名,数据下限,,hvd_32205,29.866316,121.542656
2823,CN3302,CN3302,镇海县,治今宁波市镇海区,县,1687,1911,更名,数据下限,,hvd_40746,29.953701,121.711716
2824,CN3302,CN3302,骆驼桥,浙江宁波市骆驼镇,村镇,1820,1820,,,,hvd_22874,29.980564,121.5828
2825,CN3302,CN3302,五里牌,浙江宁波市五里牌,村镇,1911,1911,,,,hvd_139724,29.934265,121.67477
2826,CN3302,CN3302,团桥市,浙江宁波市团桥市,村镇,1911,1911,,,,hvd_139726,29.96142,121.58165
2827,CN3302,CN3302,宁波府,浙江宁波市,府,1911,1911,,,,hvd_120195,29.86632,121.54266
2828,CN3302,CN3302,徐家堰市,浙江宁波市徐家堰,村镇,1911,1911,,,,,29.958317,121.659996
2829,CN3302,CN3302,汶溪市,浙江宁波市汶溪,村镇,1911,1911,,,,hvd_139612,30.013517,121.49429
2830,CN3302,CN3302,镇海县,治今宁波市镇海区,县,1911,1911,,,,hvd_121698,29.9537,121.71172
2831,CN3302,CN3302,长石桥市,浙江宁波市长石,村镇,1911,1911,,,,hvd_139609,29.986446,121.55101
2832,CN3303,CN3303,东海王国,浙江温州市,王国,-192,-139,新建,撤销,,hvd_32282,28.018291,120.65322
2833,CN3303,CN3303,永宁县,浙江温州市,县,138,322,新建,迁移治所,,hvd_40697,28.018291,120.65322
2834,CN3303,CN3303,永嘉郡,浙江温州市,郡,324,588,迁移治所,撤销,,hvd_32276,28.018291,120.65322
2835,CN3303,CN3303,永宁县,浙江温州市,县,324,588,迁移治所,更名,,hvd_40699,28.018291,120.65322
2836,CN3303,CN3303,永嘉县,浙江温州市,县,589,1911,更名,数据下限,,hvd_40701,28.018291,120.65322
2837,CN3303,CN3303,嘉州,浙江温州市,州,621,621,新建,更名,,hvd_32239,28.018291,120.65322
2838,CN3303,CN3303,东嘉州,浙江温州市,州,622,626,更名,撤销,,hvd_32238,28.018291,120.65322
2839,CN3303,CN3303,温州,浙江温州市,州,674,741,新建,更名,,hvd_32237,28.018291,120.65322
2840,CN3303,CN3303,温州,浙江温州市,州,675,741,,,,hvd_111096,28.01829,120.65322
2841,CN3303,CN3303,永嘉郡,浙江温州市,郡,742,757,更名,更名,,hvd_32236,28.018291,120.65322
2842,CN3303,CN3303,温州,浙江温州市,州,758,1264,更名,更名,,hvd_32235,28.018291,120.65322
2843,CN3303,CN3303,瑞安府,浙江温州市,府,1265,1275,更名,更名,,hvd_32234,28.018291,120.65322
2844,CN3303,CN3303,温州府,浙江温州市,府,1368,1911,更名,数据下限,,hvd_32231,28.018291,120.65322
2845,CN3303,CN3303,永嘉县,浙江温州市,县,1911,1911,,,,,28.018162,120.652824
2846,CN330382,CN330382,大荆营,浙江乐清市大荆镇,村镇,1820,1820,,,,hvd_22765,28.412464,121.14601
2847,CN330382,CN330382,白沙关,,村镇,1820,1820,,,,hvd_22761,28.178085,120.99577
2848,CN330382,CN330382,盘石营,,村镇,1820,1820,,,,hvd_22760,27.98835,120.83158
2849,CN330382,CN330382,蒲歧寨,,村镇,1820,1820,,,,hvd_22762,28.159513,121.04997
2850,CN330382,CN330382,七里村,浙江乐清市七里港镇,村镇,1911,1911,,,,hvd_125554,28.001652,120.88492
2851,CN330382,CN330382,仰根村,浙江乐清市仰根,村镇,1911,1911,,,,hvd_125561,28.165865,120.93907
2852,CN330382,CN330382,双峰村,浙江乐清市双峰,村镇,1911,1911,,,,hvd_125567,28.438774,121.10597
2853,CN330382,CN330382,岐头,浙江乐清市岐头,村镇,1911,1911,,,,hvd_125555,27.986794,120.947945
2854,CN330382,CN330382,庄屋村,浙江乐清市庄屋,村镇,1911,1911,,,,hvd_125565,28.372307,121.00299
2855,CN330382,CN330382,杨川村,浙江乐清市杨川,村镇,1911,1911,,,,hvd_125560,28.213566,120.95594
2856,CN330382,CN330382,田垟村,浙江乐清市田垟,村镇,1911,1911,,,,hvd_125557,28.071245,120.96837
2857,CN330382,CN330382,白溪街,浙江乐清市白溪镇,村镇,1911,1911,,,,hvd_125563,28.347006,121.13355
2858,CN330382,CN330382,白石村,浙江乐清市白石镇,村镇,1911,1911,,,,hvd_125550,28.102303,120.86531
2859,CN330382,CN330382,白象街,浙江乐清市白象镇,村镇,1911,1911,,,,hvd_125552,28.03229,120.848274
2860,CN330382,CN330382,磐石街,浙江乐清市磐石镇,村镇,1911,1911,,,,hvd_125553,27.998524,120.821884
2861,CN330382,CN330382,花坦村,浙江乐清市花坦,村镇,1911,1911,,,,hvd_125566,28.41297,121.07579
2862,CN330424,CN330424,海盐县,浙江海盐县,县,341,588,迁移治所,撤销,,hvd_40071,30.517859,120.93202
2863,CN330424,CN330424,武原郡,浙江海盐县,郡,549,551,新建,撤销,,hvd_32092,30.517859,120.93202
2864,CN330424,CN330424,海盐县,浙江海盐县,县,711,711,新建,撤销,,hvd_40072,30.517859,120.93202
2865,CN330424,CN330424,海盐县,浙江海盐县,县,717,1294,新建,更名,,hvd_40073,30.517859,120.93202
2866,CN330424,CN330424,海盐州,浙江海盐县,州,1295,1368,更名,更名,,hvd_40074,30.517859,120.93202
2867,CN330424,CN330424,海盐县,浙江海盐县,县,1369,1911,更名,数据下限,,hvd_40075,30.517859,120.93202
2868,CN330424,CN330424,九里亭,浙江海盐县东北,村镇,1820,1820,,,,hvd_24055,30.556,120.982
2869,CN330424,CN330424,兰田,浙江海盐县南兰田庙,村镇,1820,1820,,,,hvd_24052,30.484,120.929
2870,CN330424,CN330424,半路市,浙江海盐县西北,村镇,1820,1820,,,,hvd_24051,30.595877,120.80375
2871,CN330424,CN330424,屿城,浙江海盐县西北于城镇,村镇,1820,1820,,,,hvd_24059,30.524061,120.85331
2872,CN330424,CN330424,梅园,浙江海盐县西南梅园,村镇,1820,1820,,,,hvd_24053,30.45,120.856
2873,CN330424,CN330424,沈荡镇,浙江海盐县西北沈荡镇,村镇,1820,1820,,,,hvd_24058,30.573877,120.822784
2874,CN330424,CN330424,海沙,浙江海盐县东北,村镇,1820,1820,,,,hvd_24049,30.591,121.03
2875,CN330424,CN330424,澉浦镇,浙江海盐县西南澉浦,村镇,1820,1820,,,,hvd_24062,30.388004,120.895164
2876,CN330424,CN330424,西塘,浙江海盐县东北西塘,村镇,1820,1820,,,,hvd_24056,30.618736,120.9989
2877,CN330424,CN330424,角里堰,浙江海盐县西南甪里堰,村镇,1820,1820,,,,hvd_24061,30.398502,120.85406
2878,CN330424,CN330424,通元镇,浙江海盐县西南通元镇,村镇,1820,1820,,,,hvd_24060,30.451567,120.84102
2879,CN330424,CN330424,黄泥,浙江海盐县西,村镇,1820,1820,,,,hvd_24054,30.518875,120.81575
2880,CN330424,CN330424,九里亭,浙江海盐县东北,村镇,1911,1911,,,,hvd_139309,30.556,120.982
2881,CN330424,CN330424,兰田,浙江海盐县南兰田庙,村镇,1911,1911,,,,hvd_139306,30.484,120.929
2882,CN330424,CN330424,半路市,浙江海盐县西北,村镇,1911,1911,,,,hvd_139305,30.595877,120.80375
2883,CN330424,CN330424,屿城,浙江海盐县西北于城镇,村镇,1911,1911,,,,hvd_139313,30.524061,120.85331
2884,CN330424,CN330424,梅园,浙江海盐县西南梅园,村镇,1911,1911,,,,hvd_139307,30.45,120.856
2885,CN330424,CN330424,沈荡镇,浙江海盐县西北沈荡镇,村镇,1911,1911,,,,hvd_139312,30.573877,120.822784
2886,CN330424,CN330424,海沙,浙江海盐县东北,村镇,1911,1911,,,,hvd_139303,30.591,121.03
2887,CN330424,CN330424,澉浦镇,浙江海盐县西南澉浦,村镇,1911,1911,,,,hvd_139316,30.388004,120.895164
2888,CN330424,CN330424,西塘,浙江海盐县东北西塘,村镇,1911,1911,,,,hvd_139310,30.618736,120.9989
2889,CN330424,CN330424,角里堰,浙江海盐县西南甪里堰,村镇,1911,1911,,,,hvd_139315,30.398502,120.85406
2890,CN330424,CN330424,通元镇,浙江海盐县西南通元镇,村镇,1911,1911,,,,hvd_139314,30.451567,120.84102
2891,CN330424,CN330424,黄泥,浙江海盐县西,村镇,1911,1911,,,,hvd_139308,30.518875,120.81575
2892,CN3305,CN3305,乌程县,浙江湖州市,县,405,1911,迁移治所,数据下限,,hvd_40127,30.864964,120.09931
2893,CN3305,CN3305,吴兴郡,浙江湖州市,郡,405,588,迁移治所,撤销,,hvd_32358,30.864964,120.09931
2894,CN3305,CN3305,湖州,浙江湖州市,州,602,605,新建,撤销,,hvd_110080,30.864964,120.09931
2895,CN3305,CN3305,吴兴郡,浙江湖州市,郡,616,618,新建,撤销,,hvd_32348,30.864964,120.09931
2896,CN3305,CN3305,湖州,浙江湖州市,州,621,622,,,,hvd_110451,30.86496,120.09931
2897,CN3305,CN3305,湖州,浙江湖州市,州,621,741,新建,更名,,hvd_32340,30.864964,120.09931
2898,CN3305,CN3305,吴兴郡,浙江湖州市,郡,742,757,更名,更名,,hvd_32349,30.864964,120.09931
2899,CN3305,CN3305,湖州,浙江湖州市,州,758,1225,更名,更名,,hvd_32341,30.864964,120.09931
2900,CN3305,CN3305,归安县,浙江湖州市,县,982,1911,新建,数据下限,,hvd_40128,30.864964,120.09931
2901,CN3305,CN3305,安吉州,浙江湖州市,州,1226,1275,更名,更名,,hvd_32330,30.864964,120.09931
2902,CN3305,CN3305,湖州府,浙江湖州市,府,1366,1911,更名,数据下限,,hvd_32342,30.864964,120.09931
2903,CN3305,CN3305,乌程县,浙江湖州市,县,1368,1911,,,,hvd_40127,30.864964,120.09931
2904,CN330521,CN330521,永安县,浙江德清县（武康镇）治,县,194,279,新建,更名,,hvd_40132,30.550453,119.964066
2905,CN330521,CN330521,永康县,浙江德清县（武康镇）治,县,280,281,更名,更名,,hvd_40133,30.550453,119.964066
2906,CN330521,CN330521,武康县,浙江德清县（武康镇）治,县,282,588,更名,撤销,,hvd_40134,30.550453,119.964066
2907,CN330521,CN330521,武康县,浙江德清县（武康镇）治,县,602,1911,新建,数据下限,,hvd_40135,30.550453,119.964066
2908,CN330521,CN330521,武州,浙江德清县（武康镇）治,州,620,623,新建,撤销,,hvd_32350,30.550453,119.964066
2909,CN330521,CN330521,武州,浙江德清县（武康镇）治,州,621,623,,,,hvd_110471,30.55045,119.96407
2910,CN330521,CN330521,武原县,浙江德清县城关镇北山田畈,县,691,707,新建,更名,,hvd_40156,30.553133,120.0848
2911,CN330521,CN330521,临溪县,浙江德清县城关镇北山田畈,县,708,741,更名,更名,,hvd_40157,30.553133,120.0848
2912,CN330521,CN330521,德清县,浙江德清县（武康镇）东城关镇,县,742,1911,更名,数据下限,,hvd_40158,30.553133,120.0848
2913,CN330521,CN330521,上墅村,浙江德清县武康镇东北上市村,村镇,1820,1820,,,,hvd_23962,30.616877,119.99175
2914,CN330521,CN330521,上柏镇,浙江德清县武康镇南上柏镇,村镇,1820,1820,,,,hvd_23966,30.490639,119.95912
2915,CN330521,CN330521,下柏镇,浙江德清县武康镇南下柏镇,村镇,1820,1820,,,,hvd_23965,30.487877,119.99775
2916,CN330521,CN330521,下舍,浙江德清县城关镇东下舍,村镇,1820,1820,,,,hvd_23957,30.555876,120.17375
2917,CN330521,CN330521,唐栖市,浙江德清县东南唐棲镇,村镇,1820,1820,,,,hvd_23961,30.480015,120.18112
2918,CN330521,CN330521,奉口,浙江余杭县西北奉口,村镇,1820,1820,,,,hvd_23463,30.448309,120.07151
2919,CN330521,CN330521,姚坞关,浙江湖州市西南与德清县分界处,村镇,1820,1820,,,,hvd_23987,30.624876,119.95875
2920,CN330521,CN330521,屠家坝,浙江桐乡县西南屠家坝,村镇,1820,1820,,,,hvd_24011,30.588877,120.321754
2921,CN330521,CN330521,戈亭,浙江德清县城关镇东北戈亭,村镇,1820,1820,,,,hvd_23959,30.645039,120.133224
2922,CN330521,CN330521,杨坟村,浙江德清县武康镇东南杨坟,村镇,1820,1820,,,,hvd_23963,30.463877,120.03775
2923,CN330521,CN330521,洛舍,浙江德清县城关镇北洛舍镇,村镇,1820,1820,,,,hvd_23958,30.635876,120.07975
2924,CN330521,CN330521,簰头镇,浙江德清县武康镇西簰头,村镇,1820,1820,,,,hvd_23967,30.547623,119.84702
2925,CN330521,CN330521,西代舍,浙江德清县城关镇东北极星西代舍,村镇,1820,1820,,,,hvd_23956,30.630877,120.19575
2926,CN330521,CN330521,钟管,浙江德清县城关镇东北钟管,村镇,1820,1820,,,,hvd_23955,30.650875,120.17875
2927,CN330521,CN330521,长安市,浙江德清县武康镇东北长安里,村镇,1820,1820,,,,hvd_23964,30.570875,119.98975
2928,CN330521,CN330521,上墅村,浙江德清县武康镇东北上市村,村镇,1911,1911,,,,hvd_139216,30.616877,119.99175
2929,CN330521,CN330521,上柏镇,浙江德清县武康镇南上柏镇,村镇,1911,1911,,,,hvd_139220,30.490639,119.95912
2930,CN330521,CN330521,下柏镇,浙江德清县武康镇南下柏镇,村镇,1911,1911,,,,hvd_139219,30.487877,119.99775
2931,CN330521,CN330521,下舍,浙江德清县城关镇东下舍,村镇,1911,1911,,,,hvd_139211,30.555876,120.17375
2932,CN330521,CN330521,唐栖市,浙江德清县东南唐棲镇,村镇,1911,1911,,,,hvd_139215,30.480015,120.18112
2933,CN330521,CN330521,奉口,浙江余杭县西北奉口,村镇,1911,1911,,,,hvd_138720,30.448309,120.07151
2934,CN330521,CN330521,姚坞关,浙江湖州市西南与德清县分界处,村镇,1911,1911,,,,hvd_139241,30.624876,119.95875
2935,CN330521,CN330521,屠家坝,浙江桐乡县西南屠家坝,村镇,1911,1911,,,,hvd_139265,30.588877,120.321754
2936,CN330521,CN330521,戈亭,浙江德清县城关镇东北戈亭,村镇,1911,1911,,,,hvd_139213,30.645039,120.133224
2937,CN330521,CN330521,杨坟村,浙江德清县武康镇东南杨坟,村镇,1911,1911,,,,hvd_139217,30.463877,120.03775
2938,CN330521,CN330521,洛舍,浙江德清县城关镇北洛舍镇,村镇,1911,1911,,,,hvd_139212,30.635876,120.07975
2939,CN330521,CN330521,簰头镇,浙江德清县武康镇西簰头,村镇,1911,1911,,,,hvd_139221,30.547623,119.84702
2940,CN330521,CN330521,西代舍,浙江德清县城关镇东北极星西代舍,村镇,1911,1911,,,,hvd_139210,30.630877,120.19575
2941,CN330521,CN330521,钟管,浙江德清县城关镇东北钟管,村镇,1911,1911,,,,hvd_139209,30.650875,120.17875
2942,CN330521,CN330521,长安市,浙江德清县武康镇东北长安里,村镇,1911,1911,,,,hvd_139218,30.570875,119.98975
2943,CN330522,CN330522,鄣郡,浙江长兴县西南泗安水库内,郡,-210,-122,新建,更名和迁移治所,,hvd_32361,30.902422,119.60508
2944,CN330522,CN330522,故鄣县,浙江长兴县西南泗安水库内,县,-121,13,新建,更名,,hvd_40159,30.902422,119.60508
2945,CN330522,CN330522,候望县,浙江长兴县西南泗安水库内,县,14,22,更名,更名,,hvd_40160,30.902422,119.60508
2946,CN330522,CN330522,故鄣县,浙江长兴县西南泗安水库内,县,23,588,更名,撤销,,hvd_40161,30.902422,119.60508
2947,CN330522,CN330522,原乡县,浙江长兴县西南泗安镇,县,185,588,新建,撤销,,hvd_40145,30.891605,119.653175
2948,CN330522,CN330522,长城县,浙江长兴县东南李家港镇,县,282,334,新建,迁移治所,,hvd_40136,30.952522,119.974236
2949,CN330522,CN330522,长城县,浙江长兴县东二里钮店湾,县,335,588,迁移治所,撤销,,hvd_40137,31.012053,119.913795
2950,CN330522,CN330522,长城县,浙江长兴县东二里钮店湾,县,602,623,新建,迁移治所,,hvd_40138,31.012053,119.913795
2951,CN330522,CN330522,长州,浙江长兴县东二里钮店湾,州,619,620,新建,更名,,hvd_32331,31.012053,119.913795
2952,CN330522,CN330522,原乡县,浙江长兴县西南泗安镇,县,621,623,新建,撤销,,hvd_40146,30.891605,119.653175
2953,CN330522,CN330522,绥州,浙江长兴县东二里钮店湾,州,621,623,更名,撤销,,hvd_32346,31.012053,119.913795
2954,CN330522,CN330522,雉州,浙江省湖州市长兴县县,州,621,623,,,,hvd_110475,31.01205,119.9138
2955,CN330522,CN330522,长城县,浙江长兴县,县,624,906,迁移治所,更名,,hvd_40139,31.013893,119.901375
2956,CN330522,CN330522,长兴县,浙江长兴县,县,907,1294,更名,更名,,hvd_40140,31.013893,119.901375
2957,CN330522,CN330522,长兴州,浙江长兴县,州,1295,1356,更名,更名,,hvd_40141,31.013893,119.901375
2958,CN330522,CN330522,长安州,浙江长兴县,州,1357,1361,更名,更名,,hvd_40142,31.013893,119.901375
2959,CN330522,CN330522,长兴州,浙江长兴县,州,1362,1368,更名,更名,,hvd_40143,31.013893,119.901375
2960,CN330522,CN330522,长兴县,浙江长兴县,县,1369,1911,更名,数据下限,,hvd_40144,31.013893,119.901375
2961,CN330522,CN330522,八字桥,浙江湖州市西三十里,村镇,1820,1820,,,,hvd_23976,30.897877,119.95575
2962,CN330522,CN330522,合溪镇,浙江长兴县西合溪镇,村镇,1820,1820,,,,hvd_24106,31.045876,119.81475
2963,CN330522,CN330522,吕山,浙江长兴县东南吕山,村镇,1820,1820,,,,hvd_24101,30.893875,119.91275
2964,CN330522,CN330522,和平镇,浙江长兴县南和平镇,村镇,1820,1820,,,,hvd_24110,30.82538,119.89763
2965,CN330522,CN330522,四安镇,浙江长兴县西南四安镇,村镇,1820,1820,,,,hvd_24113,30.891605,119.653175
2966,CN330522,CN330522,天平桥,浙江长兴县西南天平桥,村镇,1820,1820,,,,hvd_24100,30.907875,119.76275
2967,CN330522,CN330522,夹浦桥,浙江长兴县北夹浦镇,村镇,1820,1820,,,,hvd_24108,31.103113,119.93587
2968,CN330522,CN330522,师姑冈,浙江长兴县西南师姑冈,村镇,1820,1820,,,,hvd_24102,30.949877,119.64675
2969,CN330522,CN330522,枫树冈,浙江长兴县西南仙山（枫树冈）,村镇,1820,1820,,,,hvd_24103,30.895876,119.61275
2970,CN330522,CN330522,水口镇,浙江长兴县北水口镇,村镇,1820,1820,,,,hvd_24105,31.093876,119.86575
2971,CN330522,CN330522,炉头镇,浙江长兴县西画溪,村镇,1820,1820,,,,hvd_24107,30.998877,119.85075
2972,CN330522,CN330522,虹星桥,浙江长兴县南虹星桥镇,村镇,1820,1820,,,,hvd_24109,30.925127,119.865616
2973,CN330522,CN330522,蠡塘桥,浙江长兴县南里塘,村镇,1820,1820,,,,hvd_24099,30.894876,119.83275
2974,CN330522,CN330522,钮店桥,浙江湖州市西北钮店桥,村镇,1820,1820,,,,hvd_23977,30.885876,119.94575
2975,CN330522,CN330522,鸿桥,浙江长兴县东鸿桥镇,村镇,1820,1820,,,,hvd_24104,30.990875,119.97675
2976,CN330522,CN330522,黄山桥,浙江长兴县东横山,村镇,1820,1820,,,,hvd_24111,30.972378,120.05074
2977,CN330522,CN330522,八字桥,浙江湖州市西三十里,村镇,1911,1911,,,,hvd_139230,30.897877,119.95575
2978,CN330522,CN330522,合溪镇,浙江长兴县西合溪镇,村镇,1911,1911,,,,hvd_139360,31.045876,119.81475
2979,CN330522,CN330522,吕山,浙江长兴县东南吕山,村镇,1911,1911,,,,hvd_139355,30.893875,119.91275
2980,CN330522,CN330522,和平镇,浙江长兴县南和平镇,村镇,1911,1911,,,,hvd_139364,30.82538,119.89763
2981,CN330522,CN330522,四安镇,浙江长兴县西南四安镇,村镇,1911,1911,,,,hvd_139367,30.891605,119.653175
2982,CN330522,CN330522,天平桥,浙江长兴县西南天平桥,村镇,1911,1911,,,,hvd_139354,30.907875,119.76275
2983,CN330522,CN330522,夹浦桥,浙江长兴县北夹浦镇,村镇,1911,1911,,,,hvd_139362,31.103113,119.93587
2984,CN330522,CN330522,师姑冈,浙江长兴县西南师姑冈,村镇,1911,1911,,,,hvd_139356,30.949877,119.64675
2985,CN330522,CN330522,枫树冈,浙江长兴县西南仙山（枫树冈）,村镇,1911,1911,,,,hvd_139357,30.895876,119.61275
2986,CN330522,CN330522,水口镇,浙江长兴县北水口镇,村镇,1911,1911,,,,hvd_139359,31.093876,119.86575
2987,CN330522,CN330522,炉头镇,浙江长兴县西画溪,村镇,1911,1911,,,,hvd_139361,30.998877,119.85075
2988,CN330522,CN330522,虹星桥,浙江长兴县南虹星桥镇,村镇,1911,1911,,,,hvd_139363,30.925127,119.865616
2989,CN330522,CN330522,蠡塘桥,浙江长兴县南里塘,村镇,1911,1911,,,,hvd_139353,30.894876,119.83275
2990,CN330522,CN330522,钮店桥,浙江湖州市西北钮店桥,村镇,1911,1911,,,,hvd_139231,30.885876,119.94575
2991,CN330522,CN330522,鸿桥,浙江长兴县东鸿桥镇,村镇,1911,1911,,,,hvd_139358,30.990875,119.97675
2992,CN330522,CN330522,黄山桥,浙江长兴县东横山,村镇,1911,1911,,,,hvd_139365,30.972378,120.05074
2993,CN3306,CN3306,会稽郡,浙江绍兴市,郡,129,588,迁移治所,更名,,hvd_32280,30.004515,120.57826
2994,CN3306,CN3306,东扬州,浙江省绍兴市,州,454,458,新建,更名,,hvd_30058,30.004515,120.57826
2995,CN3306,CN3306,扬州,浙江省绍兴市,州,459,463,更名,更名,,hvd_30059,30.004515,120.57826
2996,CN3306,CN3306,东扬州,浙江省绍兴市,州,464,465,,,,hvd_113488,30.00452,120.57826
2997,CN3306,CN3306,东扬州,浙江省绍兴市,州,464,464,更名,撤销,,hvd_30106,30.004515,120.57826
2998,CN3306,CN3306,东扬州,浙江省绍兴市,州,524,556,新建,撤销,,hvd_30107,30.004515,120.57826
2999,CN3306,CN3306,东扬州,浙江省绍兴市,州,562,562,,,,hvd_113490,30.00452,120.57826
3000,CN3306,CN3306,东扬州,浙江省绍兴市,州,562,588,新建,撤销,,hvd_30108,30.004515,120.57826
3001,CN3306,CN3306,东扬州,浙江省绍兴市,州,563,588,,,,hvd_113491,30.00452,120.57826
3002,CN3306,CN3306,吴州,浙江绍兴市,州,589,604,更名,更名,,hvd_32219,30.004515,120.57826
3003,CN3306,CN3306,越州,浙江绍兴市,州,605,606,更名,更名,,hvd_32218,30.004515,120.57826
3004,CN3306,CN3306,会稽郡,浙江绍兴市,郡,607,620,更名,更名,,hvd_32217,30.004515,120.57826
3005,CN3306,CN3306,越州,浙江绍兴市,州,621,741,更名,更名,,hvd_111095,30.004515,120.57826
3006,CN3306,CN3306,会稽郡,浙江绍兴市,郡,742,757,更名,更名,,hvd_32189,30.004515,120.57826
3007,CN3306,CN3306,越州,浙江绍兴市,州,758,1130,更名,更名,,hvd_32188,30.004515,120.57826
3008,CN3306,CN3306,绍兴府,浙江绍兴市,府,1131,1275,更名,更名,,hvd_32187,30.004515,120.57826
3009,CN3306,CN3306,绍兴府,浙江绍兴市,府,1367,1911,更名,数据下限,,hvd_32185,30.004515,120.57826
3010,CN3306,CN3306,乌石村,浙江绍兴县乌石,村镇,1911,1911,,,,hvd_139793,29.97864,120.73822
3011,CN3306,CN3306,双江溪村,浙江绍兴县双江溪,村镇,1911,1911,,,,hvd_139871,29.791409,120.69665
3012,CN3306,CN3306,唐岙村,浙江绍兴县塘岙,村镇,1911,1911,,,,hvd_139802,29.734753,120.545296
3013,CN3306,CN3306,孙岙村,浙江绍兴县孙岙,村镇,1911,1911,,,,hvd_139872,29.734703,120.70101
3014,CN3306,CN3306,寺前,浙江绍兴县平江镇,村镇,1911,1911,,,,hvd_139798,29.876762,120.60425
3015,CN3306,CN3306,柯桥镇,浙江绍兴县柯桥镇,村镇,1911,1911,,,,hvd_139813,30.067608,120.47026
3016,CN3306,CN3306,横溪,浙江绍兴县横溪村,村镇,1911,1911,,,,hvd_139795,29.886667,120.742485
3017,CN3306,CN3306,绍兴府,浙江绍兴市,府,1911,1911,,,,hvd_120199,30.00451,120.57826
3018,CN3306,CN3306,谢家桥市,浙江绍兴县谢家桥（底图误为“兰亭”）,村镇,1911,1911,,,,hvd_139807,29.900904,120.49519
3019,CN3306,CN3306,车头市,浙江绍兴县稽江,村镇,1911,1911,,,,hvd_139797,29.798548,120.60443
3020,CN3306,CN3306,青坛市,浙江绍兴县市青坛,村镇,1911,1911,,,,hvd_139799,29.809616,120.64355
3021,CN330681,CN330681,诸暨县,治今浙江诸暨市,县,-222,13,新建,更名,,hvd_40789,29.713137,120.22766
3022,CN330681,CN330681,疏虏县,治今浙江诸暨市,县,14,22,更名,更名,,hvd_40790,29.713137,120.22766
3023,CN330681,CN330681,诸暨县,治今浙江诸暨市,县,23,885,更名,更名,,hvd_40791,29.713137,120.22766
3024,CN330681,CN330681,暨阳县,治今浙江诸暨市,县,886,907,更名,更名,,hvd_40792,29.713137,120.22766
3025,CN330681,CN330681,诸暨县,治今浙江诸暨市,县,908,1294,更名,更名,,hvd_40793,29.713137,120.22766
3026,CN330681,CN330681,义安县,治今诸暨市东北枫桥镇,县,1172,1173,新建,撤销,,hvd_40778,29.792727,120.416626
3027,CN330681,CN330681,诸暨州,治今浙江诸暨市,州,1295,1358,更名,更名,,hvd_40794,29.713137,120.22766
3028,CN330681,CN330681,诸全州,治今浙江诸暨市,县,1359,1366,更名,更名,,hvd_40795,29.713137,120.22766
3029,CN330681,CN330681,诸暨县,治今浙江诸暨市,县,1367,1911,更名,数据下限,,hvd_40796,29.713137,120.22766
3030,CN330681,CN330681,包村,,村镇,1820,1820,,,,hvd_22843,29.897741,120.44381
3031,CN330681,CN330681,牌头,浙江诸暨市牌头镇,村镇,1820,1820,,,,hvd_22842,29.603443,120.15062
3032,CN330681,CN330681,三都市,浙江诸暨市三都镇,村镇,1911,1911,,,,hvd_139850,29.75669,120.166405
3033,CN330681,CN330681,上金村,浙江诸暨市上京,村镇,1911,1911,,,,hvd_139867,29.777794,120.48679
3034,CN330681,CN330681,坑西村,浙江诸暨市坑西,村镇,1911,1911,,,,hvd_139855,29.565264,120.198296
3035,CN330681,CN330681,大桥市,浙江诸暨市大桥,村镇,1911,1911,,,,hvd_139849,29.877077,120.21437
3036,CN330681,CN330681,媚池亭,浙江诸暨市媚池镇,村镇,1911,1911,,,,hvd_139843,29.91831,120.27249
3037,CN330681,CN330681,宣村,浙江诸暨市宣店,村镇,1911,1911,,,,hvd_139866,29.736685,120.45374
3038,CN330681,CN330681,廿里牌村,浙江诸暨市双牌镇,村镇,1911,1911,,,,hvd_139868,29.717293,120.33048
3039,CN330681,CN330681,戚家市村,浙江诸暨市上戚,村镇,1911,1911,,,,hvd_139870,29.710934,120.079056
3040,CN330681,CN330681,斯宅街,浙江诸暨市斯宅,村镇,1911,1911,,,,hvd_139863,29.570534,120.43296
3041,CN330681,CN330681,桐树林,浙江诸暨市桐树林,村镇,1911,1911,,,,hvd_139856,29.550526,120.24385
3042,CN330681,CN330681,梁家埠市,浙江诸暨市梁家埠,村镇,1911,1911,,,,hvd_139846,29.741339,120.24027
3043,CN330681,CN330681,诸暨县,治今浙江诸暨市,县,1911,1911,,,,hvd_121675,29.71314,120.22766
3044,CN330681,CN330681,陈家塘村,浙江诸暨市石壁脚,村镇,1911,1911,,,,hvd_139864,29.483803,120.33736
3045,CN330681,CN330681,陈蔡街市,浙江诸暨市陈蔡镇,村镇,1911,1911,,,,hvd_139862,29.596922,120.39529
3046,CN330681,CN330681,马剑镇,浙江富阳县马剑,村镇,1911,1911,,,,hvd_140257,29.732819,119.984146
3047,CN330683,CN330683,剡县,治今浙江嵊县西南十二里江东,县,-202,13,新建,更名,,hvd_40764,29.54631,120.74256
3048,CN330683,CN330683,尽忠县,治今浙江嵊县西南十二里江东,县,14,22,更名,更名,,hvd_40765,29.54631,120.74256
3049,CN330683,CN330683,剡县,治今浙江嵊县西南十二里江东,县,23,195,更名,迁移治所,,hvd_40766,29.54631,120.74256
3050,CN330683,CN330683,始宁县,治今嵊县北三界镇,县,129,316,新建,迁移治所,,hvd_40775,29.760204,120.84547
3051,CN330683,CN330683,剡县,治今浙江嵊县,县,196,1120,迁移治所,更名,,hvd_40767,29.58749,120.81528
3052,CN330683,CN330683,始宁县,治今嵊县北三界镇东之曹娥江东岸,县,317,588,迁移治所,撤销,,hvd_40776,29.759472,120.84984
3053,CN330683,CN330683,剡城县,治今浙江嵊县西四十五里,县,621,624,新建,撤销,,hvd_40769,29.480495,120.616974
3054,CN330683,CN330683,嵊州,浙江嵊县,州,621,624,新建,撤销,,hvd_32208,29.58749,120.81528
3055,CN330683,CN330683,嵊县,治今浙江嵊县,县,1121,1911,更名,数据下限,,hvd_40768,29.58749,120.81528
3056,CN330683,CN330683,三界镇,浙江嵊县三界镇,村镇,1820,1820,,,,hvd_22846,29.760204,120.84547
3057,CN330683,CN330683,平冈,,村镇,1820,1820,,,,hvd_22847,29.73274,120.93852
3058,CN330683,CN330683,浦口镇,浙江嵊县浦口镇,村镇,1820,1820,,,,hvd_22845,29.640528,120.85739
3059,CN330683,CN330683,长乐镇,浙江嵊县长乐镇,村镇,1820,1820,,,,hvd_22844,29.456713,120.606804
3060,CN330683,CN330683,乌坑村,浙江嵊县坞坑,村镇,1911,1911,,,,hvd_139889,29.712685,120.99109
3061,CN330683,CN330683,仁村,浙江嵊县仁村,村镇,1911,1911,,,,hvd_139887,29.710356,120.86688
3062,CN330683,CN330683,华堂市,浙江嵊县华堂,村镇,1911,1911,,,,hvd_139891,29.555134,121.04114
3063,CN330683,CN330683,唐岙村,浙江嵊县塘岙,村镇,1911,1911,,,,hvd_139883,29.732862,120.794495
3064,CN330683,CN330683,唐溪村,浙江余姚市棠溪,村镇,1911,1911,,,,hvd_139896,29.725157,121.04136
3065,CN330683,CN330683,大王庙市,浙江嵊县博济镇,村镇,1911,1911,,,,hvd_139876,29.500154,120.669205
3066,CN330683,CN330683,太平市,浙江嵊县太平,村镇,1911,1911,,,,hvd_139882,29.477522,120.592545
3067,CN330683,CN330683,富润市,浙江嵊县富润镇,村镇,1911,1911,,,,hvd_139880,29.595482,120.64893
3068,CN330683,CN330683,屠家埠村,浙江嵊县屠家埠,村镇,1911,1911,,,,hvd_139895,29.663013,120.832924
3069,CN330683,CN330683,嵊县,治今浙江嵊县,县,1911,1911,,,,hvd_121676,29.58749,120.81528
3070,CN330683,CN330683,嵊溪村,浙江嵊县嵊溪,村镇,1911,1911,,,,hvd_139885,29.712685,120.84186
3071,CN330683,CN330683,开元市,浙江嵊县开元镇,村镇,1911,1911,,,,hvd_139881,29.50099,120.62919
3072,CN330683,CN330683,新市村,浙江嵊县新市,村镇,1911,1911,,,,hvd_139878,29.547373,120.77037
3073,CN330683,CN330683,溪口市,浙江嵊县浦口镇,村镇,1911,1911,,,,hvd_139894,29.640528,120.85739
3074,CN330683,CN330683,石道地村,浙江嵊县石道地,村镇,1911,1911,,,,hvd_139877,29.462774,120.72033
3075,CN330683,CN330683,范洋村,浙江嵊县范阳,村镇,1911,1911,,,,hvd_139817,29.803444,120.81414
3076,CN330683,CN330683,蒋岸桥,浙江嵊县蒋镇,村镇,1911,1911,,,,hvd_139816,29.783377,120.77346
3077,CN330683,CN330683,长桥,浙江嵊县长桥,村镇,1911,1911,,,,hvd_139818,29.777203,120.81325
3078,CN3307,CN3307,宁越府,浙江金华市,府,1359,1359,更名,更名,,hvd_32178,29.104712,119.64992
3079,CN3307,CN3307,金华府,浙江金华市,府,1360,1911,更名,辖区扩大,,hvd_32165,29.104712,119.64992
3080,CN3307,CN3307,金华府,浙江金华市,府,1911,1911,,,,hvd_120196,29.10471,119.64992
3081,CN330782,CN330782,乌伤县,治今浙江义乌市,县,-222,13,新建,更名,,hvd_40717,29.300087,120.071625
3082,CN330782,CN330782,乌孝县,治今浙江义乌市,县,14,22,更名,更名,,hvd_40718,29.300087,120.071625
3083,CN330782,CN330782,乌伤县,治今浙江义乌市,县,23,623,更名,更名,,hvd_40719,29.300087,120.071625
3084,CN330782,CN330782,华川县,治今浙江义乌市西南三十里,县,621,623,新建,撤销,,hvd_40721,29.236387,119.95808
3085,CN330782,CN330782,纲州,浙江省金华市义乌市,州,621,623,,,,hvd_110474,29.30009,120.07163
3086,CN330782,CN330782,绸州,浙江义乌市,州,621,623,新建,撤销,,hvd_32204,29.300087,120.071625
3087,CN330782,CN330782,义乌县,治今浙江义乌市,县,624,1911,更名,数据下限,,hvd_40720,29.300087,120.071625
3088,CN330782,CN330782,王磡头,浙江义乌市,村镇,1820,1820,,,,hvd_22841,29.300087,120.071625
3089,CN330782,CN330782,上山盘村,浙江义乌市山盆,村镇,1911,1911,,,,hvd_140203,29.104137,120.01073
3090,CN330782,CN330782,义乌县,治今浙江义乌市,县,1911,1911,,,,hvd_121700,29.30009,120.07162
3091,CN330782,CN330782,华溪村,浙江义乌市华溪,村镇,1911,1911,,,,hvd_140200,29.359224,120.19562
3092,CN330782,CN330782,培磊村,浙江义乌市倍磊,村镇,1911,1911,,,,hvd_140205,29.162466,119.98304
3093,CN330782,CN330782,官俞村,浙江义乌市官余,村镇,1911,1911,,,,hvd_140202,29.103361,119.93302
3094,CN330782,CN330782,柳村市,浙江义乌市柳村市,村镇,1911,1911,,,,hvd_140196,29.337988,120.0411
3095,CN330782,CN330782,楂林市,浙江义乌市楂林镇,村镇,1911,1911,,,,hvd_140194,29.482073,120.136665
3096,CN330782,CN330782,横塘,浙江义乌市横塘,村镇,1911,1911,,,,hvd_140207,29.314117,120.01073
3097,CN330782,CN330782,洪塘市,浙江东阳市洪塘,村镇,1911,1911,,,,hvd_140176,29.148872,120.08769
3098,CN330782,CN330782,青口村,浙江义乌市青口,村镇,1911,1911,,,,hvd_140201,29.314117,120.11791
3099,CN3308,CN3308,信安郡,浙江衢州市,郡,560,561,新建,撤销,,hvd_32275,28.928951,118.86795
3100,CN3308,CN3308,信安县,浙江衢州市,县,621,865,迁移治所,更名,,hvd_40647,28.956821,118.867645
3101,CN3308,CN3308,衢州,浙江衢州市,州,621,623,,,,hvd_110472,28.95682,118.86765
3102,CN3308,CN3308,衢州,浙江衢州市,州,621,624,新建,撤销,,hvd_32249,28.956821,118.867645
3103,CN3308,CN3308,衢州,浙江衢州市,州,686,741,新建,更名,,hvd_111094,28.956821,118.867645
3104,CN3308,CN3308,信安郡,浙江衢州市,郡,742,757,更名,更名,,hvd_32247,28.956821,118.867645
3105,CN3308,CN3308,衢州,浙江衢州市,州,758,1275,更名,更名,,hvd_32245,28.956821,118.867645
3106,CN3308,CN3308,西安县,浙江衢州市,县,866,1911,更名,数据下限,,hvd_40648,28.956821,118.867645
3107,CN3308,CN3308,龙游府,浙江衢州市,府,1359,1365,更名,更名,,hvd_32161,28.956821,118.867645
3108,CN3308,CN3308,衢州府,浙江衢州市,府,1366,1911,更名,数据下限,,hvd_32159,28.956821,118.867645
3109,CN3308,CN3308,衢州府,浙江衢州市,府,1911,1911,,,,hvd_120197,28.95682,118.86765
3110,CN3308,CN3308,西安县,浙江衢州市,县,1911,1911,,,,hvd_121690,28.95682,118.86765
3111,CN331082,CN331082,临海县,浙江临海市,县,257,1911,新建,数据下限,,hvd_40657,28.843132,121.1206
3112,CN331082,CN331082,临海郡,浙江临海市,郡,257,257,新建,迁移治所,,hvd_32262,28.843132,121.1206
3113,CN331082,CN331082,海州,浙江临海市,州,621,621,新建,更名,,hvd_32230,28.843132,121.1206
3114,CN331082,CN331082,台州,浙江临海市,州,622,622,,,,hvd_110452,28.84313,121.1206
3115,CN331082,CN331082,台州,浙江临海市,州,622,741,更名,更名,,hvd_32229,28.843132,121.1206
3116,CN331082,CN331082,台州,浙江临海市,州,624,741,,,,hvd_111092,28.84313,121.1206
3117,CN331082,CN331082,临海郡,浙江临海市,郡,742,757,更名,更名,,hvd_32227,28.843132,121.1206
3118,CN331082,CN331082,台州,浙江临海市,州,758,1276,更名,更名,,hvd_32226,28.843132,121.1206
3119,CN331082,CN331082,德化军节度使,浙江省台州市临海市一号线绿道,防镇,887,977,,,,hvd_30105,28.84313,121.1206
3120,CN331082,CN331082,台州府,浙江临海市,府,1368,1911,更名,数据下限,,hvd_32155,28.843132,121.1206
3121,CN331082,CN331082,桃渚寨,浙江临海市桃渚,村镇,1820,1820,,,,hvd_22804,28.830873,121.5338
3122,CN331082,CN331082,连盘,,村镇,1820,1820,,,,hvd_22803,28.779396,121.5836
3123,CN331082,CN331082,上宅市,浙江临海市黄坦,村镇,1911,1911,,,,hvd_139919,29.012602,121.0036
3124,CN331082,CN331082,东洋村,浙江临海市东洋镇,村镇,1911,1911,,,,hvd_139953,28.826424,121.58915
3125,CN331082,CN331082,临海县,浙江临海市,县,1911,1911,,,,hvd_121696,28.84313,121.1206
3126,CN331082,CN331082,八叠村,浙江临海市八叠,村镇,1911,1911,,,,hvd_139931,28.915585,121.07693
3127,CN331082,CN331082,双楼市,浙江临海市双楼,村镇,1911,1911,,,,hvd_139922,28.928885,120.91686
3128,CN331082,CN331082,双港市,浙江临海市双港镇,村镇,1911,1911,,,,hvd_139918,28.955486,120.94906
3129,CN331082,CN331082,双辇市,浙江临海市双辇,村镇,1911,1911,,,,hvd_139944,28.857792,121.32193
3130,CN331082,CN331082,台州府,浙江临海市,府,1911,1911,,,,hvd_120198,28.84313,121.1206
3131,CN331082,CN331082,大田镇,浙江临海市大田镇,村镇,1911,1911,,,,hvd_139939,28.90263,121.19582
3132,CN331082,CN331082,小溪村,浙江临海市小溪,村镇,1911,1911,,,,hvd_139935,28.792746,121.12253
3133,CN331082,CN331082,山周村,浙江临海市山舟,村镇,1911,1911,,,,hvd_139932,28.723892,121.16098
3134,CN331082,CN331082,岭根王村,浙江临海市岭根,村镇,1911,1911,,,,hvd_139946,28.9345,121.38542
3135,CN331082,CN331082,张家山村,浙江临海市张家山,村镇,1911,1911,,,,hvd_139938,29.0431,121.09123
3136,CN331082,CN331082,张家渡市,浙江临海市张家渡镇,村镇,1911,1911,,,,hvd_139923,28.856739,120.979195
3137,CN331082,CN331082,戍旗村,浙江临海市戍旗,村镇,1911,1911,,,,hvd_139949,28.767775,121.25666
3138,CN331082,CN331082,方山,浙江临海市方山,村镇,1911,1911,,,,hvd_139954,28.819593,121.627396
3139,CN331082,CN331082,更楼市,浙江临海市更楼,村镇,1911,1911,,,,hvd_139928,28.88507,121.034004
3140,CN331082,CN331082,水家洋铺,浙江临海市水洋镇,村镇,1911,1911,,,,hvd_139936,28.745802,121.23967
3141,CN331082,CN331082,汊口溪村,浙江临海市车口溪,村镇,1911,1911,,,,hvd_139927,28.806046,120.99198
3142,CN331082,CN331082,汊口街,浙江临海市车口,村镇,1911,1911,,,,hvd_139943,28.885426,121.39331
3143,CN331082,CN331082,沿岸村,浙江临海市沿溪,村镇,1911,1911,,,,hvd_139930,28.964535,121.06537
3144,CN331082,CN331082,温家岙,浙江临海市温家岙,村镇,1911,1911,,,,hvd_139925,28.702883,121.06965
3145,CN331082,CN331082,溪口街,浙江临海市溪口,村镇,1911,1911,,,,hvd_139957,28.779516,121.411354
3146,CN331082,CN331082,滥田张村,浙江临海市兰田,村镇,1911,1911,,,,hvd_139950,28.802998,121.35949
3147,CN331082,CN331082,滩溪村,浙江临海市滩溪,村镇,1911,1911,,,,hvd_139951,28.824915,121.30405
3148,CN331082,CN331082,牌前镇,浙江临海市牌前,村镇,1911,1911,,,,hvd_139941,28.979755,121.21552
3149,CN331082,CN331082,王家辽村,浙江临海市黄家寮,村镇,1911,1911,,,,hvd_139926,28.74893,120.958
3150,CN331082,CN331082,界岭村,浙江临海市界岭,村镇,1911,1911,,,,hvd_139920,28.976616,120.99221
3151,CN331082,CN331082,白竹村,浙江临海市白竹,村镇,1911,1911,,,,hvd_139942,28.939089,121.2039
3152,CN331082,CN331082,红桥村,浙江临海市洪桥,村镇,1911,1911,,,,hvd_139965,28.91479,121.429695
3153,CN331082,CN331082,西岑市,浙江临海市西岑,村镇,1911,1911,,,,hvd_139937,28.726639,121.29792
3154,CN331082,CN331082,连盘市,浙江临海市连盘,村镇,1911,1911,,,,hvd_139955,28.78108,121.57857
3155,CN331082,CN331082,钓鱼亭村,浙江临海市钓鱼亭,村镇,1911,1911,,,,hvd_139934,28.815815,121.19259
3156,CN340124,CN340124,舒县,安徽庐江县金桥东北,县,-223,13,新建,更名,,hvd_43173,31.188974,117.17437
3157,CN340124,CN340124,庐江郡,安徽省合肥市庐江县,郡,-121,84,,,,hvd_112612,31.18897,117.17437
3158,CN340124,CN340124,昆乡县,安徽庐江县金桥东北,县,14,22,更名,更名,,hvd_43174,31.188974,117.17437
3159,CN340124,CN340124,舒县,安徽庐江县金桥东北,县,23,212,更名,撤销,,hvd_43175,31.188974,117.17437
3160,CN340124,CN340124,六安国,安徽省合肥市庐江县,国,85,87,,,,hvd_112613,31.18897,117.17437
3161,CN340124,CN340124,庐江郡,安徽省合肥市庐江县,郡,88,213,,,,hvd_112614,31.18897,117.17437
3162,CN340124,CN340124,湘州,安徽省合肥市庐江县,州,502,549,,,,hvd_113560,31.25336,117.28835
3163,CN340124,CN340124,庐江县,安徽庐江县,县,519,1911,新建,数据下限,,hvd_43382,31.253363,117.28835
3164,CN340124,CN340124,庐江县,安徽庐江县,县,1820,1820,,,,hvd_1671,31.25336,117.28835
3165,CN340124,CN340124,沙溪市,安徽庐江县西南沙溪市,村镇,1820,1820,,,,hvd_22886,31.15801,117.25591
3166,CN340124,CN340124,白石山,,村镇,1820,1820,,,,hvd_22905,31.47235,117.3751
3167,CN340124,CN340124,罗家埠,安徽庐江县北罗家埠,村镇,1820,1820,,,,hvd_22903,31.358294,117.28441
3168,CN340124,CN340124,罗昌市,安徽庐江县南罗昌河,村镇,1820,1820,,,,hvd_23142,31.018381,117.28846
3169,CN340124,CN340124,金牛镇,,村镇,1820,1820,,,,hvd_22907,31.401533,117.20136
3170,CN340124,CN340124,庐江县,安徽庐江县,县,1911,1911,,,,hvd_121247,31.25336,117.28835
3171,CN340124,CN340124,烟墩,安徽庐江县小墩（小烟墩）,村镇,1911,1911,,,,hvd_130281,31.20207,117.21457
3172,CN340124,CN340124,白石山,,村镇,1911,1911,,,,hvd_130293,31.47235,117.3751
3173,CN340124,CN340124,砖桥,安徽庐江县砖桥,村镇,1911,1911,,,,hvd_130290,31.04026,117.44977
3174,CN340124,CN340124,缺口,安徽庐江县缺口镇,村镇,1911,1911,,,,hvd_130284,31.156502,117.42752
3175,CN340124,CN340124,罗家埠,安徽庐江县罗埠,村镇,1911,1911,,,,hvd_130292,31.358294,117.28441
3176,CN340124,CN340124,葛家庙,安徽庐江县葛家庙,村镇,1911,1911,,,,hvd_130280,31.210405,117.10143
3177,CN340124,CN340124,裴家冈,安徽庐江县裴岗,村镇,1911,1911,,,,hvd_130283,31.222807,117.39771
3178,CN340124,CN340124,金家湾,安徽庐江县金家湾,村镇,1911,1911,,,,hvd_130285,31.179262,117.420296
3179,CN340124,CN340124,金牛镇,,村镇,1911,1911,,,,hvd_130278,31.401533,117.20136
3180,CN340124,CN340124,顺港河,安徽庐江县顺港,村镇,1911,1911,,,,hvd_130286,31.263575,117.40064
3181,CN340124,CN340124,马厂,安徽庐江县马厂,村镇,1911,1911,,,,hvd_130282,31.209644,117.288994
3182,CN340124,CN340124,黄屯,安徽庐江县黄屯,村镇,1911,1911,,,,hvd_130291,31.11394,117.47924
3183,CN340221,CN340221,上党郡,安徽芜湖县,郡,374,410,新建,撤销,,hvd_33536,31.33495,118.36262
3184,CN340221,CN340221,湾沚,,村镇,1820,1820,,,,hvd_22914,31.147228,118.565834
3185,CN340221,CN340221,东门渡镇,安徽芜湖县东门渡,村镇,1911,1911,,,,hvd_136693,31.150738,118.719025
3186,CN340221,CN340221,保丰圩,安徽芜湖县保丰,村镇,1911,1911,,,,hvd_129962,31.241743,118.535805
3187,CN340221,CN340221,咸保圩,安徽芜湖县咸保,村镇,1911,1911,,,,hvd_129965,31.281246,118.52481
3188,CN340221,CN340221,政和圩,安徽芜湖县政和,村镇,1911,1911,,,,hvd_129963,31.22618,118.50136
3189,CN340221,CN340221,新丰,安徽芜湖县新丰,村镇,1911,1911,,,,hvd_130026,31.1367,118.67433
3190,CN340221,CN340221,方山,安徽芜湖县芳山,村镇,1911,1911,,,,hvd_130029,31.100355,118.55795
3191,CN340221,CN340221,方村,安徽芜湖县方村镇,村镇,1911,1911,,,,hvd_129964,31.217245,118.47894
3192,CN340221,CN340221,杨泗渡,安徽宣州市杨泗,村镇,1911,1911,,,,hvd_130023,31.25165,118.64401
3193,CN340221,CN340221,湾沚,,村镇,1911,1911,,,,hvd_130024,31.147228,118.565834
3194,CN340221,CN340221,焦村,安徽芜湖县焦村,村镇,1911,1911,,,,hvd_130025,31.11557,118.67042
3195,CN340221,CN340221,老鹳嘴,安徽芜湖县十连（老鹳嘴）,村镇,1911,1911,,,,hvd_129967,31.11754,118.45741
3196,CN340221,CN340221,裘公渡,安徽宣州市裘公,村镇,1911,1911,,,,hvd_130027,31.19502,118.68704
3197,CN340221,CN340221,阳清,安徽芜湖县杨青,村镇,1911,1911,,,,hvd_130176,31.31108,118.50974
3198,CN340223,CN340223,宣城县,安徽南陵县东弋江镇,县,-202,29,新建,撤销,,hvd_41304,30.9123,118.48513
3199,CN340223,CN340223,宣城县,安徽南陵县东弋江镇,县,147,588,新建,撤销,,hvd_41305,30.9123,118.48513
3200,CN340223,CN340223,当涂县,安徽南陵县东南,县,328,588,新建,撤销,,hvd_41317,30.879166,118.368
3201,CN340223,CN340223,南陵县,安徽南陵县,县,704,1911,迁移治所,数据下限,,hvd_41318,30.924437,118.332405
3202,CN340223,CN340223,南陵县,安徽南陵县,县,1820,1820,,,,hvd_1689,30.92444,118.33241
3203,CN340223,CN340223,西河,安徽南陵县东北西河,村镇,1820,1820,,,,hvd_23140,30.995903,118.4725
3204,CN340223,CN340223,青弋江镇,安徽南陵县东青弋江,村镇,1820,1820,,,,hvd_22992,30.9123,118.48513
3205,CN340223,CN340223,马头镇,安徽泾县东北马头镇,村镇,1820,1820,,,,hvd_22984,30.792442,118.489685
3206,CN340223,CN340223,马家园,安徽南陵县东北马家园,村镇,1820,1820,,,,hvd_22922,31.081545,118.4783
3207,CN340223,CN340223,鹅岭镇,安徽南陵县西南鹅岭,村镇,1820,1820,,,,hvd_22990,30.839626,118.30071
3208,CN340223,CN340223,丫山,安徽南陵县丫山镇,村镇,1911,1911,,,,hvd_129877,30.805286,118.01928
3209,CN340223,CN340223,刘店铺,安徽南陵县刘店铺,村镇,1911,1911,,,,hvd_129878,30.736202,118.164474
3210,CN340223,CN340223,南陵县,安徽南陵县,县,1911,1911,,,,hvd_121227,30.92444,118.33241
3211,CN340223,CN340223,大丰圩,安徽南陵县太丰,村镇,1911,1911,,,,hvd_129873,31.05453,118.46218
3212,CN340223,CN340223,奎潭镇,安徽南陵县奎湖,村镇,1911,1911,,,,hvd_136697,31.152925,118.40819
3213,CN340223,CN340223,汤村,安徽南陵县汤村,村镇,1911,1911,,,,hvd_129866,30.920956,118.21662
3214,CN340223,CN340223,石家铺,安徽南陵县石铺,村镇,1911,1911,,,,hvd_129870,30.918425,118.376976
3215,CN340223,CN340223,禄岭,安徽南陵县绿岭,村镇,1911,1911,,,,hvd_129879,30.853043,118.13396
3216,CN340223,CN340223,蒲桥,安徽南陵县蒲桥,村镇,1911,1911,,,,hvd_129874,30.913363,118.43895
3217,CN340223,CN340223,西河,安徽芜湖县西河,村镇,1911,1911,,,,hvd_130038,30.995903,118.4725
3218,CN340223,CN340223,许镇埠,安徽南陵县许镇埠,村镇,1911,1911,,,,hvd_129871,31.077024,118.408455
3219,CN340223,CN340223,马头,安徽泾县马头镇,村镇,1911,1911,,,,hvd_129823,30.792442,118.489685
3220,CN340223,CN340223,鹅岭镇,安徽南陵县鹅岭,村镇,1911,1911,,,,hvd_136690,30.839626,118.30071
3221,CN340223,CN340223,麻桥,安徽南陵县麻桥,村镇,1911,1911,,,,hvd_129865,30.993816,118.25474
3222,CN340321,CN340321,向县,安徽怀远镇古城,县,-203,212,新建,撤销,,hvd_43220,33.077694,117.13154
3223,CN340321,CN340321,当涂县,安徽怀远县马城,县,-202,-90,新建,更名,,hvd_43122,32.86466,117.205
3224,CN340321,CN340321,当涂侯国,安徽怀远县马城,侯国,-91,13,更名,更名,,hvd_43123,32.86466,117.205
3225,CN340321,CN340321,义成侯国,安徽怀远县东,侯国,-33,27,新建,更名,,hvd_43185,32.96662,117.25812
3226,CN340321,CN340321,山聚侯国,安徽怀远县马城,侯国,14,22,更名,更名,,hvd_43124,32.86466,117.205
3227,CN340321,CN340321,当涂县,安徽怀远县马城,县,23,212,更名,撤销,,hvd_43125,32.86466,117.205
3228,CN340321,CN340321,义成县,安徽怀远县东,县,28,310,更名,撤销,,hvd_43186,32.96662,117.25812
3229,CN340321,CN340321,当涂县,安徽怀远县马城,县,280,310,新建,撤销,,hvd_43126,32.86466,117.205
3230,CN340321,CN340321,仁州,安徽省蚌埠市怀远县,州,502,605,,,,hvd_113015,33.07769,117.13154
3231,CN340321,CN340321,涂山县,安徽怀远县常坟镇东南,县,583,623,新建,撤销,,hvd_43385,32.78574,117.11163
3232,CN340321,CN340321,怀远军,安徽怀远县北,军,1257,1290,新建,撤销,,hvd_33526,32.965702,117.19641
3233,CN340321,CN340321,荆山县,安徽怀远县北,县,1257,1290,新建,更名,,hvd_43386,32.965702,117.19641
3234,CN340321,CN340321,怀远县,安徽怀远县北,县,1291,1581,更名,迁移治所,,hvd_43387,32.965702,117.19641
3235,CN340321,CN340321,怀远县,安徽怀远县,县,1582,1911,迁移治所,数据下限,,hvd_43388,32.95665,117.19356
3236,CN340321,CN340321,怀远县,安徽怀远县,县,1820,1820,,,,hvd_1708,32.95665,117.19356
3237,CN340321,CN340321,龙亢集,安徽怀远县西北龙亢集,村镇,1820,1820,,,,hvd_23018,33.13891,116.892494
3238,CN340321,CN340321,刘家村,安徽怀远县刘圩,村镇,1911,1911,,,,hvd_130392,32.946514,116.81376
3239,CN340321,CN340321,包家村,安徽怀远县鲍集镇,村镇,1911,1911,,,,hvd_130377,33.161655,117.116165
3240,CN340321,CN340321,双沟,安徽怀远县双沟,村镇,1911,1911,,,,hvd_130382,33.03822,117.044716
3241,CN340321,CN340321,唐家店,安徽怀远县唐店,村镇,1911,1911,,,,hvd_130383,33.014256,117.04739
3242,CN340321,CN340321,大成寺,安徽怀远县大成,村镇,1911,1911,,,,hvd_130390,33.01575,116.92592
3243,CN340321,CN340321,孔冈,安徽怀远县孔岗,村镇,1911,1911,,,,hvd_130397,32.85697,117.10098
3244,CN340321,CN340321,孝义,安徽怀远县孝义,村镇,1911,1911,,,,hvd_130400,32.80686,117.15636
3245,CN340321,CN340321,怀远县,安徽怀远县,县,1911,1911,,,,hvd_121252,32.95665,117.19356
3246,CN340321,CN340321,新城口,安徽怀远县新城口,村镇,1911,1911,,,,hvd_130399,32.777576,117.10009
3247,CN340321,CN340321,朱疃桥,安徽怀远县朱疃,村镇,1911,1911,,,,hvd_130395,32.820274,116.98844
3248,CN340321,CN340321,李陵店,安徽怀远县李圩,村镇,1911,1911,,,,hvd_130402,33.264282,116.89555
3249,CN340321,CN340321,沙沟,安徽怀远县沙沟,村镇,1911,1911,,,,hvd_130384,32.994648,117.13427
3250,CN340321,CN340321,瓦町集,安徽固镇县瓦疃,村镇,1911,1911,,,,hvd_130465,33.283016,117.12443
3251,CN340321,CN340321,界沟,安徽怀远县界沟集,村镇,1911,1911,,,,hvd_130380,33.15506,116.78926
3252,CN340321,CN340321,看疃,安徽怀远县看疃,村镇,1911,1911,,,,hvd_130375,33.179848,117.01434
3253,CN340321,CN340321,苏家集,安徽怀远县苏集,村镇,1911,1911,,,,hvd_130386,33.042713,117.192085
3254,CN340321,CN340321,钱家巷,安徽怀远县钱巷子,村镇,1911,1911,,,,hvd_130396,32.877945,117.02417
3255,CN340321,CN340321,陈家集,安徽濉溪县陈集,村镇,1911,1911,,,,hvd_130502,33.3073,116.825035
3256,CN340321,CN340321,马头城,安徽怀远县马城,村镇,1911,1911,,,,hvd_130389,32.86466,117.205
3257,CN340321,CN340321,高庄,安徽怀远县高庄,村镇,1911,1911,,,,hvd_130378,33.249428,117.169754
3258,CN340521,CN340521,于湖县,安徽当涂县南三十八里,县,281,588,新建,撤销,,hvd_41365,31.426516,118.45684
3259,CN340521,CN340521,淮南郡,安徽当涂县南三十八里,郡,326,461,新建,撤销,,hvd_33534,31.426516,118.45684
3260,CN340521,CN340521,南豫州,安徽当涂县,州,461,465,,,,hvd_113048,31.55569,118.48344
3261,CN340521,CN340521,宣城郡,安徽宣州市,郡,462,463,迁移治所,迁移治所,,hvd_32637,31.426516,118.45684
3262,CN340521,CN340521,淮南郡,安徽当涂县南三十八里,郡,464,588,新建,撤销,,hvd_33535,31.426516,118.45684
3263,CN340521,CN340521,南豫州,安徽当涂县,州,484,525,,,,hvd_113052,31.55569,118.48344
3264,CN340521,CN340521,南豫州,安徽当涂县,州,553,572,暂无,治所迁移,,hvd_30064,31.555685,118.48344
3265,CN340521,CN340521,南豫州,安徽当涂县,州,589,589,,,,hvd_113058,31.55569,118.48344
3266,CN340521,CN340521,当涂县,安徽当涂县,县,614,1911,新建,数据下限,,hvd_41364,31.555685,118.48344
3267,CN340521,CN340521,丹阳县,安徽当涂县丹阳镇,县,620,626,新建,撤销,,hvd_41378,31.628002,118.70797
3268,CN340521,CN340521,南豫州,安徽当涂县,州,620,624,新建,撤销,,hvd_32481,31.555685,118.48344
3269,CN340521,CN340521,平南军,安徽当涂县,军,975,976,新建,撤销,,hvd_33533,31.555685,118.48344
3270,CN340521,CN340521,太平州,安徽当涂县,州,977,1276,新建,更名,,hvd_32458,31.555685,118.48344
3271,CN340521,CN340521,太平府,安徽当涂县,府,1355,1911,更名,数据下限,,hvd_32460,31.555685,118.48344
3272,CN340521,CN340521,乌溪,安徽当涂县东南乌溪,村镇,1820,1820,,,,hvd_22910,31.31228,118.65649
3273,CN340521,CN340521,博望,安徽当涂县东博望,村镇,1820,1820,,,,hvd_22912,31.569292,118.83162
3274,CN340521,CN340521,太平府,安徽当涂县,府,1820,1820,,,,hvd_9777,31.55569,118.48344
3275,CN340521,CN340521,当涂县,安徽当涂县,县,1820,1820,,,,hvd_1675,31.55569,118.48344
3276,CN340521,CN340521,薛店镇,安徽当涂县东薛镇,村镇,1820,1820,,,,hvd_22919,31.578232,118.6412
3277,CN340521,CN340521,青山镇,安徽当涂县东南青山镇,村镇,1820,1820,,,,hvd_22931,31.456026,118.53301
3278,CN340521,CN340521,黄池镇,安徽当涂县东南黄池,村镇,1820,1820,,,,hvd_22917,31.303228,118.59446
3279,CN340521,CN340521,丹阳,安徽当涂县丹阳,村镇,1911,1911,,,,hvd_129945,31.628002,118.70797
3280,CN340521,CN340521,亭头,安徽当涂县亭头,村镇,1911,1911,,,,hvd_129957,31.37302,118.56536
3281,CN340521,CN340521,博望,安徽当涂县博望镇,村镇,1911,1911,,,,hvd_129949,31.569292,118.83162
3282,CN340521,CN340521,塘沟,安徽当涂县塘沟,村镇,1911,1911,,,,hvd_129950,31.38911,118.81161
3283,CN340521,CN340521,太平府,安徽当涂县,府,1911,1911,,,,hvd_120186,31.55569,118.48344
3284,CN340521,CN340521,当涂县,安徽当涂县,县,1911,1911,,,,hvd_121233,31.55569,118.48344
3285,CN340521,CN340521,新市,安徽当涂县新市,村镇,1911,1911,,,,hvd_129948,31.587786,118.74126
3286,CN340521,CN340521,花津,安徽当涂县小花津,村镇,1911,1911,,,,hvd_130174,31.539236,118.67186
3287,CN340521,CN340521,薛镇,安徽当涂县薛津,村镇,1911,1911,,,,hvd_129946,31.578232,118.6412
3288,CN340521,CN340521,陶村,安徽当涂县陶家村,村镇,1911,1911,,,,hvd_129947,31.553703,118.6836
3289,CN340521,CN340521,青山,安徽当涂县青山街,村镇,1911,1911,,,,hvd_130173,31.450888,118.546814
3290,CN340521,CN340521,青山,安徽当涂县青山,村镇,1911,1911,,,,hvd_129956,31.507185,118.556564
3291,CN340521,CN340521,龙山桥,安徽当涂县龙山桥镇,村镇,1911,1911,,,,hvd_129955,31.494396,118.476524
3292,CN340523,CN340523,历阳县,安徽和县,县,-223,13,新建,更名,,hvd_43100,31.714224,118.36112
3293,CN340523,CN340523,明义县,安徽和县,县,14,22,更名,更名,,hvd_43101,31.714224,118.36112
3294,CN340523,CN340523,历阳县,安徽和县,县,23,125,更名,更名,,hvd_43102,31.714224,118.36112
3295,CN340523,CN340523,历阳侯国,安徽和县,侯国,126,194,更名,更名,,hvd_43103,31.714224,118.36112
3296,CN340523,CN340523,历阳县,安徽和县,县,280,1368,更名,更名,,hvd_43104,31.714224,118.36112
3297,CN340523,CN340523,和州,安徽和县,州,555,572,,,,hvd_113173,31.71422,118.36112
3298,CN340523,CN340523,和州,安徽和县,州,581,606,,,,hvd_113175,31.71422,118.36112
3299,CN340523,CN340523,和州,安徽和县,州,583,606,新建,更名,,hvd_33506,31.714224,118.36112
3300,CN340523,CN340523,历阳郡,安徽和县,郡,607,619,更名,更名,,hvd_33507,31.714224,118.36112
3301,CN340523,CN340523,和州,安徽和县,州,620,741,更名,更名,,hvd_33508,31.714224,118.36112
3302,CN340523,CN340523,历阳郡,安徽和县,郡,742,757,更名,更名,,hvd_33509,31.714224,118.36112
3303,CN340523,CN340523,历阳郡,安徽和县,郡,742,755,,,,hvd_111153,31.71422,118.36112
3304,CN340523,CN340523,和州,安徽和县,州,758,1277,更名,更名,,hvd_33510,31.714224,118.36112
3305,CN340523,CN340523,和州,安徽和县,州,1291,1367,新建,撤销,,hvd_43412,31.714224,118.36112
3306,CN340523,CN340523,和州,安徽和县,州,1367,1911,新建,数据下限,,hvd_33512,31.714224,118.36112
3307,CN340523,CN340523,和州,安徽和县,州,1369,1373,更名,撤销,,hvd_43414,31.714224,118.36112
3308,CN340523,CN340523,乌江镇,江苏江浦县西南乌江,村镇,1820,1820,,,,hvd_23658,31.85999,118.459526
3309,CN340523,CN340523,和州,安徽和县,直隶州,1820,1820,,,,hvd_9778,31.71422,118.36112
3310,CN340523,CN340523,姥下镇,安徽和县西南姥下镇,村镇,1820,1820,,,,hvd_22921,31.606167,118.307365
3311,CN340523,CN340523,梁山镇,安徽和县南西梁山,村镇,1820,1820,,,,hvd_22924,31.509684,118.33984
3312,CN340523,CN340523,乌江镇,江苏江浦县西南乌江,村镇,1911,1911,,,,hvd_138914,31.85999,118.459526
3313,CN340523,CN340523,南义,安徽和县南义,村镇,1911,1911,,,,hvd_130826,31.62879,118.19579
3314,CN340523,CN340523,和州,安徽和县,直隶州,1911,1911,,,,hvd_120121,31.71422,118.36112
3315,CN340523,CN340523,善后集,安徽和县善后集,村镇,1911,1911,,,,hvd_130835,31.884874,118.14488
3316,CN340523,CN340523,濮家集,安徽和县濮集,村镇,1911,1911,,,,hvd_130821,31.789248,118.37604
3317,CN340523,CN340523,石跋,安徽和县石跋河,村镇,1911,1911,,,,hvd_130822,31.791407,118.4575
3318,CN340523,CN340523,绰庙集,安徽和县绰庙,村镇,1911,1911,,,,hvd_130833,32.016335,118.35657
3319,CN340523,CN340523,西梁山,安徽和县西梁山桥,村镇,1911,1911,,,,hvd_130828,31.506449,118.341385
3320,CN340523,CN340523,高祖集,安徽和县高祖集,村镇,1911,1911,,,,hvd_130834,31.84764,118.10915
3321,CN340826,CN340826,松兹侯国,安徽宿松县北五十里趾凤,侯国,-82,13,新建,更名,,hvd_43012,30.359722,116.17288
3322,CN340826,CN340826,诵善县,安徽宿松县北五十里趾凤,县,14,22,更名,撤销,,hvd_43013,30.359722,116.17288
3323,CN340826,CN340826,松滋县,安徽宿松县凉亭河北,县,168,212,新建,撤销,,hvd_43014,30.359722,116.17288
3324,CN340826,CN340826,南河东郡,安徽省安庆市宿松县,郡,455,478,,,,hvd_115629,30.35972,116.17288
3325,CN340826,CN340826,高塘县,安徽宿松县,县,583,597,新建,更名,,hvd_43380,30.151213,116.1142
3326,CN340826,CN340826,宿松县,安徽宿松县,县,598,1911,更名,数据下限,,hvd_43381,30.151213,116.1142
3327,CN340826,CN340826,严州,安徽宿松县,州,621,624,新建,撤销,,hvd_110477,30.151213,116.1142
3328,CN340826,CN340826,下仓埠,安徽宿松县东南下仓埠,村镇,1820,1820,,,,hvd_22939,30.045343,116.40459
3329,CN340826,CN340826,二郎河,安徽宿松县西北二郎,村镇,1820,1820,,,,hvd_22942,30.277718,116.0539
3330,CN340826,CN340826,十里铺,安徽宿松县北十里铺,村镇,1820,1820,,,,hvd_22943,30.214165,116.10039
3331,CN340826,CN340826,宿松县,安徽宿松县,县,1820,1820,,,,hvd_1721,30.15121,116.1142
3332,CN340826,CN340826,枫香驿,安徽宿松县东北枫香驿,村镇,1820,1820,,,,hvd_22952,30.365498,116.21396
3333,CN340826,CN340826,污池,安徽宿松县东南污池街,村镇,1820,1820,,,,hvd_23116,29.969723,116.29398
3334,CN340826,CN340826,荆桥,安徽宿松县东北荆桥,村镇,1820,1820,,,,hvd_22945,30.215721,116.2646
3335,CN340826,CN340826,下仓,安徽宿松县长湖（下仓）,村镇,1911,1911,,,,hvd_130248,30.045343,116.40459
3336,CN340826,CN340826,二十五里墩,安徽宿松县二十五里墩,村镇,1911,1911,,,,hvd_130238,30.284891,116.12876
3337,CN340826,CN340826,何家墩,安徽宿松县何墩,村镇,1911,1911,,,,hvd_130249,29.924858,116.53337
3338,CN340826,CN340826,夏庄,安徽宿松县夏新屋,村镇,1911,1911,,,,hvd_130244,29.995405,116.271385
3339,CN340826,CN340826,宿松县,安徽宿松县,县,1911,1911,,,,hvd_121244,30.15121,116.1142
3340,CN340826,CN340826,枫香驿,安徽宿松县枫香驿,村镇,1911,1911,,,,hvd_130239,30.367971,116.217186
3341,CN340826,CN340826,污池庄,安徽宿松县乌池,村镇,1911,1911,,,,hvd_130246,29.964882,116.27613
3342,CN340826,CN340826,筑墩庄,安徽宿松县筑墩,村镇,1911,1911,,,,hvd_130245,30.027191,116.26453
3343,CN340826,CN340826,荆桥铺,安徽宿松县荆桥岭,村镇,1911,1911,,,,hvd_130241,30.22489,116.26095
3344,CN340826,CN340826,鹅公凹,安徽宿松县鹅公包,村镇,1911,1911,,,,hvd_130242,30.120272,116.26184
3345,CN3411,CN3411,江西,滁州市,区域,-223,579,,,,,32.308167,118.32325
3346,CN3411,CN3411,顿丘侨县,安徽滁州市,侨县,311,582,新建,更名,,hvd_43160,32.316994,118.30416
3347,CN3411,CN3411,新昌县,安徽滁州市,县,583,597,更名,更名,,hvd_43161,32.316994,118.30416
3348,CN3411,CN3411,清流县,安徽滁州市,县,598,1367,更名,更名,,hvd_43162,32.316994,118.30416
3349,CN3411,CN3411,滁州,安徽滁州市,州,620,741,新建,更名,,hvd_33528,32.316994,118.30416
3350,CN3411,CN3411,永阳郡,安徽滁州市,郡,742,755,,,,hvd_111150,32.31699,118.30416
3351,CN3411,CN3411,永阳郡,安徽滁州市,郡,742,757,更名,更名,,hvd_33529,32.316994,118.30416
3352,CN3411,CN3411,滁州,安徽滁州市,州,758,1277,更名,更名,,hvd_33530,32.316994,118.30416
3353,CN3411,CN3411,滁州,安徽滁州市,州,1389,1911,新建,数据下限,,hvd_33532,32.316994,118.30416
3354,CN3412,CN3412,汝阴县,安徽阜阳市,县,-224,-202,新建,更名,,hvd_43316,32.903057,115.80901
3355,CN3412,CN3412,汝阴侯国,安徽阜阳市,侯国,-201,-116,更名,更名,,hvd_43317,32.903057,115.80901
3356,CN3412,CN3412,汝阴县,安徽阜阳市,县,-115,972,更名,迁移治所,,hvd_43318,32.903057,115.80901
3357,CN3412,CN3412,颍州,安徽阜阳市,州,528,606,,,,hvd_113010,32.90306,115.80901
3358,CN3412,CN3412,颍州,安徽阜阳市,州,583,606,新建,更名,,hvd_33451,32.903057,115.80901
3359,CN3412,CN3412,汝阴郡,安徽阜阳市,郡,607,620,更名,更名,,hvd_33452,32.903057,115.80901
3360,CN3412,CN3412,颍州,安徽阜阳市,州,607,620,,,,hvd_116103,32.90306,115.80901
3361,CN3412,CN3412,信州,安徽阜阳市,州,621,622,更名,更名,,hvd_33453,32.903057,115.80901
3362,CN3412,CN3412,颍州,安徽阜阳市,州,623,741,更名,更名,,hvd_110887,32.903057,115.80901
3363,CN3412,CN3412,汝阴郡,安徽阜阳市,郡,742,755,,,,hvd_111151,32.90306,115.80901
3364,CN3412,CN3412,汝阴郡,安徽阜阳市,郡,742,757,更名,更名,,hvd_33456,32.903057,115.80901
3365,CN3412,CN3412,颍州,安徽阜阳市,州,758,1115,更名,更名,,hvd_33457,32.903057,115.80901
3366,CN3412,CN3412,汝阴县,安徽阜阳市,县,975,1265,迁移治所,撤销,,hvd_43319,32.903057,115.80901
3367,CN3412,CN3412,顺昌府,安徽阜阳市,府,1116,1129,更名,更名,,hvd_33458,32.903057,115.80901
3368,CN3412,CN3412,颍州,安徽阜阳市,州,1130,1292,更名,撤销,,hvd_33459,32.903057,115.80901
3369,CN3412,CN3412,颍州,安徽阜阳县,州,1265,1723,新建,撤销,,hvd_43415,32.903057,115.80901
3370,CN3412,CN3412,颍州,安徽阜阳市,州,1724,1734,新建,更名,,hvd_33460,32.903057,115.80901
3371,CN3412,CN3412,阜阳县,安徽阜阳市,县,1735,1911,新建,数据下限,,hvd_43320,32.903057,115.80901
3372,CN3412,CN3412,颍州府,安徽阜阳市,府,1735,1911,更名,数据下限,,hvd_33461,32.903057,115.80901
3373,CN3412,CN3412,阜阳县,安徽阜阳市,县,1820,1820,,,,hvd_1702,32.90306,115.80901
3374,CN3412,CN3412,颍州府,安徽阜阳市,府,1820,1820,,,,hvd_9784,32.90306,115.80901
3375,CN3412,CN3412,阜阳县,安徽阜阳市,县,1911,1911,,,,hvd_121258,32.90306,115.80901
3376,CN3412,CN3412,颍州府,安徽阜阳市,府,1911,1911,,,,hvd_120189,32.90306,115.80901
3377,CN341302,CN341302,竹邑县,安徽宿县符离镇,县,-224,-204,新建,更名,,hvd_43191,33.766956,116.96673
3378,CN341302,CN341302,符离县,安徽宿县蒿沟,县,-224,-120,新建,更名,,hvd_43199,33.68702,117.20868
3379,CN341302,CN341302,蕲县,安徽宿县蕲县镇,县,-224,13,新建,更名,,hvd_43208,33.442562,117.01277
3380,CN341302,CN341302,竹县,安徽宿县符离镇,县,-203,13,更名,更名,,hvd_43192,33.766956,116.96673
3381,CN341302,CN341302,符离侯国,安徽宿县蒿沟,侯国,-119,-105,更名,更名,,hvd_43200,33.68702,117.20868
3382,CN341302,CN341302,符离县,安徽宿县蒿沟,县,-104,13,更名,更名,,hvd_43201,33.68702,117.20868
3383,CN341302,CN341302,笃亭县,安徽宿县符离镇,县,14,22,更名,更名,,hvd_43193,33.766956,116.96673
3384,CN341302,CN341302,符合县,安徽宿县蒿沟,县,14,22,更名,更名,,hvd_43202,33.68702,117.20868
3385,CN341302,CN341302,蕲城县,安徽宿县蕲县镇,县,14,22,更名,更名,,hvd_43209,33.442562,117.01277
3386,CN341302,CN341302,竹邑县,安徽宿县符离镇,县,23,111,更名,更名,,hvd_43194,33.766956,116.96673
3387,CN341302,CN341302,符离县,安徽宿县蒿沟,县,23,310,更名,撤销,,hvd_43203,33.68702,117.20868
3388,CN341302,CN341302,蕲县,安徽宿县蕲县镇,县,23,310,更名,更名,,hvd_43210,33.442562,117.01277
3389,CN341302,CN341302,竹邑侯国,安徽宿县符离镇,侯国,112,219,更名,更名,,hvd_43195,33.766956,116.96673
3390,CN341302,CN341302,竹邑县,安徽宿县符离镇,县,220,310,更名,撤销,,hvd_43196,33.766956,116.96673
3391,CN341302,CN341302,蕲县,安徽宿县蕲县镇,县,311,547,更名,更名,,hvd_43211,33.442562,117.01277
3392,CN341302,CN341302,睢州,安徽省宿州市埇桥区,州,502,582,,,,hvd_113014,33.76696,116.96673
3393,CN341302,CN341302,竹邑县,安徽宿县符离镇,县,527,582,新建,撤销,,hvd_43197,33.766956,116.96673
3394,CN341302,CN341302,蕲城县,安徽宿县蕲县镇,县,548,582,更名,更名,,hvd_43212,33.442562,117.01277
3395,CN341302,CN341302,符离县,安徽宿县蒿沟,县,556,605,新建,撤销,,hvd_43204,33.68702,117.20868
3396,CN341302,CN341302,蕲县,安徽宿县蕲县镇,县,583,1264,更名,撤销,,hvd_43213,33.442562,117.01277
3397,CN341302,CN341302,符离县,安徽宿县蒿沟,县,606,620,新建,撤销,,hvd_43205,33.68702,117.20868
3398,CN341302,CN341302,符离县,安徽宿县符离镇,县,627,874,新建,迁移治所,,hvd_43198,33.766956,116.96673
3399,CN341302,CN341302,宿州,安徽宿县符离镇,州,809,828,新建,撤销,,hvd_33523,33.766956,116.96673
3400,CN341302,CN341302,宿泗都团练观察使,安徽省宿州市埇桥区人民中路辅路,防镇,862,877,,,,hvd_111594,33.64237,116.9714
3401,CN341302,CN341302,宿州,安徽宿县治,州,875,1270,治所迁移,撤销,,hvd_33525,33.64237,116.9714
3402,CN341302,CN341302,符离县,安徽宿县治,县,875,1264,迁移治所,更名,,hvd_43206,33.64237,116.9714
3403,CN341302,CN341302,宿州,安徽宿县治,州,1265,1911,更名,数据下限,,hvd_43207,33.64237,116.9714
3404,CN341302,CN341302,大店驿,安徽宿县东大店,村镇,1820,1820,,,,hvd_23027,33.591965,117.24899
3405,CN341302,CN341302,夹沟,安徽宿县北夹沟,村镇,1820,1820,,,,hvd_23023,33.89485,117.059166
3406,CN341302,CN341302,宿州,安徽宿县治,州,1820,1820,,,,hvd_1698,33.64237,116.9714
3407,CN341302,CN341302,张山店,,村镇,1820,1820,,,,hvd_18987,33.93627,117.3802
3408,CN341302,CN341302,桃山驿,安徽宿县桃山,村镇,1820,1820,,,,hvd_18986,34.055225,117.147255
3409,CN341302,CN341302,符离集,安徽宿县北老符离集,村镇,1820,1820,,,,hvd_23021,33.766956,116.96673
3410,CN341302,CN341302,蕲县集,安徽宿县南蕲县集,村镇,1820,1820,,,,hvd_23026,33.442562,117.01277
3411,CN341302,CN341302,下站铺,安徽宿县下站,村镇,1911,1911,,,,hvd_130482,33.550125,117.24702
3412,CN341302,CN341302,东三铺,安徽宿县三铺,村镇,1911,1911,,,,hvd_130476,33.613018,117.13425
3413,CN341302,CN341302,东二铺,安徽宿县东二铺,村镇,1911,1911,,,,hvd_130475,33.618015,117.07991
3414,CN341302,CN341302,东四铺,安徽宿县东四铺,村镇,1911,1911,,,,hvd_130477,33.600677,117.19521
3415,CN341302,CN341302,北十里铺,安徽宿州市十里铺,村镇,1911,1911,,,,hvd_130514,33.692863,116.95673
3416,CN341302,CN341302,大店,安徽宿县大店镇,村镇,1911,1911,,,,hvd_130478,33.591965,117.24899
3417,CN341302,CN341302,大营集,安徽宿县大营镇,村镇,1911,1911,,,,hvd_130503,33.334656,116.96553
3418,CN341302,CN341302,夹沟,安徽宿县夹沟镇,村镇,1911,1911,,,,hvd_130480,33.89485,117.059166
3419,CN341302,CN341302,官沟,安徽固镇县官沟集,村镇,1911,1911,,,,hvd_130468,33.417233,117.14698
3420,CN341302,CN341302,宿州,安徽宿县治,州,1911,1911,,,,hvd_121255,33.64237,116.9714
3421,CN341302,CN341302,新丰,安徽宿县辛丰,村镇,1911,1911,,,,hvd_130507,33.915154,117.08535
3422,CN341302,CN341302,时村,安徽宿县时村镇,村镇,1911,1911,,,,hvd_130511,33.78156,117.330956
3423,CN341302,CN341302,杨庄镇,安徽宿县杨庄,村镇,1911,1911,,,,hvd_125235,34.028744,117.22735
3424,CN341302,CN341302,栏杆集,安徽宿县栏杆镇,村镇,1911,1911,,,,hvd_130506,33.931164,117.268364
3425,CN341302,CN341302,桃园集,安徽宿县桃园镇,村镇,1911,1911,,,,hvd_130474,33.507225,117.0054
3426,CN341302,CN341302,桃山,安徽宿县桃山,村镇,1911,1911,,,,hvd_125236,34.055225,117.147255
3427,CN341302,CN341302,桃沟,安徽宿县桃沟,村镇,1911,1911,,,,hvd_130512,33.74639,117.25237
3428,CN341302,CN341302,永安集,安徽宿县永安镇,村镇,1911,1911,,,,hvd_130508,33.79403,117.177
3429,CN341302,CN341302,灰古集,安徽宿县灰古镇,村镇,1911,1911,,,,hvd_130509,33.736256,117.13864
3430,CN341302,CN341302,符离,安徽宿县符离镇,村镇,1911,1911,,,,hvd_130479,33.766956,116.96673
3431,CN341302,CN341302,蒿沟集,安徽宿县蒿沟,村镇,1911,1911,,,,hvd_130513,33.68702,117.20868
3432,CN341302,CN341302,蕲县集,安徽宿县蕲县镇,村镇,1911,1911,,,,hvd_130504,33.442562,117.01277
3433,CN341302,CN341302,行宫铺,安徽宿县行宫铺,村镇,1911,1911,,,,hvd_130473,33.58237,116.91541
3434,CN341302,CN341302,褚兰集,安徽宿县褚兰镇,村镇,1911,1911,,,,hvd_125237,34.031197,117.33233
3435,CN341302,CN341302,褚庄,安徽宿县褚庄集,村镇,1911,1911,,,,hvd_130481,33.827427,117.0139
3436,CN341302,CN341302,霸王城,安徽灵璧县霸王城,村镇,1911,1911,,,,hvd_130532,33.79006,117.38859
3437,CN341302,CN341302,鹤山集,安徽宿县鹤山集,村镇,1911,1911,,,,hvd_130510,33.805122,117.09339
3438,CN341321,CN341321,下邑县,安徽砀山县,县,-223,13,新建,更名,,hvd_42854,34.42788,116.34025
3439,CN341321,CN341321,杼秋县,安徽砀山县东文庄附近,县,-144,13,新建,更名,,hvd_42789,34.40098,116.56785
3440,CN341321,CN341321,下治县,安徽砀山县,县,14,22,更名,更名,,hvd_42855,34.42788,116.34025
3441,CN341321,CN341321,予秋县,安徽砀山县东文庄附近,县,14,22,更名,更名,,hvd_42790,34.40098,116.56785
3442,CN341321,CN341321,下邑县,安徽砀山县,县,23,525,更名,撤销,,hvd_42856,34.42788,116.34025
3443,CN341321,CN341321,杼秋县,安徽砀山县东文庄附近,县,23,316,更名,撤销,,hvd_42791,34.40098,116.56785
3444,CN341321,CN341321,安阳县,安徽砀山县东北郭曹庄附近,县,526,597,新建,更名和迁移治所,,hvd_42797,34.456917,116.36128
3445,CN341321,CN341321,砀县,安徽砀山县东南关帝庙,县,526,555,迁移治所,撤销,,hvd_42796,34.35914,116.36841
3446,CN341321,CN341321,砀山县,安徽砀山县,县,598,1221,更名和迁移治所,撤销,,hvd_42798,34.42788,116.34025
3447,CN341321,CN341321,砀山县,安徽砀山县,县,1266,1561,新建,迁移治所,,hvd_42800,34.42788,116.34025
3448,CN341321,CN341321,砀山县,安徽砀山县东南朱店附近,县,1562,1564,迁移治所,迁移治所,,hvd_42801,34.3707,116.45165
3449,CN341321,CN341321,砀山县,安徽砀山县,县,1565,1911,迁移治所,数据下限,,hvd_42802,34.42788,116.34025
3450,CN341321,CN341321,毛城集,,村镇,1820,1820,,,,hvd_18981,34.37637,116.4635
3451,CN341321,CN341321,砀山县,安徽砀山县,县,1820,1820,,,,hvd_754,34.42788,116.34025
3452,CN341321,CN341321,礼河集,,村镇,1820,1820,,,,hvd_18980,34.447037,116.46512
3453,CN341321,CN341321,西镇店,,村镇,1820,1820,,,,hvd_18982,34.342648,116.596344
3454,CN341321,CN341321,吕集,安徽砀山县吕集,村镇,1911,1911,,,,hvd_125215,34.459976,116.24536
3455,CN341321,CN341321,吴集,安徽砀山县吴集,村镇,1911,1911,,,,hvd_125214,34.483864,116.264435
3456,CN341321,CN341321,周家集,安徽砀山县周集,村镇,1911,1911,,,,hvd_125221,34.35829,116.60105
3457,CN341321,CN341321,唐集,安徽砀山县唐集,村镇,1911,1911,,,,hvd_125220,34.40402,116.59691
3458,CN341321,CN341321,回龙集,安徽砀山县回龙,村镇,1911,1911,,,,hvd_125217,34.30438,116.47503
3459,CN341321,CN341321,定国寺集,安徽砀山县定国寺,村镇,1911,1911,,,,hvd_125218,34.416985,116.56872
3460,CN341321,CN341321,杨集,安徽砀山县杨集,村镇,1911,1911,,,,hvd_125222,34.459976,116.543846
3461,CN341321,CN341321,砀山县,安徽砀山县,县,1911,1911,,,,hvd_121011,34.42788,116.34025
3462,CN341321,CN341321,蒋集,安徽砀山县东蒋集,村镇,1911,1911,,,,hvd_125213,34.576675,116.299255
3463,CN341321,CN341321,蟠龙集,安徽砀山县潘龙集,村镇,1911,1911,,,,hvd_125212,34.51116,116.571205
3464,CN341321,CN341321,谢集,安徽砀山县谢集,村镇,1911,1911,,,,hvd_125216,34.49888,116.20391
3465,CN3416,CN3416,谯县,安徽亳州市,县,-225,13,新建,更名,,hvd_43338,33.87929,115.770905
3466,CN3416,CN3416,延成亭,安徽亳州市,亭,14,22,更名,更名,,hvd_43339,33.87929,115.770905
3467,CN3416,CN3416,谯县,安徽亳州市,县,23,384,更名,撤销,,hvd_43340,33.87929,115.770905
3468,CN3416,CN3416,谯郡,安徽亳州市,郡,224,555,,,,hvd_115713,33.87929,115.77091
3469,CN3416,CN3416,小黄县,安徽亳州市,县,420,606,新建,更名,,hvd_43341,33.87929,115.770905
3470,CN3416,CN3416,亳州,安徽亳州市,州,578,606,,,,hvd_113120,33.87929,115.77091
3471,CN3416,CN3416,亳州,安徽亳州市,州,583,606,更名,更名,,hvd_33444,33.87929,115.770905
3472,CN3416,CN3416,谯县,安徽亳州市,县,607,1370,更名,更名,,hvd_43342,33.87929,115.770905
3473,CN3416,CN3416,谯郡,安徽亳州市,郡,607,620,更名,暂无,,hvd_33445,33.87929,115.770905
3474,CN3416,CN3416,亳州,安徽亳州市,州,621,741,,,,hvd_110884,33.87929,115.77091
3475,CN3416,CN3416,亳州,安徽亳州市,州,643,741,暂无,更名,,hvd_33447,33.87929,115.770905
3476,CN3416,CN3416,谯郡,安徽亳州市,郡,742,757,更名,更名,,hvd_33448,33.87929,115.770905
3477,CN3416,CN3416,谯郡,安徽亳州市,郡,742,755,,,,hvd_111149,33.87929,115.77091
3478,CN3416,CN3416,亳州,安徽亳州市,州,758,1270,更名,撤销,,hvd_33449,33.87929,115.770905
3479,CN3416,CN3416,亳州,安徽亳州市,州,1271,1367,新建,更名,,hvd_43406,33.87929,115.770905
3480,CN3416,CN3416,亳县,安徽亳州市,县,1368,1495,更名,更名,,hvd_43407,33.87929,115.770905
3481,CN3416,CN3416,亳州,安徽亳州市,州,1496,1723,更名,撤销,,hvd_43408,33.87929,115.770905
3482,CN3416,CN3416,亳州,安徽亳州市,州,1724,1734,新建,撤销,,hvd_33450,33.87929,115.770905
3483,CN3416,CN3416,亳州,安徽亳州市,州,1735,1911,新建,数据下限,,hvd_43409,33.87929,115.770905
3484,CN3416,CN3416,亳州,安徽亳州市,州,1820,1820,,,,hvd_1696,33.87929,115.7709
3485,CN3416,CN3416,亳州,安徽亳州市,州,1911,1911,,,,hvd_121261,33.87929,115.7709
3486,CN3417,CN3417,池州,安徽池州市,州,766,1276,新建,更名,,hvd_32455,30.654661,117.481834
3487,CN3417,CN3417,秋浦县,安徽池州市,县,766,925,迁移治所,更名,,hvd_41343,30.654661,117.481834
3488,CN3417,CN3417,贵池县,安徽池州市,县,926,1911,更名,数据下限,,hvd_41344,30.654661,117.481834
3489,CN3417,CN3417,池州府,安徽池州市,府,1361,1911,更名,数据下限,,hvd_32457,30.654661,117.481834
3490,CN3417,CN3417,池州府,安徽池州市,府,1820,1820,,,,hvd_9779,30.65466,117.48183
3491,CN3417,CN3417,贵池县,安徽池州市,县,1820,1820,,,,hvd_1685,30.65466,117.48183
3492,CN3417,CN3417,池州府,安徽池州市,府,1911,1911,,,,hvd_120185,30.65466,117.48183
3493,CN3417,CN3417,贵池县,安徽池州市,县,1911,1911,,,,hvd_121228,30.65466,117.48183
3494,CN341702,CN341702,石城县,安徽池州市西南铜山,县,-201,588,新建,撤销,,hvd_41341,30.482548,117.22762
3495,CN341702,CN341702,秋浦县,安徽池州市西南铜山,县,598,765,新建,迁移治所,,hvd_41342,30.482548,117.22762
3496,CN341702,CN341702,池州,安徽池州市西南铜山,州,621,626,新建,撤销,,hvd_32467,30.482548,117.22762
3497,CN341702,CN341702,康化军节度使,安徽省池州市贵池区白洋河大堤,防镇,938,953,,,,hvd_111763,30.65466,117.48183
3498,CN341702,CN341702,上清溪镇,安徽贵池县南上清溪,村镇,1820,1820,,,,hvd_22960,30.571678,117.50559
3499,CN341702,CN341702,殷家汇,,村镇,1820,1820,,,,hvd_22974,30.476906,117.343895
3500,CN341702,CN341702,池口镇,安徽贵池市西北池口,村镇,1820,1820,,,,hvd_23133,30.672014,117.462456
3501,CN341702,CN341702,吴田铺,安徽贵池市吴田铺,村镇,1911,1911,,,,hvd_129881,30.399597,117.25252
3502,CN341702,CN341702,唐冲,安徽贵池市塘冲,村镇,1911,1911,,,,hvd_130167,30.501047,117.35353
3503,CN341702,CN341702,峡川,安徽贵池市峡川,村镇,1911,1911,,,,hvd_130165,30.478823,117.60272
3504,CN341702,CN341702,殷家汇,,村镇,1911,1911,,,,hvd_129888,30.476906,117.343895
3505,CN341702,CN341702,池口,安徽贵池市池口,村镇,1911,1911,,,,hvd_129892,30.672606,117.47337
3506,CN341702,CN341702,沙溪,安徽贵池市沙西街,村镇,1911,1911,,,,hvd_129886,30.466421,117.25792
3507,CN341702,CN341702,流波矶,安徽贵池市流波矶,村镇,1911,1911,,,,hvd_129893,30.712484,117.52256
3508,CN341702,CN341702,灵芝,安徽贵池市灵芝塔,村镇,1911,1911,,,,hvd_130164,30.651674,117.66346
3509,CN341702,CN341702,白沙,安徽贵池市白沙埠,村镇,1911,1911,,,,hvd_129896,30.62424,117.507805
3510,CN341702,CN341702,白洋,安徽贵池市白洋,村镇,1911,1911,,,,hvd_129890,30.530191,117.5379
3511,CN341702,CN341702,董家村,安徽贵池市董家窑,村镇,1911,1911,,,,hvd_129887,30.536846,117.25104
3512,CN341702,CN341702,金鸡铺,安徽贵池市金鸡铺,村镇,1911,1911,,,,hvd_129889,30.513937,117.37598
3513,CN341702,CN341702,铜埠,安徽青阳县童埠,村镇,1911,1911,,,,hvd_129901,30.727303,117.806496
3514,CN341702,CN341702,高坦,安徽贵池市高坦,村镇,1911,1911,,,,hvd_129899,30.354782,117.43389
3515,CN341702,CN341702,黄湓,安徽贵池市黄湓,村镇,1911,1911,,,,hvd_129885,30.457935,117.19988
3516,CN341722,CN341722,石埭县,安徽石台县（七里镇）,县,536,588,新建,撤销,,hvd_41349,30.20777,117.4667
3517,CN341722,CN341722,石埭县,安徽石台县（七里镇）,县,1225,1230,迁移治所,迁移治所,,hvd_41351,30.20777,117.4667
3518,CN341722,CN341722,七都,安徽石台县东北七都,村镇,1820,1820,,,,hvd_22959,30.240389,117.77406
3519,CN341722,CN341722,七里,安徽石台县七里,村镇,1911,1911,,,,hvd_129913,30.21287,117.44878
3520,CN341722,CN341722,掬亭,安徽石台县掬亭,村镇,1911,1911,,,,hvd_129921,30.320658,117.88754
3521,CN341722,CN341722,沟汀,安徽石台县沟汀,村镇,1911,1911,,,,hvd_129917,30.286709,117.450745
3522,CN341722,CN341722,源头,安徽石台县源头,村镇,1911,1911,,,,hvd_130046,30.053865,117.300156
3523,CN341722,CN341722,钓鱼台,安徽石台县钓鱼台,村镇,1911,1911,,,,hvd_129915,30.168736,117.5993
3524,CN341722,CN341722,雍溪街,安徽石台县六都（雍溪）,村镇,1911,1911,,,,hvd_129920,30.304193,117.84408
3525,CN341722,CN341722,香口,安徽石台县香口村,村镇,1911,1911,,,,hvd_129914,30.190802,117.516655
3526,CN341723,CN341723,陵阳县,安徽青阳县南陵阳镇,县,-201,337,新建,更名,,hvd_41347,30.416302,117.886765
3527,CN341723,CN341723,临城县,安徽青阳县（蓉城镇）南五里,县,243,588,新建,撤销,,hvd_41345,30.617899,117.85781
3528,CN341723,CN341723,定陵县,安徽青阳县东北（木镇）,县,328,588,迁移治所,撤销,,hvd_41353,30.721428,117.951195
3529,CN341723,CN341723,广阳县,安徽青阳县南陵阳镇,县,338,588,更名,撤销,,hvd_41348,30.416302,117.886765
3530,CN341723,CN341723,青阳县,安徽青阳县（蓉城镇）治,县,742,1911,新建,数据下限,,hvd_41346,30.636639,117.86305
3531,CN341723,CN341723,五溪桥,安徽青阳县西南五溪,村镇,1820,1820,,,,hvd_22961,30.62015,117.77989
3532,CN341723,CN341723,陵阳镇,安徽青阳县南陵阳,村镇,1820,1820,,,,hvd_22964,30.416302,117.886765
3533,CN341723,CN341723,青阳县,安徽青阳县（蓉城镇）治,县,1820,1820,,,,hvd_1688,30.63664,117.86305
3534,CN341723,CN341723,三溪,安徽青阳县三溪,村镇,1911,1911,,,,hvd_129907,30.37054,117.8354
3535,CN341723,CN341723,五溪,安徽青阳县五溪桥,村镇,1911,1911,,,,hvd_129905,30.621695,117.76162
3536,CN341723,CN341723,梅塘村,安徽青阳县梅村塘,村镇,1911,1911,,,,hvd_130169,30.481815,117.88139
3537,CN341723,CN341723,甘露寺,安徽青阳县甘露古,村镇,1911,1911,,,,hvd_129902,30.496967,117.80294
3538,CN341723,CN341723,石村,安徽青阳县石村,村镇,1911,1911,,,,hvd_129904,30.471512,117.91214
3539,CN341723,CN341723,管埠,安徽青阳县官埠,村镇,1911,1911,,,,hvd_130168,30.744104,117.92516
3540,CN341723,CN341723,钱家桥,安徽青阳县钱家桥,村镇,1911,1911,,,,hvd_129876,30.752317,118.0604
3541,CN341723,CN341723,青阳县,安徽青阳县（蓉城镇）治,县,1911,1911,,,,hvd_121229,30.63664,117.86305
3542,CN341802,CN341802,宛陵县,安徽宣州市,县,-201,13,新建,更名,,hvd_41300,30.946941,118.7425
3543,CN341802,CN341802,丹阳郡,安徽宣州市,郡,-121,8,,,,hvd_112543,30.94694,118.7425
3544,CN341802,CN341802,丹阳郡,安徽宣州市,郡,-121,280,新建,治所迁移,,hvd_32362,30.946941,118.7425
3545,CN341802,CN341802,丹阳郡,安徽宣州市,郡,0,211,,,,hvd_112544,30.94694,118.7425
3546,CN341802,CN341802,无宛县,安徽宣州市,县,14,22,更名,更名,,hvd_41301,30.946941,118.7425
3547,CN341802,CN341802,宛陵县,安徽宣州市,县,23,606,更名,更名,,hvd_41302,30.946941,118.7425
3548,CN341802,CN341802,宣城郡,安徽宣州市,郡,281,461,新建,迁移治所,,hvd_32466,30.946941,118.7425
3549,CN341802,CN341802,逡遒县,安徽宣州市北新河镇,县,328,588,新建,撤销,,hvd_41316,31.141607,118.75675
3550,CN341802,CN341802,宣城郡,安徽宣州市,郡,464,588,迁移治所,更名,,hvd_32638,30.946941,118.7425
3551,CN341802,CN341802,南豫州,安徽宣城县,州,468,469,,,,hvd_113050,30.94694,118.7425
3552,CN341802,CN341802,南豫州,安徽宣城县,州,552,588,,,,hvd_113057,30.94694,118.7425
3553,CN341802,CN341802,丹阳郡,安徽宣州市,郡,556,582,,,,hvd_115144,30.94694,118.7425
3554,CN341802,CN341802,南豫州,安徽宣城县,州,580,588,治所迁移,撤销,,hvd_30066,30.946941,118.7425
3555,CN341802,CN341802,宣州,安徽宣州市,州,589,606,更名,更名,,hvd_110087,30.946941,118.7425
3556,CN341802,CN341802,宣城县,安徽宣州市,县,607,1911,更名,数据下限,,hvd_41303,30.946941,118.7425
3557,CN341802,CN341802,宣城郡,安徽宣州市,郡,607,619,更名,更名,,hvd_32471,30.946941,118.7425
3558,CN341802,CN341802,宣州,安徽宣州市,州,620,622,,,,hvd_110426,30.94694,118.7425
3559,CN341802,CN341802,宣州,安徽宣州市,州,620,741,更名,更名,,hvd_32472,30.946941,118.7425
3560,CN341802,CN341802,宣州,安徽宣州市,州,624,741,,,,hvd_110893,30.94694,118.7425
3561,CN341802,CN341802,宣城郡,安徽宣州市,郡,742,757,更名,更名,,hvd_111268,30.946941,118.7425
3562,CN341802,CN341802,宣州,安徽宣州市,州,758,1165,更名,更名,,hvd_32474,30.946941,118.7425
3563,CN341802,CN341802,宣歙饶观察使,安徽省宣城市宣州区梅园路辅路,防镇,758,758,,,,hvd_111360,30.94694,118.7425
3564,CN341802,CN341802,浙江西道观察使,安徽省宣城市宣州区梅园路辅路,防镇,761,765,,,,hvd_30068,30.94694,118.7425
3565,CN341802,CN341802,宣歙池都团练观察使,安徽省宣城市宣州区梅园路辅路,防镇,766,778,,,,hvd_111473,30.94694,118.7425
3566,CN341802,CN341802,宣歙饶团练使,安徽省宣城市宣州区梅园路辅路,防镇,779,891,,,,hvd_111620,30.94694,118.7425
3567,CN341802,CN341802,宁国军节度使,安徽省宣城市宣州区梅园路辅路,防镇,892,902,,,,hvd_111645,30.94694,118.7425
3568,CN341802,CN341802,宁国军都团练观察使,安徽省宣城市宣州区梅园路辅路,防镇,903,914,,,,hvd_111684,30.94694,118.7425
3569,CN341802,CN341802,宁国军节度使,安徽省宣城市宣州区梅园路辅路,防镇,919,975,,,,hvd_111836,30.94694,118.7425
3570,CN341802,CN341802,宁国府,安徽宣州市,府,1166,1276,更名,更名,,hvd_32475,30.946941,118.7425
3571,CN341802,CN341802,宁国府,安徽宣州市,府,1357,1360,更名,更名,,hvd_32477,30.946941,118.7425
3572,CN341802,CN341802,宣城府,安徽宣州市,府,1361,1365,更名,更名,,hvd_32478,30.946941,118.7425
3573,CN341802,CN341802,宣州府,安徽宣州市,府,1366,1366,更名,更名,,hvd_32479,30.946941,118.7425
3574,CN341802,CN341802,宁国府,安徽宣州市,府,1367,1911,更名,数据下限,,hvd_32480,30.946941,118.7425
3575,CN341802,CN341802,孙家埠,,村镇,1820,1820,,,,hvd_22983,30.90175,118.883606
3576,CN341802,CN341802,宁国府,安徽宣州市,府,1820,1820,,,,hvd_9781,30.94694,118.7425
3577,CN341802,CN341802,宣城县,安徽宣州市,县,1820,1820,,,,hvd_1692,30.94694,118.7425
3578,CN341802,CN341802,寒亭,,村镇,1820,1820,,,,hvd_22980,30.921371,118.553246
3579,CN341802,CN341802,杨柳铺,安徽宣城县西南杨柳铺,村镇,1820,1820,,,,hvd_22985,30.831532,118.60683
3580,CN341802,CN341802,水东,,村镇,1820,1820,,,,hvd_22989,30.79141,118.953156
3581,CN341802,CN341802,水阳镇,安徽宣城县北水阳镇,村镇,1820,1820,,,,hvd_23678,31.23626,118.784706
3582,CN341802,CN341802,双牌,安徽宣州市双牌铺,村镇,1911,1911,,,,hvd_130034,30.906221,118.69291
3583,CN341802,CN341802,团山,安徽宣州市团山,村镇,1911,1911,,,,hvd_130030,30.989292,118.6682
3584,CN341802,CN341802,孙家埠,,村镇,1911,1911,,,,hvd_136695,30.90175,118.883606
3585,CN341802,CN341802,宣城县,安徽宣州市,县,1911,1911,,,,hvd_121222,30.94694,118.7425
3586,CN341802,CN341802,寒亭,,村镇,1911,1911,,,,hvd_130033,30.921371,118.553246
3587,CN341802,CN341802,敬亭,安徽宣州市敬亭,村镇,1911,1911,,,,hvd_130031,30.954134,118.7379
3588,CN341802,CN341802,新河庄镇,安徽宣州市新河庄,村镇,1911,1911,,,,hvd_136692,31.141607,118.75675
3589,CN341802,CN341802,杨林,安徽宣州市杨林,村镇,1911,1911,,,,hvd_129806,30.757837,118.91805
3590,CN341802,CN341802,板桥,安徽宣州市板桥,村镇,1911,1911,,,,hvd_130032,30.865011,118.79462
3591,CN341802,CN341802,柿木,安徽宣州市柿木铺,村镇,1911,1911,,,,hvd_130036,30.777546,118.55795
3592,CN341802,CN341802,水东,,村镇,1911,1911,,,,hvd_129807,30.79141,118.953156
3593,CN341802,CN341802,水阳镇,安徽宣城县北水阳镇,村镇,1911,1911,,,,hvd_138933,31.23626,118.784706
3594,CN341802,CN341802,油榨沟,安徽宣州市油榨沟,村镇,1911,1911,,,,hvd_130028,31.046263,118.77115
3595,CN341802,CN341802,界溪,安徽宣州市界溪,村镇,1911,1911,,,,hvd_130037,30.811186,118.681175
3596,CN341802,CN341802,黄龙嘴,安徽宣城县黄龙嘴,村镇,1911,1911,,,,hvd_129811,31.178259,118.993805
3597,CN341823,CN341823,泾县,安徽泾县西二里跨古赏溪（今青弋江）,县,-202,1911,新建,数据下限,,hvd_41313,30.68671,118.406586
3598,CN341823,CN341823,安吴县,安徽泾县西南安吴,县,196,588,新建,撤销,,hvd_41314,30.5902,118.25991
3599,CN341823,CN341823,安吴县,安徽泾县西南安吴,县,620,624,新建,撤销,,hvd_41315,30.5902,118.25991
3600,CN341823,CN341823,猷州,安徽泾县西南安吴,州,620,624,新建,撤销,,hvd_32468,30.5902,118.25991
3601,CN341823,CN341823,晏公堂,安徽泾县东南晏公塘,村镇,1820,1820,,,,hvd_22988,30.639444,118.44327
3602,CN341823,CN341823,查村,安徽泾县西南查村,村镇,1820,1820,,,,hvd_22987,30.50926,118.02473
3603,CN341823,CN341823,泾县,安徽泾县西二里跨古赏溪（今青弋江）,县,1820,1820,,,,hvd_1690,30.68671,118.40659
3604,CN341823,CN341823,茂林,安徽泾县西南茂林,村镇,1820,1820,,,,hvd_22981,30.509756,118.2436
3605,CN341823,CN341823,茹麻岭,安徽泾县南茹麻岭,村镇,1820,1820,,,,hvd_22982,30.496054,118.43432
3606,CN341823,CN341823,赤滩镇,安徽泾县东北赤滩,村镇,1820,1820,,,,hvd_22991,30.731567,118.4558
3607,CN341823,CN341823,乌溪,安徽泾县乌溪,村镇,1911,1911,,,,hvd_129829,30.570465,118.44392
3608,CN341823,CN341823,八角亭,安徽泾县八角亭,村镇,1911,1911,,,,hvd_129875,30.836594,118.38091
3609,CN341823,CN341823,包村,安徽泾县包合,村镇,1911,1911,,,,hvd_129837,30.546387,118.132996
3610,CN341823,CN341823,厚岸,安徽泾县厚岸,村镇,1911,1911,,,,hvd_129836,30.552006,118.05264
3611,CN341823,CN341823,古楼铺,安徽泾县鼓楼铺,村镇,1911,1911,,,,hvd_130158,30.756413,118.52805
3612,CN341823,CN341823,安吴渡,安徽泾县安吴,村镇,1911,1911,,,,hvd_129835,30.576757,118.25695
3613,CN341823,CN341823,官庄寺,安徽泾县官庄,村镇,1911,1911,,,,hvd_129834,30.62147,118.31598
3614,CN341823,CN341823,晏公铺,安徽泾县晏公镇,村镇,1911,1911,,,,hvd_130159,30.637156,118.45571
3615,CN341823,CN341823,查村,安徽泾县查村,村镇,1911,1911,,,,hvd_129838,30.506737,118.03167
3616,CN341823,CN341823,泾县,安徽泾县西二里跨古赏溪（今青弋江）,县,1911,1911,,,,hvd_121224,30.68671,118.40659
3617,CN341823,CN341823,浙南铺,安徽泾县浙溪,村镇,1911,1911,,,,hvd_129830,30.431656,118.444855
3618,CN341823,CN341823,浙溪市,安徽泾县浙溪,村镇,1911,1911,,,,hvd_136689,30.445635,118.444534
3619,CN341823,CN341823,白花,安徽泾县白华,村镇,1911,1911,,,,hvd_129828,30.516697,118.463715
3620,CN341823,CN341823,老滩,安徽泾县老潭,村镇,1911,1911,,,,hvd_130160,30.553291,118.09397
3621,CN341823,CN341823,胡冲铺,安徽泾县湖冲铺,村镇,1911,1911,,,,hvd_129824,30.781757,118.4183
3622,CN341823,CN341823,赤滩,安徽泾县赤滩,村镇,1911,1911,,,,hvd_129826,30.741264,118.46256
3623,CN341823,CN341823,郑家场,安徽泾县郑家场,村镇,1911,1911,,,,hvd_129827,30.64509,118.37304
3624,CN341823,CN341823,铜山,安徽泾县铜山,村镇,1911,1911,,,,hvd_129832,30.426617,118.25609
3625,CN341823,CN341823,章家渡,安徽泾县章渡,村镇,1911,1911,,,,hvd_129833,30.598122,118.225464
3626,CN3501,CN3501,东冶县,福建省福州市,县,-222,-111,新建,撤销,,hvd_40163,26.073954,119.32158
3627,CN3501,CN3501,冶县,福建省福州市,县,-85,29,新建,更名,,hvd_40164,26.073954,119.32158
3628,CN3501,CN3501,东部侯官县,福建省福州市,县,30,259,更名,更名,,hvd_40165,26.073954,119.32158
3629,CN3501,CN3501,候官县,福建省福州市,县,260,588,更名,撤销,,hvd_40166,26.073954,119.32158
3630,CN3501,CN3501,原丰县,福建省福州市,县,282,591,新建,更名,,hvd_40167,26.073954,119.32158
3631,CN3501,CN3501,闽县,福建省福州市,县,592,932,更名,更名,,hvd_40168,26.073954,119.32158
3632,CN3501,CN3501,侯官县,福建省福州市,县,789,807,迁移治所,撤销,,hvd_40175,26.073954,119.32158
3633,CN3501,CN3501,侯官县,福建省福州市,县,810,932,新建,更名,,hvd_40176,26.073954,119.32158
3634,CN3501,CN3501,长乐县,福建省福州市,县,933,934,更名,更名,,hvd_40169,26.073954,119.32158
3635,CN3501,CN3501,闽兴县,福建省福州市,县,933,934,更名,更名,,hvd_40177,26.073954,119.32158
3636,CN3501,CN3501,侯官县,福建省福州市,县,935,1911,更名,数据下限,,hvd_40178,26.073954,119.32158
3637,CN3501,CN3501,闽县,福建省福州市,县,935,940,更名,更名,,hvd_40170,26.073954,119.32158
3638,CN3501,CN3501,长乐县,福建省福州市,县,941,947,更名,更名,,hvd_40171,26.073954,119.32158
3639,CN3501,CN3501,闽县,福建省福州市,县,948,1911,更名,数据下限,,hvd_40172,26.073954,119.32158
3640,CN3501,CN3501,怀安县,福建省福州市,县,1379,1579,迁移治所,撤销,,hvd_40181,26.073954,119.32158
3641,CN350426,CN350426,尤溪县,福建省尤溪县,县,741,1911,新建,数据下限,,hvd_40318,26.171848,118.18219
3642,CN350426,CN350426,新桥墟,,村镇,1820,1820,,,,hvd_16054,26.05011,117.94938
3643,CN350426,CN350426,东阬,福建尤溪县东坑,村镇,1911,1911,,,,hvd_138215,26.298592,118.12704
3644,CN350426,CN350426,刘坂,福建尤溪县刘坂头,村镇,1911,1911,,,,hvd_138201,26.305712,118.335945
3645,CN350426,CN350426,南溪,福建南平市南溪,村镇,1911,1911,,,,hvd_138076,26.402893,118.43576
3646,CN350426,CN350426,厚禄坪,福建尤溪县后录坪,村镇,1911,1911,,,,hvd_138221,25.92294,118.03266
3647,CN350426,CN350426,大地头,福建尤溪县大地头,村镇,1911,1911,,,,hvd_138203,26.408394,118.27709
3648,CN350426,CN350426,大排,福建尤溪县大排,村镇,1911,1911,,,,hvd_138202,26.295254,118.27232
3649,CN350426,CN350426,官田,福建尤溪县官田,村镇,1911,1911,,,,hvd_138220,25.89441,118.19173
3650,CN350426,CN350426,宝峰,福建闽清县宝峰,村镇,1911,1911,,,,hvd_137098,26.1375,118.584175
3651,CN350426,CN350426,岐尾,福建尤溪县岐尾,村镇,1911,1911,,,,hvd_138207,25.91248,118.47805
3652,CN350426,CN350426,彭山,福建尤溪县彭山,村镇,1911,1911,,,,hvd_138214,26.307348,118.06082
3653,CN350426,CN350426,新阬,福建尤溪县新坑,村镇,1911,1911,,,,hvd_138216,26.27862,118.020996
3654,CN350426,CN350426,林后,福建尤溪县林后崎,村镇,1911,1911,,,,hvd_138228,26.006477,118.039024
3655,CN350426,CN350426,桂峰,福建尤溪县桂峰,村镇,1911,1911,,,,hvd_138225,26.310017,118.527885
3656,CN350426,CN350426,洋头,福建尤溪县洋头,村镇,1911,1911,,,,hvd_138206,26.115046,118.45366
3657,CN350426,CN350426,洋边,福建尤溪县洋边,村镇,1911,1911,,,,hvd_138213,26.376575,118.229904
3658,CN350426,CN350426,洪宅,福建尤溪县洪村,村镇,1911,1911,,,,hvd_138222,26.227264,117.92131
3659,CN350426,CN350426,源湖,福建尤溪县源湖,村镇,1911,1911,,,,hvd_138211,26.27767,118.23839
3660,CN350426,CN350426,潭边,福建尤溪县潭边,村镇,1911,1911,,,,hvd_138200,26.3542,118.494484
3661,CN350426,CN350426,玉石,福建尤溪县玉石,村镇,1911,1911,,,,hvd_138212,26.301445,118.20021
3662,CN350426,CN350426,盖竹洋,福建尤溪县盖竹,村镇,1911,1911,,,,hvd_138210,26.052279,118.290344
3663,CN350426,CN350426,米录石,福建尤溪县米录石,村镇,1911,1911,,,,hvd_138227,26.080803,118.164154
3664,CN350426,CN350426,胡厝,福建尤溪县胡厝,村镇,1911,1911,,,,hvd_138226,26.13121,118.54061
3665,CN350426,CN350426,芹山,福建尤溪县芹山,村镇,1911,1911,,,,hvd_138223,26.133116,117.931915
3666,CN350426,CN350426,芹洋,福建尤溪县芹洋,村镇,1911,1911,,,,hvd_138199,26.354675,118.42609
3667,CN350426,CN350426,草洋,福建尤溪县草洋,村镇,1911,1911,,,,hvd_138205,26.18447,118.30625
3668,CN350426,CN350426,蒋阬,福建尤溪县蒋坑,村镇,1911,1911,,,,hvd_138218,26.109339,118.13764
3669,CN350426,CN350426,蓦口,福建尤溪县目口,村镇,1911,1911,,,,hvd_138224,26.318577,118.48335
3670,CN350426,CN350426,西华,福建尤溪县西华,村镇,1911,1911,,,,hvd_138208,25.92812,118.24522
3671,CN350426,CN350426,西洋,福建尤溪县西洋,村镇,1911,1911,,,,hvd_138198,26.36594,118.383354
3672,CN350426,CN350426,雍口塘,福建尤溪县雍口,村镇,1911,1911,,,,hvd_138204,26.283844,118.35239
3673,CN350427,CN350427,沙村县,福建省沙县东古县,县,410,595,新建,撤销,,hvd_40314,26.391241,117.82266
3674,CN350427,CN350427,沙县,福建省沙县东古县,县,621,623,新建,撤销,,hvd_40315,26.391241,117.82266
3675,CN350427,CN350427,沙县,福建省沙县东古县,县,655,883,新建,迁移治所,,hvd_40316,26.391241,117.82266
3676,CN350427,CN350427,沙县,福建省沙县,县,884,1911,迁移治所,数据下限,,hvd_40317,26.39761,117.78179
3677,CN350427,CN350427,下茂墟,福建沙县夏茂镇,村镇,1820,1820,,,,hvd_16099,26.576393,117.66757
3678,CN350427,CN350427,富口墟,福建沙县富口,村镇,1820,1820,,,,hvd_16108,26.449677,117.688614
3679,CN350427,CN350427,高桥墟,福建沙县高桥,村镇,1820,1820,,,,hvd_16103,26.561108,117.773415
3680,CN350427,CN350427,高砂市,,村镇,1820,1820,,,,hvd_16102,26.426912,117.91065
3681,CN350427,CN350427,中堡,福建沙县中堡,村镇,1911,1911,,,,hvd_138115,26.611696,117.73387
3682,CN350427,CN350427,华口,福建沙县华口,村镇,1911,1911,,,,hvd_138099,26.172909,117.79001
3683,CN350427,CN350427,南阬,福建沙县南坑,村镇,1911,1911,,,,hvd_138119,26.298576,117.93035
3684,CN350427,CN350427,古县,福建沙县古县,村镇,1911,1911,,,,hvd_138096,26.38946,117.82496
3685,CN350427,CN350427,官庄,福建沙县官庄,村镇,1911,1911,,,,hvd_138116,26.527824,117.76247
3686,CN350427,CN350427,曹源,福建沙县曹元圩,村镇,1911,1911,,,,hvd_138097,26.380932,117.88057
3687,CN350427,CN350427,涌溪塘,福建沙县涌溪,村镇,1911,1911,,,,hvd_138091,26.503658,117.96053
3688,CN350427,CN350427,漈口,福建沙县漈口,村镇,1911,1911,,,,hvd_138118,26.439215,117.79583
3689,CN350427,CN350427,玉口,福建沙县玉口,村镇,1911,1911,,,,hvd_138094,26.451061,117.88904
3690,CN350427,CN350427,琅口,福建沙县琅口,村镇,1911,1911,,,,hvd_138095,26.380932,117.83025
3691,CN350427,CN350427,罗坊,福建沙县罗邦,村镇,1911,1911,,,,hvd_138113,26.573315,117.688324
3692,CN350427,CN350427,罗阬,福建将乐县罗坑,村镇,1911,1911,,,,hvd_138491,26.551798,117.6034
3693,CN350427,CN350427,荣昌阬,福建沙县荣昌坑,村镇,1911,1911,,,,hvd_138098,26.22835,117.813835
3694,CN350427,CN350427,蒋阬,福建沙县蒋坡,村镇,1911,1911,,,,hvd_138101,26.252518,117.87157
3695,CN350427,CN350427,赤岭路,福建沙县赤岭,村镇,1911,1911,,,,hvd_138117,26.515505,117.765114
3696,CN350427,CN350427,郑地,福建沙县正地,村镇,1911,1911,,,,hvd_138090,26.559572,117.88216
3697,CN350427,CN350427,馆前铺,福建沙县管前,村镇,1911,1911,,,,hvd_138093,26.478071,117.95259
3698,CN350427,CN350427,马铺,福建沙县马铺,村镇,1911,1911,,,,hvd_138092,26.49039,117.9563
3699,CN350427,CN350427,黄阬口,福建沙县黄坑头,村镇,1911,1911,,,,hvd_138120,26.37739,117.96001
3700,CN350583,CN350583,东安县,福建省南安县东丰州,县,260,281,新建,更名,,hvd_40254,24.953764,118.53785
3701,CN350583,CN350583,晋安县,福建省南安县东丰州,县,282,588,更名,更名,,hvd_40255,24.953764,118.53785
3702,CN350583,CN350583,梁安郡,福建省南安市东丰州,郡,511,563,新建,更名,,hvd_32077,24.953764,118.53785
3703,CN350583,CN350583,南安郡,福建省南安市东丰州,郡,564,588,更名,撤销,,hvd_32078,24.953764,118.53785
3704,CN350583,CN350583,南安县,福建省南安县东丰州,县,589,1911,更名,数据下限,,hvd_40256,24.953764,118.53785
3705,CN350583,CN350583,丰州,福建省南安市东丰州,州,622,626,新建,撤销,,hvd_32076,24.953764,118.53785
3706,CN350583,CN350583,武荣州,福建省南安市东丰州,州,699,699,新建,迁移治所,,hvd_32080,24.953764,118.53785
3707,CN350583,CN350583,大盈,,村镇,1820,1820,,,,hvd_16250,24.750563,118.40772
3708,CN350583,CN350583,洪濑,福建南安县洪獭镇,村镇,1820,1820,,,,hvd_16197,25.08311,118.52366
3709,CN350583,CN350583,石井镇,福建南安县石井镇,村镇,1820,1820,,,,hvd_16254,24.623657,118.4261
3710,CN350583,CN350583,罗溪,,村镇,1820,1820,,,,hvd_16204,25.148687,118.44956
3711,CN350583,CN350583,上曾,福建南安县曾庄,村镇,1911,1911,,,,hvd_137415,24.809387,118.42204
3712,CN350583,CN350583,二西林,福建南安县西林,村镇,1911,1911,,,,hvd_137417,24.865358,118.45603
3713,CN350583,CN350583,仙景,福建南安县仙景,村镇,1911,1911,,,,hvd_137410,24.611916,118.41071
3714,CN350583,CN350583,使口,福建南安县诗口,村镇,1911,1911,,,,hvd_137424,25.145222,118.4053
3715,CN350583,CN350583,千金庙,福建南安县千金庙,村镇,1911,1911,,,,hvd_137425,25.126862,118.36392
3716,CN350583,CN350583,后店,福建南安县后店,村镇,1911,1911,,,,hvd_137412,24.6352,118.42303
3717,CN350583,CN350583,塔口,福建南安县塔口,村镇,1911,1911,,,,hvd_137429,25.236914,118.29791
3718,CN350583,CN350583,墩兜,福建南安县墩兜,村镇,1911,1911,,,,hvd_137430,25.18787,118.43977
3719,CN350583,CN350583,大宇,福建南安县大宇,村镇,1911,1911,,,,hvd_137435,25.028566,118.27624
3720,CN350583,CN350583,大盈,福建南安县大盈,村镇,1911,1911,,,,hvd_137661,24.74671,118.41775
3721,CN350583,CN350583,奎下,福建南安县奎霞,村镇,1911,1911,,,,hvd_137409,24.60699,118.3984
3722,CN350583,CN350583,彭溪,福建南安县顶彭溪,村镇,1911,1911,,,,hvd_137418,24.873867,118.334854
3723,CN350583,CN350583,文斗,福建南安县文斗店,村镇,1911,1911,,,,hvd_137414,24.690725,118.36441
3724,CN350583,CN350583,水江,福建南安县水缸,村镇,1911,1911,,,,hvd_137428,25.263218,118.39397
3725,CN350583,CN350583,洞后埔,福建南安县洞后埔,村镇,1911,1911,,,,hvd_137419,24.95581,118.23634
3726,CN350583,CN350583,洪赖,福建南安县洪獭镇,村镇,1911,1911,,,,hvd_137422,25.08311,118.52366
3727,CN350583,CN350583,溪尾,福建南安县县治溪美镇,村镇,1911,1911,,,,hvd_137421,24.953054,118.37565
3728,CN350583,CN350583,炉内村,福建南安县炉内潘,村镇,1911,1911,,,,hvd_137431,25.19545,118.53977
3729,CN350583,CN350583,珠渊,福建南安县珠渊,村镇,1911,1911,,,,hvd_137427,25.02432,118.3255
3730,CN350583,CN350583,罗溪,福建南安县罗溪,村镇,1911,1911,,,,hvd_137423,25.150595,118.46391
3731,CN350583,CN350583,营前,福建南安县营前,村镇,1911,1911,,,,hvd_137411,24.61953,118.42204
3732,CN350583,CN350583,董脚,福建南安县内董,村镇,1911,1911,,,,hvd_137432,25.265892,118.49297
3733,CN350583,CN350583,蓬岛,福建南安县蓬岛,村镇,1911,1911,,,,hvd_137433,25.189215,118.18462
3734,CN350583,CN350583,郭前,福建南安县郭前,村镇,1911,1911,,,,hvd_137413,24.632515,118.392
3735,CN350583,CN350583,金果,福建南安县金果,村镇,1911,1911,,,,hvd_137434,25.163488,118.56095
3736,CN350583,CN350583,高田,福建南安县高田,村镇,1911,1911,,,,hvd_137426,25.115667,118.259
3737,CN3507,CN3507,南平县,福建省南平市,县,196,281,新建,更名,,hvd_40303,26.642174,118.16918
3738,CN3507,CN3507,延平县,福建省南平市,县,282,468,更名,撤销,,hvd_40304,26.642174,118.16918
3739,CN3507,CN3507,镡州,福建省南平市,州,943,944,新建,撤销,,hvd_32150,26.642174,118.16918
3740,CN3507,CN3507,延平县,福建省南平市,县,944,945,新建,撤销,,hvd_40306,26.642174,118.16918
3741,CN3507,CN3507,龙津县,福建省南平市,县,944,947,新建,更名,,hvd_40305,26.642174,118.16918
3742,CN3507,CN3507,剑州,福建省南平市,州,946,978,新建,更名,,hvd_32051,26.642174,118.16918
3743,CN3507,CN3507,剑浦县,福建省南平市,县,948,1301,更名,更名,,hvd_40307,26.642174,118.16918
3744,CN3507,CN3507,南剑州,福建省南平市,州,979,1277,更名,更名,,hvd_32133,26.642174,118.16918
3745,CN3507,CN3507,南平县,福建省南平市,县,1302,1911,更名,数据下限,,hvd_40308,26.642174,118.16918
3746,CN3507,CN3507,延平府,福建省南平市,府,1368,1911,更名,数据下限,,hvd_32131,26.642174,118.16918
3747,CN350781,CN350781,昭武县,福建省邵武市东故县街,县,260,281,新建,更名,,hvd_40265,27.337692,117.4834
3748,CN350781,CN350781,邵武县,福建省邵武市,县,282,322,更名,更名,,hvd_40266,27.337692,117.4834
3749,CN350781,CN350781,邵阳县,福建省邵武市东故县街,县,323,419,更名,更名,,hvd_40267,27.337692,117.4834
3750,CN350781,CN350781,邵武县,福建省邵武市,县,420,588,更名,撤销,,hvd_40268,27.337692,117.4834
3751,CN350781,CN350781,邵武县,福建省邵武市,县,592,935,新建,更名,,hvd_40269,27.337692,117.4834
3752,CN350781,CN350781,昭武县,福建省邵武市东故县街,县,936,947,更名,更名,,hvd_40270,27.337692,117.4834
3753,CN350781,CN350781,邵武县,福建省邵武市,县,948,1911,更名,数据下限,,hvd_40272,27.337692,117.4834
3754,CN350781,CN350781,邵武军,福建省邵武市,军,980,1275,新建,更名,,hvd_32033,27.337692,117.4834
3755,CN350781,CN350781,邵武府,福建省邵武市,府,1368,1911,更名,数据下限,,hvd_32021,27.337692,117.4834
3756,CN350781,CN350781,拏口,福建邵武市拿口镇,村镇,1820,1820,,,,hvd_16063,27.14667,117.642815
3757,CN350781,CN350781,水口,,村镇,1820,1820,,,,hvd_16120,26.943827,117.67051
3758,CN350781,CN350781,上坪,福建邵武市上坪,村镇,1911,1911,,,,hvd_137591,27.445093,117.50467
3759,CN350781,CN350781,上李家,福建邵武市上李家,村镇,1911,1911,,,,hvd_137632,27.319038,117.31577
3760,CN350781,CN350781,下洒口,福建邵武市洒口,村镇,1911,1911,,,,hvd_137605,27.096735,117.66837
3761,CN350781,CN350781,南保,福建邵武市南堡,村镇,1911,1911,,,,hvd_137604,27.076864,117.634796
3762,CN350781,CN350781,南田,福建邵武市南田,村镇,1911,1911,,,,hvd_137625,27.161936,117.51796
3763,CN350781,CN350781,固住,福建邵武市固住,村镇,1911,1911,,,,hvd_137607,27.144548,117.719444
3764,CN350781,CN350781,大阜上,福建邵武市大阜上,村镇,1911,1911,,,,hvd_137624,27.232103,117.50677
3765,CN350781,CN350781,官屯,福建邵武市官墩,村镇,1911,1911,,,,hvd_137600,27.17063,117.60331
3766,CN350781,CN350781,官桥,福建邵武市官桥,村镇,1911,1911,,,,hvd_137618,27.325249,117.423515
3767,CN350781,CN350781,密溪口,福建邵武市密溪口,村镇,1911,1911,,,,hvd_137603,27.101082,117.63339
3768,CN350781,CN350781,富屯,福建顺昌县富文,村镇,1911,1911,,,,hvd_138127,26.97277,117.74353
3769,CN350781,CN350781,庄下,福建邵武市庄下,村镇,1911,1911,,,,hvd_137590,27.457512,117.454994
3770,CN350781,CN350781,廖家排,福建邵武市廖家排,村镇,1911,1911,,,,hvd_137621,27.305998,117.50467
3771,CN350781,CN350781,朝石,福建邵武市潮石,村镇,1911,1911,,,,hvd_137630,27.194847,117.268906
3772,CN350781,CN350781,朱坊墟,福建邵武市朱坊,村镇,1911,1911,,,,hvd_137608,27.175596,117.73344
3773,CN350781,CN350781,桥头,福建邵武市桥头,村镇,1911,1911,,,,hvd_137614,27.017252,117.625694
3774,CN350781,CN350781,水口,福建邵武市水口,村镇,1911,1911,,,,hvd_137610,26.974405,117.72434
3775,CN350781,CN350781,沙阬,福建邵武市沙坑,村镇,1911,1911,,,,hvd_137617,27.317175,117.39763
3776,CN350781,CN350781,河原,福建邵武市河源铺,村镇,1911,1911,,,,hvd_137627,27.138338,117.32907
3777,CN350781,CN350781,洒溪桥,福建邵武市洒溪桥,村镇,1911,1911,,,,hvd_137596,27.324627,117.575325
3778,CN350781,CN350781,深溪,福建邵武市深溪,村镇,1911,1911,,,,hvd_137598,27.387964,117.575325
3779,CN350781,CN350781,溪东,福建邵武市溪东,村镇,1911,1911,,,,hvd_137622,27.250113,117.441
3780,CN350781,CN350781,漠口,福建邵武市漠口,村镇,1911,1911,,,,hvd_137589,27.412804,117.45989
3781,CN350781,CN350781,炉洋,福建邵武市下炉洋,村镇,1911,1911,,,,hvd_137639,27.17063,117.217834
3782,CN350781,CN350781,石壁,福建邵武市石壁溪,村镇,1911,1911,,,,hvd_137601,27.23583,117.615204
3783,CN350781,CN350781,磜头,福建邵武市磜头,村镇,1911,1911,,,,hvd_137593,27.51526,117.54804
3784,CN350781,CN350781,罗家,福建邵武市罗家,村镇,1911,1911,,,,hvd_137629,27.180565,117.28569
3785,CN350781,CN350781,芹田,福建邵武市芹田,村镇,1911,1911,,,,hvd_137620,27.314692,117.46199
3786,CN350781,CN350781,药村,福建邵武市药村,村镇,1911,1911,,,,hvd_137588,27.383617,117.460594
3787,CN350781,CN350781,谢坊塘,福建邵武市谢坊,村镇,1911,1911,,,,hvd_137612,27.03464,117.68587
3788,CN350781,CN350781,象牙村,福建邵武市象牙,村镇,1911,1911,,,,hvd_137633,27.4246,117.297585
3789,CN350781,CN350781,赖村,福建邵武市大赖,村镇,1911,1911,,,,hvd_137634,27.380512,117.367546
3790,CN350781,CN350781,赤岸,福建邵武市赤岸口,村镇,1911,1911,,,,hvd_137615,27.211555,117.58163
3791,CN350781,CN350781,越王,福建邵武市越王,村镇,1911,1911,,,,hvd_137587,27.35878,117.46549
3792,CN350781,CN350781,路口,福建邵武市鹿口,村镇,1911,1911,,,,hvd_137631,27.219065,117.313675
3793,CN350781,CN350781,铁罗巷,福建邵武市铁罗巷,村镇,1911,1911,,,,hvd_137602,27.287369,117.65228
3794,CN350781,CN350781,霞村,福建邵武市霞屯,村镇,1911,1911,,,,hvd_137597,27.319658,117.60401
3795,CN350781,CN350781,香林,福建邵武市香林铺,村镇,1911,1911,,,,hvd_137623,27.276192,117.479485
3796,CN350781,CN350781,高坊阬,福建邵武市高坊,村镇,1911,1911,,,,hvd_137611,27.00297,117.698456
3797,CN350781,CN350781,高阳,福建邵武市高阳,村镇,1911,1911,,,,hvd_137592,27.47552,117.51236
3798,CN350781,CN350781,鹤林坪,福建邵武市鹤林坪,村镇,1911,1911,,,,hvd_137619,27.319658,117.4459
3799,CN350781,CN350781,黄溪口,福建邵武市王溪口,村镇,1911,1911,,,,hvd_137609,27.062582,117.701256
3800,CN350781,CN350781,龙湖,福建邵武市龙湖,村镇,1911,1911,,,,hvd_137594,27.51526,117.4466
3801,CN350781,CN350781,龙湖塘,福建泰宁县龙湖,村镇,1911,1911,,,,hvd_137640,27.091948,117.28665
3802,CN350783,CN350783,建安县,福建省建瓯县,县,196,1911,新建,数据下限,,hvd_40228,27.038864,118.323784
3803,CN350783,CN350783,建平县,福建省建瓯县南水南,县,205,281,新建,更名和迁移治所,,hvd_40236,27.038864,118.323784
3804,CN350783,CN350783,建安郡,福建省建瓯县,郡,260,588,新建,撤销,,hvd_32035,27.038864,118.323784
3805,CN350783,CN350783,建州,福建省建瓯县,州,621,724,,,,hvd_110844,27.03886,118.32378
3806,CN350783,CN350783,建州,福建省建瓯县,州,621,741,新建,更名,,hvd_32065,27.038864,118.323784
3807,CN350783,CN350783,建安郡,福建省建瓯县,郡,742,757,更名,更名,,hvd_32061,27.038864,118.323784
3808,CN350783,CN350783,建州,福建省建瓯县,州,758,1161,更名,更名,,hvd_32062,27.038864,118.323784
3809,CN350783,CN350783,镇安军节度使,福建省南平市建瓯市,防镇,941,944,,,,hvd_111747,27.03886,118.32378
3810,CN350783,CN350783,镇武军节度使,福建省南平市建瓯市,防镇,941,944,,,,hvd_30112,27.03886,118.32378
3811,CN350783,CN350783,殷国,福建省南平市建瓯市,政权,943,944,,,,hvd_100001,27.03886,118.32378
3812,CN350783,CN350783,京师,福建省南平市建瓯市,京師,943,944,殷國,,,hvd_100001,27.03886,118.32378
3813,CN350783,CN350783,永安军节度使,福建省南平市建瓯市,防镇,945,955,,,,hvd_30113,27.03886,118.32378
3814,CN350783,CN350783,永安军节度使,福建省南平市建瓯市,防镇,945,955,,,,hvd_111768,27.03886,118.32378
3815,CN350783,CN350783,忠义军节度使,福建省南平市建瓯市,防镇,956,974,,,,hvd_30114,27.03886,118.32378
3816,CN350783,CN350783,欧宁县,福建省建瓯县,县,1066,1069,新建,撤销,,hvd_40233,27.038864,118.323784
3817,CN350783,CN350783,欧宁县,福建省建瓯县,县,1089,1911,新建,数据下限,,hvd_40234,27.038864,118.323784
3818,CN350783,CN350783,建宁府,福建省建瓯县,府,1162,1278,更名,更名,,hvd_32106,27.038864,118.323784
3819,CN350783,CN350783,建宁府,福建省建瓯县,府,1368,1911,更名,辖区扩大,,hvd_32103,27.038864,118.323784
3820,CN350783,CN350783,东游市,,村镇,1820,1820,,,,hvd_16069,27.189688,118.67229
3821,CN350783,CN350783,叶坊,,村镇,1820,1820,,,,hvd_16076,27.167746,118.22163
3822,CN350783,CN350783,太平驿,,村镇,1820,1820,,,,hvd_16078,26.907898,118.29091
3823,CN350783,CN350783,房村,福建建瓯县房村口,村镇,1820,1820,,,,hvd_16132,26.82044,118.24587
3824,CN350783,CN350783,筹岭镇,,村镇,1820,1820,,,,hvd_16136,26.874462,118.625046
3825,CN350783,CN350783,七里街,福建建瓯县七里街,村镇,1911,1911,,,,hvd_137239,27.023792,118.28665
3826,CN350783,CN350783,下堡,福建建瓯县霞抱,村镇,1911,1911,,,,hvd_137244,26.950647,118.41836
3827,CN350783,CN350783,中横,福建建瓯县中横,村镇,1911,1911,,,,,27.229998,118.16834
3828,CN350783,CN350783,伏演塘,福建建瓯县伏演,村镇,1911,1911,,,,hvd_137229,27.296343,118.69947
3829,CN350783,CN350783,党城,福建建瓯县党城,村镇,1911,1911,,,,hvd_137228,27.209267,118.67588
3830,CN350783,CN350783,前岚,福建建瓯县前岚,村镇,1911,1911,,,,hvd_137289,27.231655,118.433105
3831,CN350783,CN350783,北坪塘,福建建瓯县北坪,村镇,1911,1911,,,,hvd_137290,27.050259,118.27387
3832,CN350783,CN350783,北津塘,福建建瓯县北津,村镇,1911,1911,,,,hvd_137292,27.093863,118.27387
3833,CN350783,CN350783,坤口,福建建瓯县坤口,村镇,1911,1911,,,,hvd_137223,27.13525,118.54516
3834,CN350783,CN350783,大夫村,福建建瓯县大夫,村镇,1911,1911,,,,hvd_137299,27.093863,118.071396
3835,CN350783,CN350783,大康,福建建瓯县大康,村镇,1911,1911,,,,hvd_137247,26.796522,118.351524
3836,CN350783,CN350783,大潭塘,福建建瓯县大潭,村镇,1911,1911,,,,hvd_137295,27.236887,118.280754
3837,CN350783,CN350783,太平,福建建瓯县太平,村镇,1911,1911,,,,hvd_137237,26.910593,118.29058
3838,CN350783,CN350783,奖口,福建建瓯县奖口,村镇,1911,1911,,,,hvd_137241,26.984608,118.319084
3839,CN350783,CN350783,小雅,福建建瓯县小雅,村镇,1911,1911,,,,hvd_137235,26.845285,118.304344
3840,CN350783,CN350783,尤墩,福建建瓯县尤墩,村镇,1911,1911,,,,hvd_137232,27.000282,118.16379
3841,CN350783,CN350783,房村,福建建瓯县房村口,村镇,1911,1911,,,,hvd_137234,26.82044,118.24587
3842,CN350783,CN350783,报恩塘,福建建瓯县报恩,村镇,1911,1911,,,,hvd_137240,26.978514,118.302376
3843,CN350783,CN350783,新村,福建建瓯县新村,村镇,1911,1911,,,,hvd_137285,27.304039,118.535324
3844,CN350783,CN350783,板桥,福建建瓯县板桥,村镇,1911,1911,,,,hvd_137291,27.083399,118.32204
3845,CN350783,CN350783,溪东,福建建瓯县溪东,村镇,1911,1911,,,,hvd_137226,27.090841,118.593315
3846,CN350783,CN350783,滩头,福建建瓯县滩头,村镇,1911,1911,,,,hvd_137242,26.957615,118.30533
3847,CN350783,CN350783,瓯宁县,福建省建瓯县,县,1911,1911,,,,,27.038864,118.323784
3848,CN350783,CN350783,翁墩,福建建瓯县翁墩,村镇,1911,1911,,,,hvd_137300,27.1052,118.01832
3849,CN350783,CN350783,若溪铺,福建建瓯县箬溪,村镇,1911,1911,,,,hvd_137224,27.119577,118.57759
3850,CN350783,CN350783,葛藤阬,福建建瓯县葛藤坑,村镇,1911,1911,,,,hvd_137230,27.029018,118.818405
3851,CN350783,CN350783,蓬墩,福建建瓯县蓬墩,村镇,1911,1911,,,,hvd_137294,27.177586,118.23259
3852,CN350783,CN350783,谢教阬,福建屏南县谢坑,村镇,1911,1911,,,,hvd_137115,27.120691,118.95617
3853,CN350783,CN350783,路口,福建建瓯县鲁口,村镇,1911,1911,,,,hvd_137238,26.934975,118.27093
3854,CN350783,CN350783,鑑溪,福建建瓯县鑑溪,村镇,1911,1911,,,,hvd_137220,26.934975,118.57268
3855,CN350783,CN350783,阳泽,福建建瓯县阳泽,村镇,1911,1911,,,,hvd_137245,26.949778,118.38494
3856,CN350783,CN350783,陈墩,福建建瓯县陈墩,村镇,1911,1911,,,,hvd_137221,26.98635,118.56875
3857,CN350783,CN350783,集瑞桥,福建建瓯县集瑞,村镇,1911,1911,,,,hvd_137236,26.859219,118.35447
3858,CN350783,CN350783,黄口,福建建瓯县黄口,村镇,1911,1911,,,,hvd_137288,27.21683,118.39182
3859,CN350783,CN350783,黄连,福建建瓯县黄凌,村镇,1911,1911,,,,hvd_137286,27.274387,118.413445
3860,CN3601,CN3601,南昌县,江西南昌市,县,-201,13,新建,更名,,hvd_41090,28.674896,115.89772
3861,CN3601,CN3601,豫章郡,江西南昌市,郡,-201,13,新建,更名,,hvd_32581,28.674896,115.89772
3862,CN3601,CN3601,九江郡,江西南昌市,郡,14,22,更名,更名,,hvd_32582,28.674896,115.89772
3863,CN3601,CN3601,宜善县,江西南昌市,县,14,22,更名,更名,,hvd_41091,28.674896,115.89772
3864,CN3601,CN3601,南昌县,江西南昌市,县,23,588,更名,更名,,hvd_41092,28.674896,115.89772
3865,CN3601,CN3601,豫章郡,江西南昌市,郡,23,588,更名,更名,,hvd_32583,28.674896,115.89772
3866,CN3601,CN3601,江州,江西南昌市,州,291,316,新建,治所迁移,,hvd_30121,28.674896,115.89772
3867,CN3601,CN3601,江州,江西南昌市,州,341,342,治所迁移,治所迁移,,hvd_30125,28.674896,115.89772
3868,CN3601,CN3601,洪州,江西南昌市,州,589,606,更名,更名,,hvd_32584,28.674896,115.89772
3869,CN3601,CN3601,豫章县,江西南昌市,县,589,761,更名,更名,,hvd_41093,28.674896,115.89772
3870,CN3601,CN3601,豫章郡,江西南昌市,郡,607,621,更名,更名,,hvd_32585,28.674896,115.89772
3871,CN3601,CN3601,洪州,江西南昌市,州,622,741,更名,更名,,hvd_32586,28.674896,115.89772
3872,CN3601,CN3601,豫章郡,江西南昌市,郡,742,757,更名,更名,,hvd_32587,28.674896,115.89772
3873,CN3601,CN3601,洪州,江西南昌市,州,758,1162,更名,更名,,hvd_32588,28.674896,115.89772
3874,CN3601,CN3601,钟陵县,江西南昌市,县,762,762,更名,更名,,hvd_41094,28.674896,115.89772
3875,CN3601,CN3601,南昌县,江西南昌市,县,763,1911,更名,数据下限,,hvd_41095,28.674896,115.89772
3876,CN3601,CN3601,南都南昌府,江西南昌市,府,959,971,更名,更名,,,28.674896,115.89772
3877,CN3601,CN3601,新建县,江西南昌市,县,979,1911,新建,数据下限,,hvd_41096,28.674896,115.89772
3878,CN3601,CN3601,隆兴府,江西南昌市,府,1163,1276,更名,更名,,hvd_32589,28.674896,115.89772
3879,CN3601,CN3601,江西行省,江西南昌市,行省,1277,1277,更名,治所迁移,,hvd_30140,28.674896,115.89772
3880,CN3601,CN3601,江西行省,江西南昌市,行省,1279,1375,治所迁移,更名,,hvd_30142,28.674896,115.89772
3881,CN3601,CN3601,洪都府,江西南昌市,府,1362,1362,更名,更名,,hvd_32592,28.674896,115.89772
3882,CN3601,CN3601,南昌府,江西南昌市,府,1363,1911,更名,数据下限,,hvd_32593,28.674896,115.89772
3883,CN3601,CN3601,江西布政使司,江西南昌市,布政司,1376,1644,更名,更名,,hvd_30143,28.674896,115.89772
3884,CN3601,CN3601,南昌县,江西南昌市,县,1820,1820,,,,hvd_794,28.6749,115.89772
3885,CN3601,CN3601,南昌府,江西南昌市,府,1820,1820,,,,hvd_9641,28.6749,115.89772
3886,CN3601,CN3601,新建县,江西南昌市,县,1820,1820,,,,hvd_787,28.6749,115.89772
3887,CN3601,CN3601,南昌县,江西南昌市,县,1911,1911,,,,hvd_121709,28.6749,115.89772
3888,CN3601,CN3601,南昌府,江西南昌市,府,1911,1911,,,,hvd_120202,28.6749,115.89772
3889,CN3601,CN3601,新建县,江西南昌市,县,1911,1911,,,,hvd_121710,28.6749,115.89772
3890,CN360222,CN360222,新平县,江西浮梁县东北姑演,县,621,624,新建,撤销,,hvd_41181,29.722542,117.335075
3891,CN360222,CN360222,新昌县,江西浮梁县,县,716,741,新建,更名,,hvd_41182,29.382742,117.23636
3892,CN360222,CN360222,浮梁县,江西浮梁县,县,742,1294,更名,更名,,hvd_41183,29.382742,117.23636
3893,CN360222,CN360222,浮梁州,江西浮梁县,州,1295,1368,更名,更名,,hvd_41184,29.382742,117.23636
3894,CN360222,CN360222,浮梁县,江西浮梁县,县,1369,1911,更名,数据下限,,hvd_41185,29.382742,117.23636
3895,CN360222,CN360222,包家瑕,江西浮梁县北包家瑕,村镇,1820,1820,,,,hvd_19193,29.618666,117.19455
3896,CN360222,CN360222,斜溪,江西波阳县东北斜溪,村镇,1820,1820,,,,hvd_19197,29.645815,117.07081
3897,CN360222,CN360222,桃墅店,江西景德镇市北桃墅店,村镇,1820,1820,,,,hvd_19199,29.809395,117.11693
3898,CN360222,CN360222,浮梁县,江西浮梁县,县,1820,1820,,,,hvd_786,29.38274,117.23636
3899,CN360222,CN360222,港口,江西浮梁县北港口,村镇,1820,1820,,,,hvd_19195,29.584145,117.093864
3900,CN360222,CN360222,万寿寺,江西景德镇市万寿山垦殖场,村镇,1911,1911,,,,hvd_141901,29.546091,117.20749
3901,CN360222,CN360222,东港,江西景德镇市东港村,村镇,1911,1911,,,,hvd_141898,29.625134,117.07205
3902,CN360222,CN360222,倒湖,安徽祁门县倒湖,村镇,1911,1911,,,,hvd_129785,29.700966,117.454185
3903,CN360222,CN360222,储田,江西景德镇市储田,村镇,1911,1911,,,,hvd_141893,29.686026,117.228485
3904,CN360222,CN360222,儒林都,江西景德镇市儒林,村镇,1911,1911,,,,hvd_141894,29.682146,117.30708
3905,CN360222,CN360222,张村,江西景德镇市张村,村镇,1911,1911,,,,hvd_141914,29.420748,117.48036
3906,CN360222,CN360222,曹村,江西景德镇市曹村,村镇,1911,1911,,,,hvd_141916,29.592945,117.509834
3907,CN360222,CN360222,榔树,江西景德镇市榔树,村镇,1911,1911,,,,hvd_141907,29.310602,117.355316
3908,CN360222,CN360222,浮梁县,江西浮梁县,县,1911,1911,,,,hvd_121715,29.38274,117.23636
3909,CN360222,CN360222,渭水,江西景德镇市渭水,村镇,1911,1911,,,,hvd_141911,29.417532,117.33788
3910,CN360222,CN360222,港口,江西景德镇市港口,村镇,1911,1911,,,,hvd_141899,29.589067,117.082
3911,CN360222,CN360222,港西,江西景德镇市港西,村镇,1911,1911,,,,hvd_141896,29.659653,117.50894
3912,CN360222,CN360222,湘湖街,江西景德镇市南安,村镇,1911,1911,,,,hvd_141906,29.328747,117.30416
3913,CN360222,CN360222,石溪渡,江西景德镇市石溪渡,村镇,1911,1911,,,,hvd_141903,29.405233,117.119514
3914,CN360222,CN360222,祁山下,江西景德镇市其山下,村镇,1911,1911,,,,hvd_141891,29.82487,117.32763
3915,CN360222,CN360222,神坛,江西景德镇市石坛,村镇,1911,1911,,,,hvd_141890,29.746529,117.26689
3916,CN360222,CN360222,臧家湾,江西景德镇市臧湾,村镇,1911,1911,,,,hvd_141912,29.472717,117.39194
3917,CN360222,CN360222,金家坞,江西景德镇市金家坞,村镇,1911,1911,,,,hvd_141897,29.710072,117.199905
3918,CN360222,CN360222,镇埠街汛,江西景德镇市镇埠,村镇,1911,1911,,,,hvd_141895,29.675941,117.43659
3919,CN360222,CN360222,鲤鱼桥汛,江西景德镇市鲤鱼桥,村镇,1911,1911,,,,hvd_141908,29.303621,117.40444
3920,CN360222,CN360222,鸦桥,江西景德镇市鸦桥,村镇,1911,1911,,,,hvd_141892,29.72636,117.163284
3921,CN3604,CN3604,江州,江西九江市,州,326,339,治所迁移,治所迁移,,hvd_30123,29.722364,115.98568
3922,CN3604,CN3604,江州,江西九江市,州,340,341,,,,hvd_113512,29.72236,115.98568
3923,CN3604,CN3604,江州,江西九江市,州,343,556,,,,hvd_113514,29.72236,115.98568
3924,CN3604,CN3604,寻阳县,江西九江市,县,589,597,更名和迁移治所,更名,,hvd_41255,29.722364,115.98568
3925,CN3604,CN3604,江州,江西九江市,州,589,606,更名和迁移治所,更名,,hvd_32602,29.722364,115.98568
3926,CN3604,CN3604,彭蠡县,江西九江市,县,598,605,更名,更名,,hvd_41146,29.722364,115.98568
3927,CN3604,CN3604,湓城县,江西九江市,县,606,620,更名,更名,,hvd_41147,29.722364,115.98568
3928,CN3604,CN3604,九江郡,江西九江市,郡,607,620,更名,更名,,hvd_32603,29.722364,115.98568
3929,CN3604,CN3604,江州,江西九江市,州,621,741,更名,更名,,hvd_111011,29.722364,115.98568
3930,CN3604,CN3604,浔阳县,江西九江市,县,621,929,更名,更名,,hvd_41148,29.722364,115.98568
3931,CN3604,CN3604,浔阳郡,江西九江市,郡,742,757,更名,更名,,hvd_111307,29.722364,115.98568
3932,CN3604,CN3604,江州,江西九江市,州,758,1276,更名,更名,,hvd_32606,29.722364,115.98568
3933,CN3604,CN3604,德化县,江西九江市,县,930,1911,更名,数据下限,,hvd_41149,29.722364,115.98568
3934,CN3604,CN3604,九江府,江西九江市,府,1361,1911,更名,数据下限,,hvd_32608,29.722364,115.98568
3935,CN3604,CN3604,九江府,江西九江市,府,1820,1820,,,,hvd_9637,29.72236,115.98568
3936,CN3604,CN3604,德化县,江西九江市,县,1820,1820,,,,hvd_779,29.72236,115.98568
3937,CN3604,CN3604,九江府,江西九江市,府,1911,1911,,,,hvd_120203,29.72236,115.98568
3938,CN3604,CN3604,德化县,江西九江市,县,1911,1911,,,,hvd_121716,29.72236,115.98568
3939,CN360430,CN360430,天水县,江西彭泽县东五十里,县,536,588,新建,撤销,,hvd_41239,29.82017,116.73697
3940,CN360430,CN360430,龙城县,江西彭泽县,县,589,597,新建,更名,,hvd_41155,29.896095,116.551216
3941,CN360430,CN360430,彭泽县,江西彭泽县,县,598,624,更名,迁移治所,,hvd_41156,29.896095,116.551216
3942,CN360430,CN360430,乐城县,江西彭泽县五十里,县,622,624,新建,撤销,,hvd_41159,29.970785,116.71659
3943,CN360430,CN360430,浩州,江西彭泽县,州,622,624,新建,撤销,,hvd_32609,29.896095,116.551216
3944,CN360430,CN360430,彭泽县,江西彭泽县黄岭乡旧县街,县,625,937,迁移治所,迁移治所,,hvd_41157,29.801619,116.56377
3945,CN360430,CN360430,彭泽县,江西彭泽县,县,938,1911,迁移治所,数据下限,,hvd_41158,29.896095,116.551216
3946,CN360430,CN360430,太平关,江西彭泽县西南太平关,村镇,1820,1820,,,,hvd_19179,29.752726,116.4292
3947,CN360430,CN360430,彭泽县,江西彭泽县,县,1820,1820,,,,hvd_784,29.8961,116.55122
3948,CN360430,CN360430,马当镇,江西彭泽县东北马当,村镇,1820,1820,,,,hvd_19182,29.986166,116.65147
3949,CN360430,CN360430,东山街,江西彭泽县东山街,村镇,1911,1911,,,,hvd_142026,29.892374,116.812744
3950,CN360430,CN360430,周家埠,江西彭泽县周家埠,村镇,1911,1911,,,,hvd_142023,29.980026,116.744
3951,CN360430,CN360430,太平关,江西彭泽县太平,村镇,1911,1911,,,,hvd_142034,29.752726,116.4292
3952,CN360430,CN360430,店前严姓,江西彭泽县严家店,村镇,1911,1911,,,,hvd_142033,29.668242,116.411
3953,CN360430,CN360430,彭泽县,江西彭泽县,县,1911,1911,,,,hvd_121718,29.8961,116.55122
3954,CN360430,CN360430,清水塘,江西彭泽县清水塘,村镇,1911,1911,,,,hvd_142027,29.848934,116.794
3955,CN360430,CN360430,湖西何姓,江西彭泽县湖西村,村镇,1911,1911,,,,hvd_142022,30.03898,116.72971
3956,CN360430,CN360430,瀼溪,江西彭泽县溪瀼,村镇,1911,1911,,,,hvd_142024,29.924356,116.717155
3957,CN360430,CN360430,石涧桥,江西彭泽县石涧桥,村镇,1911,1911,,,,hvd_142036,29.795452,116.41457
3958,CN360430,CN360430,粮洲,江西彭泽县粮洲,村镇,1911,1911,,,,hvd_142038,30.03979,116.631516
3959,CN360430,CN360430,路关坂,江西彭泽县乐观,村镇,1911,1911,,,,hvd_142031,29.66669,116.55473
3960,CN360430,CN360430,陶家老店,江西彭泽县老店陶家,村镇,1911,1911,,,,hvd_142037,29.845095,116.438675
3961,CN360430,CN360430,马垱汛,江西湖口县马垱,村镇,1911,1911,,,,hvd_142021,29.986166,116.65147
3962,CN360430,CN360430,马路口,江西彭泽县马路口,村镇,1911,1911,,,,hvd_142028,29.876083,116.644905
3963,CN360430,CN360430,黄土港,江西彭泽县黄土港,村镇,1911,1911,,,,hvd_142032,29.634111,116.5342
3964,CN360430,CN360430,黄荆桥,江西彭泽县黄荆桥,村镇,1911,1911,,,,hvd_142025,29.95055,116.702934
3965,CN3607,CN3607,南康郡,江西赣州市,郡,349,410,迁移治所,迁移治所,,hvd_32555,25.847,114.93248
3966,CN3607,CN3607,赣县,江西赣州市,县,349,410,迁移治所,迁移治所,,hvd_40832,25.847,114.93248
3967,CN3607,CN3607,南康郡,江西赣州市,郡,553,588,迁移治所,更名,,hvd_32559,25.847,114.93248
3968,CN3607,CN3607,赣县,江西赣州市,县,553,1911,迁移治所,数据下限,,hvd_40834,25.847,114.93248
3969,CN3607,CN3607,虔州,江西赣州市,州,589,606,更名,更名,,hvd_32560,25.847,114.93248
3970,CN3607,CN3607,南康郡,江西赣州市,郡,607,621,更名,更名,,hvd_32561,25.847,114.93248
3971,CN3607,CN3607,虔州,江西赣州市,州,622,741,更名,更名,,hvd_32562,25.847,114.93248
3972,CN3607,CN3607,南康郡,江西赣州市,郡,742,757,更名,更名,,hvd_32563,25.847,114.93248
3973,CN3607,CN3607,虔州,江西赣州市,州,758,1152,更名,更名,,hvd_32564,25.847,114.93248
3974,CN3607,CN3607,赣州,江西赣州市,州,1153,1276,更名,更名,,hvd_32565,25.847,114.93248
3975,CN3607,CN3607,江西行省,江西赣州市,行省,1278,1278,治所迁移,治所迁移,,hvd_30141,25.847,114.93248
3976,CN3607,CN3607,赣州府,江西赣州市,府,1365,1911,更名,数据下限,,hvd_32567,25.847,114.93248
3977,CN360703,CN360703,南野县,江西南康县西南章水南岸,县,-201,588,新建,撤销,,hvd_40878,25.578068,114.71327
3978,CN360703,CN360703,南安县,江西南康县,县,191,279,新建,更名,,hvd_40871,25.658571,114.74516
3979,CN360703,CN360703,南康县,江西南康县,县,280,1911,更名,数据下限,,hvd_40872,25.658571,114.74516
3980,CN360703,CN360703,南康县,江西南康县,县,1820,1820,,,,hvd_837,25.65857,114.74516
3981,CN360703,CN360703,沙溪,江西南康县西北沙溪,村镇,1820,1820,,,,hvd_19407,25.908087,114.70147
3982,CN360703,CN360703,湖头,江西南康县东北湖头圩,村镇,1820,1820,,,,hvd_19406,25.812899,114.80326
3983,CN360703,CN360703,潭口镇,江西南康县东北潭口,村镇,1820,1820,,,,hvd_19374,25.732946,114.8387
3984,CN360703,CN360703,相安镇,江西南康县北相安镇,村镇,1820,1820,,,,hvd_19337,26.165312,114.55644
3985,CN360703,CN360703,下埠,江西南康县下埠村,村镇,1911,1911,,,,hvd_141484,25.926407,114.62242
3986,CN360703,CN360703,仓下,江西南康县仓下,村镇,1911,1911,,,,hvd_141488,25.865519,114.76885
3987,CN360703,CN360703,内潮,江西南康县内潮,村镇,1911,1911,,,,hvd_141486,25.90236,114.75546
3988,CN360703,CN360703,冈背,江西南康县岗背,村镇,1911,1911,,,,hvd_141490,25.884726,114.60814
3989,CN360703,CN360703,南康县,江西南康县,县,1911,1911,,,,hvd_121755,25.65857,114.74516
3990,CN360703,CN360703,博罗,江西南康县博罗,村镇,1911,1911,,,,hvd_141499,25.801367,114.82868
3991,CN360703,CN360703,双井,江西南康县双井,村镇,1911,1911,,,,hvd_141506,25.550484,114.80725
3992,CN360703,CN360703,古楼隘,江西南康县古楼隘,村镇,1911,1911,,,,hvd_141518,25.750067,114.64207
3993,CN360703,CN360703,叶坑,江西南康县叶坑,村镇,1911,1911,,,,hvd_141516,25.683538,114.72778
3994,CN360703,CN360703,土桥,江西南康县土桥,村镇,1911,1911,,,,hvd_141476,26.077095,114.609924
3995,CN360703,CN360703,坪田,江西南康县平田,村镇,1911,1911,,,,hvd_141496,25.818197,114.74564
3996,CN360703,CN360703,城子里,江西南康县城子,村镇,1911,1911,,,,hvd_141482,25.98572,114.64385
3997,CN360703,CN360703,大富坑,江西南康县大富,村镇,1911,1911,,,,hvd_141475,26.049843,114.57421
3998,CN360703,CN360703,小坝,江西南康县筱坝,村镇,1911,1911,,,,hvd_141500,25.808578,114.84475
3999,CN360703,CN360703,小黄沙,江西南康县小黄沙,村镇,1911,1911,,,,hvd_141469,26.185303,114.61171
4000,CN360703,CN360703,抬头,江西南康县台头,村镇,1911,1911,,,,hvd_141523,25.734838,114.8251
4001,CN360703,CN360703,李村,江西南康县李村,村镇,1911,1911,,,,hvd_141487,25.926407,114.76796
4002,CN360703,CN360703,李村圩,江西南康县李村圩,村镇,1911,1911,,,,hvd_141507,25.6114,114.82153
4003,CN360703,CN360703,桐子树下,江西南康县桐梓树下,村镇,1911,1911,,,,hvd_141508,25.612202,114.76885
4004,CN360703,CN360703,桐模,江西南康县桐模,村镇,1911,1911,,,,hvd_141479,26.020185,114.75457
4005,CN360703,CN360703,江坝,江西南康县江坝,村镇,1911,1911,,,,hvd_141526,25.753273,114.826
4006,CN360703,CN360703,沙溪,江西南康县沙溪,村镇,1911,1911,,,,hvd_141529,25.837805,114.752785
4007,CN360703,CN360703,沙田,江西南康县沙田,村镇,1911,1911,,,,hvd_141483,25.950453,114.66885
4008,CN360703,CN360703,河坪,江西南康县河坪,村镇,1911,1911,,,,hvd_141477,26.069881,114.70992
4009,CN360703,CN360703,番花潭,江西南康县花潭,村镇,1911,1911,,,,hvd_141481,25.981712,114.734924
4010,CN360703,CN360703,石磨,江西南康县石磨,村镇,1911,1911,,,,hvd_141472,26.15725,114.63314
4011,CN360703,CN360703,碧田,江西南康县碧田,村镇,1911,1911,,,,hvd_141505,25.579338,114.78939
4012,CN360703,CN360703,罗边,江西南康县罗边,村镇,1911,1911,,,,hvd_141492,25.784533,114.626
4013,CN360703,CN360703,茶园,江西南康县茶沅,村镇,1911,1911,,,,hvd_141519,25.742052,114.87957
4014,CN360703,CN360703,莲塘堡,江西南康县爱莲,村镇,1911,1911,,,,hvd_141514,25.630638,114.59832
4015,CN360703,CN360703,蔡屋,江西南康县蔡屋,村镇,1911,1911,,,,hvd_141478,26.052248,114.721535
4016,CN360703,CN360703,西场坳,江西南康县西场脑,村镇,1911,1911,,,,hvd_141471,26.134005,114.52153
4017,CN360703,CN360703,西坑,江西南康县西坑,村镇,1911,1911,,,,hvd_141468,26.218166,114.585815
4018,CN360703,CN360703,西坑坊,江西南康县西坑,村镇,1911,1911,,,,hvd_141502,25.525637,114.73403
4019,CN360703,CN360703,赤冈寨,江西南康县赤岗,村镇,1911,1911,,,,hvd_141489,25.86068,114.67867
4020,CN360703,CN360703,赤土圩,江西南康县赤土,村镇,1911,1911,,,,hvd_141512,25.63705,114.63939
4021,CN360703,CN360703,车湖里,江西南康县赤湖,村镇,1911,1911,,,,hvd_141527,25.774113,114.80279
4022,CN360703,CN360703,金鸡岭,江西南康县金鸡岭,村镇,1911,1911,,,,hvd_141520,25.680332,114.78136
4023,CN360703,CN360703,长塘圩,江西南康县长塘,村镇,1911,1911,,,,hvd_141511,25.670938,114.67347
4024,CN360703,CN360703,陀圳,江西南康县陀圳,村镇,1911,1911,,,,hvd_141521,25.652279,114.7885
4025,CN360703,CN360703,陂圳,江西南康县陂圳下,村镇,1911,1911,,,,hvd_141510,25.639456,114.693855
4026,CN360703,CN360703,高塘,江西南康县高塘,村镇,1911,1911,,,,hvd_141467,26.223778,114.558136
4027,CN360703,CN360703,麻田,江西南康县麻田,村镇,1911,1911,,,,hvd_141509,25.61621,114.69475
4028,CN360703,CN360703,黄竹塘,江西南康县黄竹塘,村镇,1911,1911,,,,hvd_141494,25.810183,114.70546
4029,CN360703,CN360703,黎蕉,江西南康县李蕉坑,村镇,1911,1911,,,,hvd_141525,25.676325,114.87689
4030,CN3608,CN3608,吉州,江西吉安市,州,682,741,迁移治所,更名,,hvd_32544,27.10324,114.971275
4031,CN3608,CN3608,庐陵县,江西吉安市,县,682,1911,迁移治所,数据下限,,hvd_40888,27.10324,114.971275
4032,CN3608,CN3608,庐陵郡,江西吉安市,郡,742,757,更名,更名,,hvd_32545,27.10324,114.971275
4033,CN3608,CN3608,吉州,江西吉安市,州,758,1276,更名,更名,,hvd_32546,27.10324,114.971275
4034,CN3608,CN3608,吉安府,江西吉安市,府,1362,1911,更名,数据下限,,hvd_32549,27.10324,114.971275
4035,CN3608,CN3608,吉安府,江西吉安市,府,1820,1820,,,,hvd_9646,27.10324,114.97128
4036,CN3608,CN3608,庐陵县,江西吉安市,县,1820,1820,,,,hvd_817,27.10324,114.97128
4037,CN3608,CN3608,吉安府,江西吉安市,府,1911,1911,,,,hvd_120208,27.10324,114.97128
4038,CN3608,CN3608,庐陵县,江西吉安市,县,1911,1911,,,,hvd_121741,27.10324,114.97128
4039,CN360828,CN360828,遂兴县,江西万安县西北遂川江口,县,199,221,新建,更名,,hvd_40918,26.4874,114.72571
4040,CN360828,CN360828,新兴县,江西万安县西北遂川江口,县,222,279,更名,更名,,hvd_40919,26.4874,114.72571
4041,CN360828,CN360828,遂兴县,江西万安县西北遂川江口,县,280,588,更名,撤销,,hvd_40920,26.4874,114.72571
4042,CN360828,CN360828,万安县,江西万安县,县,1071,1911,新建,数据下限,,hvd_40921,26.461771,114.77968
4043,CN360828,CN360828,万安县,江西万安县,县,1820,1820,,,,hvd_831,26.46177,114.77968
4044,CN360828,CN360828,下造,江西万安县西南下造,村镇,1820,1820,,,,hvd_19329,26.19111,114.691956
4045,CN360828,CN360828,南洲,江西万安县东北南洲,村镇,1820,1820,,,,hvd_19332,26.568,114.8755
4046,CN360828,CN360828,武索,江西万安县东南武术,村镇,1820,1820,,,,hvd_19338,26.302416,114.94263
4047,CN360828,CN360828,滩头,江西万安县北滩头,村镇,1820,1820,,,,hvd_19334,26.58363,114.72708
4048,CN360828,CN360828,皂口,江西万安县东南皂口,村镇,1820,1820,,,,hvd_19340,26.328787,114.89586
4049,CN360828,CN360828,社坪,江西万安县南社坪,村镇,1820,1820,,,,hvd_19336,26.302357,114.81491
4050,CN360828,CN360828,良口,江西万安县东南良口,村镇,1820,1820,,,,hvd_19328,26.211685,114.98065
4051,CN360828,CN360828,万安县,江西万安县,县,1911,1911,,,,hvd_121751,26.46177,114.77968
4052,CN360828,CN360828,上造,江西万安县上造,村镇,1911,1911,,,,hvd_141373,26.194798,114.679344
4053,CN360828,CN360828,下造,江西万安县下造,村镇,1911,1911,,,,hvd_141372,26.184427,114.698074
4054,CN360828,CN360828,东村,江西万安县东村,村镇,1911,1911,,,,hvd_141348,26.588846,114.62671
4055,CN360828,CN360828,云洲,江西万安县云洲,村镇,1911,1911,,,,hvd_141370,26.487541,114.739105
4056,CN360828,CN360828,南乾,江西万安县南乾,村镇,1911,1911,,,,hvd_141346,26.63192,114.6945
4057,CN360828,CN360828,坪头,江西万安县坪头,村镇,1911,1911,,,,hvd_141352,26.61517,114.79352
4058,CN360828,CN360828,大岭,江西万安县大岭街,村镇,1911,1911,,,,hvd_141357,26.324818,114.959435
4059,CN360828,CN360828,大蓼滩,江西万安县大蓼,村镇,1911,1911,,,,hvd_141360,26.379059,114.87915
4060,CN360828,CN360828,小蓼滩,江西万安县小蓼,村镇,1911,1911,,,,hvd_141359,26.356724,114.9077
4061,CN360828,CN360828,嵩阳,江西万安县嵩阳,村镇,1911,1911,,,,hvd_141369,26.473185,114.73019
4062,CN360828,CN360828,晒背,江西万安县舍背,村镇,1911,1911,,,,hvd_141353,26.510674,114.7846
4063,CN360828,CN360828,棉津,江西万安县棉津东北,村镇,1911,1911,,,,hvd_141354,26.401394,114.84258
4064,CN360828,CN360828,漂神,江西万安县漂神东北,村镇,1911,1911,,,,hvd_141355,26.4333,114.81314
4065,CN360828,CN360828,皂口,江西万安县皂口,村镇,1911,1911,,,,hvd_141358,26.322424,114.905914
4066,CN360828,CN360828,符竹,江西万安县符竹,村镇,1911,1911,,,,hvd_141347,26.655052,114.64277
4067,CN360828,CN360828,良口,江西万安县良口,村镇,1911,1911,,,,hvd_141362,26.211685,114.98065
4068,CN360828,CN360828,蕉源,江西万安县蕉源,村镇,1911,1911,,,,hvd_141361,26.45404,114.90145
4069,CN360828,CN360828,路口,江西万安县路口,村镇,1911,1911,,,,hvd_141367,26.359118,114.79352
4070,CN360828,CN360828,通津桥,江西万安县通津,村镇,1911,1911,,,,hvd_141351,26.651064,114.821175
4071,CN360828,CN360828,邓林,江西万安县邓林,村镇,1911,1911,,,,hvd_141368,26.424526,114.70164
4072,CN360828,CN360828,高桥,江西万安县高桥,村镇,1911,1911,,,,hvd_141363,26.218727,115.0076
4073,CN360828,CN360828,麻园,江西万安县麻源,村镇,1911,1911,,,,hvd_141364,26.253824,114.95408
4074,CN360828,CN360828,黄竹,江西万安县黄竹,村镇,1911,1911,,,,hvd_141371,26.193201,114.74535
4075,CN3609,CN3609,宜春县,江西宜春市,县,-201,-130,新建,更名,,hvd_40961,27.794266,114.375885
4076,CN3609,CN3609,宜春侯国,江西宜春市,侯国,-129,-113,更名,更名,,hvd_40962,27.794266,114.375885
4077,CN3609,CN3609,宜春县,江西宜春市,县,-112,13,更名,更名,,hvd_40963,27.794266,114.375885
4078,CN3609,CN3609,脩晓县,江西宜春市,县,14,22,更名,更名,,hvd_40964,27.794266,114.375885
4079,CN3609,CN3609,宜春县,江西宜春市,县,23,279,更名,更名,,hvd_40965,27.794266,114.375885
4080,CN3609,CN3609,宜阳县,江西宜春市,县,280,590,更名,迁移治所,,hvd_40966,27.794266,114.375885
4081,CN3609,CN3609,宜春县,江西宜春市,县,1161,1911,迁移治所,数据下限,,hvd_40969,27.794266,114.375885
4082,CN3609,CN3609,袁州,江西宜春市,州,1161,1276,迁移治所,更名,,hvd_32571,27.794266,114.375885
4083,CN3609,CN3609,袁州府,江西宜春市,府,1360,1911,更名,数据下限,,hvd_32573,27.794266,114.375885
4084,CN3609,CN3609,宜春县,江西宜春市,县,1820,1820,,,,hvd_816,27.79427,114.37589
4085,CN3609,CN3609,袁州府,江西宜春市,府,1820,1820,,,,hvd_9645,27.79427,114.37589
4086,CN3609,CN3609,宜春县,江西宜春市,县,1911,1911,,,,hvd_121744,27.79427,114.37589
4087,CN3609,CN3609,袁州府,江西宜春市,府,1911,1911,,,,hvd_120209,27.79427,114.37589
4088,CN361021,CN361021,南城县,江西南城县洪门东南水库中,县,-201,279,新建,更名和迁移治所,,hvd_40980,27.466871,116.756584
4089,CN361021,CN361021,临川郡,江西南城县洪门镇东南水库中,郡,257,264,新建,迁移治所,,hvd_32525,27.466871,116.756584
4090,CN361021,CN361021,新南城县,江西南城县,县,280,316,更名和迁移治所,更名,,hvd_40981,27.559717,116.62745
4091,CN361021,CN361021,南城县,江西南城县,县,317,1911,更名,数据下限,,hvd_40982,27.559717,116.62745
4092,CN361021,CN361021,临川郡,江西南城县,郡,480,501,迁移治所,迁移治所,,hvd_32527,27.559717,116.62745
4093,CN361021,CN361021,建武军,江西南城县,军,969,978,新建,更名,,hvd_32521,27.559717,116.62745
4094,CN361021,CN361021,建昌军,江西南城县,军,979,1276,更名,更名,,hvd_32522,27.559717,116.62745
4095,CN361021,CN361021,建昌府,江西南城县,府,1362,1911,更名,数据下限,,hvd_32524,27.559717,116.62745
4096,CN361021,CN361021,南城县,江西南城县,县,1820,1820,,,,hvd_825,27.55972,116.62745
4097,CN361021,CN361021,岳口镇,江西南城县西北岳口,村镇,1820,1820,,,,hvd_19306,27.668617,116.57435
4098,CN361021,CN361021,建昌府,江西南城县,府,1820,1820,,,,hvd_9647,27.55972,116.62745
4099,CN361021,CN361021,新丰市,江西南城县南新丰,村镇,1820,1820,,,,hvd_19311,27.428654,116.59063
4100,CN361021,CN361021,曾潭镇,江西南城县南曾潭,村镇,1820,1820,,,,hvd_19310,27.386997,116.50648
4101,CN361021,CN361021,上崔,江西南城县上崔,村镇,1911,1911,,,,hvd_140686,27.33999,116.596115
4102,CN361021,CN361021,上柱,江西南城县上渚,村镇,1911,1911,,,,hvd_140680,27.538563,116.51439
4103,CN361021,CN361021,五里庄,江西南城县五里庄,村镇,1911,1911,,,,hvd_140676,27.593151,116.62961
4104,CN361021,CN361021,南城县,江西南城县,县,1911,1911,,,,hvd_121737,27.55972,116.62745
4105,CN361021,CN361021,小竺,江西南城县小竺,村镇,1911,1911,,,,hvd_140689,27.56347,116.848656
4106,CN361021,CN361021,岳口铺,江西南城县岳口,村镇,1911,1911,,,,hvd_140671,27.668617,116.57435
4107,CN361021,CN361021,建昌府,江西南城县,府,1911,1911,,,,hvd_120206,27.55972,116.62745
4108,CN361021,CN361021,新丰,江西南城县新丰,村镇,1911,1911,,,,hvd_140681,27.428654,116.59063
4109,CN361021,CN361021,朱坊,江西南城县朱坊,村镇,1911,1911,,,,hvd_140674,27.676615,116.63809
4110,CN361021,CN361021,杨家墟,江西南城县杨家坊,村镇,1911,1911,,,,hvd_140677,27.603436,116.66757
4111,CN361021,CN361021,樟树桥,江西南城县樟树桥,村镇,1911,1911,,,,hvd_140675,27.631124,116.56887
4112,CN361021,CN361021,汾水,江西南城县汾水,村镇,1911,1911,,,,hvd_140683,27.376778,116.577805
4113,CN361021,CN361021,游源铺,江西南城县大游源,村镇,1911,1911,,,,hvd_140673,27.71261,116.54163
4114,CN361021,CN361021,潭港,江西南城县潭江,村镇,1911,1911,,,,hvd_140672,27.703909,116.59165
4115,CN361021,CN361021,蓝田铺,江西南城县上兰,村镇,1911,1911,,,,hvd_140690,27.373613,116.900246
4116,CN361021,CN361021,野塘,江西南城县野塘,村镇,1911,1911,,,,hvd_140684,27.400908,116.58807
4117,CN361021,CN361021,金塘岭,江西南城县金塘岭,村镇,1911,1911,,,,hvd_140678,27.596315,116.58316
4118,CN361021,CN361021,饶坊,江西南城县尧坊,村镇,1911,1911,,,,hvd_140682,27.470526,116.635864
4119,CN361021,CN361021,麻源,江西南城县麻姑庙,村镇,1911,1911,,,,hvd_140679,27.535862,116.55951
4120,CN3611,CN3611,上饶县,江西上饶市,县,199,315,新建,撤销,,hvd_41198,28.450691,117.96489
4121,CN3611,CN3611,上饶县,江西上饶市,县,410,588,新建,撤销,,hvd_41199,28.450691,117.96489
4122,CN3611,CN3611,上饶县,江西上饶市,县,621,623,新建,撤销,,hvd_41200,28.450691,117.96489
4123,CN3611,CN3611,上饶县,江西上饶市,县,758,1911,新建,数据下限,,hvd_41201,28.450691,117.96489
4124,CN3611,CN3611,信州,江西上饶市,州,758,1276,新建,更名,,hvd_32622,28.450691,117.96489
4125,CN3611,CN3611,信州,江西上饶市,州,758,759,,,,hvd_111387,28.45069,117.96489
4126,CN3611,CN3611,广信府,江西上饶市,府,1360,1911,更名,数据下限,,hvd_32624,28.450691,117.96489
4127,CN3611,CN3611,上饶县,江西上饶市,县,1820,1820,,,,hvd_805,28.45069,117.96489
4128,CN3611,CN3611,广信府,江西上饶市,府,1820,1820,,,,hvd_9644,28.45069,117.96489
4129,CN3611,CN3611,上饶县,江西上饶市,县,1911,1911,,,,hvd_121702,28.45069,117.96489
4130,CN3611,CN3611,广信府,江西上饶市,府,1911,1911,,,,hvd_120201,28.45069,117.96489
4131,CN361126,CN361126,葛阳县,江西弋阳县,县,199,591,新建,更名,,hvd_41202,28.401876,117.42131
4132,CN361126,CN361126,弋阳县,江西弋阳县,县,592,1911,更名,数据下限,,hvd_41203,28.401876,117.42131
4133,CN361126,CN361126,宝丰县,江西弋阳县南旭光,县,994,1034,新建,撤销,,hvd_41211,28.265888,117.429886
4134,CN361126,CN361126,宝丰县,江西弋阳县南旭光,县,1040,1042,新建,撤销,,hvd_41212,28.265888,117.429886
4135,CN361126,CN361126,双港,江西弋阳县东南双港,村镇,1820,1820,,,,hvd_19258,28.213177,117.43842
4136,CN361126,CN361126,大桥镇,江西弋阳县西北大桥镇,村镇,1820,1820,,,,hvd_19265,28.701265,117.30966
4137,CN361126,CN361126,弋阳县,江西弋阳县,县,1820,1820,,,,hvd_807,28.40188,117.42131
4138,CN361126,CN361126,漆工镇,,村镇,1820,1820,,,,hvd_19263,28.622286,117.49233
4139,CN361126,CN361126,双港,江西弋阳县双港,村镇,1911,1911,,,,hvd_141734,28.213177,117.43842
4140,CN361126,CN361126,宣湖村,江西弋阳县仙湖,村镇,1911,1911,,,,hvd_141726,28.609926,117.562096
4141,CN361126,CN361126,弋阳县,江西弋阳县,县,1911,1911,,,,hvd_121704,28.40188,117.42131
4142,CN361126,CN361126,杉山街,江西弋阳县杉山街,村镇,1911,1911,,,,hvd_141722,28.57302,117.313705
4143,CN361126,CN361126,湖西村,江西弋阳县湖西谢家,村镇,1911,1911,,,,hvd_141729,28.477224,117.49598
4144,CN361126,CN361126,漆工镇,,村镇,1911,1911,,,,hvd_141720,28.622286,117.49233
4145,CN361126,CN361126,漕溪洋,江西弋阳县漕溪洋,村镇,1911,1911,,,,hvd_141806,28.548758,117.525635
4146,CN361126,CN361126,烈桥,江西弋阳县烈桥,村镇,1911,1911,,,,hvd_141721,28.570549,117.51638
4147,CN361126,CN361126,状元桥,江西弋阳县状元桥徐家,村镇,1911,1911,,,,hvd_141730,28.328033,117.298515
4148,CN361126,CN361126,翁里,江西弋阳县桥头翁家,村镇,1911,1911,,,,hvd_141732,28.165585,117.41975
4149,CN361126,CN361126,莲湖汛,江西弋阳县莲湖,村镇,1911,1911,,,,hvd_141727,28.420689,117.37178
4150,CN361126,CN361126,西潼,江西弋阳县西童,村镇,1911,1911,,,,hvd_141804,28.371412,117.52029
4151,CN361126,CN361126,谢源,江西弋阳县谢源,村镇,1911,1911,,,,hvd_141725,28.585585,117.45756
4152,CN361126,CN361126,邵家坂,江西弋阳县邵家畈,村镇,1911,1911,,,,hvd_141719,28.766186,117.335144
4153,CN361126,CN361126,陈谷音,江西弋阳县陈谷音,村镇,1911,1911,,,,hvd_141728,28.469374,117.411095
4154,CN361126,CN361126,雄黄,江西弋阳县熊坊,村镇,1911,1911,,,,hvd_141733,28.266787,117.354805
4155,CN361126,CN361126,黄沙港汛,江西弋阳县黄沙港,村镇,1911,1911,,,,hvd_141735,28.32126,117.52478
4156,CN361127,CN361127,余汗县,江西余干县,县,-201,13,新建,更名,,hvd_41168,28.691545,116.68195
4157,CN361127,CN361127,治干县,江西余干县,县,14,22,更名,更名,,hvd_41169,28.691545,116.68195
4158,CN361127,CN361127,余汗县,江西余干县,县,23,419,更名,更名,,hvd_41170,28.691545,116.68195
4159,CN361127,CN361127,余干县,江西余干县,县,420,1294,更名,更名,,hvd_41171,28.691545,116.68195
4160,CN361127,CN361127,余干州,江西余干县,州,1295,1368,更名,更名,,hvd_41172,28.691545,116.68195
4161,CN361127,CN361127,余干县,江西余干县,县,1369,1911,更名,数据下限,,hvd_41173,28.691545,116.68195
4162,CN361127,CN361127,余干县,江西余干县,县,1820,1820,,,,hvd_801,28.69155,116.68195
4163,CN361127,CN361127,古楼埠,,村镇,1820,1820,,,,hvd_19241,28.717705,116.80299
4164,CN361127,CN361127,康山镇,江西余干县西北康山,村镇,1820,1820,,,,hvd_19246,28.88206,116.43176
4165,CN361127,CN361127,瑞洪镇,江西余干县西北瑞洪镇,村镇,1820,1820,,,,hvd_19249,28.738976,116.40131
4166,CN361127,CN361127,黄丘埠,江西余干县东南黄金埠,村镇,1820,1820,,,,hvd_19248,28.486715,116.80048
4167,CN361127,CN361127,龙津,江西余干县西南龙津,村镇,1820,1820,,,,hvd_19252,28.648514,116.63668
4168,CN361127,CN361127,余干县,江西余干县,县,1911,1911,,,,hvd_121713,28.69155,116.68195
4169,CN361127,CN361127,傅家衕,江西余干县傅家弄,村镇,1911,1911,,,,hvd_141855,28.610878,116.60834
4170,CN361127,CN361127,古楼埠,,村镇,1911,1911,,,,hvd_141852,28.717705,116.80299
4171,CN361127,CN361127,山门塘,江西余干县三门塘,村镇,1911,1911,,,,hvd_141858,28.437658,116.84984
4172,CN361127,CN361127,梅溪汛,江西余干县梅溪嘴,村镇,1911,1911,,,,hvd_141847,28.83218,116.39444
4173,CN361127,CN361127,汪家塘,江西余干县汪塘,村镇,1911,1911,,,,hvd_141857,28.551966,116.68251
4174,CN361127,CN361127,神口,江西余干县神口,村镇,1911,1911,,,,hvd_141849,28.761183,116.46603
4175,CN361127,CN361127,蛇塘,江西余干县佘塘,村镇,1911,1911,,,,hvd_141848,28.74079,116.49535
4176,CN361127,CN361127,金家滩,江西余干县金滩,村镇,1911,1911,,,,hvd_141850,28.730215,116.63162
4177,CN361127,CN361127,马陂嘴,江西余干县马背嘴,村镇,1911,1911,,,,hvd_141851,28.671303,116.6989
4178,CN3701,CN3701,祝阿县,山东济南市西段店镇古城村,县,-153,13,新建,更名,,hvd_45081,36.65294,116.925896
4179,CN3701,CN3701,安城县,山东济南市西段店镇古城村,县,14,22,更名,更名,,hvd_45082,36.65294,116.925896
4180,CN3701,CN3701,祝阿县,山东济南市西段店镇古城村,县,23,423,更名,撤销,,hvd_45121,36.65294,116.925896
4181,CN3701,CN3701,山茌县,山东济南市西南丰齐镇,县,618,741,新建,更名,,hvd_45130,36.636856,116.92347
4182,CN3701,CN3701,丰齐县,山东济南市西南丰齐镇,县,742,819,更名,撤销,,hvd_45131,36.636856,116.92347
4183,CN3701,CN3701,济南府,山东济南市,府,1116,1279,,,,,36.65013,117.00149
4184,CN3701,CN3701,济南府,山东济南市,府,1116,1912,,,,hvd_115413,36.65013,117.00149
4185,CN3701,CN3701,济南府,山东济南市,府,1367,1911,,,,hvd_86003,36.65013,117.00149
4186,CN3701,CN3701,济南府,山东济南市,府,1368,1819,,,,,36.65013,117.00149
4187,CN3701,CN3701,历城县,山东济南市,县,1820,1820,,,,hvd_1025,36.65013,117.00149
4188,CN3701,CN3701,济南府,山东济南市,府,1820,1820,,,,hvd_9673,36.65013,117.00149
4189,CN3701,CN3701,东渴马,山东济南市东渴马庄,村镇,1911,1911,,,,hvd_144840,36.52152,116.92366
4190,CN3701,CN3701,丰齐镇铺,山东济南市丰齐,村镇,1911,1911,,,,hvd_142682,36.619457,116.83875
4191,CN3701,CN3701,历城县,山东济南市,县,1911,1911,,,,hvd_122009,36.65013,117.00149
4192,CN3701,CN3701,段店,山东济南市段店镇,村镇,1911,1911,,,,hvd_142503,36.637863,116.92465
4193,CN3701,CN3701,济南府,山东济南市,府,1911,1911,,,,hvd_120250,36.65013,117.00149
4194,CN3701,CN3701,矿村,山东济南市鑛村,村镇,1911,1911,,,,hvd_142510,36.5758,117.09596
4195,CN3701,CN3701,邵二庄,山东济南市邵二,村镇,1911,1911,,,,hvd_142515,36.56473,116.938805
4196,CN3701,CN3701,黄山店,山东济南市黄山店,村镇,1911,1911,,,,hvd_144751,36.586693,116.90823
4197,CN370124,CN370124,谷城县,山东省济南市平阴县,县,25,555,,,,hvd_85692,36.16695,116.25224
4198,CN370124,CN370124,平阴县,山东平阴县,县,606,831,,,,hvd_85694,36.28693,116.44867
4199,CN370124,CN370124,平阴县,山东平阴县,县,837,1912,,,,hvd_85695,36.28693,116.44867
4200,CN370124,CN370124,东阿县,山东东阿县南旧城,县,1133,1374,迁移治所,迁移治所,,hvd_45307,36.16592,116.25104
4201,CN370124,CN370124,东阿县,,县,1820,1820,,,,hvd_1021,36.166954,116.252235
4202,CN370124,CN370124,大寨庄,山东平阴县西南大寨,村镇,1820,1820,,,,hvd_20279,36.093765,116.2882
4203,CN370124,CN370124,平阴县,山东平阴县,县,1820,1820,,,,hvd_1020,36.286934,116.44867
4204,CN370124,CN370124,柿子园庄,山东东平县北,村镇,1820,1820,,,,hvd_20289,36.089706,116.336784
4205,CN370124,CN370124,毛家铺,山东平阴县东毛家铺,村镇,1820,1820,,,,hvd_20291,36.319847,116.56175
4206,CN370124,CN370124,丁泉集,山东平阴县丁泉,村镇,1911,1911,,,,hvd_142751,36.084995,116.33029
4207,CN370124,CN370124,东阿县,,县,1911,1911,,,,hvd_122018,36.166954,116.252235
4208,CN370124,CN370124,二十里铺,山东平阴县二十里铺,村镇,1911,1911,,,,hvd_142772,36.25801,116.40944
4209,CN370124,CN370124,凤凰庄,山东平阴县东凤凰庄,村镇,1911,1911,,,,hvd_142777,36.263916,116.57372
4210,CN370124,CN370124,刁山坡,山东平阴县刁山坡镇,村镇,1911,1911,,,,hvd_142771,36.24656,116.31794
4211,CN370124,CN370124,北市铺,山东平阴县北市铺,村镇,1911,1911,,,,hvd_144742,36.193836,116.3045
4212,CN370124,CN370124,南栾湾,山东平阴县栾湾,村镇,1911,1911,,,,hvd_144734,36.32061,116.50776
4213,CN370124,CN370124,展家洼,山东平阴县展家洼,村镇,1911,1911,,,,hvd_142769,36.096443,116.51121
4214,CN370124,CN370124,平地乐铺,山东平阴县东平洛,村镇,1911,1911,,,,hvd_142775,36.32028,116.48527
4215,CN370124,CN370124,平阴县,山东平阴县,县,1911,1911,,,,hvd_122019,36.286934,116.44867
4216,CN370124,CN370124,毛家铺,山东平阴县毛家铺,村镇,1911,1911,,,,hvd_142778,36.28955,116.57705
4217,CN370124,CN370124,王蒿店,山东平阴县王镐店,村镇,1911,1911,,,,hvd_142773,36.24397,116.37353
4218,CN370124,CN370124,直沟头,山东平阴县直沟头,村镇,1911,1911,,,,hvd_144743,36.167667,116.31711
4219,CN370124,CN370124,虎豹川,山东平阴县虎豹川,村镇,1911,1911,,,,hvd_142835,36.33393,116.56175
4220,CN370124,CN370124,西衡鱼,山东肥城县前衡鱼,村镇,1911,1911,,,,hvd_142837,36.156258,116.528496
4221,CN370124,CN370124,龙桥,山东平阴县龙桥,村镇,1911,1911,,,,hvd_142774,36.295586,116.37286
4222,CN370684,CN370684,牟平县,山东省烟台市蓬莱区,县,556,626,,,,hvd_85403,37.66196,120.85193
4223,CN370684,CN370684,登州,山东省烟台市蓬莱区,州,707,741,,,,hvd_111023,37.80452,120.7405
4224,CN370684,CN370684,蓬莱县,山东蓬莱县县治,县,707,712,,,,hvd_85373,37.80452,120.7405
4225,CN370684,CN370684,东牟郡,山东省烟台市蓬莱区,郡,742,755,,,,hvd_111206,37.80452,120.7405
4226,CN370684,CN370684,登州,山东省烟台市蓬莱区,州,1373,1375,,,,hvd_86031,37.80452,120.7405
4227,CN370684,CN370684,登州府,山东蓬莱市,府,1376,1911,,,,hvd_86009,37.80452,120.7405
4228,CN370684,CN370684,刘家汪寨,山东蓬莱县东刘家旺,村镇,1820,1820,,,,hvd_20251,37.81496,120.92551
4229,CN370684,CN370684,登州府,山东蓬莱市,府,1820,1820,,,,hvd_9668,37.804516,120.7405
4230,CN370684,CN370684,蓬莱县,山东蓬莱县县治,县,1820,1820,,,,hvd_1017,37.804516,120.7405
4231,CN370684,CN370684,解宋寨,山东蓬莱县东南解宋营,村镇,1820,1820,,,,hvd_20135,37.759438,120.97801
4232,CN370684,CN370684,三十里铺,山东蓬莱县三十里店,村镇,1911,1911,,,,hvd_144185,37.72795,120.6515
4233,CN370684,CN370684,五十里铺,山东蓬莱县五十堡,村镇,1911,1911,,,,hvd_144191,37.725372,120.95174
4234,CN370684,CN370684,善集,山东蓬莱县善集,村镇,1911,1911,,,,hvd_144198,37.66027,120.913666
4235,CN370684,CN370684,安香店,山东蓬莱县安香从家,村镇,1911,1911,,,,hvd_144190,37.78637,120.83979
4236,CN370684,CN370684,平山前,山东蓬莱县平山前村,村镇,1911,1911,,,,hvd_144187,37.730087,120.74249
4237,CN370684,CN370684,景文村,山东蓬莱县景文村,村镇,1911,1911,,,,hvd_144197,37.68164,120.78664
4238,CN370684,CN370684,林格庄,山东蓬莱县林格庄,村镇,1911,1911,,,,hvd_144183,37.794918,120.69654
4239,CN370684,CN370684,泽口店,山东蓬莱县得口店,村镇,1911,1911,,,,hvd_144195,37.6275,120.746994
4240,CN370684,CN370684,浮庆集,山东蓬莱县孚庆集,村镇,1911,1911,,,,hvd_144199,37.514374,121.028786
4241,CN370684,CN370684,海头,山东蓬莱县海头村,村镇,1911,1911,,,,hvd_144193,37.73241,121.00015
4242,CN370684,CN370684,登州府,山东蓬莱县县治,府,1911,1911,,,,hvd_120256,37.804516,120.7405
4243,CN370684,CN370684,百佛院,山东栖霞县百佛院,村镇,1911,1911,,,,hvd_144254,37.476437,120.8551
4244,CN370684,CN370684,花夼,山东蓬莱县南花夼,村镇,1911,1911,,,,hvd_144201,37.513508,120.73438
4245,CN370684,CN370684,草店村,山东蓬莱县草店,村镇,1911,1911,,,,hvd_144186,37.740063,120.67402
4246,CN370684,CN370684,蓬莱县,山东蓬莱县县治,县,1911,1911,,,,hvd_122072,37.804516,120.7405
4247,CN370684,CN370684,虎路线,山东蓬莱县虎路线,村镇,1911,1911,,,,hvd_144200,37.53005,121.02005
4248,CN370684,CN370684,解宋营,山东蓬莱县解宋营,村镇,1911,1911,,,,hvd_144192,37.752884,120.96322
4249,CN370684,CN370684,高家庄,山东蓬莱县高家庄,村镇,1911,1911,,,,hvd_144184,37.717262,120.68483
4250,CN370684,CN370684,黄泥川铺,山东蓬莱县黄泥川,村镇,1911,1911,,,,hvd_144202,37.670242,120.8551
4251,CN370684,CN370684,龙山店铺,山东蓬莱县龙山店,村镇,1911,1911,,,,hvd_144188,37.70168,120.84572
4252,CN3708,CN3708,济宁州,山东济宁市,直隶州,1724,1730,,,,hvd_86017,35.41043,116.57787
4253,CN3708,CN3708,济宁州,山东济宁市,直隶州,1776,1911,,,,hvd_86011,35.41043,116.57787
4254,CN3708,CN3708,济宁州,山东济宁市,直隶州,1820,1820,,,,hvd_9677,35.41043,116.577866
4255,CN3708,CN3708,济宁州,山东济宁市,直隶州,1911,1911,,,,hvd_120276,35.41043,116.577866
4256,CN370812,CN370812,瑕丘侯国,山东兖州县老城东北2公里,侯国,-126,29,新建,更名,,hvd_45268,35.572357,116.83349
4257,CN370812,CN370812,乘丘县,山东兖州县西北故县村,县,-122,29,新建,撤销,,hvd_45179,35.6052,116.68137
4258,CN370812,CN370812,樊县,山东兖州县西南堌城,县,-52,-32,新建,撤销,,hvd_45177,35.439613,116.77958
4259,CN370812,CN370812,樊县,山东兖州县西南堌城,县,-28,369,新建,撤销,,hvd_45178,35.439613,116.77958
4260,CN370812,CN370812,瑕丘县,山东兖州县老城东北2公里,县,30,265,更名,撤销,,hvd_45269,35.572357,116.83349
4261,CN370812,CN370812,兖州,山东省济宁市兖州区,州,453,467,,,,hvd_113116,35.60625,116.68255
4262,CN370812,CN370812,东兖州,山东省济宁市兖州区,州,468,493,,,,hvd_113117,35.60625,116.68255
4263,CN370812,CN370812,兖州,山东省济宁市兖州区,州,494,604,,,,hvd_113118,35.60625,116.68255
4264,CN370812,CN370812,瑕丘县,山东兖州县,县,593,1109,新建,更名,,hvd_45270,35.555645,116.822525
4265,CN370812,CN370812,鲁州,山东省济宁市兖州区,州,605,606,,,,hvd_110143,35.5567,116.8237
4266,CN370812,CN370812,鲁郡,山东省济宁市兖州区,郡,607,621,,,,hvd_110415,35.5567,116.8237
4267,CN370812,CN370812,兖州,山东省济宁市兖州区,州,622,741,,,,hvd_111025,35.5567,116.8237
4268,CN370812,CN370812,兖州,山东省济宁市兖州区,州,742,1384,,,,hvd_116049,35.5567,116.8237
4269,CN370812,CN370812,鲁郡,山东省济宁市兖州区,郡,742,757,,,,hvd_111315,35.5567,116.8237
4270,CN370812,CN370812,郓齐兖节度使,山东省济宁市兖州区,防镇,759,761,,,,hvd_111407,35.5567,116.8237
4271,CN370812,CN370812,沂海节度使,山东省济宁市兖州区,防镇,821,833,,,,hvd_111568,35.5567,116.8237
4272,CN370812,CN370812,沂海观察使,山东省济宁市兖州区,防镇,834,850,,,,hvd_111576,35.5567,116.8237
4273,CN370812,CN370812,沂海节度使,山东省济宁市兖州区,防镇,851,896,,,,hvd_111631,35.5567,116.8237
4274,CN370812,CN370812,泰宁军节度使,山东省济宁市兖州区,防镇,897,951,,,,hvd_111759,35.5567,116.8237
4275,CN370812,CN370812,泰宁军防御使,山东省济宁市兖州区,防镇,952,967,,,,hvd_111819,35.5567,116.8237
4276,CN370812,CN370812,瑕县,山东兖州县,县,1110,1127,更名,更名,,hvd_45271,35.555645,116.822525
4277,CN370812,CN370812,袭庆府,山东省济宁市兖州区,府,1118,1183,,,,hvd_115978,35.5567,116.8237
4278,CN370812,CN370812,嵫阳县,山东兖州县,县,1128,1368,更名,撤销,,hvd_45272,35.555645,116.822525
4279,CN370812,CN370812,兖州府,山东兖州,府,1385,1911,,,,hvd_86005,35.5567,116.8237
4280,CN370812,CN370812,嵫阳县,山东兖州县,县,1385,1470,新建,更名,,hvd_45273,35.555645,116.822525
4281,CN370812,CN370812,滋阳县,山东兖州县,县,1471,1912,更名,数据下限,,hvd_45274,35.555645,116.822525
4282,CN370812,CN370812,兖州府,山东兖州,府,1820,1820,,,,hvd_9676,35.556698,116.8237
4283,CN370812,CN370812,新嘉驿,,村镇,1820,1820,,,,hvd_20425,35.650402,116.66961
4284,CN370812,CN370812,滋阳县,山东兖州县县治,县,1820,1820,,,,hvd_1057,35.556698,116.8237
4285,CN370812,CN370812,高吴桥,山东兖州市西北高吴桥,村镇,1820,1820,,,,hvd_20406,35.628,116.707146
4286,CN370812,CN370812,三元村,山东兖州县三元村,村镇,1911,1911,,,,hvd_142980,35.49606,116.827034
4287,CN370812,CN370812,兖州府,山东兖州县县治,府,1911,1911,,,,hvd_120252,35.556698,116.8237
4288,CN370812,CN370812,古城,山东宁阳县古城,村镇,1911,1911,,,,hvd_143002,35.69893,116.77388
4289,CN370812,CN370812,和尚塘墩,山东兖州县和尚塘,村镇,1911,1911,,,,hvd_144682,35.482796,116.87347
4290,CN370812,CN370812,故县,山东兖州县故县,村镇,1911,1911,,,,hvd_142976,35.594933,116.66937
4291,CN370812,CN370812,新嘉驿,,村镇,1911,1911,,,,hvd_142972,35.650402,116.66961
4292,CN370812,CN370812,柳沟村,山东兖州县柳沟,村镇,1911,1911,,,,hvd_142978,35.40671,116.75406
4293,CN370812,CN370812,横河集铺,山东邹县横河,村镇,1911,1911,,,,hvd_143015,35.4155,116.80001
4294,CN370812,CN370812,滋阳县,山东兖州县县治,县,1911,1911,,,,hvd_122048,35.556698,116.8237
4295,CN370812,CN370812,王音集,山东兖州县王因镇,村镇,1911,1911,,,,hvd_142979,35.464306,116.7644
4296,CN370812,CN370812,甄家桥,山东兖州县甄家桥,村镇,1911,1911,,,,hvd_142973,35.65865,116.77118
4297,CN370812,CN370812,盛家村,山东兖州县后盛,村镇,1911,1911,,,,hvd_142981,35.676956,116.85857
4298,CN370812,CN370812,稻营村,山东兖州县东稻营,村镇,1911,1911,,,,hvd_150298,35.518826,116.77069
4299,CN370812,CN370812,西大南铺,山东兖州县大南铺,村镇,1911,1911,,,,hvd_142974,35.595665,116.76668
4300,CN370812,CN370812,龙湾店,山东兖州县龙湾店,村镇,1911,1911,,,,hvd_142982,35.62569,116.83875
4301,CN370828,CN370828,东缗县,山东省济宁市金乡县,县,-225,211,,,,hvd_85135,35.06816,116.30453
4302,CN370828,CN370828,金乡县,山东金乡县,县,479,1911,,,,hvd_85159,35.06816,116.30453
4303,CN370828,CN370828,金州,山东省济宁市金乡县,州,621,621,,,,hvd_110413,35.06817,116.30453
4304,CN370828,CN370828,大义集,山东金乡县北大义集,村镇,1820,1820,,,,hvd_20415,35.15576,116.3433
4305,CN370828,CN370828,羊山,山东金乡县西北之羊山,村镇,1820,1820,,,,hvd_20427,35.173786,116.236565
4306,CN370828,CN370828,金乡县,山东金乡县,县,1820,1820,,,,hvd_1060,35.068165,116.30453
4307,CN370828,CN370828,兴隆集,山东金乡县兴隆集,村镇,1911,1911,,,,hvd_143206,34.960594,116.286026
4308,CN370828,CN370828,冯家海,山东金乡县冯海,村镇,1911,1911,,,,hvd_143211,34.987045,116.40585
4309,CN370828,CN370828,刘楼砦,山东金乡县刘楼,村镇,1911,1911,,,,hvd_143197,35.127365,116.36531
4310,CN370828,CN370828,十里铺,山东金乡县十里铺,村镇,1911,1911,,,,hvd_143190,35.113407,116.31126
4311,CN370828,CN370828,司马集,山东金乡县司马集,村镇,1911,1911,,,,hvd_143209,34.92019,116.31756
4312,CN370828,CN370828,大义集,山东金乡县小大义集,村镇,1911,1911,,,,hvd_143191,35.15576,116.3433
4313,CN370828,CN370828,寨里集,山东金乡县寨里集,村镇,1911,1911,,,,hvd_143205,34.989983,116.26981
4314,CN370828,CN370828,张家集,山东鱼台县张家集,村镇,1911,1911,,,,hvd_143236,35.049664,116.403145
4315,CN370828,CN370828,戊堌店,山东金乡县咸固店,村镇,1911,1911,,,,hvd_143201,35.034798,116.18963
4316,CN370828,CN370828,洛城集,山东金乡县落成集,村镇,1911,1911,,,,hvd_143207,34.968678,116.32116
4317,CN370828,CN370828,淳于集,山东金乡县淳集,村镇,1911,1911,,,,hvd_143213,35.023045,116.36801
4318,CN370828,CN370828,白坨集,山东金乡县白坨集,村镇,1911,1911,,,,hvd_143198,35.180264,116.445496
4319,CN370828,CN370828,葛村集铺,山东金乡县葛村集,村镇,1911,1911,,,,hvd_143200,35.060513,116.21575
4320,CN370828,CN370828,蒋家店,山东金乡县蒋李店,村镇,1911,1911,,,,hvd_143203,34.98484,116.21485
4321,CN370828,CN370828,袁家集,山东金乡县袁集,村镇,1911,1911,,,,hvd_143212,35.002472,116.38513
4322,CN370828,CN370828,谢集砦,山东金乡县谢集,村镇,1911,1911,,,,hvd_143210,34.90476,116.425674
4323,CN370828,CN370828,金乡县,山东金乡县,县,1911,1911,,,,hvd_121974,35.068165,116.30453
4324,CN370828,CN370828,陈家集铺,山东鱼台县陈集,村镇,1911,1911,,,,hvd_143234,34.97398,116.419365
4325,CN370828,CN370828,马家寨,山东金乡县马集,村镇,1911,1911,,,,hvd_143204,35.00394,116.24188
4326,CN370828,CN370828,高河店,山东金乡县高河屯,村镇,1911,1911,,,,hvd_143196,35.11855,116.39143
4327,CN370828,CN370828,鱼山集,山东金乡县鱼山集,村镇,1911,1911,,,,hvd_143194,35.21773,116.34189
4328,CN370828,CN370828,黄堆集,山东金乡县鱼山集,村镇,1911,1911,,,,hvd_143193,35.221405,116.37251
4329,CN370830,CN370830,东平陆县,山东汶上县北12公里汶河南,县,-144,375,新建,更名,,hvd_45243,35.819088,116.47342
4330,CN370830,CN370830,桃乡侯国,山东汶上县东北南陶城,侯国,-19,13,新建,更名,,hvd_45250,35.879147,116.56199
4331,CN370830,CN370830,鄣亭县,山东汶上县东北南陶城,县,14,22,更名,更名,,hvd_45251,35.879147,116.56199
4332,CN370830,CN370830,东平国,山东省济宁市汶上县,国,23,468,,,,hvd_115182,35.82013,116.47461
4333,CN370830,CN370830,桃乡县,山东汶上县东北南陶城,县,23,29,更名,撤销,,hvd_45252,35.879147,116.56199
4334,CN370830,CN370830,平陆县,山东汶上县北12公里汶上县北12公里汶河南,县,376,555,更名,撤销,,hvd_45244,35.819088,116.47342
4335,CN370830,CN370830,乐平县,山东汶上县北12公里汶河南,县,438,595,新建,更名,,hvd_45245,35.819088,116.47342
4336,CN370830,CN370830,中都县,山东汶上县,县,742,1152,更名,更名,,hvd_45247,35.728806,116.484375
4337,CN370830,CN370830,汶阳县,山东汶上县,县,1153,1207,更名,更名,,hvd_45248,35.728806,116.484375
4338,CN370830,CN370830,汶上县,山东汶上县,县,1208,1912,更名,数据下限,,hvd_45249,35.728806,116.484375
4339,CN370830,CN370830,南旺,山东汶上县西南南旺,村镇,1820,1820,,,,hvd_20408,35.583652,116.361626
4340,CN370830,CN370830,汶上县,山东汶上县,县,1820,1820,,,,hvd_1056,35.729855,116.48556
4341,CN370830,CN370830,东孙吾,山东汶上县东孙吾,村镇,1911,1911,,,,hvd_143119,35.655228,116.60361
4342,CN370830,CN370830,云尾村,山东汶上县云尾街,村镇,1911,1911,,,,hvd_143125,35.935223,116.64505
4343,CN370830,CN370830,刘许铺,山东汶上县刘许铺,村镇,1911,1911,,,,hvd_143120,35.653767,116.47658
4344,CN370830,CN370830,唐阳,山东汶上县大唐阳,村镇,1911,1911,,,,hvd_143117,35.60186,116.572975
4345,CN370830,CN370830,大徐新庄,山东汶上县大徐,村镇,1911,1911,,,,hvd_143167,35.567436,116.558105
4346,CN370830,CN370830,小秦铺墩,山东汶上县前小秦,村镇,1911,1911,,,,hvd_143121,35.723946,116.537834
4347,CN370830,CN370830,李村,山东汶上县后李村,村镇,1911,1911,,,,hvd_143115,35.74003,116.421616
4348,CN370830,CN370830,汶上县,山东汶上县,县,1911,1911,,,,hvd_122087,35.729855,116.48556
4349,CN370830,CN370830,白塔,山东汶上县白塔,村镇,1911,1911,,,,hvd_143123,35.742954,116.57658
4350,CN370830,CN370830,颜珠铺,山东汶上县颜珠集,村镇,1911,1911,,,,hvd_143116,35.6099,116.47838
4351,CN370830,CN370830,马庄铺,山东汶上县马庄,村镇,1911,1911,,,,hvd_143122,35.70421,116.565765
4352,CN370830,CN370830,黄泥店,山东汶上县黄店,村镇,1911,1911,,,,hvd_143118,35.63037,116.555855
4353,CN370881,CN370881,薛郡,山东省济宁市曲阜市,郡,-224,-207,,,,hvd_112522,35.5986,116.98723
4354,CN370881,CN370881,鲁县,山东曲阜市,县,-182,582,新建,撤销,,hvd_45180,35.597553,116.98606
4355,CN370881,CN370881,鲁国,山东省济宁市曲阜市,国,-182,-179,,,,hvd_112523,35.5986,116.98723
4356,CN370881,CN370881,鲁国,山东省济宁市曲阜市,国,-154,8,,,,hvd_112524,35.5986,116.98723
4357,CN370881,CN370881,鲁郡,山东省济宁市曲阜市,郡,9,25,,,,hvd_112525,35.5986,116.98723
4358,CN370881,CN370881,鲁国,山东省济宁市曲阜市,国,23,369,,,,hvd_115589,35.5986,116.98723
4359,CN370881,CN370881,鲁国,山东省济宁市曲阜市,国,26,36,,,,hvd_112526,35.5986,116.98723
4360,CN370881,CN370881,鲁公国,山东省济宁市曲阜市,国,37,42,,,,hvd_112527,35.5986,116.98723
4361,CN370881,CN370881,鲁国,山东省济宁市曲阜市,国,43,51,,,,hvd_112528,35.5986,116.98723
4362,CN370881,CN370881,东海国,山东曲阜县,侯国,52,57,治所迁移,更名和治所迁移,,hvd_33400,35.598602,116.98723
4363,CN370881,CN370881,鲁郡,山东省济宁市曲阜市,郡,52,555,,,,hvd_115590,35.5986,116.98723
4364,CN370881,CN370881,鲁国,山东省济宁市曲阜市,国,58,0,,,,hvd_112529,35.5986,116.98723
4365,CN370881,CN370881,汶阳县,山东曲阜市,县,584,595,迁移治所,更名,,hvd_45181,35.597553,116.98606
4366,CN370881,CN370881,曲阜县,山东曲阜市,县,596,626,更名,撤销,,hvd_45182,35.597553,116.98606
4367,CN370881,CN370881,鲁州,山东曲阜市,,606,606,,,,,35.597553,116.98606
4368,CN370881,CN370881,鲁州,山东曲阜市,,607,620,,,,,35.597553,116.98606
4369,CN370881,CN370881,曲阜县,山东曲阜市,县,634,1011,新建,更名,,hvd_45183,35.597553,116.98606
4370,CN370881,CN370881,仙源县,山东曲阜市,县,1012,1128,更名,更名,,hvd_45184,35.597553,116.98606
4371,CN370881,CN370881,曲阜县,山东曲阜市,县,1129,1912,更名,数据下限,,hvd_45185,35.597553,116.98606
4372,CN370881,CN370881,曲阜县,山东曲阜市,县,1820,1820,,,,hvd_1053,35.598602,116.98723
4373,CN370881,CN370881,白村,山东曲阜市东南白村,村镇,1820,1820,,,,hvd_20446,35.515823,117.16696
4374,CN370881,CN370881,书院,山东曲阜市书院镇,村镇,1911,1911,,,,hvd_142987,35.635212,116.993706
4375,CN370881,CN370881,傅村,山东曲阜市凫村,村镇,1911,1911,,,,hvd_144681,35.493458,116.977715
4376,CN370881,CN370881,北兴埠,山东曲阜市北兴埠,村镇,1911,1911,,,,hvd_142985,35.56637,116.972984
4377,CN370881,CN370881,北陶洛,山东曲阜市北陶乐,村镇,1911,1911,,,,hvd_142990,35.633747,117.0775
4378,CN370881,CN370881,南辛集,山东曲阜市南辛镇,村镇,1911,1911,,,,hvd_144676,35.529633,117.12107
4379,CN370881,CN370881,后下庄,山东曲阜市后夏庄,村镇,1911,1911,,,,hvd_142994,35.75752,117.09641
4380,CN370881,CN370881,夏侯村,山东曲阜市东夏侯,村镇,1911,1911,,,,hvd_144679,35.520348,117.05062
4381,CN370881,CN370881,大柳树,山东曲阜市大柳村,村镇,1911,1911,,,,hvd_144684,35.566982,116.88136
4382,CN370881,CN370881,峪口村,山东曲阜市峪口,村镇,1911,1911,,,,hvd_144687,35.76325,117.00211
4383,CN370881,CN370881,旧县,山东曲阜市旧县,村镇,1911,1911,,,,hvd_142986,35.60006,117.01984
4384,CN370881,CN370881,春亭村,山东曲阜市春亭,村镇,1911,1911,,,,hvd_144685,35.60403,116.88364
4385,CN370881,CN370881,曲阜县,山东曲阜市,县,1911,1911,,,,hvd_122049,35.598602,116.98723
4386,CN370881,CN370881,朱家村,山东泗水县东朱家村,村镇,1911,1911,,,,hvd_143036,35.704052,117.10497
4387,CN370881,CN370881,歇马亭,山东曲阜市歇马亭,村镇,1911,1911,,,,hvd_142993,35.78242,117.06488
4388,CN370881,CN370881,泉头村,山东曲阜市泉头,村镇,1911,1911,,,,hvd_144686,35.709114,116.975914
4389,CN370881,CN370881,程庄,山东曲阜市程家庄,村镇,1911,1911,,,,hvd_144680,35.497166,116.90537
4390,CN370881,CN370881,纸坊,山东曲阜市纸坊,村镇,1911,1911,,,,hvd_142988,35.65572,116.9847
4391,CN370881,CN370881,鲁原村,山东曲阜市鲁源,村镇,1911,1911,,,,hvd_144678,35.498093,117.18107
4392,CN370881,CN370881,齐王坡,山东曲阜市齐王坡,村镇,1911,1911,,,,hvd_142989,35.58541,117.06578
4393,CN3709,CN3709,泰安府,山东泰安市,府,1724,1912,,,,hvd_115856,36.189,117.12719
4394,CN3709,CN3709,泰安县,山东泰安市,县,1735,1912,,,,hvd_85700,36.189,117.12719
4395,CN3709,CN3709,泰安府,山东泰安市,府,1735,1911,,,,hvd_86013,36.189,117.12719
4396,CN3709,CN3709,泰安县,山东泰安市,县,1820,1820,,,,hvd_1035,36.189,117.12719
4397,CN3709,CN3709,泰安府,山东泰安市,府,1820,1820,,,,hvd_9674,36.189,117.12719
4398,CN3709,CN3709,泰安县,山东泰安市,县,1911,1911,,,,hvd_122095,36.189,117.12719
4399,CN3709,CN3709,泰安府,山东泰安市,府,1911,1911,,,,hvd_120278,36.189,117.12719
4400,CN370923,CN370923,张县,山东东平县西南东平湖西运河东岸,县,-221,-144,新建,更名,,hvd_45255,35.88143,116.27509
4401,CN370923,CN370923,无盐县,山东东平县无盐村南,县,-221,556,,,,,35.91055,116.494576
4402,CN370923,CN370923,须昌县,山东省泰安市东平县,县,-221,-197,,,,hvd_85683,35.95607,116.28256
4403,CN370923,CN370923,须昌侯国,山东省泰安市东平县,侯国,-196,-153,,,,hvd_85684,35.95607,116.28256
4404,CN370923,CN370923,须昌县,山东省泰安市东平县,县,-152,555,,,,hvd_85685,35.95607,116.28256
4405,CN370923,CN370923,无盐县,山东省泰安市东平县,县,-144,13,,,,hvd_85679,35.9073,116.49642
4406,CN370923,CN370923,济东国,山东省泰安市东平县,国,-144,-112,,,,hvd_112475,35.92291,116.42073
4407,CN370923,CN370923,寿良县,山东东平县西南东平湖西运河东岸,县,-143,38,更名,更名,,hvd_45256,35.88143,116.27509
4408,CN370923,CN370923,大河郡,山东省泰安市东平县,郡,-111,-53,,,,hvd_112476,35.92291,116.42073
4409,CN370923,CN370923,东平国,山东省泰安市东平县,国,-52,-4,,,,hvd_112477,35.92291,116.42073
4410,CN370923,CN370923,东平国,山东省东平县,侯国,-52,265,,,,,35.94278,116.47684
4411,CN370923,CN370923,章县,山东省泰安市东平县,县,-52,220,,,,hvd_85691,35.92291,116.42073
4412,CN370923,CN370923,大河郡,山东省泰安市东平县,郡,-4,1,,,,hvd_112478,35.92291,116.42073
4413,CN370923,CN370923,东平国,山东省泰安市东平县,国,1,8,,,,hvd_112479,35.92291,116.42073
4414,CN370923,CN370923,寿良郡,山东省泰安市东平县,郡,9,23,,,,hvd_112488,35.88248,116.27629
4415,CN370923,CN370923,有盐郡,山东省泰安市东平县,郡,9,23,,,,hvd_112480,35.92291,116.42073
4416,CN370923,CN370923,有盐亭,山东省泰安市东平县,亭,14,22,,,,hvd_85680,35.9073,116.49642
4417,CN370923,CN370923,无盐县,山东省泰安市东平县,县,23,468,,,,hvd_85681,35.9073,116.49642
4418,CN370923,CN370923,东平郡,山东省泰安市东平县,郡,24,40,,,,hvd_112481,35.92291,116.42073
4419,CN370923,CN370923,寿张侯国,山东东平县西南东平湖西运河东岸,侯国,39,75,更名,更名,,hvd_45257,35.88143,116.27509
4420,CN370923,CN370923,东平国,山东省泰安市东平县,国,41,0,,,,hvd_112482,35.92291,116.42073
4421,CN370923,CN370923,寿张县,山东东平县西南东平湖西运河东岸,县,76,456,更名,更名,,hvd_45258,35.88143,116.27509
4422,CN370923,CN370923,寿张国,山东省泰安市东平县,国,223,223,,,,hvd_115801,35.88248,116.27629
4423,CN370923,CN370923,东平郡,山东省泰安市东平县,郡,224,556,,,,hvd_115183,35.91034,116.29917
4424,CN370923,CN370923,东平郡,山东省东平县,郡,266,757,,,,,35.94278,116.47684
4425,CN370923,CN370923,寿昌县,山东东平县西南东平湖西运河东岸,县,457,466,更名,更名,,hvd_45259,35.88143,116.27509
4426,CN370923,CN370923,寿张县,山东东平县西南东平湖西运河东岸,县,467,555,更名,撤销,,hvd_45260,35.88143,116.27509
4427,CN370923,CN370923,无盐县,山东省泰安市东平县,县,469,555,,,,hvd_85682,35.92291,116.42073
4428,CN370923,CN370923,须昌县,山东省泰安市东平县,县,556,595,,,,hvd_85686,35.92291,116.42073
4429,CN370923,CN370923,宿城县,山东省泰安市东平县,县,596,626,,,,hvd_85690,35.92291,116.42073
4430,CN370923,CN370923,须昌县,山东省泰安市东平县,县,596,923,,,,hvd_85687,35.95607,116.28256
4431,CN370923,CN370923,郓州,山东省泰安市东平县,州,634,741,,,,hvd_111018,35.92291,116.42073
4432,CN370923,CN370923,宿城县,山东省泰安市东平县,县,712,787,,,,hvd_85708,35.92291,116.42073
4433,CN370923,CN370923,东平郡,山东省泰安市东平县,郡,742,755,,,,hvd_111202,35.92291,116.42073
4434,CN370923,CN370923,郓州,山东省泰安市东平县,州,754,1118,,,,hvd_116158,35.95607,116.28256
4435,CN370923,CN370923,东平县,山东省泰安市东平县,县,788,829,,,,hvd_85709,35.95607,116.28256
4436,CN370923,CN370923,淄青平卢节度使,山东省泰安市东平县,防镇,788,818,,,,hvd_111554,35.92291,116.42073
4437,CN370923,CN370923,郓曹濮节度使,山东省泰安市东平县,防镇,819,819,,,,hvd_111557,35.92291,116.42073
4438,CN370923,CN370923,天平军节度使,山东省泰安市东平县,防镇,820,960,,,,hvd_111775,35.92291,116.42073
4439,CN370923,CN370923,天平县,山东省泰安市东平县,县,830,831,,,,hvd_85710,35.95607,116.28256
4440,CN370923,CN370923,须城县,山东省泰安市东平县,县,924,999,,,,hvd_85688,35.95607,116.28256
4441,CN370923,CN370923,东阿县,山东平阴县西南旧县,县,975,976,迁移治所,迁移治所,,hvd_45304,36.119987,116.235466
4442,CN370923,CN370923,东阿县,山东平阴县西南大吉城,县,977,1132,迁移治所,迁移治所,,hvd_45305,36.090027,116.20385
4443,CN370923,CN370923,须城县,山东省泰安市东平县,县,1000,1373,,,,hvd_85689,35.91034,116.29917
4444,CN370923,CN370923,东平府,山东省泰安市东平县,府,1119,1272,,,,hvd_115181,35.91034,116.29917
4445,CN370923,CN370923,东平府,山东省泰安市东平县,府,1367,1374,,,,hvd_86038,35.91034,116.29917
4446,CN370923,CN370923,东平州,山东东平县,州,1374,1729,,,,hvd_85704,35.91034,116.29917
4447,CN370923,CN370923,东平州,山东东平县,直隶州,1730,1735,,,,hvd_86023,35.91034,116.29917
4448,CN370923,CN370923,东平直隶州,山东省泰安市东平县,州,1730,1734,,,,hvd_115186,35.91034,116.29917
4449,CN370923,CN370923,东平州,山东东平县,州,1735,1912,,,,hvd_85705,35.91034,116.29917
4450,CN370923,CN370923,东平州,山东东平县,州,1820,1820,,,,hvd_1052,35.910343,116.29917
4451,CN370923,CN370923,安山镇,山东梁山县东北安山,村镇,1820,1820,,,,hvd_20409,35.91071,116.213486
4452,CN370923,CN370923,尚庄,山东东平县东北尚庄,村镇,1820,1820,,,,hvd_20280,36.012856,116.44772
4453,CN370923,CN370923,彭家集,山东东平县东南彭集,村镇,1820,1820,,,,hvd_20418,35.864365,116.462494
4454,CN370923,CN370923,戴家庙,山东梁山县北戴庙,村镇,1820,1820,,,,hvd_20424,35.983765,116.09822
4455,CN370923,CN370923,三官庙,山东东平县三官庙,村镇,1911,1911,,,,hvd_144749,35.847942,116.34526
4456,CN370923,CN370923,东平州,山东东平县,州,1911,1911,,,,hvd_121972,35.910343,116.29917
4457,CN370923,CN370923,二十里铺,山东东平县廿里铺,村镇,1911,1911,,,,hvd_144748,35.99182,116.24796
4458,CN370923,CN370923,口头庄,山东东平县后口头,村镇,1911,1911,,,,hvd_142742,35.9256,116.58703
4459,CN370923,CN370923,唐家营,山东东平县唐营,村镇,1911,1911,,,,hvd_142737,35.84531,116.28972
4460,CN370923,CN370923,夏谢村,山东东平县夏谢,村镇,1911,1911,,,,hvd_142740,36.008583,116.548454
4461,CN370923,CN370923,安山集,山东东平县大安山,村镇,1911,1911,,,,hvd_142729,35.91071,116.213486
4462,CN370923,CN370923,戴家庙闸,山东东平县戴庙南,村镇,1911,1911,,,,hvd_142730,35.963337,116.07788
4463,CN370923,CN370923,戴村坝,山东东平戴村坝,村镇,1911,1911,,,,hvd_150294,35.896057,116.54981
4464,CN370923,CN370923,搭井集,山东东平县大井,村镇,1911,1911,,,,hvd_142744,35.945004,116.518524
4465,CN370923,CN370923,无盐城村,山东东平县无盐村,村镇,1911,1911,,,,hvd_142743,35.91055,116.494576
4466,CN370923,CN370923,旧县铺,山东平阴县旧县,村镇,1911,1911,,,,hvd_142748,36.12102,116.236664
4467,CN370923,CN370923,棘城,山东平阴县大吉城,村镇,1911,1911,,,,hvd_142749,36.06507,116.207245
4468,CN370923,CN370923,水城,山东东平县北遂城,村镇,1911,1911,,,,hvd_144745,36.03199,116.52545
4469,CN370923,CN370923,焦家村,山东东平县焦村,村镇,1911,1911,,,,hvd_142745,35.943928,116.418755
4470,CN370923,CN370923,王古店,山东东平县王古店,村镇,1911,1911,,,,hvd_142731,36.034443,116.21494
4471,CN370923,CN370923,班鸠店,山东东平县班鸠店镇,村镇,1911,1911,,,,hvd_142747,36.125072,116.172066
4472,CN370923,CN370923,芦泉,山东东平县芦泉村,村镇,1911,1911,,,,hvd_142738,36.004272,116.3855
4473,CN370923,CN370923,花蓝店,山东东平县花兰店,村镇,1911,1911,,,,hvd_144746,36.021767,116.37679
4474,CN370923,CN370923,茶棚墩,山东东平县廿里铺,村镇,1911,1911,,,,hvd_144747,36.021767,116.22994
4475,CN370923,CN370923,章城,山东东平县障城,村镇,1911,1911,,,,hvd_142741,35.944458,116.628265
4476,CN3714,CN3714,鬲县,山东陵县,县,534,555,迁移治所,撤销,,hvd_45104,37.331112,116.5772
4477,CN3714,CN3714,将陵县,山东陵县西北赵宅村,县,596,1033,新建,迁移治所,,hvd_45138,37.401524,116.54272
4478,CN3714,CN3714,般县,山东陵县东北糜镇,县,636,642,迁移治所,撤销,,hvd_45148,37.4346,116.84261
4479,CN3714,CN3714,长河县,山东德州市,县,815,959,迁移治所,撤销,,hvd_45137,37.450665,116.2862
4480,CN3714,CN3714,归化县,山东陵县南,县,818,829,新建,撤销,,hvd_45133,37.331112,116.5772
4481,CN3714,CN3714,将陵县,山东德州市,县,1034,1252,迁移治所,更名,,hvd_45139,37.450665,116.2862
4482,CN3714,CN3714,陵州,山东德州市,州,1253,1264,更名,更名,,hvd_45140,37.450665,116.2862
4483,CN3714,CN3714,将陵县,山东德州市,县,1265,1265,更名,更名,,hvd_45141,37.450665,116.2862
4484,CN3714,CN3714,陵州,山东德州市,州,1266,1367,更名,更名,,hvd_45142,37.450665,116.2862
4485,CN3714,CN3714,德州,山东德州市,州,1279,1368,,,,hvd_86034,37.45164,116.28741
4486,CN3714,CN3714,陵县,山东德州市,县,1368,1373,更名,撤销,,hvd_45143,37.450665,116.2862
4487,CN3714,CN3714,陵县,山东陵县,县,1380,1912,新建,数据下限,,hvd_45175,37.331112,116.5772
4488,CN3714,CN3714,德州,山东德州市,州,1730,1912,新建,数据下限,,hvd_45176,37.450665,116.2862
4489,CN3714,CN3714,义渡口,山东陵县东北义渡口,村镇,1820,1820,,,,hvd_20169,37.51632,116.70739
4490,CN3714,CN3714,兴隆镇,山东陵县东北兴隆镇,村镇,1820,1820,,,,hvd_20170,37.39887,116.844185
4491,CN3714,CN3714,凤凰店,山东陵县东南凤凰店,村镇,1820,1820,,,,hvd_20172,37.286213,116.68167
4492,CN3714,CN3714,土桥,山东陵县西北土桥街,村镇,1820,1820,,,,hvd_20175,37.366318,116.4597
4493,CN3714,CN3714,德州,山东德州市,州,1820,1820,,,,hvd_1002,37.451645,116.287415
4494,CN3714,CN3714,新安镇,山东陵县东北辛安街,村镇,1820,1820,,,,hvd_20516,37.468403,116.72272
4495,CN3714,CN3714,王满店,山东陵县西南王蛮,村镇,1820,1820,,,,hvd_20183,37.30248,116.474304
4496,CN3714,CN3714,盘河,山东临邑县西北盘河,村镇,1820,1820,,,,hvd_20190,37.250202,116.75196
4497,CN3714,CN3714,神头店,山东陵县东北神头,村镇,1820,1820,,,,hvd_20182,37.37444,116.69094
4498,CN3714,CN3714,边临镇,山东陵县北边临镇,村镇,1820,1820,,,,hvd_20174,37.434616,116.552895
4499,CN3714,CN3714,陵县,山东陵县,县,1820,1820,,,,hvd_1000,37.332096,116.57841
4500,CN3714,CN3714,东堂集,山东陵县东堂,村镇,1911,1911,,,,hvd_144767,37.521187,116.697235
4501,CN3714,CN3714,义渡口,山东陵县义渡口,村镇,1911,1911,,,,hvd_142645,37.479256,116.74055
4502,CN3714,CN3714,任家桥,山东陵县任家桥,村镇,1911,1911,,,,hvd_144766,37.398827,116.50958
4503,CN3714,CN3714,八里屯,山东陵县八里屯,村镇,1911,1911,,,,hvd_144759,37.30706,116.612885
4504,CN3714,CN3714,兴隆镇,山东陵县兴隆镇,村镇,1911,1911,,,,hvd_142647,37.39492,116.87839
4505,CN3714,CN3714,兹博店,山东陵县滋镇,村镇,1911,1911,,,,hvd_142685,37.359207,116.82156
4506,CN3714,CN3714,凤凰店铺,山东陵县凤凰店,村镇,1911,1911,,,,hvd_142687,37.292755,116.64775
4507,CN3714,CN3714,刘家集,山东乐陵市刘家集,村镇,1911,1911,,,,hvd_144788,37.55966,116.91848
4508,CN3714,CN3714,土桥街,山东陵县土桥镇,村镇,1911,1911,,,,hvd_142632,37.366318,116.4597
4509,CN3714,CN3714,孟家集,山东陵县孟集,村镇,1911,1911,,,,hvd_142635,37.450726,116.446846
4510,CN3714,CN3714,小官寨,山东陵县小官寨,村镇,1911,1911,,,,hvd_144787,37.49324,116.82478
4511,CN3714,CN3714,张万庄,山东宁津县张万庄,村镇,1911,1911,,,,hvd_133660,37.579937,116.73135
4512,CN3714,CN3714,张习桥,山东陵县张习桥镇,村镇,1911,1911,,,,hvd_142644,37.482826,116.83064
4513,CN3714,CN3714,德州,山东德州市,州,1911,1911,,,,hvd_122012,37.451645,116.287415
4514,CN3714,CN3714,新安镇,山东陵县辛安镇,村镇,1911,1911,,,,hvd_144768,37.455357,116.73603
4515,CN3714,CN3714,李家集,山东陵县李家集,村镇,1911,1911,,,,hvd_142638,37.55359,116.65676
4516,CN3714,CN3714,王蛮店,山东陵县王蛮街,村镇,1911,1911,,,,hvd_142633,37.283844,116.49729
4517,CN3714,CN3714,王附安集,山东陵县王淮庵,村镇,1911,1911,,,,hvd_144769,37.44963,116.65213
4518,CN3714,CN3714,碱场店,山东陵县碱场店,村镇,1911,1911,,,,hvd_142689,37.29492,116.77839
4519,CN3714,CN3714,神头锁铺,山东陵县神头,村镇,1911,1911,,,,hvd_142684,37.37444,116.69094
4520,CN3714,CN3714,程家庄,山东陵县程庄,村镇,1911,1911,,,,hvd_142637,37.550713,116.720726
4521,CN3714,CN3714,糜镇街,山东陵县糜镇,村镇,1911,1911,,,,hvd_142646,37.435577,116.84381
4522,CN3714,CN3714,菜园,山东陵县菜园,村镇,1911,1911,,,,hvd_142634,37.35074,116.557655
4523,CN3714,CN3714,蔡庄,山东陵县东蔡家,村镇,1911,1911,,,,hvd_144760,37.249737,116.70851
4524,CN3714,CN3714,赵虎庄,山东陵县赵虎,村镇,1911,1911,,,,hvd_135196,37.51643,116.50408
4525,CN3714,CN3714,边临镇,山东陵县边临镇,村镇,1911,1911,,,,hvd_142636,37.434616,116.552895
4526,CN3714,CN3714,避雪店桥,山东陵县避雪店,村镇,1911,1911,,,,hvd_135198,37.47211,116.439
4527,CN3714,CN3714,邓家集,山东陵县邓集,村镇,1911,1911,,,,hvd_142686,37.41701,116.73424
4528,CN3714,CN3714,郑家寨,山东陵县郑家寨,村镇,1911,1911,,,,hvd_142688,37.267185,116.7207
4529,CN3714,CN3714,钱家屯,山东陵县钱家屯,村镇,1911,1911,,,,hvd_144765,37.39668,116.41575
4530,CN3714,CN3714,陵县,山东陵县县治陵城镇,县,1911,1911,,,,hvd_122017,37.332096,116.57841
4531,CN3715,CN3715,聊城县,山东聊城市,县,992,1912,迁移治所,数据下限,,hvd_45313,36.446716,115.98749
4532,CN3715,CN3715,东昌府,山东聊城市,府,1368,1911,,,,hvd_86002,36.44774,115.98869
4533,CN3715,CN3715,东昌府,山东聊城市,府,1820,1820,,,,hvd_9669,36.44774,115.98869
4534,CN3715,CN3715,聊城县,山东聊城市,县,1820,1820,,,,hvd_1019,36.44774,115.98869
4535,CN3715,CN3715,东昌府,山东聊城市,府,1911,1911,,,,hvd_120249,36.44774,115.98869
4536,CN3715,CN3715,聊城县,山东聊城市,县,1911,1911,,,,hvd_122000,36.44774,115.98869
4537,CN371524,CN371524,临邑县,山东东阿县,县,-179,13,新建,更名,,hvd_45094,36.32856,116.23823
4538,CN371524,CN371524,谷城亭县,山东东阿县,县,14,22,更名,更名,,hvd_45095,36.32856,116.23823
4539,CN371524,CN371524,临邑县,山东东阿县,县,23,423,更名,撤销,,hvd_45123,36.32856,116.23823
4540,CN371524,CN371524,东阿县,山东平阴县西南旧东阿,县,1375,1912,迁移治所,数据下限,,hvd_45306,36.211384,116.25102
4541,CN371524,CN371524,滑口镇,山东东阿县（铜城镇）东南滑口,村镇,1820,1820,,,,hvd_20275,36.31551,116.30365
4542,CN371524,CN371524,铜城驿,山东东阿县（铜城镇）治,村镇,1820,1820,,,,hvd_20293,36.329586,116.239426
4543,CN371524,CN371524,鱼山,山东东阿县（铜城镇）南鱼山,村镇,1820,1820,,,,hvd_20295,36.192898,116.19157
4544,CN371524,CN371524,傅家岸,山东东阿县傅岸,村镇,1911,1911,,,,hvd_144737,36.3955,116.52072
4545,CN371524,CN371524,关山铺,山东东阿县关山,村镇,1911,1911,,,,hvd_142754,36.154037,116.1302
4546,CN371524,CN371524,刘道人堂墩,山东东阿县刘道人堂子,村镇,1911,1911,,,,hvd_142765,36.378326,116.23784
4547,CN371524,CN371524,大义屯,山东东阿县大义屯,村镇,1911,1911,,,,hvd_142781,36.31867,116.38017
4548,CN371524,CN371524,大店墩,山东东阿县大店子,村镇,1911,1911,,,,hvd_142763,36.29613,116.23784
4549,CN371524,CN371524,大黄庄,山东东阿县大黄庄,村镇,1911,1911,,,,hvd_144736,36.388947,116.48468
4550,CN371524,CN371524,旦镇,山东东阿县旦镇,村镇,1911,1911,,,,hvd_142783,36.46939,116.44203
4551,CN371524,CN371524,旧城镇,山东东阿县旧城,村镇,1911,1911,,,,hvd_142762,36.218773,116.2538
4552,CN371524,CN371524,杨刘镇,山东东阿县杨柳乡,村镇,1911,1911,,,,hvd_142767,36.410023,116.34226
4553,CN371524,CN371524,柳河村,山东东阿县柳合束,村镇,1911,1911,,,,hvd_142756,36.247242,116.1128
4554,CN371524,CN371524,湖溪渡,山东东阿县湖溪渡,村镇,1911,1911,,,,hvd_142780,36.32887,116.426735
4555,CN371524,CN371524,索家集,山东东阿县索集,村镇,1911,1911,,,,hvd_143710,36.365623,116.137825
4556,CN371524,CN371524,西城铺,山东东阿县西程铺,村镇,1911,1911,,,,hvd_142758,36.29613,116.1261
4557,CN371524,CN371524,铜城驿,山东东阿县县铜城镇,村镇,1911,1911,,,,hvd_142760,36.329586,116.239426
4558,CN371524,CN371524,鱼山铺,山东东阿县鱼山铺,村镇,1911,1911,,,,hvd_142761,36.1817,116.21256
4559,CN371524,CN371524,黄家集,山东东阿县黄集,村镇,1911,1911,,,,hvd_142759,36.31225,116.16202
4560,CN371625,CN371625,利县,山东省滨州市博兴县,县,-117,13,,,,hvd_85238,37.09947,118.32436
4561,CN371625,CN371625,乐安县,山东省滨州市博兴县,县,-110,311,,,,hvd_85249,37.2036,118.15373
4562,CN371625,CN371625,博昌县,山东省滨州市博兴县,县,-110,555,,,,hvd_85241,37.10773,118.20644
4563,CN371625,CN371625,高昌侯国,山东省滨州市博兴县,侯国,-66,29,,,,hvd_85248,37.11214,118.12737
4564,CN371625,CN371625,乐安郡,山东省滨州市博兴县,郡,14,264,,,,hvd_115522,37.1354,118.1277
4565,CN371625,CN371625,利治县,山东省滨州市博兴县,县,14,23,,,,hvd_85239,37.09947,118.32436
4566,CN371625,CN371625,利县,山东省滨州市博兴县,县,23,466,,,,hvd_85240,37.09947,118.32436
4567,CN371625,CN371625,乐陵侨县,山东省滨州市博兴县,县,424,555,,,,hvd_85237,37.10773,118.20644
4568,CN371625,CN371625,乐安县,山东省滨州市博兴县,县,556,595,,,,hvd_85242,37.10773,118.20644
4569,CN371625,CN371625,博昌县,山东省滨州市博兴县,县,596,668,,,,hvd_85243,37.10773,118.20644
4570,CN371625,CN371625,新河县,山东省滨州市博兴县,县,598,604,,,,hvd_85361,37.1354,118.1277
4571,CN371625,CN371625,新河县,山东省滨州市博兴县,县,619,622,,,,hvd_85362,37.1354,118.1277
4572,CN371625,CN371625,博昌县,山东省滨州市博兴县,县,669,923,,,,hvd_85244,37.1354,118.1277
4573,CN371625,CN371625,博兴县,山东博兴县,县,923,1226,,,,hvd_85245,37.1354,118.1277
4574,CN371625,CN371625,博兴州,山东省滨州市博兴县,州,1227,1368,,,,hvd_85246,37.1354,118.1277
4575,CN371625,CN371625,博兴县,山东博兴县,县,1369,1911,,,,hvd_85247,37.1354,118.1277
4576,CN371625,CN371625,博兴县,山东博兴县,县,1820,1820,,,,hvd_1737,37.135395,118.1277
4577,CN371625,CN371625,柳桥镇,山东博兴县东南柳桥,村镇,1820,1820,,,,hvd_20239,37.11305,118.208
4578,CN371625,CN371625,淳化镇,山东博兴县东北纯化,村镇,1820,1820,,,,hvd_20231,37.263847,118.27548
4579,CN371625,CN371625,伏李庄铺,山东博兴县伏李村,村镇,1911,1911,,,,hvd_144654,37.16904,118.08027
4580,CN371625,CN371625,傅家桥,山东博兴县傅家桥,村镇,1911,1911,,,,hvd_143994,37.10232,118.11086
4581,CN371625,CN371625,利城镇,山东博兴县利城,村镇,1911,1911,,,,hvd_143999,37.11029,118.32349
4582,CN371625,CN371625,博兴县,山东博兴县,县,1911,1911,,,,hvd_122042,37.135395,118.1277
4583,CN371625,CN371625,嫌城,山东博兴县贤城,村镇,1911,1911,,,,hvd_144005,37.15737,118.19195
4584,CN371625,CN371625,季王庄,山东博兴县季王庄,村镇,1911,1911,,,,hvd_142942,37.283405,118.2388
4585,CN371625,CN371625,康家坊,山东博兴县康家坊,村镇,1911,1911,,,,hvd_144002,37.22329,118.25411
4586,CN371625,CN371625,张夏铺,山东博兴县张夏侯,村镇,1911,1911,,,,hvd_143998,37.039303,118.300964
4587,CN371625,CN371625,柳桥,山东博兴县柳桥村,村镇,1911,1911,,,,hvd_143996,37.097977,118.20907
4588,CN371625,CN371625,蔡家寨,山东博兴县蔡寨,村镇,1911,1911,,,,hvd_142939,37.34051,118.13815
4589,CN371625,CN371625,许家营铺,山东博兴县许营村,村镇,1911,1911,,,,hvd_144006,37.162888,118.10284
4590,CN371625,CN371625,通滨镇,山东博兴县通滨,村镇,1911,1911,,,,hvd_142941,37.256004,118.14398
4591,CN371625,CN371625,阎家坊,山东博兴县阎坊,村镇,1911,1911,,,,hvd_144001,37.202187,118.28114
4592,CN371625,CN371625,阎家庄,山东博兴县阎家,村镇,1911,1911,,,,hvd_144004,37.247192,118.19646
4593,CN371625,CN371625,院庄铺,山东博兴县院庄,村镇,1911,1911,,,,hvd_143995,37.081314,118.147804
4594,CN371625,CN371625,高家庄,山东博兴县高家庄,村镇,1911,1911,,,,hvd_144000,37.171135,118.32349
4595,CN371721,CN371721,宛朐县,山东省菏泽市曹县,县,-221,-203,,,,hvd_85008,35.05329,115.23864
4596,CN371721,CN371721,冤句县,山东省菏泽市曹县,县,-202,-157,,,,hvd_85009,35.05329,115.23864
4597,CN371721,CN371721,已氏县,山东省菏泽市曹县,县,-202,13,,,,hvd_85045,34.7046,115.70169
4598,CN371721,CN371721,薄县,山东省菏泽市曹县,县,-202,219,,,,hvd_85054,34.72515,115.5415
4599,CN371721,CN371721,宛朐侯国,山东省菏泽市曹县,侯国,-156,-155,,,,hvd_85010,35.05329,115.23864
4600,CN371721,CN371721,冤句县,山东省菏泽市曹县,县,-154,13,,,,hvd_85011,35.05329,115.23864
4601,CN371721,CN371721,贳乡侯国,山东省菏泽市曹县,侯国,-38,-36,,,,hvd_85050,34.73474,115.56319
4602,CN371721,CN371721,已善县,山东省菏泽市曹县,县,14,22,,,,hvd_85046,34.7046,115.70169
4603,CN371721,CN371721,济平亭,山东省菏泽市曹县,亭,14,22,,,,hvd_85012,35.05329,115.23864
4604,CN371721,CN371721,冤句县,山东省菏泽市曹县,县,23,316,,,,hvd_85013,35.05329,115.23864
4605,CN371721,CN371721,已氏县,山东省菏泽市曹县,县,23,555,,,,hvd_85047,34.7046,115.70169
4606,CN371721,CN371721,冤句县,山东省菏泽市曹县,县,488,1085,,,,hvd_85014,35.05329,115.23864
4607,CN371721,CN371721,西兖州,山东省菏泽市曹县,州,547,560,,,,hvd_113122,34.99095,115.28286
4608,CN371721,CN371721,曹州,山东省菏泽市曹县,州,561,606,,,,hvd_113123,34.99095,115.28286
4609,CN371721,CN371721,已氏县,山东省菏泽市曹县,县,584,585,,,,hvd_85048,34.7046,115.70169
4610,CN371721,CN371721,楚丘县,山东省菏泽市曹县,县,586,1367,,,,hvd_85049,34.7046,115.70169
4611,CN371721,CN371721,济阴县,山东省菏泽市曹县,县,586,1167,,,,hvd_85056,34.99095,115.28286
4612,CN371721,CN371721,黄县,山东省菏泽市曹县,县,586,597,,,,hvd_85051,34.73474,115.56319
4613,CN371721,CN371721,蒙泽县,山东省菏泽市曹县,县,598,607,,,,hvd_85052,34.73474,115.56319
4614,CN371721,CN371721,济阳县,山东省菏泽市曹县,县,621,626,,,,hvd_85055,34.65733,115.72255
4615,CN371721,CN371721,蒙泽县,山东省菏泽市曹县,县,621,626,,,,hvd_85053,34.73474,115.56319
4616,CN371721,CN371721,宛亭县,山东省菏泽市曹县,县,1086,1167,,,,hvd_85015,35.05329,115.23864
4617,CN371721,CN371721,曹州,山东省菏泽市曹县,州,1369,1371,,,,hvd_86035,34.82759,115.53945
4618,CN371721,CN371721,曹县,,县,1371,1911,,,,hvd_85127,34.82759,115.53945
4619,CN371721,CN371721,曹县,,县,1820,1820,,,,hvd_1071,34.827587,115.53945
4620,CN371721,CN371721,望鲁镇,山东曹县东南望鲁集,村镇,1820,1820,,,,hvd_20495,34.6531,115.699326
4621,CN371721,CN371721,桃源集,山东曹县西北桃园,村镇,1820,1820,,,,hvd_20395,35.01411,115.2446
4622,CN371721,CN371721,白茅集,山东曹县西北白茅集,村镇,1820,1820,,,,hvd_15605,34.986256,115.16846
4623,CN371721,CN371721,莘仲集,山东曹县西北莘塚集,村镇,1820,1820,,,,hvd_20493,34.87983,115.475975
4624,CN371721,CN371721,冲隄圈,山东曹县仲堤圈,村镇,1911,1911,,,,hvd_143579,34.69677,115.52969
4625,CN371721,CN371721,刘庄集,山东曹县刘庄集,村镇,1911,1911,,,,hvd_143559,34.914536,115.286446
4626,CN371721,CN371721,土山集,山东曹县土山集,村镇,1911,1911,,,,hvd_143580,34.730614,115.536
4627,CN371721,CN371721,城河庄,山东曹县程河,村镇,1911,1911,,,,hvd_143566,34.884373,115.552216
4628,CN371721,CN371721,安仁集,山东曹县安仁集,村镇,1911,1911,,,,hvd_143571,34.89614,115.691864
4629,CN371721,CN371721,曹县,,县,1911,1911,,,,hvd_121977,34.827587,115.53945
4630,CN371721,CN371721,望鲁集,山东曹县望鲁集,村镇,1911,1911,,,,hvd_143576,34.628353,115.691864
4631,CN371721,CN371721,柳河集,山东曹县柳河集,村镇,1911,1911,,,,hvd_143574,34.785053,115.66303
4632,CN371721,CN371721,桃源集汛,山东曹县桃园集,村镇,1911,1911,,,,hvd_143556,35.019737,115.23599
4633,CN371721,CN371721,榆林集,山东曹县榆林集,村镇,1911,1911,,,,hvd_143578,34.666607,115.64771
4634,CN371721,CN371721,燕城集,山东曹县燕城集,村镇,1911,1911,,,,hvd_143562,34.985893,115.550415
4635,CN371721,CN371721,王吕集,山东曹县王吕集,村镇,1911,1911,,,,hvd_143568,34.82996,115.45893
4636,CN371721,CN371721,王楼,山东单县王楼,村镇,1911,1911,,,,hvd_144666,34.836334,115.794334
4637,CN371721,CN371721,砖庙集,山东曹县砖庙集,村镇,1911,1911,,,,hvd_143560,34.94994,115.40864
4638,CN371721,CN371721,纸坊,山东曹县纸房,村镇,1911,1911,,,,hvd_143557,34.979275,115.17203
4639,CN371721,CN371721,苏家集,山东曹县苏家集,村镇,1911,1911,,,,hvd_143573,34.79447,115.78667
4640,CN371721,CN371721,郭家楼,山东成武县郭楼,村镇,1911,1911,,,,hvd_143681,34.92454,115.74502
4641,CN371721,CN371721,长乐集,山东曹县长乐集,村镇,1911,1911,,,,hvd_143558,34.95794,115.29005
4642,CN371721,CN371721,隆华店铺,山东曹县龙华店,村镇,1911,1911,,,,hvd_143565,34.90497,115.564835
4643,CN371721,CN371721,青堌集,山东曹县青堌集,村镇,1911,1911,,,,hvd_143577,34.69264,115.788704
4644,CN371721,CN371721,青罡集,山东曹县青罡集,村镇,1911,1911,,,,hvd_143563,34.99031,115.48915
4645,CN371722,CN371722,单父县,山东省菏泽市单县,县,-225,13,,,,hvd_85020,34.7979,116.07925
4646,CN371722,CN371722,平乐县,山东省菏泽市单县,县,-202,-39,,,,hvd_85018,34.75686,116.27869
4647,CN371722,CN371722,平乐侯国,山东省菏泽市单县,侯国,-38,29,,,,hvd_85019,34.75686,116.27869
4648,CN371722,CN371722,利父县,山东省菏泽市单县,县,14,22,,,,hvd_85021,34.7979,116.07925
4649,CN371722,CN371722,单父县,山东省菏泽市单县,县,23,36,,,,hvd_85022,34.7979,116.07925
4650,CN371722,CN371722,单父侯国,山东省菏泽市单县,侯国,37,219,,,,hvd_85023,34.7979,116.07925
4651,CN371722,CN371722,单父县,山东省菏泽市单县,县,220,419,,,,hvd_85024,34.7979,116.07925
4652,CN371722,CN371722,离狐县,山东省菏泽市单县,县,420,549,,,,hvd_85025,34.7979,116.07925
4653,CN371722,CN371722,单父县,山东省菏泽市单县,县,586,1221,,,,hvd_85026,34.7979,116.07925
4654,CN371722,CN371722,戴州,山东省菏泽市单县,州,596,605,,,,hvd_112941,34.7979,116.07925
4655,CN371722,CN371722,戴州,山东省菏泽市单县,州,622,642,,,,hvd_110700,34.7979,116.07925
4656,CN371722,CN371722,单父县,山东省菏泽市单县,县,1265,1367,,,,hvd_85027,34.7979,116.07925
4657,CN371722,CN371722,单县,,县,1369,1911,,,,hvd_85028,34.7979,116.07925
4658,CN371722,CN371722,单县,,县,1820,1820,,,,hvd_1072,34.7979,116.079254
4659,CN371722,CN371722,孔家集,山东单县东南孔集,村镇,1820,1820,,,,hvd_20497,34.600243,116.24018
4660,CN371722,CN371722,张景楼,山东单县西南张靳楼,村镇,1820,1820,,,,hvd_20494,34.780983,115.910095
4661,CN371722,CN371722,方贵集,山东单县东北芳桂集,村镇,1820,1820,,,,hvd_20498,34.906223,116.13051
4662,CN371722,CN371722,郭村集,山东单县西南郭村,村镇,1820,1820,,,,hvd_20492,34.742073,115.93211
4663,CN371722,CN371722,黄堽集,山东单县西南黄岗,村镇,1820,1820,,,,hvd_20496,34.65086,116.03647
4664,CN371722,CN371722,九间楼,山东单县九楼,村镇,1911,1911,,,,hvd_143664,34.804714,116.145935
4665,CN371722,CN371722,刘家集,江苏丰县刘家集,村镇,1911,1911,,,,hvd_143660,34.74622,116.36756
4666,CN371722,CN371722,单县,,县,1911,1911,,,,hvd_121982,34.7979,116.079254
4667,CN371722,CN371722,崔家口,山东单县崔口集,村镇,1911,1911,,,,hvd_143667,34.75881,116.04503
4668,CN371722,CN371722,平岗集,山东单县平岗集,村镇,1911,1911,,,,hvd_143659,34.806194,116.391884
4669,CN371722,CN371722,曹马集镇,山东单县曹马集镇,村镇,1911,1911,,,,hvd_143658,34.865208,116.29581
4670,CN371722,CN371722,李新集,山东单县李新集,村镇,1911,1911,,,,hvd_150174,34.61754,115.90812
4671,CN371722,CN371722,杨家集,山东单县杨集,村镇,1911,1911,,,,hvd_143665,34.76177,116.17567
4672,CN371722,CN371722,枣寨集,山东单县曹庄集,村镇,1911,1911,,,,hvd_143666,34.80768,116.23692
4673,CN371722,CN371722,浮岗集,山东单县浮岗集,村镇,1911,1911,,,,hvd_143669,34.64922,115.95403
4674,CN371722,CN371722,石村集,山东单县石村集,村镇,1911,1911,,,,hvd_143662,34.662548,116.32792
4675,CN371722,CN371722,芳桂集铺,山东单县芳桂集,村镇,1911,1911,,,,hvd_143656,34.900234,116.136024
4676,CN371722,CN371722,范隄口,山东单县范堤口,村镇,1911,1911,,,,hvd_143668,34.69365,116.07296
4677,CN371722,CN371722,赵口集,山东金乡县后赵口,村镇,1911,1911,,,,hvd_143214,34.86215,116.39774
4678,CN371722,CN371722,连店,山东单县廉店,村镇,1911,1911,,,,hvd_143657,34.89949,116.24503
4679,CN371722,CN371722,马良寨,安徽砀山县马良集,村镇,1911,1911,,,,hvd_143663,34.60351,116.28186
4680,CN371722,CN371722,高庄,山东单县高庄,村镇,1911,1911,,,,hvd_143655,34.85951,116.09728
4681,CN371722,CN371722,黄罡集,山东单县黄岗集,村镇,1911,1911,,,,hvd_143581,34.757298,115.834206
4682,CN371727,CN371727,定陶县,山东省菏泽市定陶区,县,-242,626,,,,hvd_85058,35.08947,115.55242
4683,CN371727,CN371727,梁国,山东省菏泽市定陶区,国,-202,-197,,,,hvd_112435,35.07399,115.56662
4684,CN371727,CN371727,梁国,山东省菏泽市定陶区,国,-196,-180,,,,hvd_112436,35.07399,115.56662
4685,CN371727,CN371727,砀郡,山东省菏泽市定陶区,郡,-179,-179,,,,hvd_112437,35.07399,115.56662
4686,CN371727,CN371727,梁国,山东省菏泽市定陶区,国,-178,-145,,,,hvd_112438,35.07399,115.56662
4687,CN371727,CN371727,济阴国,山东省菏泽市定陶区,国,-144,-144,,,,hvd_112449,35.07399,115.56662
4688,CN371727,CN371727,济阴郡,山东省菏泽市定陶区,郡,-143,-53,,,,hvd_112450,35.07399,115.56662
4689,CN371727,CN371727,定陶国,山东省菏泽市定陶区,国,-52,-50,,,,hvd_112451,35.07399,115.56662
4690,CN371727,CN371727,济阴郡,山东省菏泽市定陶区,郡,-49,-26,,,,hvd_112452,35.07399,115.56662
4691,CN371727,CN371727,定陶国,山东省菏泽市定陶区,国,-25,-8,,,,hvd_112453,35.07399,115.56662
4692,CN371727,CN371727,济阴郡,山东省菏泽市定陶区,郡,-8,8,,,,hvd_112454,35.07399,115.56662
4693,CN371727,CN371727,济平郡,山东省菏泽市定陶区,郡,9,23,,,,hvd_112455,35.07399,115.56662
4694,CN371727,CN371727,济阴郡,山东省菏泽市定陶区,郡,24,71,,,,hvd_112456,35.07399,115.56662
4695,CN371727,CN371727,济阴国,山东省菏泽市定陶区,国,72,83,,,,hvd_112457,35.07399,115.56662
4696,CN371727,CN371727,济阴郡,山东省菏泽市定陶区,郡,84,123,,,,hvd_112458,35.07399,115.56662
4697,CN371727,CN371727,济阴国,山东省菏泽市定陶区,国,124,124,,,,hvd_112459,35.07399,115.56662
4698,CN371727,CN371727,济阴郡,山东省菏泽市定陶区,郡,125,211,,,,hvd_112460,35.07399,115.56662
4699,CN371727,CN371727,济阴国,山东省菏泽市定陶区,国,212,0,,,,hvd_112461,35.07399,115.56662
4700,CN371727,CN371727,西兖州,山东省菏泽市定陶区,州,527,546,,,,hvd_113121,35.08947,115.55243
4701,CN371727,CN371727,济阴郡,山东省菏泽市定陶区,郡,556,582,,,,hvd_115421,35.08947,115.55243
4702,CN371727,CN371727,济阴郡,山东省菏泽市定陶区,郡,607,620,,,,hvd_110368,35.07399,115.56662
4703,CN371727,CN371727,曹州,山东省菏泽市定陶区,州,621,741,,,,hvd_111017,35.07399,115.56662
4704,CN371727,CN371727,济阴郡,山东省菏泽市定陶区,郡,742,755,,,,hvd_111201,35.07399,115.56662
4705,CN371727,CN371727,威信军节度使,山东省菏泽市定陶区,防镇,945,946,,,,hvd_111752,35.07399,115.56662
4706,CN371727,CN371727,彰信军节度使,山东省菏泽市定陶区,防镇,952,967,,,,hvd_111817,35.07399,115.56662
4707,CN371727,CN371727,定陶县,山东省菏泽市定陶区,县,979,1330,,,,hvd_85059,35.08947,115.55242
4708,CN371727,CN371727,定陶县,山东省菏泽市定陶区,县,1331,1370,,,,hvd_85060,35.18391,115.71594
4709,CN371727,CN371727,定陶县,山东定陶县,县,1371,1376,,,,hvd_85061,35.07399,115.56662
4710,CN371727,CN371727,定陶县,山东定陶县,县,1380,1911,,,,hvd_85062,35.07399,115.56662
4711,CN371727,CN371727,冉堌,山东定陶县东南之冉堌集,村镇,1820,1820,,,,hvd_20385,35.014133,115.73155
4712,CN371727,CN371727,安陵镇,山东菏泽市西南安陵,村镇,1820,1820,,,,hvd_20391,35.056442,115.356804
4713,CN371727,CN371727,定陶县,山东定陶县,县,1820,1820,,,,hvd_1048,35.073986,115.56662
4714,CN371727,CN371727,冉固集铺,山东定陶县冉固集,村镇,1911,1911,,,,hvd_143569,35.014133,115.73155
4715,CN371727,CN371727,力本屯,山东定陶县立本屯,村镇,1911,1911,,,,hvd_143531,35.04859,115.424286
4716,CN371727,CN371727,司家集,山东定陶县司集,村镇,1911,1911,,,,hvd_143689,35.07965,115.64321
4717,CN371727,CN371727,姑姑庵,山东定陶县姑庵集,村镇,1911,1911,,,,hvd_143686,35.09147,115.76664
4718,CN371727,CN371727,孟家海汛,山东定陶县孟庄,村镇,1911,1911,,,,hvd_143687,35.152775,115.74232
4719,CN371727,CN371727,定陶县,山东定陶县,县,1911,1911,,,,hvd_122088,35.073986,115.56662
4720,CN371727,CN371727,张董集,山东定陶县张董集,村镇,1911,1911,,,,hvd_143684,34.996925,115.59636
4721,CN371727,CN371727,王店集,山东定陶县王店集,村镇,1911,1911,,,,hvd_143683,35.007267,115.57114
4722,CN371727,CN371727,秦铺,山东成武县秦堡,村镇,1911,1911,,,,hvd_143680,34.989826,115.79277
4723,CN371727,CN371727,西台集,山东定陶县西台集,村镇,1911,1911,,,,hvd_143685,35.05897,115.692764
4724,CN371727,CN371727,郝罡屯,山东定陶县郝岗屯,村镇,1911,1911,,,,hvd_143682,35.149082,115.709885
4725,CN41,CN41,河南省,河南省开封市鼓楼区,省,1644,1911,,,,hvd_112094,34.78548,114.34333
4726,CN41,CN41,河南,河南省开封市鼓楼区,省,1820,1820,,,,hvd_25004,34.78548,114.34333
4727,CN41,CN41,河南,河南省开封市鼓楼区,省,1911,1911,,,,hvd_120012,34.78548,114.34333
4728,CN4101,CN4101,管城县,河南郑州市,县,596,1215,新建,更名,,hvd_44380,34.758076,113.64131
4729,CN4101,CN4101,故城县,河南郑州市,县,1216,1237,更名,更名,,hvd_44381,34.758076,113.64131
4730,CN4101,CN4101,管城县,河南郑州市,县,1238,1367,更名,撤销,,hvd_44382,34.758076,113.64131
4731,CN410181,CN410181,平县,河南省郑州市巩义市,县,-205,13,,,,hvd_82883,34.81825,112.94897
4732,CN410181,CN410181,治平县,河南省郑州市巩义市,县,14,22,,,,hvd_82884,34.81825,112.94897
4733,CN410181,CN410181,平县,河南省郑州市巩义市,县,23,29,,,,hvd_82885,34.81825,112.94897
4734,CN410181,CN410181,巩县,河南省郑州市巩义市,县,249,555,,,,hvd_82874,34.76676,112.92985
4735,CN410181,CN410181,巩县,河南省郑州市巩义市,县,596,605,,,,hvd_82875,34.76676,112.92985
4736,CN410181,CN410181,巩县,河南巩县东北旧巩县,县,606,1911,,,,hvd_82876,34.78511,113.051
4737,CN410181,CN410181,永安县,河南省郑州市巩义市,县,1007,1152,,,,hvd_82877,34.69323,112.94129
4738,CN410181,CN410181,芝田县,河南省郑州市巩义市,县,1153,1233,,,,hvd_82878,34.69323,112.94129
4739,CN410181,CN410181,巩县,河南巩县东北旧巩县,县,1820,1820,,,,hvd_564,34.785107,113.051
4740,CN410181,CN410181,老健坡,河南巩县东南老健坡,村镇,1820,1820,,,,hvd_18114,34.629227,113.14321
4741,CN410181,CN410181,黑石渡镇,河南巩县西南,村镇,1820,1820,,,,hvd_18095,34.71621,112.946465
4742,CN410181,CN410181,七里铺,河南巩县七里铺,村镇,1911,1911,,,,hvd_149231,34.82002,113.069244
4743,CN410181,CN410181,二十里铺,河南巩县二十里铺,村镇,1911,1911,,,,hvd_149226,34.75038,112.958435
4744,CN410181,CN410181,余顶,河南荥阳县余顶,村镇,1911,1911,,,,hvd_148410,34.763554,113.19267
4745,CN410181,CN410181,侯堤,河南巩县南侯,村镇,1911,1911,,,,hvd_149221,34.61556,112.91068
4746,CN410181,CN410181,坞罗,河南巩县坞罗,村镇,1911,1911,,,,hvd_149224,34.642967,112.99447
4747,CN410181,CN410181,孝义镇,河南巩县县孝义镇,村镇,1911,1911,,,,hvd_149217,34.76882,112.966415
4748,CN410181,CN410181,巩县,河南巩县老城,县,1911,1911,,,,hvd_122090,34.791126,113.0206
4749,CN410181,CN410181,清易镇,河南巩县清易镇,村镇,1911,1911,,,,hvd_149219,34.688896,112.89987
4750,CN410181,CN410181,玉皇庙,河南巩县玉皇庙,村镇,1911,1911,,,,hvd_149233,34.73038,113.10889
4751,CN410181,CN410181,神堤村,河南巩县神南,村镇,1911,1911,,,,hvd_149230,34.82002,113.04943
4752,CN410181,CN410181,罗口,河南巩县罗口,村镇,1911,1911,,,,hvd_149225,34.660004,112.976456
4753,CN410181,CN410181,裴峪,河南巩县裴峪,村镇,1911,1911,,,,hvd_149229,34.82224,112.941315
4754,CN410181,CN410181,黑石渡,河南巩县东黑石关,村镇,1911,1911,,,,hvd_149228,34.734825,112.94582
4755,CN410182,CN410182,京县,河南荥阳东南京襄城,县,-221,555,新建,撤销,,hvd_44384,34.71545,113.43846
4756,CN410182,CN410182,成皋县,河南省郑州市荥阳市,县,-205,534,,,,hvd_82439,34.85168,113.19087
4757,CN410182,CN410182,荥阳郡,河南省郑州市荥阳市,郡,242,757,,,,hvd_116098,34.78311,113.3474
4758,CN410182,CN410182,荥阳县,河南荥阳,县,493,690,迁移治所,更名,,hvd_44386,34.783108,113.3474
4759,CN410182,CN410182,北豫州,河南省郑州市荥阳市,州,534,577,,,,hvd_113093,34.78311,113.3474
4760,CN410182,CN410182,西成皋县,河南省郑州市荥阳市,县,535,555,,,,hvd_82440,34.85168,113.19087
4761,CN410182,CN410182,成皋县,河南省郑州市荥阳市,县,556,597,,,,hvd_82441,34.85168,113.19087
4762,CN410182,CN410182,荧州,河南省郑州市荥阳市,州,578,582,,,,hvd_113094,34.78311,113.3474
4763,CN410182,CN410182,郑州,河南省郑州市荥阳市,州,583,606,,,,hvd_113095,34.78311,113.3474
4764,CN410182,CN410182,汜水县,河南省郑州市荥阳市,县,598,687,,,,hvd_82442,34.85168,113.19087
4765,CN410182,CN410182,成皋县,河南省郑州市荥阳市,县,621,626,,,,hvd_82443,34.85168,113.19087
4766,CN410182,CN410182,广武县,河南省郑州市荥阳市,县,688,704,,,,hvd_82444,34.85168,113.19087
4767,CN410182,CN410182,武泰县,河南荥阳,县,691,695,更名,更名,,hvd_44387,34.783108,113.3474
4768,CN410182,CN410182,荥阳县,河南荥阳,县,696,696,更名,更名,,hvd_44388,34.783108,113.3474
4769,CN410182,CN410182,武泰县,河南荥阳,县,697,704,更名,更名,,hvd_44389,34.783108,113.3474
4770,CN410182,CN410182,汜水县,河南省郑州市荥阳市,县,705,740,,,,hvd_82445,34.85168,113.19087
4771,CN410182,CN410182,荥阳县,河南荥阳,县,705,1071,更名,撤销,,hvd_44390,34.783108,113.3474
4772,CN410182,CN410182,荥阳县,河南荥阳,县,1086,1911,新建,数据下限,,hvd_44391,34.783108,113.3474
4773,CN410182,CN410182,河阴县,河南省郑州市荥阳市,县,1264,1369,,,,hvd_82433,34.94751,113.50596
4774,CN410182,CN410182,河阴县,河南省郑州市荥阳市,县,1370,1763,,,,hvd_82434,34.89375,113.42737
4775,CN410182,CN410182,汜水县,河南省郑州市荥阳市,县,1643,1644,,,,hvd_82451,34.85168,113.19087
4776,CN410182,CN410182,汜水县,河南荥阳县西北汜水,县,1820,1820,,,,hvd_560,34.836136,113.22183
4777,CN410182,CN410182,河阴,河南荥阳县东北广武,村镇,1820,1820,,,,hvd_18100,34.89003,113.43894
4778,CN410182,CN410182,荥阳县,河南荥阳,县,1820,1820,,,,hvd_565,34.78311,113.3474
4779,CN410182,CN410182,贾峪镇,河南荥阳县东南贾峪,村镇,1820,1820,,,,hvd_18109,34.658615,113.449905
4780,CN410182,CN410182,上街村,河南荥阳县上街（今上街区北）,村镇,1911,1911,,,,hvd_148411,34.827232,113.25574
4781,CN410182,CN410182,二十里铺,河南荥阳县二十里铺,村镇,1911,1911,,,,hvd_148399,34.765205,113.4315
4782,CN410182,CN410182,后王集,河南荥阳县后王,村镇,1911,1911,,,,hvd_148408,34.847225,113.44133
4783,CN410182,CN410182,周村,河南荥阳县北周村,村镇,1911,1911,,,,hvd_148416,34.75985,113.29719
4784,CN410182,CN410182,圣僧店,河南荥阳县王宗店,村镇,1911,1911,,,,hvd_148406,34.64508,113.32421
4785,CN410182,CN410182,夏窝集,河南荥阳县北峡窝,村镇,1911,1911,,,,hvd_148415,34.79021,113.27196
4786,CN410182,CN410182,康寨,河南荥阳县康寨,村镇,1911,1911,,,,hvd_148398,34.76873,113.374664
4787,CN410182,CN410182,水泉,河南荥阳县水泉,村镇,1911,1911,,,,hvd_148396,34.904713,113.393585
4788,CN410182,CN410182,穆楼,河南荥阳县木楼,村镇,1911,1911,,,,hvd_148413,34.88795,113.308
4789,CN410182,CN410182,罗圈,河南荥阳县罗圈寨,村镇,1911,1911,,,,hvd_148407,34.713943,113.4071
4790,CN410182,CN410182,荥阳县,河南荥阳,县,1911,1911,,,,hvd_121901,34.78311,113.3474
4791,CN410182,CN410182,董村,河南荥阳县董村,村镇,1911,1911,,,,hvd_148394,34.88402,113.46386
4792,CN410182,CN410182,西司马,河南荥阳县西司马,村镇,1911,1911,,,,hvd_148397,34.87811,113.33412
4793,CN410185,CN410185,阳城县,河南省郑州市登封市,县,-256,410,,,,hvd_82893,34.40044,113.14677
4794,CN410185,CN410185,纶氏县,河南省郑州市登封市,县,-206,78,,,,hvd_82900,34.42054,112.74514
4795,CN410185,CN410185,崈高县,河南省郑州市登封市,县,-110,29,,,,hvd_82886,34.45582,113.02462
4796,CN410185,CN410185,轮氏县,河南省郑州市登封市,县,79,264,,,,hvd_82901,34.42054,112.74514
4797,CN410185,CN410185,颍阳县,河南省郑州市登封市,县,467,575,,,,hvd_82902,34.42054,112.74514
4798,CN410185,CN410185,阳城县,河南省郑州市登封市,县,522,695,,,,hvd_82894,34.40044,113.14677
4799,CN410185,CN410185,阳城郡,河南省郑州市登封市,郡,526,582,,,,hvd_116057,34.40044,113.14677
4800,CN410185,CN410185,嵩州,河南省郑州市登封市,州,596,603,,,,hvd_110019,34.40044,113.14677
4801,CN410185,CN410185,嵩阳县,河南省郑州市登封市,县,605,642,,,,hvd_82887,34.45582,113.02462
4802,CN410185,CN410185,嵩州,河南省郑州市登封市,州,621,629,,,,hvd_110620,34.40044,113.14677
4803,CN410185,CN410185,武林县,河南省郑州市登封市,县,673,726,,,,hvd_82906,34.42054,112.74514
4804,CN410185,CN410185,嵩阳县,河南省郑州市登封市,县,682,3,,,,hvd_82888,34.45582,113.02462
4805,CN410185,CN410185,嵩阳县,河南省郑州市登封市,县,684,695,,,,hvd_82889,34.45582,113.02462
4806,CN410185,CN410185,登封县,河南省郑州市登封市,县,696,704,,,,hvd_82895,34.40044,113.14677
4807,CN410185,CN410185,登封县,,县,696,704,,,,hvd_82890,34.45582,113.02462
4808,CN410185,CN410185,嵩阳县,河南省郑州市登封市,县,705,705,,,,hvd_82891,34.45582,113.02462
4809,CN410185,CN410185,阳城县,河南省郑州市登封市,县,705,705,,,,hvd_82896,34.40044,113.14677
4810,CN410185,CN410185,告成县,河南省郑州市登封市,县,706,904,,,,hvd_82897,34.40044,113.14677
4811,CN410185,CN410185,登封县,,县,706,1911,,,,hvd_82892,34.45582,113.02462
4812,CN410185,CN410185,颍阳县,河南省郑州市登封市,县,727,1042,,,,hvd_82907,34.42054,112.74514
4813,CN410185,CN410185,阳邑县,河南省郑州市登封市,县,905,922,,,,hvd_82898,34.40044,113.14677
4814,CN410185,CN410185,阳城县,河南省郑州市登封市,县,923,957,,,,hvd_82899,34.40044,113.14677
4815,CN410185,CN410185,颍阳县,河南省郑州市登封市,县,1044,1068,,,,hvd_82908,34.42054,112.74514
4816,CN410185,CN410185,颍阳县,河南省郑州市登封市,县,1087,1126,,,,hvd_82909,34.42054,112.74514
4817,CN410185,CN410185,告成镇,河南登封东南告成,村镇,1820,1820,,,,hvd_18106,34.399876,113.14739
4818,CN410185,CN410185,大金店,,村镇,1820,1820,,,,hvd_18081,34.37542,112.97502
4819,CN410185,CN410185,登封县,,县,1820,1820,,,,hvd_568,34.45582,113.02462
4820,CN410185,CN410185,石羊关,河南登封县东南石羊关,村镇,1820,1820,,,,hvd_18110,34.381844,113.18952
4821,CN410185,CN410185,东马峪口,河南登封县马峪口,村镇,1911,1911,,,,hvd_149272,34.335804,113.19448
4822,CN410185,CN410185,尹新庄,河南登封县前尹新庄,村镇,1911,1911,,,,hvd_149260,34.40791,112.85122
4823,CN410185,CN410185,后河,河南登封县后河,村镇,1911,1911,,,,hvd_149261,34.407166,112.89987
4824,CN410185,CN410185,大金店,,村镇,1911,1911,,,,hvd_149258,34.37542,112.97502
4825,CN410185,CN410185,小金店,河南登封县东金店,村镇,1911,1911,,,,hvd_149259,34.37722,113.04015
4826,CN410185,CN410185,岳家窑,河南登封县岳窑,村镇,1911,1911,,,,hvd_149275,34.36182,113.29448
4827,CN410185,CN410185,庙庄,河南登封县庙庄,村镇,1911,1911,,,,hvd_149271,34.35513,113.18817
4828,CN410185,CN410185,廓店,河南登封县郭店,村镇,1911,1911,,,,hvd_149262,34.522385,112.961136
4829,CN410185,CN410185,新店,河南登封县新店,村镇,1911,1911,,,,hvd_149265,34.45697,113.076454
4830,CN410185,CN410185,施村,河南登封县东施村,村镇,1911,1911,,,,hvd_149270,34.44582,113.234116
4831,CN410185,CN410185,玉台,河南登封县玉台,村镇,1911,1911,,,,hvd_149267,34.508263,113.16024
4832,CN410185,CN410185,玉皇庙,河南登封县玉皇庙,村镇,1911,1911,,,,hvd_149263,34.435413,113.0242
4833,CN410185,CN410185,王屯,河南登封县王屯,村镇,1911,1911,,,,hvd_149273,34.305325,113.13772
4834,CN410185,CN410185,登封县,,县,1911,1911,,,,hvd_121970,34.45582,113.02462
4835,CN410185,CN410185,送表,河南登封县送表,村镇,1911,1911,,,,hvd_149257,34.314987,112.90077
4836,CN410185,CN410185,颍阳镇,河南登封县颍阳,村镇,1911,1911,,,,hvd_149254,34.420544,112.74514
4837,CN4102,CN4102,梁国,河南开封,侯国,-364,-226,,,,,34.80294,114.3139
4838,CN4102,CN4102,大梁县,河南开封市,县,-225,-138,新建,更名,,hvd_44393,34.785477,114.34333
4839,CN4102,CN4102,启封县,河南开封朱仙镇东南古城,县,-221,-197,新建,更名,,hvd_44317,34.595165,114.29403
4840,CN4102,CN4102,小黄县,河南开封县北小黄集,县,-221,446,新建,撤销,,hvd_44337,34.78681,114.478294
4841,CN4102,CN4102,陈留县,河南开封县东南陈留镇,县,-221,265,新建,撤销,,hvd_44324,34.673195,114.52453
4842,CN4102,CN4102,启封国,河南开封朱仙镇东南古城,侯国,-196,-180,更名,更名,,hvd_44318,34.595165,114.29403
4843,CN4102,CN4102,开封国,河南开封朱仙镇东南古城,侯国,-179,-113,更名,更名,,hvd_44319,34.595165,114.29403
4844,CN4102,CN4102,浚仪县,河南开封市,县,-137,493,新建,撤销,,hvd_44392,34.785477,114.34333
4845,CN4102,CN4102,开封县,河南开封朱仙镇东南古城,县,-112,446,更名,撤销,,hvd_44320,34.595165,114.29403
4846,CN4102,CN4102,陈留县,河南开封县东南陈留镇,县,266,300,,,,,34.673195,114.52453
4847,CN4102,CN4102,小黄县,河南开封县北小黄集,县,487,555,新建,撤销,,hvd_44338,34.78681,114.478294
4848,CN4102,CN4102,开封县,河南开封朱仙镇东南古城,县,500,580,新建,撤销,,hvd_44321,34.595165,114.29403
4849,CN4102,CN4102,浚仪县,河南开封市,县,526,605,新建,迁移治所,,hvd_44313,34.785477,114.34333
4850,CN4102,CN4102,开封县,河南开封朱仙镇东南古城,县,583,626,新建,撤销,,hvd_44322,34.595165,114.29403
4851,CN4102,CN4102,陈留县,河南开封县东南陈留镇,县,586,687,,,,,34.673195,114.52453
4852,CN4102,CN4102,新里县,河南开封市东三十里,县,596,605,新建,撤销,,hvd_44333,34.80146,114.54071
4853,CN4102,CN4102,浚仪县,河南开封市,县,617,1008,迁移治所,更名,,hvd_44315,34.785477,114.34333
4854,CN4102,CN4102,小黄县,河南开封陈留镇西南四十里,县,621,626,新建,撤销,,hvd_44339,34.579296,114.38616
4855,CN4102,CN4102,新里县,河南开封市东三十里,县,621,626,新建,撤销,,hvd_44334,34.80146,114.54071
4856,CN4102,CN4102,陈留县,河南开封县东南陈留镇,县,688,1911,新建,数据下限,,hvd_44325,34.673195,114.52453
4857,CN4102,CN4102,开封县,河南开封市,县,712,1367,新建,撤销,,hvd_44323,34.785477,114.34333
4858,CN4102,CN4102,京师,河南开封,州,960,1126,北宋,,,,34.80294,114.3139
4859,CN4102,CN4102,祥符县,河南开封市,县,1009,1911,更名,数据下限,,hvd_44316,34.785477,114.34333
4860,CN4102,CN4102,河南江北行省,河南开封市,行省,1291,1367,,,,hvd_112022,34.78548,114.34333
4861,CN4102,CN4102,河南江北行省,河南开封市,行省,1292,1351,暂无,暂无,,hvd_30311,34.785477,114.34333
4862,CN4102,CN4102,开封府,河南开封市,府,1368,1911,,,,hvd_84008,34.78548,114.34333
4863,CN4102,CN4102,开封府,河南开封市,府,1820,1820,,,,hvd_9597,34.785477,114.34333
4864,CN4102,CN4102,朱仙镇,,村镇,1820,1820,,,,hvd_18118,34.613823,114.25552
4865,CN4102,CN4102,柳园口,,村镇,1820,1820,,,,hvd_18125,34.864227,114.35499
4866,CN4102,CN4102,祥符县,河南开封市,县,1820,1820,,,,hvd_579,34.78548,114.34333
4867,CN4102,CN4102,陈留县,河南开封县东南陈留镇,县,1820,1820,,,,hvd_573,34.67319,114.52453
4868,CN4102,CN4102,黑堈,河南开封市西北黑冈,村镇,1820,1820,,,,hvd_18128,34.872658,114.30382
4869,CN4102,CN4102,东里,河南开封县东里,村镇,1911,1911,,,,hvd_148216,34.770115,114.62786
4870,CN4102,CN4102,乐堤,河南开封县落堤村,村镇,1911,1911,,,,hvd_148196,34.841774,114.24136
4871,CN4102,CN4102,仙人庄,河南开封县新成,村镇,1911,1911,,,,hvd_148182,34.704258,114.29658
4872,CN4102,CN4102,八官寺,河南开封县八府,村镇,1911,1911,,,,hvd_148208,34.61105,114.50173
4873,CN4102,CN4102,十里堡,河南开封县十里铺,村镇,1911,1911,,,,hvd_148206,34.70427,114.48011
4874,CN4102,CN4102,十里铺,河南开封县十里铺,村镇,1911,1911,,,,hvd_148207,34.642124,114.570206
4875,CN4102,CN4102,土山冈,河南开封县土山岗,村镇,1911,1911,,,,hvd_148213,34.712406,114.60083
4876,CN4102,CN4102,大辛店,河南开封市大辛庄,村镇,1911,1911,,,,hvd_148190,34.88727,114.406235
4877,CN4102,CN4102,太平冈,河南开封县太平岗,村镇,1911,1911,,,,hvd_148187,34.720825,114.45218
4878,CN4102,CN4102,小白邱,河南开封县白丘,村镇,1911,1911,,,,hvd_148211,34.66506,114.63236
4879,CN4102,CN4102,开封府,河南开封市,府,1911,1911,,,,hvd_120246,34.785477,114.34333
4880,CN4102,CN4102,张砦,河南开封县张寨,村镇,1911,1911,,,,hvd_148215,34.79675,114.64948
4881,CN4102,CN4102,招讨营,河南开封县招讨营,村镇,1911,1911,,,,hvd_148189,34.82957,114.59723
4882,CN4102,CN4102,朱仙镇,,村镇,1911,1911,,,,hvd_148184,34.613823,114.25552
4883,CN4102,CN4102,柳园口,,村镇,1911,1911,,,,hvd_148180,34.864227,114.35499
4884,CN4102,CN4102,沟村,河南开封县沟村,村镇,1911,1911,,,,hvd_148214,34.74644,114.681915
4885,CN4102,CN4102,祥符县,河南开封市,县,1911,1911,,,,hvd_121955,34.78548,114.34333
4886,CN4102,CN4102,老饭店,河南开封县老饭店,村镇,1911,1911,,,,hvd_148191,34.6683,114.281
4887,CN4102,CN4102,老鸦刘,河南通许县前老鸦刘,村镇,1911,1911,,,,hvd_148242,34.54622,114.36663
4888,CN4102,CN4102,范谈庄,河南兰考范台庄,村镇,1911,1911,,,,hvd_150152,34.842808,114.727104
4889,CN4102,CN4102,赤仓,河南开封县赤仓集,村镇,1911,1911,,,,hvd_148185,34.63723,114.41524
4890,CN4102,CN4102,邱寨,河南开封县丘寨,村镇,1911,1911,,,,hvd_148192,34.691235,114.228745
4891,CN4102,CN4102,铁炉,河南开封县铁炉寨,村镇,1911,1911,,,,hvd_148209,34.646564,114.45128
4892,CN4102,CN4102,陈留县,河南开封县东南陈留镇,县,1911,1911,,,,hvd_121956,34.67319,114.52453
4893,CN4102,CN4102,韩冈,河南开封县韩岗,村镇,1911,1911,,,,hvd_148210,34.61253,114.61435
4894,CN410204,CN410204,梁州,河南省开封市鼓楼区,州,534,577,,,,hvd_113096,34.78548,114.34333
4895,CN410204,CN410204,汴州,河南省开封市鼓楼区,州,578,605,,,,hvd_113097,34.78548,114.34333
4896,CN410204,CN410204,汴州,河南省开封市鼓楼区,州,621,741,,,,hvd_110961,34.78548,114.34333
4897,CN410204,CN410204,陈留郡,河南省开封市鼓楼区,郡,742,755,,,,hvd_111180,34.78548,114.34333
4898,CN410204,CN410204,河南节度使,河南省开封市鼓楼区,防镇,756,757,,,,hvd_111288,34.78548,114.34333
4899,CN410204,CN410204,汴州都防御使,河南省开封市鼓楼区,防镇,758,758,,,,hvd_111365,34.78548,114.34333
4900,CN410204,CN410204,汴滑节度使,河南省开封市鼓楼区,防镇,759,760,,,,hvd_111393,34.78548,114.34333
4901,CN410204,CN410204,河南节度使,河南省开封市鼓楼区,防镇,762,775,,,,hvd_111460,34.78548,114.34333
4902,CN410204,CN410204,淮西节度使,河南省开封市鼓楼区,防镇,776,778,,,,hvd_111476,34.78548,114.34333
4903,CN410204,CN410204,永平节度使,河南省开封市鼓楼区,防镇,779,783,,,,hvd_111497,34.78548,114.34333
4904,CN410204,CN410204,宣武军节度使,河南省开封市鼓楼区,防镇,784,906,,,,hvd_111661,34.78548,114.34333
4905,CN410204,CN410204,东京,河南省开封市鼓楼区,首都,907,922,,,,hvd_111699,34.78548,114.34333
4906,CN410204,CN410204,后梁,河南省开封市鼓楼区,政权,907,922,,,,hvd_113620,34.78548,114.34333
4907,CN410204,CN410204,京师,河南省开封市鼓楼区,京師,907,922,後樑,,,hvd_113620,34.78548,114.34333
4908,CN410204,CN410204,宣武军节度使,河南省开封市鼓楼区,防镇,923,937,,,,hvd_111734,34.78548,114.34333
4909,CN410204,CN410204,后晋,河南省开封市鼓楼区,政权,936,946,,,,hvd_113631,34.78548,114.34333
4910,CN410204,CN410204,京师,河南省开封市鼓楼区,京師,936,946,後晉,,,hvd_113631,34.78548,114.34333
4911,CN410204,CN410204,东京,河南省开封市鼓楼区,首都,938,1052,,,,hvd_111886,34.78548,114.34333
4912,CN410204,CN410204,后汉,河南省开封市鼓楼区,政权,947,950,,,,hvd_113633,34.78548,114.34333
4913,CN410204,CN410204,京师,河南省开封市鼓楼区,京師,947,950,後漢,,,hvd_113633,34.78548,114.34333
4914,CN410204,CN410204,后周,河南省开封市鼓楼区,政权,951,959,,,,hvd_113634,34.78548,114.34333
4915,CN410204,CN410204,京师,河南省开封市鼓楼区,京師,951,959,後周,,,hvd_113634,34.78548,114.34333
4916,CN410204,CN410204,北宋,河南省开封市鼓楼区,政权,960,1127,,,,hvd_113636,34.78548,114.34333
4917,CN410204,CN410204,河南行省,河南省开封市鼓楼区,行省,1268,1273,,,,hvd_111972,34.78548,114.34333
4918,CN410204,CN410204,汴梁路,河南省开封市鼓楼区,府,1279,1367,,,,hvd_84025,34.78548,114.34333
4919,CN410204,CN410204,河南行省,河南省开封市鼓楼区,行省,1368,1376,,,,hvd_112037,34.78548,114.34333
4920,CN410204,CN410204,河南布政使司,河南省开封市鼓楼区,布政司,1376,1644,,,,hvd_112053,34.78548,114.34333
4921,CN410221,CN410221,雍丘县,河南杞县,县,-242,936,新建,更名,,hvd_44326,34.553513,114.77448
4922,CN410221,CN410221,圉县,河南杞县南圉（于）镇,县,-202,13,新建,更名,,hvd_44340,34.33805,114.70449
4923,CN410221,CN410221,益岁县,河南杞县南圉（于）镇,县,14,21,更名,更名,,hvd_44341,34.33805,114.70449
4924,CN410221,CN410221,圉县,河南杞县南圉（于）镇,县,22,272,更名,撤销,,hvd_44342,34.33805,114.70449
4925,CN410221,CN410221,圉县,河南杞县南圉（于）镇,县,500,525,新建,更名,,hvd_44343,34.33805,114.70449
4926,CN410221,CN410221,圉城县,河南杞县南圉（于）镇,县,526,555,更名,撤销,,hvd_44344,34.33805,114.70449
4927,CN410221,CN410221,阳夏郡,河南省开封市杞县,郡,528,582,,,,hvd_116060,34.55351,114.77448
4928,CN410221,CN410221,圉城县,河南杞县南圉（于）镇,县,586,626,新建,撤销,,hvd_44345,34.33805,114.70449
4929,CN410221,CN410221,杞州,河南省开封市杞县,州,589,606,,,,hvd_115700,34.55351,114.77448
4930,CN410221,CN410221,杞州,河南省开封市杞县,州,621,626,,,,hvd_110558,34.55351,114.77448
4931,CN410221,CN410221,杞县,河南杞县,县,937,946,更名,更名,,hvd_44327,34.553513,114.77448
4932,CN410221,CN410221,雍丘县,河南杞县,县,947,1125,更名,更名,,hvd_44328,34.553513,114.77448
4933,CN410221,CN410221,杞县,河南杞县,县,1126,1911,更名,数据下限,,hvd_44329,34.553513,114.77448
4934,CN410221,CN410221,杞县,河南杞县,县,1820,1820,,,,hvd_580,34.55351,114.77448
4935,CN410221,CN410221,伯牛冈,河南杞县西伯牛岗,村镇,1911,1911,,,,hvd_148225,34.56666,114.87922
4936,CN410221,CN410221,傅集社,河南杞县付集,村镇,1911,1911,,,,hvd_148229,34.405293,114.79903
4937,CN410221,CN410221,晁村,河南杞县晁村,村镇,1911,1911,,,,hvd_148224,34.584415,114.62155
4938,CN410221,CN410221,杞县,河南杞县,县,1911,1911,,,,hvd_121957,34.55351,114.77448
4939,CN410221,CN410221,程子冈,河南杞县陈子冈,村镇,1911,1911,,,,hvd_150131,34.27096,114.76603
4940,CN410221,CN410221,荆冈,河南杞县荆岗,村镇,1911,1911,,,,hvd_148235,34.367645,114.72787
4941,CN410221,CN410221,马集,河南杞县马集,村镇,1911,1911,,,,hvd_148220,34.74644,114.7648
4942,CN4103,CN4103,中京,河南洛阳,州,479,502,,,,,34.624374,112.46003
4943,CN4103,CN4103,河南府,河南洛阳市,府,644,1234,,,,hvd_115332,34.66528,112.38263
4944,CN4103,CN4103,洛阳县,河南洛阳市,县,710,1071,,,,hvd_82839,34.66528,112.38263
4945,CN4103,CN4103,河南府,河南洛阳市,府,742,755,,,,hvd_111181,34.66528,112.38263
4946,CN4103,CN4103,洛阳县,河南洛阳市,县,1087,1911,,,,hvd_82840,34.66528,112.38263
4947,CN4103,CN4103,河南府,河南洛阳市,府,1820,1820,,,,hvd_9595,34.665276,112.38263
4948,CN4103,CN4103,洛阳县,河南洛阳市,县,1820,1820,,,,hvd_550,34.665276,112.38263
4949,CN410323,CN410323,东垣县,河南省洛阳市新安县,县,417,605,,,,hvd_82873,34.73306,112.1443
4950,CN410323,CN410323,中州,河南省洛阳市新安县,州,565,573,,,,hvd_113089,34.73306,112.1443
4951,CN410323,CN410323,谷州,河南省洛阳市新安县,州,596,603,,,,hvd_110020,34.73306,112.1443
4952,CN410323,CN410323,新安县,河南省洛阳市新安县,县,604,606,,,,hvd_82917,34.7461,112.13147
4953,CN410323,CN410323,新安县,河南新安县,县,606,1911,,,,hvd_82918,34.73306,112.1443
4954,CN410323,CN410323,谷州,河南省洛阳市新安县,州,618,626,,,,hvd_110565,34.73306,112.1443
4955,CN410323,CN410323,匡口镇,河南新安县北狂口,村镇,1820,1820,,,,hvd_18077,34.936935,112.18857
4956,CN410323,CN410323,新安县,河南新安县,县,1820,1820,,,,hvd_553,34.73306,112.1443
4957,CN410323,CN410323,磁涧镇,河南新安县东南磁涧,村镇,1820,1820,,,,hvd_18086,34.68296,112.27428
4958,CN410323,CN410323,东白墙,河南新安县白墙,村镇,1911,1911,,,,hvd_149280,34.801727,112.12868
4959,CN410323,CN410323,懈司,河南新安县懈司,村镇,1911,1911,,,,hvd_149283,34.702606,112.13679
4960,CN410323,CN410323,新安县,河南新安县,县,1911,1911,,,,hvd_121996,34.73306,112.1443
4961,CN410323,CN410323,李村,河南新安县李村,村镇,1911,1911,,,,hvd_149276,34.679737,112.13323
4962,CN410323,CN410323,毛田,河南济源毛田,村镇,1911,1911,,,,hvd_150210,35.03461,112.0386
4963,CN410323,CN410323,郭峪,河南新安东郭峪,村镇,1911,1911,,,,hvd_150231,34.80233,112.178734
4964,CN410323,CN410323,长泉,河南济源市长泉,村镇,1911,1911,,,,hvd_149102,34.972218,112.19384
4965,CN410323,CN410323,陈村,河南新安县陈村,村镇,1911,1911,,,,hvd_149281,34.689293,112.062904
4966,CN410323,CN410323,高平村,河南新安县高平,村镇,1911,1911,,,,hvd_149282,34.74773,112.074615
4967,CN410325,CN410325,陆浑县,河南省洛阳市嵩县,县,-206,543,,,,hvd_82936,34.28033,112.22488
4968,CN410325,CN410325,东亭县,河南省洛阳市嵩县,县,527,582,,,,hvd_82935,34.02818,111.84937
4969,CN410325,CN410325,伊阳郡,河南省洛阳市嵩县,郡,544,549,,,,hvd_116069,34.21948,112.1893
4970,CN410325,CN410325,北荆州,河南省洛阳市嵩县,州,544,561,,,,hvd_113090,34.21948,112.1893
4971,CN410325,CN410325,北陆浑,河南省洛阳市嵩县,县,544,604,,,,hvd_82937,34.28033,112.22488
4972,CN410325,CN410325,南陆浑县,河南省洛阳市嵩县,县,544,582,,,,hvd_82938,34.21948,112.18929
4973,CN410325,CN410325,伊川郡,河南省洛阳市嵩县,郡,550,582,,,,hvd_116068,34.21948,112.1893
4974,CN410325,CN410325,和州,河南省洛阳市嵩县,州,562,583,,,,hvd_113091,34.21948,112.1893
4975,CN410325,CN410325,伏流县,河南省洛阳市嵩县,县,583,603,,,,hvd_82939,34.21948,112.18929
4976,CN410325,CN410325,陆浑县,河南省洛阳市嵩县,县,605,922,,,,hvd_82940,34.21948,112.18929
4977,CN410325,CN410325,伊阳县,河南省洛阳市嵩县,县,712,1265,,,,hvd_82933,34.02818,111.84937
4978,CN410325,CN410325,嵩州,河南省洛阳市嵩县,州,1151,1367,,,,hvd_115828,34.14721,112.08755
4979,CN410325,CN410325,嵩县,河南嵩县,县,1369,1911,,,,hvd_82934,34.14721,112.08755
4980,CN410325,CN410325,吴大岭,河南鲁山县西没大岭,村镇,1820,1820,,,,hvd_18148,33.77757,112.25034
4981,CN410325,CN410325,嵩县,河南嵩县,县,1820,1820,,,,hvd_552,34.147213,112.08755
4982,CN410325,CN410325,旧县镇,河南嵩县西南旧县镇,村镇,1820,1820,,,,hvd_18064,34.02818,111.84937
4983,CN410325,CN410325,古城,河南嵩县古城,村镇,1911,1911,,,,hvd_149335,34.27641,112.23301
4984,CN410325,CN410325,孙家店,河南嵩县孙店,村镇,1911,1911,,,,hvd_149342,33.79513,112.072784
4985,CN410325,CN410325,嵩县,河南嵩县,县,1911,1911,,,,hvd_121920,34.147213,112.08755
4986,CN410325,CN410325,曲里,河南嵩县曲里,村镇,1911,1911,,,,hvd_149336,34.18999,112.20061
4987,CN410325,CN410325,桥头,河南嵩县桥头,村镇,1911,1911,,,,hvd_149339,34.141563,112.02237
4988,CN410325,CN410325,樊店,河南嵩县樊店,村镇,1911,1911,,,,hvd_149359,34.30255,112.25148
4989,CN410325,CN410325,没大岭,河南嵩县没大岭,村镇,1911,1911,,,,hvd_149355,33.77757,112.25034
4990,CN410325,CN410325,石砣,河南嵩县石砣,村镇,1911,1911,,,,hvd_149358,34.319717,112.17059
4991,CN410325,CN410325,蛮峪,河南嵩县下蛮峪,村镇,1911,1911,,,,hvd_149354,34.091133,111.94341
4992,CN410327,CN410327,宜阳县,河南省洛阳市宜阳县,县,-249,617,,,,hvd_82871,34.49863,111.925
4993,CN410327,CN410327,洛州,河南省洛阳市宜阳县,州,351,356,,,,hvd_112876,34.49863,111.925
4994,CN410327,CN410327,宜阳郡,河南省洛阳市宜阳县,郡,527,618,,,,hvd_116075,34.43052,112.09909
4995,CN410327,CN410327,甘棠县,河南省洛阳市宜阳县,县,534,598,,,,hvd_82859,34.51272,112.16522
4996,CN410327,CN410327,阳州,河南省洛阳市宜阳县,州,534,557,,,,hvd_113087,34.49863,111.925
4997,CN410327,CN410327,熊州,河南省洛阳市宜阳县,州,558,605,,,,hvd_113088,34.49863,111.925
4998,CN410327,CN410327,河阴县,河南省洛阳市宜阳县,县,583,604,,,,hvd_82882,34.59154,112.25861
4999,CN410327,CN410327,寿安县,河南省洛阳市宜阳县,县,604,606,,,,hvd_82860,34.51272,112.16522
5000,CN410327,CN410327,兴泰县,河南省洛阳市宜阳县,县,606,617,,,,hvd_82865,34.43052,112.09909
5001,CN410327,CN410327,熊州,河南省洛阳市宜阳县,州,606,695,,,,hvd_116024,34.49863,111.925
5002,CN410327,CN410327,寿安县,河南省洛阳市宜阳县,县,618,632,,,,hvd_82861,34.53542,112.13448
5003,CN410327,CN410327,福昌县,河南省洛阳市宜阳县,县,618,922,,,,hvd_82867,34.49007,111.88645
5004,CN410327,CN410327,寿安县,河南省洛阳市宜阳县,县,633,1042,,,,hvd_82862,34.51272,112.16522
5005,CN410327,CN410327,兴泰县,河南省洛阳市宜阳县,县,704,712,,,,hvd_82866,34.43052,112.09909
5006,CN410327,CN410327,福庆县,河南省洛阳市宜阳县,县,923,959,,,,hvd_82868,34.49007,111.88645
5007,CN410327,CN410327,福昌县,河南省洛阳市宜阳县,县,960,1071,,,,hvd_82869,34.49007,111.88645
5008,CN410327,CN410327,寿安县,河南省洛阳市宜阳县,县,1044,1042,,,,hvd_82863,34.51272,112.16522
5009,CN410327,CN410327,福昌县宋,河南省洛阳市宜阳县,县,1086,1185,,,,hvd_82870,34.51272,112.16522
5010,CN410327,CN410327,宜阳县,河南宜阳县,县,1186,1911,,,,hvd_82864,34.51272,112.16522
5011,CN410327,CN410327,宜阳县,河南宜阳县,县,1186,1911,,,,hvd_82872,34.51272,112.16522
5012,CN410327,CN410327,宜阳县,河南宜阳县,县,1820,1820,,,,hvd_551,34.51272,112.16522
5013,CN410327,CN410327,福昌镇,河南宜阳县西福昌,村镇,1820,1820,,,,hvd_18069,34.470085,111.85449
5014,CN410327,CN410327,赵保镇关,河南宜阳县西南“东赵堡镇”,村镇,1820,1820,,,,hvd_18094,34.430523,112.09909
5015,CN410327,CN410327,韩城镇,河南宜阳县西韩城,村镇,1820,1820,,,,hvd_18070,34.477158,111.88499
5016,CN410327,CN410327,七峪庙,河南宜阳县七峪,村镇,1911,1911,,,,hvd_149313,34.37216,111.797325
5017,CN410327,CN410327,东赵堡,河南宜阳县赵堡,村镇,1911,1911,,,,hvd_149307,34.430523,112.09909
5018,CN410327,CN410327,克村,河南宜阳县克村,村镇,1911,1911,,,,hvd_149315,34.57782,112.101585
5019,CN410327,CN410327,员庄,河南宜阳县员庄,村镇,1911,1911,,,,hvd_150225,34.56049,112.321465
5020,CN410327,CN410327,大棚关,河南宜阳县木柴（即穆册关）,村镇,1911,1911,,,,hvd_149357,34.32098,111.88578
5021,CN410327,CN410327,宜阳县,河南宜阳县,县,1911,1911,,,,hvd_121918,34.51272,112.16522
5022,CN410327,CN410327,寻村,河南宜阳县寻村,村镇,1911,1911,,,,hvd_149298,34.54774,112.22121
5023,CN410327,CN410327,延秋集,河南洛阳市延秋,村镇,1911,1911,,,,hvd_149187,34.57714,112.27941
5024,CN410327,CN410327,旧关,河南宜阳县旧关,村镇,1911,1911,,,,hvd_149308,34.459354,112.02462
5025,CN410327,CN410327,柱鼎石,河南宜阳县朱顶石,村镇,1911,1911,,,,hvd_149356,34.407207,111.90785
5026,CN410327,CN410327,水沟庙,河南宜阳县水沟庙,村镇,1911,1911,,,,hvd_149302,34.470085,111.85449
5027,CN410327,CN410327,沙坡,河南宜阳县沙坡头,村镇,1911,1911,,,,hvd_149311,34.460094,111.931
5028,CN410327,CN410327,留村,河南宜阳县北留村,村镇,1911,1911,,,,hvd_149310,34.59501,112.15064
5029,CN410327,CN410327,石家陵,河南宜阳县石陵,村镇,1911,1911,,,,hvd_149299,34.62136,112.09776
5030,CN410327,CN410327,石村,河南宜阳县石村,村镇,1911,1911,,,,hvd_149301,34.551273,111.81938
5031,CN410327,CN410327,苏羊村,河南宜阳县苏羊,村镇,1911,1911,,,,hvd_149312,34.388493,111.773026
5032,CN410327,CN410327,赵屯,河南宜阳县赵老屯,村镇,1911,1911,,,,hvd_149314,34.594154,112.23751
5033,CN410327,CN410327,鱼泉,河南宜阳县鱼泉,村镇,1911,1911,,,,hvd_149306,34.518658,111.99312
5034,CN410328,CN410328,黾池县,河南省洛阳市洛宁县,县,190,539,,,,hvd_82922,34.38139,111.60287
5035,CN410328,CN410328,南陕县,河南省洛阳市洛宁县,县,500,551,,,,hvd_82946,34.34468,111.46053
5036,CN410328,CN410328,金门县,河南省洛阳市洛宁县,县,534,557,,,,hvd_82941,34.35998,111.71037
5037,CN410328,CN410328,金门郡,河南省洛阳市洛宁县,郡,534,557,,,,hvd_115455,34.35998,111.71037
5038,CN410328,CN410328,南渑池县,河南省洛阳市洛宁县,县,540,544,,,,hvd_82923,34.38139,111.60287
5039,CN410328,CN410328,长渊县,河南省洛阳市洛宁县,县,552,604,,,,hvd_82947,34.34468,111.46053
5040,CN410328,CN410328,昌洛县,河南省洛阳市洛宁县,县,558,597,,,,hvd_82944,34.38139,111.60287
5041,CN410328,CN410328,洛水县,河南省洛阳市洛宁县,县,598,606,,,,hvd_82945,34.38139,111.60287
5042,CN410328,CN410328,长水县,河南省洛阳市洛宁县,县,605,1233,,,,hvd_82948,34.34468,111.46053
5043,CN410328,CN410328,永宁县,,县,643,1126,,,,hvd_82913,34.38581,111.6534
5044,CN410328,CN410328,永宁县,,县,1161,1911,,,,hvd_82915,34.38581,111.6534
5045,CN410328,CN410328,永宁县,,县,1820,1820,,,,hvd_545,34.385807,111.653404
5046,CN410328,CN410328,刘营,河南洛宁县刘营,村镇,1911,1911,,,,hvd_149327,34.31945,111.44086
5047,CN410328,CN410328,厥山,河南洛宁县崛山,村镇,1911,1911,,,,hvd_149333,34.41826,111.74692
5048,CN410328,CN410328,史村,河南洛宁县史村,村镇,1911,1911,,,,hvd_149322,34.43609,111.61369
5049,CN410328,CN410328,官庄,河南洛宁县官庄,村镇,1911,1911,,,,hvd_149319,34.497753,111.71901
5050,CN410328,CN410328,永宁县,,县,1911,1911,,,,hvd_121919,34.385807,111.653404
5051,CN410328,CN410328,焦河集,河南洛宁县焦河,村镇,1911,1911,,,,hvd_149328,34.427917,111.45616
5052,CN410328,CN410328,磨头村,河南洛宁县磨头,村镇,1911,1911,,,,hvd_149326,34.34545,111.50207
5053,CN410328,CN410328,长宁镇,河南洛宁县长水,村镇,1911,1911,,,,hvd_149332,34.34248,111.45076
5054,CN410328,CN410328,陈宋镇,河南洛宁县上陈宋,村镇,1911,1911,,,,hvd_149325,34.35734,111.6281
5055,CN410381,CN410381,偃师县,河南省洛阳市偃师区西亳大道,县,-249,13,,,,hvd_82844,34.72062,112.805
5056,CN410381,CN410381,缑氏县,河南省洛阳市偃师区,县,-249,13,,,,hvd_82850,34.58003,112.84392
5057,CN410381,CN410381,中亭县,河南省洛阳市偃师区,县,14,22,,,,hvd_82851,34.58003,112.84392
5058,CN410381,CN410381,师成县,河南省洛阳市偃师区西亳大道,县,14,22,,,,hvd_82845,34.72062,112.805
5059,CN410381,CN410381,偃师县,河南省洛阳市偃师区西亳大道,县,23,264,,,,hvd_82846,34.72062,112.805
5060,CN410381,CN410381,缑氏县,河南省洛阳市偃师区,县,23,492,,,,hvd_82852,34.58003,112.84392
5061,CN410381,CN410381,缑氏县,河南省洛阳市偃师区,县,577,589,,,,hvd_82854,34.65888,112.76862
5062,CN410381,CN410381,缑氏县,河南省洛阳市偃师区,县,590,595,,,,hvd_82855,34.65888,112.76862
5063,CN410381,CN410381,偃师县,河南省洛阳市偃师区西亳大道,县,596,1042,,,,hvd_82847,34.72062,112.805
5064,CN410381,CN410381,缑氏县,河南省洛阳市偃师区,县,605,613,,,,hvd_82856,34.58704,112.81686
5065,CN410381,CN410381,缑氏县,河南省洛阳市偃师区,县,614,643,,,,hvd_82857,34.61602,112.77868
5066,CN410381,CN410381,缑氏县,河南省洛阳市偃师区,县,675,1074,,,,hvd_82858,34.61602,112.77868
5067,CN410381,CN410381,偃师县,河南省洛阳市偃师区西亳大道,县,1044,1071,,,,hvd_82848,34.72062,112.805
5068,CN410381,CN410381,偃师县,河南省洛阳市偃师区西亳大道,县,1075,1911,,,,hvd_82849,34.72062,112.805
5069,CN410381,CN410381,义井铺,河南偃师县西义井铺,村镇,1820,1820,,,,hvd_18074,34.735203,112.6469
5070,CN410381,CN410381,偃师县,河南偃师县（槐庙镇）东南老城,县,1820,1820,,,,hvd_549,34.70313,112.81245
5071,CN410381,CN410381,府店镇,河南偃师县东南府店,村镇,1820,1820,,,,hvd_18079,34.57478,112.84319
5072,CN410381,CN410381,翟家庄镇,河南偃师县（槐庙镇）西南翟镇,村镇,1820,1820,,,,hvd_18092,34.670464,112.67625
5073,CN410381,CN410381,丁门口,河南偃师丁门口,村镇,1911,1911,,,,hvd_150227,34.79061,112.693596
5074,CN410381,CN410381,义井铺,河南偃师县义井,村镇,1911,1911,,,,hvd_149366,34.718033,112.65251
5075,CN410381,CN410381,偃师县,河南偃师县偃师镇,县,1911,1911,,,,hvd_121914,34.714653,112.80525
5076,CN410381,CN410381,史湾,河南偃师县史家湾,村镇,1911,1911,,,,hvd_149212,34.67677,112.8179
5077,CN410381,CN410381,大槐树,河南偃师县县治槐庙镇,村镇,1911,1911,,,,hvd_149204,34.731133,112.77994
5078,CN410381,CN410381,姬桥,河南偃师县姬家桥,村镇,1911,1911,,,,hvd_149207,34.60621,112.6878
5079,CN410381,CN410381,孙家坡,河南偃师孙坡,村镇,1911,1911,,,,hvd_150230,34.55196,112.80985
5080,CN410381,CN410381,寇店,河南偃师县寇店,村镇,1911,1911,,,,hvd_149196,34.58234,112.64895
5081,CN410381,CN410381,油店,河南偃师县北油店,村镇,1911,1911,,,,hvd_149211,34.777046,112.87753
5082,CN410381,CN410381,牛庄,河南偃师县牛庄,村镇,1911,1911,,,,hvd_149210,34.774075,112.79713
5083,CN410381,CN410381,畏羊庄,河南偃师县喂羊庄,村镇,1911,1911,,,,hvd_149208,34.696083,112.69864
5084,CN410381,CN410381,相公庄,河南偃师县相公庄,村镇,1911,1911,,,,hvd_149197,34.676674,112.61823
5085,CN410381,CN410381,石庄,河南偃师石家庄,村镇,1911,1911,,,,hvd_150228,34.717182,112.89186
5086,CN410381,CN410381,缑氏山,河南偃师县缑氏,村镇,1911,1911,,,,hvd_149214,34.616608,112.777245
5087,CN410381,CN410381,诸葛,河南偃师县诸葛村,村镇,1911,1911,,,,hvd_149195,34.58531,112.52065
5088,CN410381,CN410381,邢沟,河南偃师县邢沟,村镇,1911,1911,,,,hvd_149209,34.762936,112.67786
5089,CN410381,CN410381,风门口,河南偃师风门口,村镇,1911,1911,,,,hvd_150229,34.49646,112.73408
5090,CN410422,CN410422,叶县,河南省平顶山市叶县,县,-272,1135,,,,hvd_82811,33.50015,113.30022
5091,CN410422,CN410422,昆阳县,河南省平顶山市叶县,县,-230,25,,,,hvd_82805,33.6233,113.34553
5092,CN410422,CN410422,舞阳县,河南省平顶山市叶县,县,-230,-202,,,,hvd_82786,33.49147,113.47816
5093,CN410422,CN410422,舞阳侯国,河南省平顶山市叶县,国,-201,-181,,,,hvd_82787,33.49147,113.47816
5094,CN410422,CN410422,舞阳县,河南省平顶山市叶县,县,-180,-180,,,,hvd_82788,33.49147,113.47816
5095,CN410422,CN410422,舞阳侯国,河南省平顶山市叶县,国,-179,-145,,,,hvd_82789,33.49147,113.47816
5096,CN410422,CN410422,舞阳县,河南省平顶山市叶县,县,-145,1,,,,hvd_82790,33.49147,113.47816
5097,CN410422,CN410422,舞阳侯国,河南省平顶山市叶县,国,2,8,,,,hvd_82791,33.49147,113.47816
5098,CN410422,CN410422,舞阳县,河南省平顶山市叶县,县,9,419,,,,hvd_82792,33.49147,113.47816
5099,CN410422,CN410422,昆阳侯国,河南省平顶山市叶县,国,26,30,,,,hvd_82806,33.6233,113.34553
5100,CN410422,CN410422,昆阳县,河南省平顶山市叶县,县,31,555,,,,hvd_82807,33.6233,113.34553
5101,CN410422,CN410422,南安县,河南省平顶山市叶县,县,534,566,,,,hvd_82809,33.39942,113.27946
5102,CN410422,CN410422,定南郡,河南省平顶山市叶县,郡,534,566,,,,hvd_115166,33.50015,113.30023
5103,CN410422,CN410422,汝坟县,河南省平顶山市叶县,县,556,626,,,,hvd_82813,33.68626,113.38548
5104,CN410422,CN410422,定南县,河南省平顶山市叶县,县,567,582,,,,hvd_82810,33.39942,113.27946
5105,CN410422,CN410422,叶州,河南省平顶山市叶县,州,621,621,,,,hvd_110403,33.50015,113.30023
5106,CN410422,CN410422,仙州,河南省平顶山市叶县,州,716,737,,,,hvd_110879,33.50015,113.30023
5107,CN410422,CN410422,舞阳县,河南省平顶山市叶县,县,716,817,,,,hvd_82793,33.49147,113.47816
5108,CN410422,CN410422,仙凫县,河南省平顶山市叶县,县,769,769,,,,hvd_82823,33.52706,113.44219
5109,CN410422,CN410422,叶县,河南叶县,县,1136,1911,,,,hvd_82812,33.6233,113.34553
5110,CN410422,CN410422,昆阳县,河南省平顶山市叶县,县,1253,1265,,,,hvd_82808,33.50015,113.30022
5111,CN410422,CN410422,叶县,河南叶县,县,1820,1820,,,,hvd_598,33.623302,113.34553
5112,CN410422,CN410422,旧县镇,河南叶县西南旧县,村镇,1820,1820,,,,hvd_18155,33.49251,113.278015
5113,CN410422,CN410422,洛冈镇,河南叶县东北洛冈,村镇,1820,1820,,,,hvd_18159,33.723396,113.546875
5114,CN410422,CN410422,全集,河南叶县全集,村镇,1911,1911,,,,hvd_149653,33.514854,113.38756
5115,CN410422,CN410422,十里铺,河南叶县十里铺,村镇,1911,1911,,,,hvd_149666,33.658276,113.37044
5116,CN410422,CN410422,叶县,河南叶县,县,1911,1911,,,,hvd_121939,33.623302,113.34553
5117,CN410422,CN410422,圪垱店,河南叶县圪垱店,村镇,1911,1911,,,,hvd_149656,33.404476,113.318184
5118,CN410422,CN410422,坟台,河南叶县坟台,村镇,1911,1911,,,,hvd_149650,33.52706,113.44219
5119,CN410422,CN410422,太康集,河南叶县太康寨,村镇,1911,1911,,,,hvd_149649,33.598953,113.53892
5120,CN410422,CN410422,孤石滩,河南叶县孤石滩水库中,村镇,1911,1911,,,,hvd_150241,33.47167,113.04711
5121,CN410422,CN410422,寺庄,河南叶县寺庄,村镇,1911,1911,,,,hvd_149665,33.649265,113.25783
5122,CN410422,CN410422,尤潦铺,河南叶县尤潦,村镇,1911,1911,,,,hvd_149664,33.580933,113.32089
5123,CN410422,CN410422,岳楼,河南叶县岳楼,村镇,1911,1911,,,,hvd_149661,33.514107,113.23981
5124,CN410422,CN410422,旧县,河南叶县旧县,村镇,1911,1911,,,,hvd_149654,33.50209,113.30737
5125,CN410422,CN410422,杜杨,河南叶县杜杨,村镇,1911,1911,,,,hvd_149646,33.677048,113.57045
5126,CN410422,CN410422,柳庄集,河南叶县柳庄,村镇,1911,1911,,,,hvd_149659,33.438267,113.25873
5127,CN410422,CN410422,桃奉,河南叶县桃奉,村镇,1911,1911,,,,hvd_149648,33.627487,113.59657
5128,CN410422,CN410422,汝坟镇,河南叶县汝坟店,村镇,1911,1911,,,,hvd_149643,33.690563,113.38576
5129,CN410422,CN410422,洛冈,河南叶县洛岗,村镇,1911,1911,,,,hvd_149644,33.723396,113.546875
5130,CN410422,CN410422,瓦店营,河南叶县瓦店,村镇,1911,1911,,,,hvd_149663,33.582436,113.24251
5131,CN410422,CN410422,白观,河南叶县后白观,村镇,1911,1911,,,,hvd_149642,33.638,113.51099
5132,CN410422,CN410422,竹园,河南叶县大竹园,村镇,1911,1911,,,,hvd_149658,33.452534,113.31278
5133,CN410422,CN410422,草厂街,河南叶县草厂街,村镇,1911,1911,,,,hvd_149651,33.468216,113.37867
5134,CN410422,CN410422,蒲城店,河南叶县蒲楼,村镇,1911,1911,,,,hvd_149645,33.717594,113.4272
5135,CN410423,CN410423,犨县,河南省平顶山市鲁山县,县,-272,432,,,,hvd_82975,33.65464,113.14788
5136,CN410423,CN410423,鲁阳县,河南省平顶山市鲁山县,县,-272,497,,,,hvd_82971,33.73712,112.90194
5137,CN410423,CN410423,荆州,河南省平顶山市鲁山县,州,352,369,,,,hvd_113142,33.73712,112.90194
5138,CN410423,CN410423,郢州,河南省平顶山市鲁山县,州,484,493,,,,hvd_113161,33.73712,112.90194
5139,CN410423,CN410423,荆州,河南省平顶山市鲁山县,州,494,497,,,,hvd_113150,33.73712,112.90194
5140,CN410423,CN410423,鲁阳郡,河南省平顶山市鲁山县,郡,497,582,,,,hvd_115591,33.65464,113.14788
5141,CN410423,CN410423,北山县,河南省平顶山市鲁山县,县,498,566,,,,hvd_82972,33.73712,112.90194
5142,CN410423,CN410423,翼阳县,河南省平顶山市鲁山县,县,526,553,,,,hvd_82995,33.65464,113.14788
5143,CN410423,CN410423,南广州,河南省平顶山市鲁山县,州,528,553,,,,hvd_112942,33.73712,112.90194
5144,CN410423,CN410423,淯州,河南省平顶山市鲁山县,州,554,581,,,,hvd_112943,33.73712,112.90194
5145,CN410423,CN410423,雉阳县,河南省平顶山市鲁山县,县,554,597,,,,hvd_82996,33.65464,113.14788
5146,CN410423,CN410423,武山郡,河南省平顶山市鲁山县,郡,557,582,,,,hvd_115935,33.65464,113.14788
5147,CN410423,CN410423,鲁山县,河南鲁山县,县,567,582,,,,hvd_82973,33.73712,112.90194
5148,CN410423,CN410423,湛水县,河南省平顶山市鲁山县,县,598,605,,,,hvd_82997,33.65464,113.14788
5149,CN410423,CN410423,犨城县,河南省平顶山市鲁山县,县,606,620,,,,hvd_82998,33.65464,113.14788
5150,CN410423,CN410423,鲁山县,河南鲁山县,县,621,1911,,,,hvd_82974,33.73712,112.90194
5151,CN410423,CN410423,鲁州,河南省平顶山市鲁山县,州,621,626,,,,hvd_110555,33.73712,112.90194
5152,CN410423,CN410423,鲁州,河南省平顶山市鲁山县,,621,626,,,,,33.74482,112.91445
5153,CN410423,CN410423,鲁州,河南省平顶山市鲁山县,州,628,1117,,,,hvd_115592,33.73712,112.90194
5154,CN410423,CN410423,赵家村,河南鲁山县西赵村,村镇,1820,1820,,,,hvd_18153,33.74884,112.47599
5155,CN410423,CN410423,鲁山县,河南鲁山县,县,1820,1820,,,,hvd_591,33.737118,112.90194
5156,CN410423,CN410423,中汤,河南鲁山县中汤,村镇,1911,1911,,,,hvd_149465,33.750732,112.56983
5157,CN410423,CN410423,二郎庙,河南鲁山县二郎庙,村镇,1911,1911,,,,hvd_149463,33.746517,112.38429
5158,CN410423,CN410423,交口街,河南鲁山县交口,村镇,1911,1911,,,,hvd_149459,33.612232,112.78364
5159,CN410423,CN410423,仓头,河南鲁山县上仓头,村镇,1911,1911,,,,hvd_149469,33.86777,112.78896
5160,CN410423,CN410423,小店,河南宝丰小店,村镇,1911,1911,,,,hvd_150242,33.825554,113.03301
5161,CN410423,CN410423,段店,河南鲁山县段店,村镇,1911,1911,,,,hvd_149472,33.81338,112.89085
5162,CN410423,CN410423,瀼河街,河南鲁山县瀼河,村镇,1911,1911,,,,hvd_149474,33.69539,112.850334
5163,CN410423,CN410423,熊背街,河南鲁山县熊背街,村镇,1911,1911,,,,hvd_149473,33.653774,112.797066
5164,CN410423,CN410423,玉皇庙,河南鲁山县玉皇店,村镇,1911,1911,,,,hvd_149477,33.583557,113.11747
5165,CN410423,CN410423,玉皇庙,河南鲁山县玉皇庙,村镇,1911,1911,,,,hvd_149476,33.62543,112.68345
5166,CN410423,CN410423,白草坪,河南鲁山县白草坪,村镇,1911,1911,,,,hvd_149466,33.824112,112.49389
5167,CN410423,CN410423,白象店,河南鲁山县白象店,村镇,1911,1911,,,,hvd_149470,33.7925,112.8692
5168,CN410423,CN410423,石佛寺,河南鲁山县石佛寺,村镇,1911,1911,,,,hvd_149475,33.698524,112.901665
5169,CN410423,CN410423,背孜街,河南鲁山县背孜街,村镇,1911,1911,,,,hvd_149468,33.96207,112.603775
5170,CN410423,CN410423,车厂店,河南鲁山县车厂,村镇,1911,1911,,,,hvd_149462,33.640347,112.52835
5171,CN410423,CN410423,郎店,河南鲁山县北郎店,村镇,1911,1911,,,,hvd_149471,33.849182,112.89085
5172,CN410423,CN410423,鲁山县,河南鲁山县,县,1911,1911,,,,hvd_121935,33.737118,112.90194
5173,CN410482,CN410482,梁县,河南省汝州市,县,-221,-205,,,,,34.24529,116.13621
5174,CN410482,CN410482,成安县,河南省平顶山市汝州市,县,-207,-113,,,,hvd_82966,34.09781,112.93696
5175,CN410482,CN410482,成安侯国,河南省平顶山市汝州市,国,-112,106,,,,hvd_82967,34.09781,112.93696
5176,CN410482,CN410482,成安县,河南省平顶山市汝州市,县,-105,25,,,,hvd_82968,34.09781,112.93696
5177,CN410482,CN410482,周承休侯国,河南省平顶山市汝州市,国,-44,-17,,,,hvd_82962,34.27426,112.88062
5178,CN410482,CN410482,周承休县,河南省平顶山市汝州市,县,-16,13,,,,hvd_82963,34.27426,112.88062
5179,CN410482,CN410482,嘉美县,河南省平顶山市汝州市,县,14,22,,,,hvd_82964,34.27426,112.88062
5180,CN410482,CN410482,周承休县,河南省平顶山市汝州市,县,23,9,,,,hvd_82965,34.27426,112.88062
5181,CN410482,CN410482,成安侯国,河南省平顶山市汝州市,国,23,30,,,,hvd_82969,34.09781,112.93696
5182,CN410482,CN410482,治城县,河南省平顶山市汝州市,县,486,555,,,,hvd_82970,34.19583,112.68564
5183,CN410482,CN410482,南汝原县,河南省平顶山市汝州市,县,527,555,,,,hvd_82959,34.16176,112.83702
5184,CN410482,CN410482,汝北郡,河南省平顶山市汝州市,郡,527,582,,,,hvd_115750,34.15836,112.83324
5185,CN410482,CN410482,南阳县,河南省平顶山市汝州市,县,528,605,,,,hvd_82986,34.10638,112.95549
5186,CN410482,CN410482,汝原县,河南省平顶山市汝州市,县,556,605,,,,hvd_83081,34.16176,112.83702
5187,CN410482,CN410482,伊州,河南省平顶山市汝州市,州,584,605,,,,hvd_110048,34.16176,112.83702
5188,CN410482,CN410482,期城县,河南省平顶山市汝州市,县,598,605,,,,hvd_82987,34.10638,112.95549
5189,CN410482,CN410482,伊州,河南省平顶山市汝州市,州,606,606,,,,hvd_116070,34.11067,112.74495
5190,CN410482,CN410482,承休县,河南省平顶山市汝州市,县,606,626,,,,hvd_82960,34.16176,112.83702
5191,CN410482,CN410482,汝州,河南临汝县,州,606,1367,,,,hvd_115755,34.16176,112.83702
5192,CN410482,CN410482,襄城郡,河南省平顶山市汝州市,郡,607,620,,,,hvd_110340,34.16176,112.83702
5193,CN410482,CN410482,伊州,河南省平顶山市汝州市,州,621,634,,,,hvd_110668,34.16176,112.83702
5194,CN410482,CN410482,梁县,河南省平顶山市汝州市,县,627,1367,,,,hvd_82961,34.16176,112.83702
5195,CN410482,CN410482,汝州,河南临汝县,州,635,741,,,,hvd_110966,34.16176,112.83702
5196,CN410482,CN410482,临汝县,河南省平顶山市汝州市,县,713,791,,,,hvd_83005,34.11067,112.74495
5197,CN410482,CN410482,临汝郡,河南省平顶山市汝州市,郡,742,755,,,,hvd_111183,34.16176,112.83702
5198,CN410482,CN410482,汝州防御使,河南省平顶山市汝州市,防镇,789,813,,,,hvd_111549,34.16176,112.83702
5199,CN410482,CN410482,临汝县,河南省平顶山市汝州市,县,792,955,,,,hvd_83006,34.26058,112.59104
5200,CN410482,CN410482,河阳节度使,河南省平顶山市汝州市,防镇,814,827,,,,hvd_111563,34.16176,112.83702
5201,CN410482,CN410482,汝州,河南临汝县,直隶州,1476,1911,,,,hvd_84013,34.16176,112.83702
5202,CN410482,CN410482,临汝镇,,村镇,1820,1820,,,,hvd_18076,34.260582,112.59104
5203,CN410482,CN410482,杨家楼,河南临汝县西南,村镇,1820,1820,,,,hvd_18083,34.15922,112.68578
5204,CN410482,CN410482,歇马岭关,河南鲁山县西北歇马岭,村镇,1820,1820,,,,hvd_18084,33.98593,112.62812
5205,CN410482,CN410482,汝州,河南临汝县,直隶州,1820,1820,,,,hvd_9594,34.161762,112.83702
5206,CN410482,CN410482,赵洛镇,河南临汝县东南赵洛镇,村镇,1820,1820,,,,hvd_18093,34.08382,112.96285
5207,CN410482,CN410482,长阜镇,河南临汝县东南长阜街,村镇,1820,1820,,,,hvd_18096,34.060837,112.995415
5208,CN410482,CN410482,一五张,河南汝州市一五张,村镇,1911,1911,,,,hvd_149439,34.19369,112.939514
5209,CN410482,CN410482,临汝镇,,村镇,1911,1911,,,,hvd_149444,34.260582,112.59104
5210,CN410482,CN410482,十字路,河南汝州市十字路,村镇,1911,1911,,,,hvd_149450,34.084835,112.7314
5211,CN410482,CN410482,十里铺,河南汝州市十里,村镇,1911,1911,,,,hvd_149452,34.18176,112.78365
5212,CN410482,CN410482,半札,河南汝州市半扎,村镇,1911,1911,,,,hvd_149455,34.01997,112.804375
5213,CN410482,CN410482,大峪店,河南汝州市大峪店,村镇,1911,1911,,,,hvd_149440,34.24428,113.0388
5214,CN410482,CN410482,官庄,河南汝州市官庄,村镇,1911,1911,,,,hvd_149445,34.2511,112.6377
5215,CN410482,CN410482,武巡店,河南汝州市武巡,村镇,1911,1911,,,,hvd_149438,34.11093,112.99808
5216,CN410482,CN410482,汝州,河南汝州市,直隶州,1911,1911,,,,hvd_120274,34.161762,112.83702
5217,CN410482,CN410482,范集,河南汝州市范集,村镇,1911,1911,,,,hvd_149441,34.209347,112.84582
5218,CN410482,CN410482,虎头街,河南汝州市虎头,村镇,1911,1911,,,,hvd_149451,34.105713,112.86924
5219,CN410482,CN410482,观上,河南汝州市观上,村镇,1911,1911,,,,hvd_149448,34.093037,112.668335
5220,CN410482,CN410482,长营,河南汝州市长营,村镇,1911,1911,,,,hvd_149435,34.02817,112.97826
5221,CN410482,CN410482,长阜,河南汝州市长阜街,村镇,1911,1911,,,,hvd_149436,34.047558,112.99627
5222,CN410482103,CN410482,梁县,河南省汝州市,县,-221,-205,,,,,34.24529,116.13621
5223,CN410482103,CN410482,成安县,河南省平顶山市汝州市,县,-207,-113,,,,hvd_82966,34.09781,112.93696
5224,CN410482103,CN410482,成安侯国,河南省平顶山市汝州市,国,-112,106,,,,hvd_82967,34.09781,112.93696
5225,CN410482103,CN410482,成安县,河南省平顶山市汝州市,县,-105,25,,,,hvd_82968,34.09781,112.93696
5226,CN410482103,CN410482,周承休侯国,河南省平顶山市汝州市,国,-44,-17,,,,hvd_82962,34.27426,112.88062
5227,CN410482103,CN410482,周承休县,河南省平顶山市汝州市,县,-16,13,,,,hvd_82963,34.27426,112.88062
5228,CN410482103,CN410482,嘉美县,河南省平顶山市汝州市,县,14,22,,,,hvd_82964,34.27426,112.88062
5229,CN410482103,CN410482,周承休县,河南省平顶山市汝州市,县,23,9,,,,hvd_82965,34.27426,112.88062
5230,CN410482103,CN410482,成安侯国,河南省平顶山市汝州市,国,23,30,,,,hvd_82969,34.09781,112.93696
5231,CN410482103,CN410482,治城县,河南省平顶山市汝州市,县,486,555,,,,hvd_82970,34.19583,112.68564
5232,CN410482103,CN410482,南汝原县,河南省平顶山市汝州市,县,527,555,,,,hvd_82959,34.16176,112.83702
5233,CN410482103,CN410482,汝北郡,河南省平顶山市汝州市,郡,527,582,,,,hvd_115750,34.15836,112.83324
5234,CN410482103,CN410482,南阳县,河南省平顶山市汝州市,县,528,605,,,,hvd_82986,34.10638,112.95549
5235,CN410482103,CN410482,汝原县,河南省平顶山市汝州市,县,556,605,,,,hvd_83081,34.16176,112.83702
5236,CN410482103,CN410482,伊州,河南省平顶山市汝州市,州,584,605,,,,hvd_110048,34.16176,112.83702
5237,CN410482103,CN410482,期城县,河南省平顶山市汝州市,县,598,605,,,,hvd_82987,34.10638,112.95549
5238,CN410482103,CN410482,伊州,河南省平顶山市汝州市,州,606,606,,,,hvd_116070,34.11067,112.74495
5239,CN410482103,CN410482,承休县,河南省平顶山市汝州市,县,606,626,,,,hvd_82960,34.16176,112.83702
5240,CN410482103,CN410482,汝州,河南临汝县,州,606,1367,,,,hvd_115755,34.16176,112.83702
5241,CN410482103,CN410482,襄城郡,河南省平顶山市汝州市,郡,607,620,,,,hvd_110340,34.16176,112.83702
5242,CN410482103,CN410482,伊州,河南省平顶山市汝州市,州,621,634,,,,hvd_110668,34.16176,112.83702
5243,CN410482103,CN410482,梁县,河南省平顶山市汝州市,县,627,1367,,,,hvd_82961,34.16176,112.83702
5244,CN410482103,CN410482,汝州,河南临汝县,州,635,741,,,,hvd_110966,34.16176,112.83702
5245,CN410482103,CN410482,临汝县,河南省平顶山市汝州市,县,713,791,,,,hvd_83005,34.11067,112.74495
5246,CN410482103,CN410482,临汝郡,河南省平顶山市汝州市,郡,742,755,,,,hvd_111183,34.16176,112.83702
5247,CN410482103,CN410482,汝州防御使,河南省平顶山市汝州市,防镇,789,813,,,,hvd_111549,34.16176,112.83702
5248,CN410482103,CN410482,临汝县,河南省平顶山市汝州市,县,792,955,,,,hvd_83006,34.26058,112.59104
5249,CN410482103,CN410482,河阳节度使,河南省平顶山市汝州市,防镇,814,827,,,,hvd_111563,34.16176,112.83702
5250,CN410482103,CN410482,汝州,河南临汝县,直隶州,1476,1911,,,,hvd_84013,34.16176,112.83702
5251,CN410482103,CN410482,临汝镇,,村镇,1820,1820,,,,hvd_18076,34.260582,112.59104
5252,CN410482103,CN410482,杨家楼,河南临汝县西南,村镇,1820,1820,,,,hvd_18083,34.15922,112.68578
5253,CN410482103,CN410482,歇马岭关,河南鲁山县西北歇马岭,村镇,1820,1820,,,,hvd_18084,33.98593,112.62812
5254,CN410482103,CN410482,汝州,河南临汝县,直隶州,1820,1820,,,,hvd_9594,34.161762,112.83702
5255,CN410482103,CN410482,赵洛镇,河南临汝县东南赵洛镇,村镇,1820,1820,,,,hvd_18093,34.08382,112.96285
5256,CN410482103,CN410482,长阜镇,河南临汝县东南长阜街,村镇,1820,1820,,,,hvd_18096,34.060837,112.995415
5257,CN410482103,CN410482,一五张,河南汝州市一五张,村镇,1911,1911,,,,hvd_149439,34.19369,112.939514
5258,CN410482103,CN410482,临汝镇,,村镇,1911,1911,,,,hvd_149444,34.260582,112.59104
5259,CN410482103,CN410482,十字路,河南汝州市十字路,村镇,1911,1911,,,,hvd_149450,34.084835,112.7314
5260,CN410482103,CN410482,十里铺,河南汝州市十里,村镇,1911,1911,,,,hvd_149452,34.18176,112.78365
5261,CN410482103,CN410482,半札,河南汝州市半扎,村镇,1911,1911,,,,hvd_149455,34.01997,112.804375
5262,CN410482103,CN410482,大峪店,河南汝州市大峪店,村镇,1911,1911,,,,hvd_149440,34.24428,113.0388
5263,CN410482103,CN410482,官庄,河南汝州市官庄,村镇,1911,1911,,,,hvd_149445,34.2511,112.6377
5264,CN410482103,CN410482,武巡店,河南汝州市武巡,村镇,1911,1911,,,,hvd_149438,34.11093,112.99808
5265,CN410482103,CN410482,汝州,河南汝州市,直隶州,1911,1911,,,,hvd_120274,34.161762,112.83702
5266,CN410482103,CN410482,范集,河南汝州市范集,村镇,1911,1911,,,,hvd_149441,34.209347,112.84582
5267,CN410482103,CN410482,虎头街,河南汝州市虎头,村镇,1911,1911,,,,hvd_149451,34.105713,112.86924
5268,CN410482103,CN410482,观上,河南汝州市观上,村镇,1911,1911,,,,hvd_149448,34.093037,112.668335
5269,CN410482103,CN410482,长营,河南汝州市长营,村镇,1911,1911,,,,hvd_149435,34.02817,112.97826
5270,CN410482103,CN410482,长阜,河南汝州市长阜街,村镇,1911,1911,,,,hvd_149436,34.047558,112.99627
5271,CN4105,CN4105,安阳县,河南安阳市,县,240,533,,,,hvd_82187,36.09834,114.3455
5272,CN4105,CN4105,相州,河南省安阳市区西郊,州,580,604,,,,,36.10365,114.3996
5273,CN4105,CN4105,安阳县,河南安阳市,县,590,1365,,,,hvd_82189,36.09834,114.3455
5274,CN4105,CN4105,相州,河南省安阳市区西郊,州,618,1128,,,,,36.10365,114.3996
5275,CN4105,CN4105,彰德府,河南安阳市,府,1192,1264,,,,hvd_116165,36.09834,114.3455
5276,CN4105,CN4105,安阳县,河南安阳市,县,1368,1911,,,,hvd_82190,36.09834,114.3455
5277,CN4105,CN4105,彰德府,河南安阳市,府,1368,1911,,,,hvd_84001,36.09834,114.3455
5278,CN4105,CN4105,安阳县,河南安阳市,县,1820,1820,,,,hvd_526,36.098343,114.3455
5279,CN4105,CN4105,彰德府,河南安阳市,府,1820,1820,,,,hvd_9591,36.098343,114.3455
5280,CN4105,CN4105,安阳县,河南安阳市,县,1911,1911,,,,hvd_121854,36.098343,114.3455
5281,CN4105,CN4105,彰德府,河南安阳市,府,1911,1911,,,,hvd_120236,36.098343,114.3455
5282,CN410526,CN410526,白马县,河南省安阳市滑县,县,-242,588,,,,hvd_82320,35.5351,114.70915
5283,CN410526,CN410526,兖州,河南省安阳市滑县,州,401,435,,,,hvd_113113,35.58151,114.5108
5284,CN410526,CN410526,凉城县,河南省安阳市滑县,县,424,555,,,,hvd_82348,35.62207,114.62544
5285,CN410526,CN410526,卫州,河南省安阳市滑县,州,578,606,,,,hvd_112949,35.39708,114.4345
5286,CN410526,CN410526,韦城县,河南省安阳市滑县,县,586,1126,,,,hvd_82345,35.4184,114.77003
5287,CN410526,CN410526,白马县,河南省安阳市滑县,县,589,1368,,,,hvd_82321,35.56445,114.54346
5288,CN410526,CN410526,卫南县,河南省安阳市滑县,县,596,1126,,,,hvd_82344,35.55474,114.83506
5289,CN410526,CN410526,滑州,河南省安阳市滑县,州,596,605,,,,hvd_110042,35.62207,114.62544
5290,CN410526,CN410526,灵昌县,河南省安阳市滑县,县,596,923,,,,hvd_82346,35.39708,114.4345
5291,CN410526,CN410526,兖州,河南省安阳市滑县,州,606,606,,,,hvd_110106,35.62207,114.62544
5292,CN410526,CN410526,东郡,河南省安阳市滑县,郡,607,617,,,,hvd_110194,35.62207,114.62544
5293,CN410526,CN410526,滑州,河南省安阳市滑县,州,618,741,,,,hvd_110959,35.62207,114.62544
5294,CN410526,CN410526,灵昌郡,河南省安阳市滑县,郡,742,757,,,,hvd_111287,35.62207,114.62544
5295,CN410526,CN410526,滑州,河南省安阳市滑县,州,758,760,,,,hvd_111392,35.62207,114.62544
5296,CN410526,CN410526,滑卫节度使,河南省安阳市滑县,防镇,761,762,,,,hvd_111418,35.62207,114.62544
5297,CN410526,CN410526,滑亳节度使,河南省安阳市滑县,防镇,763,771,,,,hvd_111454,35.62207,114.62544
5298,CN410526,CN410526,永平节度使,河南省安阳市滑县,防镇,772,778,,,,hvd_111475,35.62207,114.62544
5299,CN410526,CN410526,永平节度使,河南省安阳市滑县,防镇,784,784,,,,hvd_111509,35.62207,114.62544
5300,CN410526,CN410526,义成军节度使,河南省安阳市滑县,防镇,785,885,,,,hvd_111610,35.62207,114.62544
5301,CN410526,CN410526,宣义军节度使,河南省安阳市滑县,防镇,886,922,,,,hvd_111698,35.62207,114.62544
5302,CN410526,CN410526,义成军节度使,河南省安阳市滑县,防镇,923,962,,,,hvd_111778,35.62207,114.62544
5303,CN410526,CN410526,灵河县,河南省安阳市滑县,县,924,1065,,,,hvd_82347,35.39708,114.4345
5304,CN410526,CN410526,滑县,,县,1374,1911,,,,hvd_82322,35.56445,114.54346
5305,CN410526,CN410526,李家道口,河南滑县（道口）,村镇,1820,1820,,,,hvd_18053,35.561066,114.50212
5306,CN410526,CN410526,滑县,,县,1820,1820,,,,hvd_541,35.564453,114.543465
5307,CN410526,CN410526,万古集,河南滑县万古集,村镇,1911,1911,,,,hvd_149017,35.423256,114.77133
5308,CN410526,CN410526,上官村,河南滑县上官村镇,村镇,1911,1911,,,,hvd_149013,35.44396,114.63211
5309,CN410526,CN410526,徐营,河南滑县徐营,村镇,1911,1911,,,,hvd_149024,35.598003,114.63867
5310,CN410526,CN410526,杨公店,河南滑县杨公店,村镇,1911,1911,,,,hvd_149021,35.49085,114.48912
5311,CN410526,CN410526,横村,河南滑县横村,村镇,1911,1911,,,,hvd_149012,35.47879,114.67712
5312,CN410526,CN410526,沙店,河南滑县沙店,村镇,1911,1911,,,,hvd_149022,35.439472,114.42966
5313,CN410526,CN410526,滑县,,县,1911,1911,,,,hvd_121908,35.564453,114.543465
5314,CN410526,CN410526,焦虎寨,河南滑县焦虎集,村镇,1911,1911,,,,hvd_149015,35.317787,114.5323
5315,CN410526,CN410526,王五集,河南滑县王伍寨,村镇,1911,1911,,,,hvd_149019,35.465885,114.833275
5316,CN410526,CN410526,界牌,河南滑县界牌,村镇,1911,1911,,,,hvd_149025,35.601704,114.544075
5317,CN410526,CN410526,老牛店,河南滑县老店集,村镇,1911,1911,,,,hvd_149023,35.45709,114.5684
5318,CN410526,CN410526,马兰集,河南滑县马兰集,村镇,1911,1911,,,,hvd_149014,35.405838,114.53066
5319,CN410526,CN410526,高平集,河南滑县高平集,村镇,1911,1911,,,,hvd_149016,35.373505,114.762985
5320,CN410527,CN410527,繁阳县,河南省安阳市内黄县,县,-203,444,,,,hvd_82247,36.07414,114.86162
5321,CN410527,CN410527,繁阳县,河南省安阳市内黄县,县,495,555,,,,hvd_82248,36.07414,114.86162
5322,CN410527,CN410527,内黄县,河南省安阳市内黄县,县,586,1188,,,,hvd_82245,35.92184,114.74589
5323,CN410527,CN410527,繁阳县,河南省安阳市内黄县,县,596,605,,,,hvd_82249,36.07414,114.86162
5324,CN410527,CN410527,繁阳县,河南省安阳市内黄县,县,621,626,,,,hvd_82250,36.07414,114.86162
5325,CN410527,CN410527,清丰县,河南省安阳市内黄县,县,772,1043,,,,hvd_87809,35.92107,114.9624
5326,CN410527,CN410527,内黄县,河南内黄县,县,1189,1911,,,,hvd_82246,35.9539,114.89738
5327,CN410527,CN410527,井店堡,河南内黄县西南井店,村镇,1820,1820,,,,hvd_15596,35.82244,114.70804
5328,CN410527,CN410527,内黄县,河南内黄县,县,1820,1820,,,,hvd_536,35.953903,114.89738
5329,CN410527,CN410527,楚旺,河南内黄县西北楚旺,村镇,1820,1820,,,,hvd_18020,36.07414,114.86162
5330,CN410527,CN410527,高堤镇,河南内黄县西高堤,村镇,1820,1820,,,,hvd_18045,35.923927,114.675354
5331,CN410527,CN410527,内黄县,河南内黄县,县,1911,1911,,,,hvd_121998,35.953903,114.89738
5332,CN410527,CN410527,冉村,河南内黄县冉村,村镇,1911,1911,,,,hvd_148890,35.961124,114.69408
5333,CN410527,CN410527,军寨,河北魏县军寨,村镇,1911,1911,,,,hvd_134236,36.075794,114.926056
5334,CN410527,CN410527,善仪店,河南内黄县善仪店,村镇,1911,1911,,,,hvd_148894,36.015865,114.88688
5335,CN410527,CN410527,大村,河南内黄县大村,村镇,1911,1911,,,,hvd_148893,35.958935,114.826515
5336,CN410527,CN410527,柴村,河南内黄县大柴村,村镇,1911,1911,,,,hvd_134691,35.76819,114.8186
5337,CN410527,CN410527,滩上,河南清丰县滩上村,村镇,1911,1911,,,,hvd_134681,36.04233,114.93169
5338,CN410527,CN410527,田氏,河南内黄县田氏集,村镇,1911,1911,,,,hvd_148887,36.094048,114.75646
5339,CN410527,CN410527,碾头,河南内黄县碾头,村镇,1911,1911,,,,hvd_148896,35.893246,114.92922
5340,CN410527,CN410527,窦公集,河南内黄县豆公集,村镇,1911,1911,,,,hvd_148889,36.007458,114.71868
5341,CN410527,CN410527,蔡村,河南内黄县蔡村,村镇,1911,1911,,,,hvd_148895,36.04579,114.89769
5342,CN410621,CN410621,黎阳县,河南省鹤壁市浚县,县,-203,14,,,,hvd_82314,35.68427,114.59687
5343,CN410621,CN410621,黎蒸县,河南省鹤壁市浚县,县,14,22,,,,hvd_82315,35.68427,114.59687
5344,CN410621,CN410621,黎阳县,河南省鹤壁市浚县,县,23,421,,,,hvd_82316,35.68427,114.59687
5345,CN410621,CN410621,黎阳郡,河南省鹤壁市浚县,郡,337,582,,,,hvd_115530,35.68427,114.59687
5346,CN410621,CN410621,顿丘县,河南省鹤壁市浚县,县,494,533,,,,hvd_82305,35.76149,114.47306
5347,CN410621,CN410621,黎阳县,河南省鹤壁市浚县,县,526,1219,,,,hvd_82317,35.66838,114.54432
5348,CN410621,CN410621,黎州,河南省鹤壁市浚县,州,578,582,,,,hvd_112950,35.68427,114.59687
5349,CN410621,CN410621,清淇县,河南省鹤壁市浚县,县,596,605,,,,hvd_82299,35.49603,114.29069
5350,CN410621,CN410621,黎州,河南省鹤壁市浚县,州,596,605,,,,hvd_110045,35.66839,114.54432
5351,CN410621,CN410621,黎州,河南省鹤壁市浚县,州,619,642,,,,hvd_110697,35.66839,114.54432
5352,CN410621,CN410621,清淇县,河南省鹤壁市浚县,县,621,642,,,,hvd_82300,35.49603,114.29069
5353,CN410621,CN410621,清淇县,河南省鹤壁市浚县,县,703,704,,,,hvd_82301,35.49603,114.29069
5354,CN410621,CN410621,通利军,河南省鹤壁市浚县,军,988,1114,,,,hvd_115877,35.68427,114.59687
5355,CN410621,CN410621,安利军,河南省鹤壁市浚县,军,1023,1114,,,,hvd_115011,35.68427,114.59687
5356,CN410621,CN410621,浚州,河南省鹤壁市浚县,州,1115,1219,,,,hvd_115495,35.68427,114.59687
5357,CN410621,CN410621,浚州,河南省鹤壁市浚县,州,1220,1368,,,,hvd_82318,35.66838,114.54432
5358,CN410621,CN410621,浚县,,县,1369,1911,,,,hvd_82319,35.66838,114.54432
5359,CN410621,CN410621,屯子城,河南濬县西北屯子,村镇,1820,1820,,,,hvd_18043,35.76814,114.48116
5360,CN410621,CN410621,新镇,,村镇,1820,1820,,,,hvd_18054,35.512867,114.361046
5361,CN410621,CN410621,浚县,,县,1820,1820,,,,hvd_621,35.668385,114.54432
5362,CN410621,CN410621,二郎庙,河南浚县二郎庙,村镇,1911,1911,,,,hvd_149037,35.676537,114.58282
5363,CN410621,CN410621,井固,河南浚县南井固,村镇,1911,1911,,,,hvd_149036,35.740177,114.59723
5364,CN410621,CN410621,什村集,河南浚县什村,村镇,1911,1911,,,,hvd_150199,35.766098,114.651115
5365,CN410621,CN410621,善堂集,河南封丘县善堂,村镇,1911,1911,,,,hvd_149071,35.76707,114.67569
5366,CN410621,CN410621,大屯新,河南浚县大屯,村镇,1911,1911,,,,hvd_149039,35.491463,114.38641
5367,CN410621,CN410621,巨桥,河南浚县巨桥,村镇,1911,1911,,,,hvd_149031,35.692505,114.30269
5368,CN410621,CN410621,新镇,,村镇,1911,1911,,,,hvd_149029,35.512867,114.361046
5369,CN410621,CN410621,沙嘴,河南浚县沙嘴,村镇,1911,1911,,,,hvd_150200,35.743443,114.6561
5370,CN410621,CN410621,浚县,,县,1911,1911,,,,hvd_121999,35.668385,114.54432
5371,CN410621,CN410621,淇门,河南浚县淇门,村镇,1911,1911,,,,hvd_149038,35.49878,114.29902
5372,CN410621,CN410621,裴庄,河南浚县裴庄,村镇,1911,1911,,,,hvd_149034,35.81552,114.43777
5373,CN410621,CN410621,郭村所,河南浚县西郭村,村镇,1911,1911,,,,hvd_149040,35.526577,114.32154
5374,CN410622,CN410622,朝歌县,河南鹤壁市淇县,邑,-247,7,,,,,35.61807,114.23088
5375,CN410622,CN410622,朝歌县,河南省鹤壁市淇县,县,-221,13,,,,hvd_82267,35.60645,114.19437
5376,CN410622,CN410622,雅歌县,河南省鹤壁市淇县,县,14,22,,,,hvd_82268,35.60645,114.19437
5377,CN410622,CN410622,朝歌县,河南省鹤壁市淇县,县,22,534,,,,hvd_82269,35.60645,114.19437
5378,CN410622,CN410622,朝歌郡,河南省鹤壁市淇县,郡,220,265,,,,hvd_115095,35.60645,114.19437
5379,CN410622,CN410622,卫州,河南省鹤壁市淇县,州,310,318,,,,hvd_113070,35.60645,114.19437
5380,CN410622,CN410622,朝歌县,河南省鹤壁市淇县,县,535,605,,,,hvd_82270,35.60871,114.29176
5381,CN410622,CN410622,卫县,河南省鹤壁市淇县,县,606,1072,,,,hvd_82271,35.60871,114.29176
5382,CN410622,CN410622,汲郡,河南省鹤壁市淇县,郡,607,617,,,,hvd_110200,35.60645,114.19437
5383,CN410622,CN410622,卫州,河南省鹤壁市淇县,州,618,626,,,,hvd_110557,35.60645,114.19437
5384,CN410622,CN410622,卫县,河南省鹤壁市淇县,县,1086,1265,,,,hvd_82272,35.60871,114.29176
5385,CN410622,CN410622,淇县,,县,1820,1820,,,,hvd_540,35.60645,114.19437
5386,CN410622,CN410622,高村,,村镇,1820,1820,,,,hvd_18044,35.698803,114.22368
5387,CN410622,CN410622,七里堡,河南淇县七里堡,村镇,1911,1911,,,,hvd_148996,35.639263,114.201164
5388,CN410622,CN410622,下庞村,河南鹤壁市庞村集,村镇,1911,1911,,,,hvd_149033,35.784065,114.21523
5389,CN410622,CN410622,十三里堡,河南淇县十三里铺,村镇,1911,1911,,,,hvd_148998,35.553185,114.15677
5390,CN410622,CN410622,思德铺,河南淇县思德,村镇,1911,1911,,,,hvd_148997,35.65545,114.2211
5391,CN410622,CN410622,泉砦,河南淇县全寨,村镇,1911,1911,,,,hvd_149002,35.770954,114.07703
5392,CN410622,CN410622,淇县,,县,1911,1911,,,,hvd_121907,35.60645,114.19437
5393,CN410622,CN410622,留店寺,河南淇县留店寺,村镇,1911,1911,,,,hvd_149005,35.556545,114.205246
5394,CN410622,CN410622,石河岸,河南淇县石河岸,村镇,1911,1911,,,,hvd_148994,35.659126,114.26823
5395,CN410622,CN410622,礼河屯,河南淇县礼河屯,村镇,1911,1911,,,,hvd_148992,35.74594,114.205696
5396,CN410622,CN410622,花庄,河南淇县花庄,村镇,1911,1911,,,,hvd_148993,35.716118,114.21431
5397,CN410622,CN410622,西掌,河南淇县西掌,村镇,1911,1911,,,,hvd_148990,35.740055,114.04712
5398,CN410622,CN410622,迁民,河南淇县迁民村,村镇,1911,1911,,,,hvd_148995,35.618664,114.252815
5399,CN410622,CN410622,阎村,河南淇县阎家村,村镇,1911,1911,,,,hvd_149004,35.539585,114.20932
5400,CN410622,CN410622,韩楼,河南淇县西韩楼,村镇,1911,1911,,,,hvd_148991,35.704742,114.21023
5401,CN410622,CN410622,高村,,村镇,1911,1911,,,,hvd_149001,35.698803,114.22368
5402,CN410622,CN410622,黄庄,河南淇县黄庄,村镇,1911,1911,,,,hvd_149000,35.623814,114.12233
5403,CN4107,CN4107,新乡县,河南新乡市,县,1820,1820,,,,hvd_535,35.30994,113.86825
5404,CN4107,CN4107,新乡县,河南新乡市,县,1911,1911,,,,hvd_121904,35.30994,113.86825
5405,CN410727,CN410727,封丘县,河南封丘县,县,-196,446,,,,hvd_82323,35.03968,114.40883
5406,CN410727,CN410727,封丘县,河南封丘县,县,501,555,,,,hvd_82324,35.03968,114.40883
5407,CN410727,CN410727,封丘县,河南封丘县,县,596,1165,,,,hvd_82325,35.03968,114.40883
5408,CN410727,CN410727,守节县,河南省新乡市封丘县,县,620,620,,,,hvd_83177,35.14788,114.30724
5409,CN410727,CN410727,封丘县,河南省新乡市封丘县,县,1166,1312,,,,hvd_82326,35.09814,114.41015
5410,CN410727,CN410727,封丘县,河南封丘县,县,1213,1911,,,,hvd_82327,35.03968,114.40883
5411,CN410727,CN410727,大村集,河南封丘县西北大村集,村镇,1820,1820,,,,hvd_18049,35.102123,114.28379
5412,CN410727,CN410727,封丘县,河南封丘县,县,1820,1820,,,,hvd_542,35.039677,114.40883
5413,CN410727,CN410727,铜瓦厢集,河南兰考县西北铜瓦厢,村镇,1820,1820,,,,hvd_18126,34.918457,114.773834
5414,CN410727,CN410727,陈桥镇,河南封丘县东南陈桥,村镇,1820,1820,,,,hvd_18119,34.94238,114.479805
5415,CN410727,CN410727,刘村,河南封丘县刘村,村镇,1911,1911,,,,hvd_149063,35.065414,114.35037
5416,CN410727,CN410727,封丘县,河南封丘县,县,1911,1911,,,,hvd_121993,35.039677,114.40883
5417,CN410727,CN410727,小陡门,河南封丘县西斗门,村镇,1911,1911,,,,hvd_149061,35.055824,114.25848
5418,CN410727,CN410727,巨冈集,河南封丘县巨冈集,村镇,1911,1911,,,,hvd_149057,35.01452,114.59002
5419,CN410727,CN410727,思庄,河南封丘县司庄,村镇,1911,1911,,,,hvd_148203,34.954098,114.45128
5420,CN410727,CN410727,新庄集,河南封丘前辛庄,村镇,1911,1911,,,,hvd_150151,34.944492,114.71205
5421,CN410727,CN410727,曹寨,河南封丘县曹寨,村镇,1911,1911,,,,hvd_149056,35.01747,114.63417
5422,CN410727,CN410727,林庄,河南封丘县林庄,村镇,1911,1911,,,,hvd_149065,35.092705,114.61525
5423,CN410727,CN410727,水驿城,河南封丘县水驿,村镇,1911,1911,,,,hvd_149060,34.979855,114.33235
5424,CN410727,CN410727,沙冈,河南封丘县沙岗,村镇,1911,1911,,,,hvd_149064,35.058777,114.45488
5425,CN410727,CN410727,清河集,河南封丘县清河集,村镇,1911,1911,,,,hvd_148205,34.94417,114.604485
5426,CN410727,CN410727,瓦窑,河南封丘县瓦窑,村镇,1911,1911,,,,hvd_149062,35.075,114.387314
5427,CN410727,CN410727,留光集,河南封丘县留光集,村镇,1911,1911,,,,hvd_149055,35.074986,114.58387
5428,CN410727,CN410727,竹村铺,河南封丘县朱村铺,村镇,1911,1911,,,,hvd_149059,35.01747,114.44948
5429,CN410727,CN410727,荆隆口,河南封丘县荆隆宫,村镇,1911,1911,,,,hvd_149051,34.97117,114.31282
5430,CN410727,CN410727,董堤,河南封丘县董堤,村镇,1911,1911,,,,hvd_148204,35.013916,114.30623
5431,CN410727,CN410727,贯台,河南封丘县贯台集,村镇,1911,1911,,,,hvd_148217,34.92696,114.686424
5432,CN410727,CN410727,马台,河南封丘李马台,村镇,1911,1911,,,,hvd_150208,35.142864,114.30482
5433,CN410727,CN410727,马道村,河南封丘马道,村镇,1911,1911,,,,hvd_150209,35.129845,114.55395
5434,CN410727,CN410727,黄陵集,河南封丘县黄陵集,村镇,1911,1911,,,,hvd_148199,35.00712,114.64997
5435,CN410728,CN410728,匡城县,河南省新乡市长垣市,县,596,907,,,,hvd_87815,35.14716,114.62228
5436,CN410728,CN410728,长垣县,河南省新乡市长垣市,县,618,624,,,,hvd_87816,35.22366,114.74191
5437,CN410728,CN410728,长垣县,河南省新乡市长垣市,县,907,923,,,,hvd_87817,35.14716,114.62228
5438,CN410728,CN410728,匡城县,河南省新乡市长垣市,县,924,959,,,,hvd_87818,35.14716,114.62228
5439,CN410728,CN410728,长垣县,河南省新乡市长垣市,县,960,1911,,,,hvd_87819,35.14716,114.62228
5440,CN410728,CN410728,长垣县,河南省新乡市长垣市,县,1130,1367,,,,hvd_87820,35.26603,114.91701
5441,CN410728,CN410728,长垣县,河南长垣县,县,1368,1911,,,,hvd_87821,35.19836,114.68272
5442,CN410728,CN410728,老岸镇,河南滑县（道口）东南老岸镇,村镇,1820,1820,,,,hvd_18057,35.378605,114.85457
5443,CN410728,CN410728,长垣县,河南长垣县,县,1820,1820,,,,hvd_43,35.19836,114.682724
5444,CN410728,CN410728,丁栾集,河南长垣丁栾集,村镇,1911,1911,,,,hvd_150204,35.291504,114.758575
5445,CN410728,CN410728,东邓岗,河南长垣县东邓岗,村镇,1911,1911,,,,hvd_134715,35.26269,114.760376
5446,CN410728,CN410728,九岗,河南长垣县九岗,村镇,1911,1911,,,,hvd_134624,35.241184,114.8718
5447,CN410728,CN410728,付寨,河南长垣县付庄,村镇,1911,1911,,,,hvd_134623,35.130386,114.684975
5448,CN410728,CN410728,大郭寨,河南长垣县后大郭,村镇,1911,1911,,,,hvd_134622,35.24432,114.56725
5449,CN410728,CN410728,小渠集,河南长垣前小渠,村镇,1911,1911,,,,hvd_150202,35.359077,114.927155
5450,CN410728,CN410728,小谷堆,河南长垣县北小谷堆,村镇,1911,1911,,,,hvd_134619,35.225506,114.64403
5451,CN410728,CN410728,樊相集,河南长垣县凡相,村镇,1911,1911,,,,hvd_134716,35.284767,114.63289
5452,CN410728,CN410728,油坊,河南长垣县油房寨,村镇,1911,1911,,,,hvd_134626,35.069763,114.78095
5453,CN410728,CN410728,老岸司,河南长垣南老岸,村镇,1911,1911,,,,hvd_150201,35.380924,114.87135
5454,CN410728,CN410728,苗寨集,河南长垣县苗占,村镇,1911,1911,,,,hvd_134714,35.262054,114.86691
5455,CN410728,CN410728,长垣县,河南长垣县,县,1911,1911,,,,hvd_121456,35.19836,114.682724
5456,CN410728,CN410728,青岗集,河南长垣县青岗集,村镇,1911,1911,,,,hvd_134618,35.269405,114.583885
5457,CN410728,CN410728,韩庙集,河南长垣县韩庙,村镇,1911,1911,,,,hvd_134620,35.13875,114.74384
5458,CN410823,CN410823,河内郡,河南省焦作市武陟县,郡,-290,606,,,,hvd_115329,35.03151,113.25908
5459,CN410823,CN410823,怀县,河南省焦作市武陟县,县,-258,13,,,,hvd_82504,35.09044,113.32951
5460,CN410823,CN410823,武德县,河南省焦作市武陟县,县,-219,264,,,,hvd_82503,35.06432,113.44887
5461,CN410823,CN410823,河内郡,河南省焦作市武陟县,郡,0,8,,,,hvd_112136,35.09044,113.32951
5462,CN410823,CN410823,后队郡（河内郡）,河南省焦作市武陟县,郡,9,23,,,,hvd_112137,35.09044,113.32951
5463,CN410823,CN410823,河内县,河南省焦作市武陟县,县,14,22,,,,hvd_82505,35.09044,113.32951
5464,CN410823,CN410823,怀县,河南省焦作市武陟县,县,23,595,,,,hvd_82506,35.09044,113.32951
5465,CN410823,CN410823,河内郡,河南省焦作市武陟县,郡,24,0,,,,hvd_112138,35.09044,113.32951
5466,CN410823,CN410823,温县,河南省焦作市武陟县,县,534,555,,,,hvd_82521,35.03151,113.25908
5467,CN410823,CN410823,修武县,河南省焦作市武陟县,县,614,618,,,,hvd_82481,35.05156,113.26501
5468,CN410823,CN410823,怀县,河南省焦作市武陟县,县,621,626,,,,hvd_82507,35.09044,113.32951
5469,CN410823,CN410823,宁郭驿,河南武陟县（木城）西北宁郭,村镇,1820,1820,,,,hvd_18034,35.149693,113.203026
5470,CN410823,CN410823,木栾店,,村镇,1820,1820,,,,hvd_18037,35.098892,113.392456
5471,CN410823,CN410823,武陟县,河南武陟县（木城）西南武陟,县,1820,1820,,,,hvd_534,35.056087,113.36536
5472,CN410823,CN410823,二铺,河南武陟县二铺营,村镇,1911,1911,,,,hvd_149138,35.033634,113.49015
5473,CN410823,CN410823,南贾,河南武陟县南贾,村镇,1911,1911,,,,hvd_149139,35.0407,113.41784
5474,CN410823,CN410823,圪垱店,河南武陟县圪垱店,村镇,1911,1911,,,,hvd_149143,35.07997,113.51182
5475,CN410823,CN410823,大司马,河南武陟县大司马,村镇,1911,1911,,,,hvd_149136,35.001427,113.234406
5476,CN410823,CN410823,宁郭,河南武陟县宁郭,村镇,1911,1911,,,,hvd_149132,35.149693,113.203026
5477,CN410823,CN410823,官滩,河南武陟官滩,村镇,1911,1911,,,,hvd_150219,35.134216,113.54063
5478,CN410823,CN410823,小原村,河南武陟县小原村,村镇,1911,1911,,,,hvd_149140,35.104424,113.36543
5479,CN410823,CN410823,小徐冈,河南武陟县小徐岗,村镇,1911,1911,,,,hvd_149145,35.122208,113.4576
5480,CN410823,CN410823,木栾店,,村镇,1911,1911,,,,hvd_149131,35.098892,113.392456
5481,CN410823,CN410823,武陟县,河南武陟县今县治西南老城，沁河西岸,县,1911,1911,,,,hvd_121911,35.08738,113.375374
5482,CN410823,CN410823,滑封,河南武陟县东滑封,村镇,1911,1911,,,,hvd_149135,35.043663,113.19555
5483,CN410823,CN410823,草亭,河南武陟县草亭,村镇,1911,1911,,,,hvd_149146,35.0244,113.38802
5484,CN410823,CN410823,蒯村,河南武陟县蒯村,村镇,1911,1911,,,,hvd_149144,35.151848,113.491035
5485,CN410823,CN410823,赵庄,河南武陟赵庄,村镇,1911,1911,,,,hvd_150218,34.971855,113.21884
5486,CN410882,CN410882,野王县,河南省焦作市沁阳市,县,-221,13,,,,hvd_82485,35.0893,112.93699
5487,CN410882,CN410882,平野县,河南省焦作市沁阳市,县,14,22,,,,hvd_82486,35.0893,112.93699
5488,CN410882,CN410882,野王县,河南省焦作市沁阳市,县,23,595,,,,hvd_82487,35.0893,112.93699
5489,CN410882,CN410882,豫州,河南省焦作市沁阳市,州,399,422,,,,hvd_112981,35.0893,112.93699
5490,CN410882,CN410882,怀州,河南省焦作市沁阳市,州,467,494,,,,hvd_113063,35.0893,112.93699
5491,CN410882,CN410882,东荆州,河南省焦作市沁阳市,州,472,553,,,,hvd_113154,35.17355,112.79306
5492,CN410882,CN410882,西郢州,河南省焦作市沁阳市,州,524,553,,,,hvd_113163,35.0893,112.93699
5493,CN410882,CN410882,怀州,河南省焦作市沁阳市,州,534,606,,,,hvd_113064,35.0893,112.93699
5494,CN410882,CN410882,殷州,河南省焦作市沁阳市,州,535,582,,,,hvd_113165,35.01271,112.84293
5495,CN410882,CN410882,淮州,河南省焦作市沁阳市,州,554,584,,,,hvd_113155,35.17355,112.79306
5496,CN410882,CN410882,鸿州,河南省焦作市沁阳市,州,554,557,,,,hvd_113164,35.0893,112.93699
5497,CN410882,CN410882,河内县,河南沁阳县,县,596,1911,,,,hvd_82488,35.0893,112.93699
5498,CN410882,CN410882,怀州,河南省焦作市沁阳市,州,607,1282,,,,hvd_115381,35.0893,112.93699
5499,CN410882,CN410882,河内郡,河南省焦作市沁阳市,郡,607,618,,,,hvd_110279,35.0893,112.93699
5500,CN410882,CN410882,忠义县,河南省焦作市沁阳市,县,620,620,,,,hvd_82535,35.01271,112.84293
5501,CN410882,CN410882,紫陵县,河南省焦作市沁阳市,县,620,620,,,,hvd_82536,35.17355,112.79306
5502,CN410882,CN410882,怀州,河南省焦作市沁阳市,州,621,689,,,,hvd_110747,35.0893,112.93699
5503,CN410882,CN410882,河内郡,河南省焦作市沁阳市,郡,690,755,,,,hvd_111182,35.0893,112.93699
5504,CN410882,CN410882,南怀州,河南省焦作市沁阳市,州,1128,1150,,,,hvd_115630,35.0893,112.93699
5505,CN410882,CN410882,怀庆路,河南省焦作市沁阳市,府,1279,1367,,,,hvd_84022,35.0893,112.93699
5506,CN410882,CN410882,怀庆府,河南沁阳县,府,1368,1911,,,,hvd_84002,35.0893,112.93699
5507,CN410882,CN410882,崇义镇,河南沁阳县西南崇义,村镇,1820,1820,,,,hvd_18025,35.01271,112.84293
5508,CN410882,CN410882,怀庆府,河南沁阳县,府,1820,1820,,,,hvd_9592,35.089302,112.93699
5509,CN410882,CN410882,柏香镇,河南沁阳县西柏香,村镇,1820,1820,,,,hvd_18027,35.0695,112.764114
5510,CN410882,CN410882,河内县,河南沁阳县,县,1820,1820,,,,hvd_528,35.089302,112.93699
5511,CN410882,CN410882,邗台镇,河南沁阳县北,村镇,1820,1820,,,,hvd_18023,35.15969,112.86785
5512,CN410882,CN410882,万善镇,河南沁阳市万善,村镇,1911,1911,,,,hvd_149079,35.178104,112.961136
5513,CN410882,CN410882,尚香镇,河南沁阳市尚香,村镇,1911,1911,,,,hvd_149091,35.03075,113.03952
5514,CN410882,CN410882,怀庆府,河南沁阳市,府,1911,1911,,,,hvd_120240,35.089302,112.93699
5515,CN410882,CN410882,感化村,河南沁阳市感化,村镇,1911,1911,,,,hvd_149077,35.002754,112.943115
5516,CN410882,CN410882,河内县,河南沁阳市,县,1911,1911,,,,hvd_121894,35.089302,112.93699
5517,CN410882,CN410882,蓝扈,河南沁阳市蓝户铺,村镇,1911,1911,,,,hvd_149078,35.04033,112.87285
5518,CN410882,CN410882,邘邰镇,河南沁阳市邘邰,村镇,1911,1911,,,,hvd_149081,35.17,112.91248
5519,CN410883,CN410883,谷旦县,河南省焦作市孟州市谷黄线,县,620,620,,,,hvd_82543,34.97015,112.7958
5520,CN410883,CN410883,孟州,河南省焦作市孟州市,州,621,1376,,,,hvd_115605,34.90318,112.7828
5521,CN410883,CN410883,集城县,河南省焦作市孟州市,县,621,624,,,,hvd_82542,34.9005,112.85022
5522,CN410883,CN410883,盟州,河南省焦作市孟州市,州,622,625,,,,hvd_110522,34.90318,112.7828
5523,CN410883,CN410883,孟州,孟州市槐树乡桑洼村,州,843,1376,更名,更名,,,34.9505,112.69341
5524,CN410883,CN410883,河阳县,河南省焦作市孟州市,县,1187,1218,,,,hvd_82515,34.90318,112.7828
5525,CN410883,CN410883,怀孟州,河南省焦作市孟州市,州,1232,1264,,,,hvd_115378,34.90318,112.7828
5526,CN410883,CN410883,河阳县,河南省焦作市孟州市,县,1258,1368,,,,hvd_82517,34.90318,112.7828
5527,CN410883,CN410883,孟县,河南孟县,县,1377,1911,,,,hvd_82518,34.90318,112.7828
5528,CN410883,CN410883,孟县,河南孟县,县,1820,1820,,,,hvd_554,34.90318,112.7828
5529,CN410883,CN410883,沇河镇,河南孟县东沇河镇,村镇,1820,1820,,,,hvd_18078,34.9066,112.877754
5530,CN410883,CN410883,冶墙,河南孟县冶墙,村镇,1911,1911,,,,hvd_149124,35.012436,112.72105
5531,CN410883,CN410883,孟县,河南孟县,县,1911,1911,,,,hvd_121910,34.90318,112.7828
5532,CN410883,CN410883,戍楼村,河南孟县戍楼,村镇,1911,1911,,,,hvd_149126,34.89687,112.72827
5533,CN410883,CN410883,段村,河南温县段村,村镇,1911,1911,,,,hvd_149120,34.99293,112.867355
5534,CN410883,CN410883,沇河镇,河南孟县沇河,村镇,1911,1911,,,,hvd_149129,34.920574,112.899055
5535,CN410883,CN410883,谷旦村,河南孟县谷旦村,村镇,1911,1911,,,,hvd_149123,34.970154,112.7958
5536,CN410883,CN410883,长店村,河南孟县长店,村镇,1911,1911,,,,hvd_149127,34.949467,112.79966
5537,CN411,CN411,许州,河南许昌市,州,523,1741,,,,hvd_116032,34.03139,113.81975
5538,CN411,CN411,许州,河南许昌市,州,621,741,,,,hvd_110970,34.03139,113.81975
5539,CN411,CN411,许州,河南许昌市,州,758,1079,,,,,34.03139,113.81975
5540,CN411,CN411,颍昌府,河南许昌,府,960,1127,,,,,34.041737,113.8588
5541,CN411,CN411,许州,河南许昌市,州,1110,1734,,,,,34.03139,113.81975
5542,CN411,CN411,许州,河南许昌市,直隶州,1724,1733,,,,hvd_84018,34.03139,113.81975
5543,CN411,CN411,许州府,河南许昌市,府,1734,1741,,,,hvd_84017,34.03139,113.81975
5544,CN411,CN411,许州府,河南许昌市,府,1735,1740,,,,,34.03139,113.81975
5545,CN411,CN411,许州,河南许昌市,直隶州,1741,1819,,,,,34.03139,113.81975
5546,CN411,CN411,许州,河南许昌市,直隶州,1742,1911,,,,hvd_84012,34.03139,113.81975
5547,CN411,CN411,许州,河南许昌市,直隶州,1820,1820,,,,hvd_9596,34.03139,113.81975
5548,CN411,CN411,许州,河南许昌市,直隶州,1911,1911,,,,hvd_120273,34.03139,113.81975
5549,CN411025,CN411025,襄城县,河南襄城县,县,-230,-188,,,,hvd_83027,33.85369,113.47237
5550,CN411025,CN411025,颍阳县,河南省许昌市襄城县,县,-230,78,,,,hvd_83015,33.97408,113.58825
5551,CN411025,CN411025,襄成侯国,河南省许昌市襄城县,国,-187,-187,,,,hvd_83028,33.85369,113.47237
5552,CN411025,CN411025,襄城县,河南襄城县,县,-186,13,,,,hvd_83029,33.85369,113.47237
5553,CN411025,CN411025,相城县,河南省许昌市襄城县,县,14,22,,,,hvd_83030,33.85369,113.47237
5554,CN411025,CN411025,襄城县,河南襄城县,县,23,1911,,,,hvd_83031,33.85369,113.47237
5555,CN411025,CN411025,颍阳侯国,河南省许昌市襄城县,国,79,91,,,,hvd_83016,33.97408,113.58825
5556,CN411025,CN411025,颍阳县,河南省许昌市襄城县,县,92,265,,,,hvd_83017,33.97408,113.58825
5557,CN411025,CN411025,襄城郡,河南省许昌市襄城县,郡,266,606,,,,hvd_115988,33.85369,113.47237
5558,CN411025,CN411025,广州,河南省许昌市襄城县,州,546,605,,,,hvd_112940,33.85369,113.47237
5559,CN411025,CN411025,南襄城郡,河南省许昌市襄城县,郡,567,582,,,,hvd_115645,33.85369,113.47237
5560,CN411025,CN411025,襄城县,河南襄城县,县,1820,1820,,,,hvd_594,33.85369,113.47237
5561,CN411025,CN411025,颍桥镇,河南襄城县东北颍桥,村镇,1820,1820,,,,hvd_18162,33.96253,113.58506
5562,CN411025,CN411025,化行镇,河南襄城县化行镇,村镇,1911,1911,,,,hvd_148800,33.913956,113.66929
5563,CN411025,CN411025,姜店,河南襄城县姜店,村镇,1911,1911,,,,hvd_148799,33.77955,113.43213
5564,CN411025,CN411025,灵树铺,河南襄城县灵树,村镇,1911,1911,,,,hvd_148794,33.916195,113.5237
5565,CN411025,CN411025,纣城,河南临颖县纣城,村镇,1911,1911,,,,hvd_148787,33.761024,113.7491
5566,CN411025,CN411025,蓦岭,河南襄城县蓦岭,村镇,1911,1911,,,,hvd_148797,33.78478,113.64862
5567,CN411025,CN411025,襄城县,河南襄城县,县,1911,1911,,,,hvd_121934,33.85369,113.47237
5568,CN411025,CN411025,阎寨,河南襄城县阎寨,村镇,1911,1911,,,,hvd_148790,34.014015,113.488655
5569,CN411025,CN411025,霍堰,河南襄城县霍堰,村镇,1911,1911,,,,hvd_148795,33.70637,113.63244
5570,CN411025,CN411025,颖桥,河南襄城县颖桥回族镇,村镇,1911,1911,,,,hvd_148791,33.974438,113.57223
5571,CN411025,CN411025,黄岗店,河南禹州市黄岗店,村镇,1911,1911,,,,hvd_150159,34.019253,113.55192
5572,CN411082,CN411082,长社县,河南省许昌市长葛市,县,-230,548,,,,hvd_83039,34.2299,113.85049
5573,CN411082,CN411082,长葛县,河南长葛市东北古城,县,586,1911,,,,hvd_83043,34.2299,113.85049
5574,CN411082,CN411082,洧川县,河南长葛市东北古城,县,1218,1368,新建,迁移治所,,hvd_44346,34.229904,113.850494
5575,CN411082,CN411082,后河镇,河南长葛县（和尚桥）西后河,村镇,1820,1820,,,,hvd_18097,34.255688,113.629814
5576,CN411082,CN411082,和尚桥镇,,村镇,1820,1820,,,,hvd_18112,34.223938,113.76073
5577,CN411082,CN411082,董村镇,河南长葛县（和尚桥）东董村,村镇,1820,1820,,,,hvd_18103,34.229404,113.93062
5578,CN411082,CN411082,长葛县,河南长葛市东北古城,县,1820,1820,,,,hvd_556,34.229904,113.850494
5579,CN411082,CN411082,佛冈,河南长葛佛耳岗,村镇,1911,1911,,,,hvd_150187,34.27603,113.80844
5580,CN411082,CN411082,刘河,河南尉氏县刘合集,村镇,1911,1911,,,,hvd_148272,34.33165,113.89614
5581,CN411082,CN411082,和尚,河南长葛和尚杨,村镇,1911,1911,,,,hvd_150188,34.315594,113.85619
5582,CN411082,CN411082,和尚桥镇,,村镇,1911,1911,,,,hvd_150129,34.223938,113.76073
5583,CN411082,CN411082,四三府寨,河南长葛四三府,村镇,1911,1911,,,,hvd_150190,34.287212,113.73474
5584,CN411082,CN411082,大墙王,河南长葛县大墙王,村镇,1911,1911,,,,hvd_148817,34.218414,113.91432
5585,CN411082,CN411082,官亭,河南长葛县老官亭,村镇,1911,1911,,,,hvd_148816,34.31301,113.769
5586,CN411082,CN411082,曹碾头,河南长葛县曹碾头,村镇,1911,1911,,,,hvd_148277,34.183834,114.09784
5587,CN411082,CN411082,水磨河,河南长葛水磨河,村镇,1911,1911,,,,hvd_150157,34.23292,113.602394
5588,CN411082,CN411082,白露庙,河南长葛县白雾,村镇,1911,1911,,,,hvd_148279,34.289845,113.928696
5589,CN411082,CN411082,苑店,河南长葛县苑店,村镇,1911,1911,,,,hvd_150141,34.221725,114.00204
5590,CN411082,CN411082,贾庄,河南长葛贾庄,村镇,1911,1911,,,,hvd_150189,34.173695,113.75654
5591,CN411082,CN411082,长葛县,河南长葛市东北古城,县,1911,1911,,,,hvd_121969,34.229904,113.850494
5592,CN411103,CN411103,濮州,河南省漯河市郾城区白云山北路辅路,州,596,605,,,,hvd_110066,33.59627,113.9904
5593,CN411103,CN411103,道州,河南省漯河市郾城区白云山北路辅路,州,596,605,,,,hvd_110047,33.59627,113.9904
5594,CN411103,CN411103,濮州,河南省漯河市郾城区白云山北路辅路,州,621,741,,,,hvd_111026,33.59627,113.9904
5595,CN411103,CN411103,道州,河南省漯河市郾城区白云山北路辅路,州,621,626,,,,hvd_110556,33.59627,113.9904
5596,CN411103,CN411103,郾城县,,县,723,1911,,,,hvd_83038,33.59627,113.99039
5597,CN411103,CN411103,濮阳郡,河南省漯河市郾城区白云山北路辅路,郡,742,755,,,,hvd_111208,33.59627,113.9904
5598,CN411103,CN411103,曹濮都团练观察使,河南省漯河市郾城区白云山北路辅路,防镇,782,783,,,,hvd_111504,33.59627,113.9904
5599,CN411103,CN411103,郾城县,,县,1820,1820,,,,hvd_596,33.596268,113.990395
5600,CN411103,CN411103,丁湾,河南临颍丁湾,村镇,1911,1911,,,,hvd_150193,33.74323,113.9081
5601,CN411103,CN411103,八里庙,河南郾城八里庙,村镇,1911,1911,,,,hvd_150195,33.63459,114.01241
5602,CN411103,CN411103,北王店,河南郾城王店,村镇,1911,1911,,,,hvd_150194,33.65485,113.99269
5603,CN411103,CN411103,宋岗,河南郾城崇岗,村镇,1911,1911,,,,hvd_150196,33.73116,113.84477
5604,CN411103,CN411103,葛冈,河南临颖县葛岗,村镇,1911,1911,,,,hvd_148786,33.738712,113.79397
5605,CN411103,CN411103,郾城县,,县,1911,1911,,,,hvd_121995,33.596268,113.990395
5606,CN411103,CN411103,黄连城,河南临颖黄连城,村镇,1911,1911,,,,hvd_150191,33.72685,114.08248
5607,CN411222,CN411222,陕县,河南省三门峡市陕州区青龙大坝,县,-249,204,,,,hvd_83044,34.7918,111.15139
5608,CN411222,CN411222,黄眉县,河南省三门峡市陕州区青龙大坝,县,14,22,,,,hvd_83045,34.7918,111.15139
5609,CN411222,CN411222,陕县,河南省三门峡市陕州区青龙大坝,县,23,533,,,,hvd_83046,34.7918,111.15139
5610,CN411222,CN411222,洛州,河南省三门峡市陕州区青龙大坝,州,356,369,,,,hvd_112877,34.7918,111.15139
5611,CN411222,CN411222,崤县,河南省三门峡市陕州区,县,487,605,,,,hvd_82949,34.63044,111.51095
5612,CN411222,CN411222,恒农郡,河南省三门峡市陕州区青龙大坝,郡,487,557,,,,hvd_115346,34.7918,111.15139
5613,CN411222,CN411222,北陕县,河南省三门峡市陕州区青龙大坝,县,534,557,,,,hvd_83047,34.7918,111.15139
5614,CN411222,CN411222,崤郡,河南省三门峡市陕州区,郡,558,582,,,,hvd_115994,34.63044,111.51095
5615,CN411222,CN411222,陕县,河南省三门峡市陕州区青龙大坝,县,558,1367,,,,hvd_83048,34.7918,111.15139
5616,CN411222,CN411222,崤县,河南省三门峡市陕州区,县,617,617,,,,hvd_82950,34.64569,111.32635
5617,CN411222,CN411222,弘农郡,河南省三门峡市陕州区,郡,617,617,,,,hvd_110201,34.65606,111.36268
5618,CN411222,CN411222,崤县,河南省三门峡市陕州区,县,618,619,,,,hvd_82951,34.64569,111.32635
5619,CN411222,CN411222,陕州,河南省三门峡市陕州区,州,618,741,,,,hvd_110967,34.65606,111.36268
5620,CN411222,CN411222,崤县,河南省三门峡市陕州区,县,620,633,,,,hvd_82952,34.65606,111.36268
5621,CN411222,CN411222,崤县,河南省三门峡市陕州区,县,620,639,,,,hvd_82953,34.66701,111.30114
5622,CN411222,CN411222,峡石县,河南省三门峡市陕州区,县,640,966,,,,hvd_82954,34.64569,111.32635
5623,CN411222,CN411222,陕州,河南省三门峡市陕州区,州,742,1367,,,,hvd_115770,34.65606,111.36268
5624,CN411222,CN411222,陕郡,河南省三门峡市陕州区,郡,742,755,,,,hvd_111184,34.65606,111.36268
5625,CN411222,CN411222,陕虢华节度使,河南省三门峡市陕州区,防镇,759,759,,,,hvd_111384,34.65606,111.36268
5626,CN411222,CN411222,陕西观察使,河南省三门峡市陕州区,防镇,760,778,,,,hvd_111477,34.65606,111.36268
5627,CN411222,CN411222,陕西防御观察使,河南省三门峡市陕州区,防镇,781,782,,,,hvd_111490,34.65606,111.36268
5628,CN411222,CN411222,陕西节度使,河南省三门峡市陕州区,防镇,783,783,,,,hvd_111499,34.65606,111.36268
5629,CN411222,CN411222,陕西节度使,河南省三门峡市陕州区,防镇,783,783,,,,hvd_111498,34.65606,111.36268
5630,CN411222,CN411222,陕虢都防御使,河南省三门峡市陕州区,防镇,785,828,,,,hvd_111564,34.65606,111.36268
5631,CN411222,CN411222,陕虢都防御观察使,河南省三门峡市陕州区,防镇,836,881,,,,hvd_111597,34.65606,111.36268
5632,CN411222,CN411222,陕虢节度使,河南省三门峡市陕州区,防镇,882,888,,,,hvd_111617,34.65606,111.36268
5633,CN411222,CN411222,保义军节度使,河南省三门峡市陕州区,防镇,889,899,,,,hvd_111639,34.65606,111.36268
5634,CN411222,CN411222,镇国军节度使,河南省三门峡市陕州区,防镇,908,922,,,,hvd_111701,34.65606,111.36268
5635,CN411222,CN411222,保义军节度使,河南省三门峡市陕州区,防镇,923,976,,,,hvd_111845,34.65606,111.36268
5636,CN411222,CN411222,峡石县,河南省三门峡市陕州区,县,967,976,,,,hvd_82955,34.72316,111.50131
5637,CN411222,CN411222,峡石县,河南省三门峡市陕州区,县,977,1072,,,,hvd_82956,34.72435,111.46123
5638,CN411222,CN411222,陕州,河南省三门峡市陕州区青龙大坝,州,1368,1911,,,,hvd_83049,34.7918,111.15139
5639,CN411222,CN411222,陕州,河南三门峡市陕县老城,直隶州,1724,1911,,,,hvd_84010,34.79385,111.14872
5640,CN411222,CN411222,陕州直隶州,河南省三门峡市陕州区青龙大坝,州,1724,1911,,,,hvd_115771,34.7918,111.15139
5641,CN411222,CN411222,曲沃镇,河南陕县西曲沃街,村镇,1820,1820,,,,hvd_18065,34.725784,111.069115
5642,CN411222,CN411222,硖石关,河南陕县东南硖石驿,村镇,1820,1820,,,,hvd_18073,34.72435,111.46123
5643,CN411222,CN411222,观音堂,,村镇,1820,1820,,,,hvd_18071,34.709373,111.56301
5644,CN411222,CN411222,陕州,河南三门峡市西陕县城,直隶州,1820,1820,,,,hvd_9602,34.783974,111.14243
5645,CN411222,CN411222,雁翔关,河南陕县东南燕翔关,村镇,1820,1820,,,,hvd_18067,34.612186,111.38165
5646,CN411222,CN411222,七里村,河南陕县七里,村镇,1911,1911,,,,hvd_149389,34.734554,111.57915
5647,CN411222,CN411222,五原,河南陕县五原,村镇,1911,1911,,,,hvd_149374,34.66489,111.05487
5648,CN411222,CN411222,人马寨,河南陕县人马寨,村镇,1911,1911,,,,hvd_149378,34.65377,111.187515
5649,CN411222,CN411222,张村,河南陕县张村,村镇,1911,1911,,,,hvd_149376,34.622597,111.21405
5650,CN411222,CN411222,摇店村,河南陕县窑店,村镇,1911,1911,,,,hvd_149380,34.557426,111.2191
5651,CN411222,CN411222,支社,河南陕县支社,村镇,1911,1911,,,,hvd_149386,34.827198,111.51508
5652,CN411222,CN411222,柳沟,河南陕县柳沟,村镇,1911,1911,,,,hvd_149391,34.659702,111.6378
5653,CN411222,CN411222,草庙,河南陕县草庙,村镇,1911,1911,,,,hvd_149377,34.555943,111.13879
5654,CN411222,CN411222,观音堂,,村镇,1911,1911,,,,hvd_149388,34.709373,111.56301
5655,CN411222,CN411222,辛店,河南陕县辛店,村镇,1911,1911,,,,hvd_149373,34.727886,111.08013
5656,CN411222,CN411222,陕州,河南三门峡市陕县老城,直隶州,1911,1911,,,,hvd_120271,34.793846,111.14872
5657,CN411222,CN411222,雁岭,河南陕县雁翎关,村镇,1911,1911,,,,hvd_149383,34.646362,111.38063
5658,CN411282,CN411282,胡县,河南省三门峡市灵宝市,县,-221,-141,,,,hvd_83068,34.59143,110.73206
5659,CN411282,CN411282,弘农郡,河南省三门峡市灵宝市,郡,-206,606,,,,hvd_115352,34.65502,110.92898
5660,CN411282,CN411282,胡县,河南省三门峡市灵宝市,县,-206,-141,,,,hvd_70627,34.55467,110.54166
5661,CN411282,CN411282,湖县,河南省三门峡市灵宝市,县,-140,316,,,,hvd_70628,34.55467,110.54166
5662,CN411282,CN411282,弘农县,河南省三门峡市灵宝市,县,-114,486,,,,hvd_83053,34.65502,110.92898
5663,CN411282,CN411282,弘农郡,河南省三门峡市灵宝市,郡,-114,0,,,,hvd_112132,34.65502,110.92898
5664,CN411282,CN411282,湖县,河南省三门峡市灵宝市,县,-104,425,,,,hvd_83069,34.59143,110.73206
5665,CN411282,CN411282,湖城县,河南省三门峡市灵宝市,县,426,595,,,,hvd_83070,34.59143,110.73206
5666,CN411282,CN411282,恒农县,河南省三门峡市灵宝市,县,487,557,,,,hvd_83054,34.65502,110.92898
5667,CN411282,CN411282,朱阳郡,河南省三门峡市灵宝市,郡,490,561,,,,hvd_116208,34.59143,110.73206
5668,CN411282,CN411282,石城县,河南省三门峡市灵宝市,县,505,552,,,,hvd_83077,34.42901,111.11729
5669,CN411282,CN411282,西恒农郡,河南省三门峡市灵宝市,郡,534,557,,,,hvd_115958,34.65502,110.92898
5670,CN411282,CN411282,邑阳县,河南省三门峡市灵宝市,县,535,599,,,,hvd_83061,34.32937,110.71086
5671,CN411282,CN411282,邑阳郡,河南省三门峡市灵宝市,郡,542,582,,,,hvd_116085,34.32937,110.71086
5672,CN411282,CN411282,玉城县,河南省三门峡市灵宝市,县,552,566,,,,hvd_83078,34.42901,111.11729
5673,CN411282,CN411282,弘农县,河南省三门峡市灵宝市,县,558,605,,,,hvd_83055,34.65502,110.92898
5674,CN411282,CN411282,阌乡郡,河南省三门峡市灵宝市,郡,558,582,,,,hvd_115914,34.51733,110.67931
5675,CN411282,CN411282,虢州,河南省三门峡市灵宝市,州,583,606,,,,hvd_110107,34.52751,110.86538
5676,CN411282,CN411282,阌乡县,河南省三门峡市灵宝市,县,596,1367,,,,hvd_83075,34.58722,110.4419
5677,CN411282,CN411282,桃林县,河南省三门峡市灵宝市,县,598,741,,,,hvd_83050,34.68462,110.94149
5678,CN411282,CN411282,邑川县,河南省三门峡市灵宝市,县,600,605,,,,hvd_83062,34.32937,110.71086
5679,CN411282,CN411282,朱阳县,河南省三门峡市灵宝市,县,606,967,,,,hvd_83066,34.32937,110.71086
5680,CN411282,CN411282,弘农县,河南省三门峡市灵宝市,县,607,704,,,,hvd_83056,34.52751,110.86538
5681,CN411282,CN411282,弘农郡,河南省三门峡市灵宝市,郡,607,616,,,,hvd_110169,34.52751,110.86538
5682,CN411282,CN411282,凤林郡,河南省三门峡市灵宝市,郡,617,617,,,,hvd_110197,34.52751,110.86538
5683,CN411282,CN411282,湖城县,河南省三门峡市灵宝市,县,617,759,,,,hvd_83071,34.59143,110.73206
5684,CN411282,CN411282,玉城县,河南省三门峡市灵宝市,县,617,1070,,,,hvd_83079,34.42901,111.11729
5685,CN411282,CN411282,鼎州,河南省三门峡市灵宝市,州,618,633,,,,hvd_110650,34.52751,110.86538
5686,CN411282,CN411282,虢州,河南省三门峡市灵宝市,州,634,741,,,,hvd_110962,34.52751,110.86538
5687,CN411282,CN411282,恒农县,河南省三门峡市灵宝市,县,705,727,,,,hvd_83057,34.52751,110.86538
5688,CN411282,CN411282,弘农县,河南省三门峡市灵宝市,县,728,959,,,,hvd_83058,34.52751,110.86538
5689,CN411282,CN411282,弘农郡,河南省三门峡市灵宝市,郡,742,757,,,,hvd_111289,34.52751,110.86538
5690,CN411282,CN411282,灵宝县,河南灵宝县（虢略）东北灵宝,县,742,1265,,,,hvd_83051,34.68462,110.94149
5691,CN411282,CN411282,虢州,河南省三门峡市灵宝市,州,758,758,,,,hvd_111366,34.52751,110.86538
5692,CN411282,CN411282,天平县,河南省三门峡市灵宝市,县,760,768,,,,hvd_83072,34.59143,110.73206
5693,CN411282,CN411282,湖城县,河南省三门峡市灵宝市,县,769,1070,,,,hvd_83073,34.59143,110.73206
5694,CN411282,CN411282,常农县,河南省三门峡市灵宝市,县,960,996,,,,hvd_83059,34.52751,110.86538
5695,CN411282,CN411282,朱阳县,河南省三门峡市灵宝市,县,982,1277,,,,hvd_83067,34.32937,110.71086
5696,CN411282,CN411282,虢略县,河南省三门峡市灵宝市,县,997,1272,,,,hvd_83060,34.52751,110.86538
5697,CN411282,CN411282,湖城县,河南省三门峡市灵宝市,县,1078,1264,,,,hvd_83074,34.59143,110.73206
5698,CN411282,CN411282,灵宝县,河南灵宝县（虢略）东北灵宝,县,1271,1911,,,,hvd_83052,34.68462,110.94149
5699,CN411282,CN411282,阌乡县,河南省三门峡市灵宝市,县,1368,1911,,,,hvd_83076,34.59143,110.73206
5700,CN411282,CN411282,洪关,河南灵宝县（虢略镇）灵宝老城西南,村镇,1820,1820,,,,hvd_18059,34.563396,110.75469
5701,CN411282,CN411282,灵宝县,河南灵宝县（虢略）东北灵宝,县,1820,1820,,,,hvd_544,34.684616,110.94149
5702,CN411282,CN411282,盘豆镇,河南灵宝县西北盘豆,村镇,1820,1820,,,,hvd_18063,34.568596,110.563095
5703,CN411282,CN411282,虢略关,河南灵宝县虢略镇,村镇,1820,1820,,,,hvd_18062,34.52751,110.86538
5704,CN411282,CN411282,阌乡县,河南灵宝县（虢略）西北阌乡,县,1820,1820,,,,hvd_543,34.56328,110.66124
5705,CN411282,CN411282,阌底镇,河南灵宝县（虢略）西北阌底,村镇,1820,1820,,,,hvd_18060,34.575043,110.412025
5706,CN411282,CN411282,下硙,河南灵宝县下硙,村镇,1911,1911,,,,hvd_149399,34.607155,111.00975
5707,CN411282,CN411282,大字营,河南灵宝县大字营,村镇,1911,1911,,,,hvd_149401,34.621353,110.769714
5708,CN411282,CN411282,文峪,河南灵宝县文峪,村镇,1911,1911,,,,hvd_149404,34.49495,110.40154
5709,CN411282,CN411282,沙坡,河南灵宝县沙坡,村镇,1911,1911,,,,hvd_149394,34.638363,110.94297
5710,CN411282,CN411282,火烧关,河南灵宝火山关,村镇,1911,1911,,,,hvd_150234,34.368866,111.12098
5711,CN411282,CN411282,灵宝县,河南灵宝县灵宝老城,县,1911,1911,,,,hvd_121889,34.684616,110.94149
5712,CN411282,CN411282,盘豆镇,河南灵宝县盘东,村镇,1911,1911,,,,hvd_149402,34.575253,110.55044
5713,CN411282,CN411282,程村,河南灵宝程村,村镇,1911,1911,,,,hvd_150235,34.523968,110.58431
5714,CN411282,CN411282,稠桑镇,河南灵宝县稠桑,村镇,1911,1911,,,,hvd_149393,34.65025,110.89966
5715,CN411282,CN411282,董底里,河南灵宝县董底,村镇,1911,1911,,,,hvd_149405,34.56336,110.45027
5716,CN411282,CN411282,虢略镇,河南灵宝县县治,村镇,1911,1911,,,,hvd_149392,34.52751,110.86538
5717,CN411282,CN411282,阌乡县,河南灵宝县阌乡,县,1911,1911,,,,hvd_121890,34.567818,110.601875
5718,CN411282,CN411282,阌底镇,河南灵宝县文底,村镇,1911,1911,,,,hvd_149403,34.581947,110.440346
5719,CN411282,CN411282,魏家磨,河南灵宝县卫家磨,村镇,1911,1911,,,,hvd_149397,34.366425,111.0296
5720,CN411282104,CN411282,胡县,河南省三门峡市灵宝市,县,-221,-141,,,,hvd_83068,34.59143,110.73206
5721,CN411282104,CN411282,弘农郡,河南省三门峡市灵宝市,郡,-206,606,,,,hvd_115352,34.65502,110.92898
5722,CN411282104,CN411282,胡县,河南省三门峡市灵宝市,县,-206,-141,,,,hvd_70627,34.55467,110.54166
5723,CN411282104,CN411282,湖县,河南省三门峡市灵宝市,县,-140,316,,,,hvd_70628,34.55467,110.54166
5724,CN411282104,CN411282,弘农县,河南省三门峡市灵宝市,县,-114,486,,,,hvd_83053,34.65502,110.92898
5725,CN411282104,CN411282,弘农郡,河南省三门峡市灵宝市,郡,-114,0,,,,hvd_112132,34.65502,110.92898
5726,CN411282104,CN411282,湖县,河南省三门峡市灵宝市,县,-104,425,,,,hvd_83069,34.59143,110.73206
5727,CN411282104,CN411282,湖城县,河南省三门峡市灵宝市,县,426,595,,,,hvd_83070,34.59143,110.73206
5728,CN411282104,CN411282,恒农县,河南省三门峡市灵宝市,县,487,557,,,,hvd_83054,34.65502,110.92898
5729,CN411282104,CN411282,朱阳郡,河南省三门峡市灵宝市,郡,490,561,,,,hvd_116208,34.59143,110.73206
5730,CN411282104,CN411282,石城县,河南省三门峡市灵宝市,县,505,552,,,,hvd_83077,34.42901,111.11729
5731,CN411282104,CN411282,西恒农郡,河南省三门峡市灵宝市,郡,534,557,,,,hvd_115958,34.65502,110.92898
5732,CN411282104,CN411282,邑阳县,河南省三门峡市灵宝市,县,535,599,,,,hvd_83061,34.32937,110.71086
5733,CN411282104,CN411282,邑阳郡,河南省三门峡市灵宝市,郡,542,582,,,,hvd_116085,34.32937,110.71086
5734,CN411282104,CN411282,玉城县,河南省三门峡市灵宝市,县,552,566,,,,hvd_83078,34.42901,111.11729
5735,CN411282104,CN411282,弘农县,河南省三门峡市灵宝市,县,558,605,,,,hvd_83055,34.65502,110.92898
5736,CN411282104,CN411282,阌乡郡,河南省三门峡市灵宝市,郡,558,582,,,,hvd_115914,34.51733,110.67931
5737,CN411282104,CN411282,虢州,河南省三门峡市灵宝市,州,583,606,,,,hvd_110107,34.52751,110.86538
5738,CN411282104,CN411282,阌乡县,河南省三门峡市灵宝市,县,596,1367,,,,hvd_83075,34.58722,110.4419
5739,CN411282104,CN411282,桃林县,河南省三门峡市灵宝市,县,598,741,,,,hvd_83050,34.68462,110.94149
5740,CN411282104,CN411282,邑川县,河南省三门峡市灵宝市,县,600,605,,,,hvd_83062,34.32937,110.71086
5741,CN411282104,CN411282,朱阳县,河南省三门峡市灵宝市,县,606,967,,,,hvd_83066,34.32937,110.71086
5742,CN411282104,CN411282,弘农县,河南省三门峡市灵宝市,县,607,704,,,,hvd_83056,34.52751,110.86538
5743,CN411282104,CN411282,弘农郡,河南省三门峡市灵宝市,郡,607,616,,,,hvd_110169,34.52751,110.86538
5744,CN411282104,CN411282,凤林郡,河南省三门峡市灵宝市,郡,617,617,,,,hvd_110197,34.52751,110.86538
5745,CN411282104,CN411282,湖城县,河南省三门峡市灵宝市,县,617,759,,,,hvd_83071,34.59143,110.73206
5746,CN411282104,CN411282,玉城县,河南省三门峡市灵宝市,县,617,1070,,,,hvd_83079,34.42901,111.11729
5747,CN411282104,CN411282,鼎州,河南省三门峡市灵宝市,州,618,633,,,,hvd_110650,34.52751,110.86538
5748,CN411282104,CN411282,虢州,河南省三门峡市灵宝市,州,634,741,,,,hvd_110962,34.52751,110.86538
5749,CN411282104,CN411282,恒农县,河南省三门峡市灵宝市,县,705,727,,,,hvd_83057,34.52751,110.86538
5750,CN411282104,CN411282,弘农县,河南省三门峡市灵宝市,县,728,959,,,,hvd_83058,34.52751,110.86538
5751,CN411282104,CN411282,弘农郡,河南省三门峡市灵宝市,郡,742,757,,,,hvd_111289,34.52751,110.86538
5752,CN411282104,CN411282,灵宝县,河南灵宝县（虢略）东北灵宝,县,742,1265,,,,hvd_83051,34.68462,110.94149
5753,CN411282104,CN411282,虢州,河南省三门峡市灵宝市,州,758,758,,,,hvd_111366,34.52751,110.86538
5754,CN411282104,CN411282,天平县,河南省三门峡市灵宝市,县,760,768,,,,hvd_83072,34.59143,110.73206
5755,CN411282104,CN411282,湖城县,河南省三门峡市灵宝市,县,769,1070,,,,hvd_83073,34.59143,110.73206
5756,CN411282104,CN411282,常农县,河南省三门峡市灵宝市,县,960,996,,,,hvd_83059,34.52751,110.86538
5757,CN411282104,CN411282,朱阳县,河南省三门峡市灵宝市,县,982,1277,,,,hvd_83067,34.32937,110.71086
5758,CN411282104,CN411282,虢略县,河南省三门峡市灵宝市,县,997,1272,,,,hvd_83060,34.52751,110.86538
5759,CN411282104,CN411282,湖城县,河南省三门峡市灵宝市,县,1078,1264,,,,hvd_83074,34.59143,110.73206
5760,CN411282104,CN411282,灵宝县,河南灵宝县（虢略）东北灵宝,县,1271,1911,,,,hvd_83052,34.68462,110.94149
5761,CN411282104,CN411282,阌乡县,河南省三门峡市灵宝市,县,1368,1911,,,,hvd_83076,34.59143,110.73206
5762,CN411282104,CN411282,洪关,河南灵宝县（虢略镇）灵宝老城西南,村镇,1820,1820,,,,hvd_18059,34.563396,110.75469
5763,CN411282104,CN411282,灵宝县,河南灵宝县（虢略）东北灵宝,县,1820,1820,,,,hvd_544,34.684616,110.94149
5764,CN411282104,CN411282,盘豆镇,河南灵宝县西北盘豆,村镇,1820,1820,,,,hvd_18063,34.568596,110.563095
5765,CN411282104,CN411282,虢略关,河南灵宝县虢略镇,村镇,1820,1820,,,,hvd_18062,34.52751,110.86538
5766,CN411282104,CN411282,阌乡县,河南灵宝县（虢略）西北阌乡,县,1820,1820,,,,hvd_543,34.56328,110.66124
5767,CN411282104,CN411282,阌底镇,河南灵宝县（虢略）西北阌底,村镇,1820,1820,,,,hvd_18060,34.575043,110.412025
5768,CN411282104,CN411282,下硙,河南灵宝县下硙,村镇,1911,1911,,,,hvd_149399,34.607155,111.00975
5769,CN411282104,CN411282,大字营,河南灵宝县大字营,村镇,1911,1911,,,,hvd_149401,34.621353,110.769714
5770,CN411282104,CN411282,文峪,河南灵宝县文峪,村镇,1911,1911,,,,hvd_149404,34.49495,110.40154
5771,CN411282104,CN411282,沙坡,河南灵宝县沙坡,村镇,1911,1911,,,,hvd_149394,34.638363,110.94297
5772,CN411282104,CN411282,火烧关,河南灵宝火山关,村镇,1911,1911,,,,hvd_150234,34.368866,111.12098
5773,CN411282104,CN411282,灵宝县,河南灵宝县灵宝老城,县,1911,1911,,,,hvd_121889,34.684616,110.94149
5774,CN411282104,CN411282,盘豆镇,河南灵宝县盘东,村镇,1911,1911,,,,hvd_149402,34.575253,110.55044
5775,CN411282104,CN411282,程村,河南灵宝程村,村镇,1911,1911,,,,hvd_150235,34.523968,110.58431
5776,CN411282104,CN411282,稠桑镇,河南灵宝县稠桑,村镇,1911,1911,,,,hvd_149393,34.65025,110.89966
5777,CN411282104,CN411282,董底里,河南灵宝县董底,村镇,1911,1911,,,,hvd_149405,34.56336,110.45027
5778,CN411282104,CN411282,虢略镇,河南灵宝县县治,村镇,1911,1911,,,,hvd_149392,34.52751,110.86538
5779,CN411282104,CN411282,阌乡县,河南灵宝县阌乡,县,1911,1911,,,,hvd_121890,34.567818,110.601875
5780,CN411282104,CN411282,阌底镇,河南灵宝县文底,村镇,1911,1911,,,,hvd_149403,34.581947,110.440346
5781,CN411282104,CN411282,魏家磨,河南灵宝县卫家磨,村镇,1911,1911,,,,hvd_149397,34.366425,111.0296
5782,CN4113,CN4113,南阳郡,河南省南阳市,郡,-476,486,,,,hvd_115648,33.00168,112.53547
5783,CN4113,CN4113,南阳郡,河南省南阳市,郡,-272,-115,,,,hvd_112680,33.00168,112.53547
5784,CN4113,CN4113,南阳郡,河南省南阳市,郡,-272,582,,,,,33.00168,112.53547
5785,CN4113,CN4113,南阳郡,河南省南阳市,郡,-114,8,,,,hvd_112681,33.00168,112.53547
5786,CN4113,CN4113,南阳郡,河南省南阳市,郡,24,0,,,,hvd_112683,33.00168,112.53547
5787,CN4113,CN4113,南阳郡,河南省南阳市,郡,607,618,,,,,33.00168,112.53547
5788,CN4113,CN4113,南阳府,河南南阳市,府,742,1273,,,,hvd_115646,33.00168,112.53547
5789,CN4113,CN4113,南阳郡,河南省南阳市,郡,742,757,,,,,33.00168,112.53547
5790,CN4113,CN4113,南阳府,河南南阳市,府,1279,1911,,,,hvd_84005,33.00168,112.53547
5791,CN4113,CN4113,南阳府,河南南阳市,府,1820,1820,,,,hvd_9599,33.00168,112.53547
5792,CN4113,CN4113,镇平县,河南镇平县,县,1820,1820,,,,hvd_590,33.038555,112.23482
5793,CN4113,CN4113,三潭,河南镇平县三潭,村镇,1911,1911,,,,hvd_149783,33.280785,112.21318
5794,CN4113,CN4113,乔旗营,河南镇平县乔旗营,村镇,1911,1911,,,,hvd_149577,32.94398,112.23949
5795,CN4113,CN4113,南阳府,河南南阳市,府,1911,1911,,,,hvd_120243,33.00168,112.53547
5796,CN4113,CN4113,卢医庙,河南镇平县芦医庙,村镇,1911,1911,,,,hvd_149572,33.12137,112.03137
5797,CN4113,CN4113,宋营,河南镇平县宋营,村镇,1911,1911,,,,hvd_149578,32.913788,112.20976
5798,CN4113,CN4113,晁坡镇,河南镇平县晁坡镇,村镇,1911,1911,,,,hvd_149569,33.045437,112.10395
5799,CN4113,CN4113,曲屯,河南镇平县曲屯,村镇,1911,1911,,,,hvd_149571,33.047394,112.02597
5800,CN4113,CN4113,柳泉铺,河南镇平县柳泉铺,村镇,1911,1911,,,,hvd_149567,33.04923,112.33486
5801,CN4113,CN4113,石佛寺,河南镇平县石佛寺镇,村镇,1911,1911,,,,hvd_149573,33.08274,112.15009
5802,CN4113,CN4113,老庄街,河南镇平县老庄,村镇,1911,1911,,,,hvd_149576,32.899445,112.243095
5803,CN4113,CN4113,贾宋镇,河南镇平县贾宋镇,村镇,1911,1911,,,,hvd_149570,32.94749,112.06815
5804,CN4113,CN4113,镇平县,河南镇平县县治,县,1911,1911,,,,hvd_121923,33.038555,112.23482
5805,CN4113,CN4113,马营,河南镇平县马营,村镇,1911,1911,,,,hvd_149568,33.066265,112.371925
5806,CN4113,CN4113,高邱,河南镇平县高丘,村镇,1911,1911,,,,hvd_149574,33.159588,112.07819
5807,CN411323,CN411323,析县,河南省南阳市西峡县,县,-298,13,,,,hvd_82759,33.30071,111.47452
5808,CN411323,CN411323,君亭县,河南省南阳市西峡县,县,14,22,,,,hvd_82760,33.30071,111.47452
5809,CN411323,CN411323,析县,河南省南阳市西峡县,县,23,78,,,,hvd_82761,33.30071,111.47452
5810,CN411323,CN411323,析县侯国,河南省南阳市西峡县,国,79,219,,,,hvd_82762,33.30071,111.47452
5811,CN411323,CN411323,析县,河南省南阳市西峡县,县,220,452,,,,hvd_82763,33.30071,111.47452
5812,CN411323,CN411323,修阳县,河南省南阳市西峡县,县,420,437,,,,hvd_82768,33.65444,111.2574
5813,CN411323,CN411323,修阳县,河南省南阳市西峡县,县,498,566,,,,hvd_82769,33.65444,111.2574
5814,CN411323,CN411323,西析阳县,河南省南阳市西峡县,县,498,553,,,,hvd_82764,33.30071,111.47452
5815,CN411323,CN411323,析州,河南省南阳市西峡县,州,528,606,,,,hvd_113022,33.65444,111.2574
5816,CN411323,CN411323,中乡县,河南省南阳市西峡县,县,554,582,,,,hvd_82765,33.30071,111.47452
5817,CN411323,CN411323,内乡县,河南省南阳市西峡县,县,583,1232,,,,hvd_82766,33.30071,111.47452
5818,CN411323,CN411323,淅州,河南省南阳市西峡县,州,618,618,,,,hvd_110280,33.30071,111.47452
5819,CN411323,CN411323,菊潭县,河南省南阳市西峡县,县,736,957,,,,hvd_82776,33.20327,111.68591
5820,CN411323,CN411323,西坪镇,河南西峡县西北西坪镇,村镇,1820,1820,,,,hvd_18145,33.457706,111.09071
5821,CN411323,CN411323,西峡口,河南西峡县,村镇,1820,1820,,,,hvd_18146,33.300713,111.47452
5822,CN411323,CN411323,八庙,河南西峡县八庙,村镇,1911,1911,,,,hvd_149795,33.429405,111.18977
5823,CN411323,CN411323,穆家垭,河南西峡木家岈,村镇,1911,1911,,,,hvd_150249,33.37811,111.05301
5824,CN411323,CN411323,袁店,河南西峡县袁店,村镇,1911,1911,,,,hvd_149715,33.156315,111.744415
5825,CN411323,CN411323,西硖口,河南西峡县,村镇,1911,1911,,,,hvd_149711,33.300713,111.47452
5826,CN411323,CN411323,赛岭,河南西峡县赛岭,村镇,1911,1911,,,,hvd_149704,33.647823,111.19059
5827,CN411325,CN411325,郦县,河南省南阳市内乡县,县,-272,-111,,,,hvd_82770,33.12248,111.7944
5828,CN411325,CN411325,下郦侯国,河南省南阳市内乡县,国,-110,-88,,,,hvd_82771,33.12248,111.7944
5829,CN411325,CN411325,郦县,河南省南阳市内乡县,县,-87,124,,,,hvd_82772,33.12248,111.7944
5830,CN411325,CN411325,郦县侯国,河南省南阳市内乡县,国,125,131,,,,hvd_82773,33.12248,111.7944
5831,CN411325,CN411325,郦县,河南省南阳市内乡县,县,132,582,,,,hvd_82774,33.12248,111.7944
5832,CN411325,CN411325,菊潭县,河南省南阳市内乡县,县,583,617,,,,hvd_82775,33.12248,111.7944
5833,CN411325,CN411325,默水县,河南省南阳市内乡县,县,618,633,,,,hvd_82822,33.19048,111.99246
5834,CN411325,CN411325,新城县,河南省南阳市内乡县,县,619,628,,,,hvd_82713,32.96992,111.91631
5835,CN411325,CN411325,内乡县,河南内乡县,县,1233,1911,,,,hvd_82767,33.05023,111.83859
5836,CN411325,CN411325,内乡县,河南内乡县,县,1820,1820,,,,hvd_586,33.050232,111.83859
5837,CN411325,CN411325,内乡县,河南内乡县,县,1911,1911,,,,hvd_121927,33.050232,111.83859
5838,CN411325,CN411325,灌张铺,河南内乡县灌张铺,村镇,1911,1911,,,,hvd_149721,33.041092,111.935814
5839,CN411325,CN411325,花眉铺,河南内乡县花眉铺,村镇,1911,1911,,,,hvd_149724,33.029644,111.741714
5840,CN411381,CN411381,穰县,河南省南阳市邓州市,县,-301,13,,,,hvd_82694,32.68483,112.08096
5841,CN411381,CN411381,乐成县,河南省南阳市邓州市,县,-272,-208,,,,hvd_82702,32.59454,111.95846
5842,CN411381,CN411381,湼阳县,河南省南阳市邓州市,县,-207,-108,,,,hvd_82688,32.84987,112.28262
5843,CN411381,CN411381,乐成侯国,河南省南阳市邓州市,国,-201,-115,,,,hvd_82703,32.59454,111.95846
5844,CN411381,CN411381,安众侯国,河南省南阳市邓州市,国,-125,5,,,,hvd_82685,32.79029,112.28225
5845,CN411381,CN411381,冠军侯国,河南省南阳市邓州市,国,-123,-109,,,,hvd_82707,32.80206,111.9222
5846,CN411381,CN411381,乐成县,河南省南阳市邓州市,县,-114,-65,,,,hvd_82704,32.59454,111.95846
5847,CN411381,CN411381,冠军县,河南省南阳市邓州市,县,-110,629,,,,hvd_82708,32.80206,111.9222
5848,CN411381,CN411381,湼阳侯国,河南省南阳市邓州市,国,-107,-104,,,,hvd_82689,32.84987,112.28262
5849,CN411381,CN411381,湼阳县,河南省南阳市邓州市,县,-103,13,,,,hvd_82690,32.84987,112.28262
5850,CN411381,CN411381,乐成侯国,河南省南阳市邓州市,国,-64,22,,,,hvd_82705,32.59454,111.95846
5851,CN411381,CN411381,新成侯国,河南省南阳市邓州市,国,-7,626,,,,hvd_82709,32.93041,111.89103
5852,CN411381,CN411381,安众县,河南省南阳市邓州市,县,6,25,,,,hvd_82686,32.79029,112.28225
5853,CN411381,CN411381,农穰县,河南省南阳市邓州市,县,14,22,,,,hvd_82695,32.68483,112.08096
5854,CN411381,CN411381,前亭县,河南省南阳市邓州市,县,14,22,,,,hvd_82691,32.84987,112.28262
5855,CN411381,CN411381,乐成县,河南省南阳市邓州市,县,23,9,,,,hvd_82706,32.59454,111.95846
5856,CN411381,CN411381,湼阳县,河南省南阳市邓州市,县,23,582,,,,hvd_82692,32.84987,112.28262
5857,CN411381,CN411381,穰县,河南省南阳市邓州市,县,23,1368,,,,hvd_82696,32.68483,112.08096
5858,CN411381,CN411381,安众侯国,河南省南阳市邓州市,国,26,264,,,,hvd_82687,32.79029,112.28225
5859,CN411381,CN411381,新城县,河南省南阳市邓州市,县,498,553,,,,hvd_82710,32.93041,111.89103
5860,CN411381,CN411381,荆州,河南省南阳市邓州市,州,498,505,,,,hvd_113151,32.68483,112.08096
5861,CN411381,CN411381,宛州,河南省南阳市邓州市,州,506,506,,,,hvd_113152,32.68483,112.08096
5862,CN411381,CN411381,荆州,河南省南阳市邓州市,州,507,586,,,,hvd_113153,32.68483,112.08096
5863,CN411381,CN411381,临湍县,河南省南阳市邓州市,县,554,582,,,,hvd_82711,32.93041,111.89103
5864,CN411381,CN411381,新城县,河南省南阳市邓州市,县,583,618,,,,hvd_82712,32.93041,111.89103
5865,CN411381,CN411381,课阳县,河南省南阳市邓州市,县,583,626,,,,hvd_82693,32.84987,112.28262
5866,CN411381,CN411381,邓州,,州,587,606,,,,hvd_110105,32.68483,112.08096
5867,CN411381,CN411381,南阳郡,河南省南阳市邓州市,郡,607,618,,,,hvd_110278,32.68483,112.08096
5868,CN411381,CN411381,邓州,,州,619,741,,,,hvd_110958,32.68483,112.08096
5869,CN411381,CN411381,郦州,河南省南阳市邓州市,州,619,624,,,,hvd_115535,32.80205,111.9222
5870,CN411381,CN411381,平晋县,河南省南阳市邓州市,县,621,2,,,,hvd_82701,32.82614,112.28671
5871,CN411381,CN411381,新城县,河南省南阳市邓州市,县,629,741,,,,hvd_82714,32.93041,111.89103
5872,CN411381,CN411381,临湍县,河南省南阳市邓州市,县,742,947,,,,hvd_82715,32.93041,111.89103
5873,CN411381,CN411381,南阳郡,河南省南阳市邓州市,郡,742,756,,,,hvd_111223,32.68483,112.08096
5874,CN411381,CN411381,南阳节度使,河南省南阳市邓州市,防镇,756,756,,,,hvd_111224,32.68483,112.08096
5875,CN411381,CN411381,宣化军节度使,河南省南阳市邓州市,防镇,909,922,,,,hvd_111697,32.68483,112.08096
5876,CN411381,CN411381,威胜军节度使,河南省南阳市邓州市,防镇,923,951,,,,hvd_111758,32.68483,112.08096
5877,CN411381,CN411381,临濑县,河南省南阳市邓州市,县,948,959,,,,hvd_82716,32.93041,111.89103
5878,CN411381,CN411381,武胜军节度使,河南省南阳市邓州市,防镇,952,962,,,,hvd_111777,32.68483,112.08096
5879,CN411381,CN411381,穰县,河南省南阳市邓州市,县,1380,1380,,,,hvd_82697,32.68483,112.08096
5880,CN411381,CN411381,塌河关,河南邓州市南构林,村镇,1820,1820,,,,hvd_18197,32.50041,112.12084
5881,CN411381,CN411381,张村镇,,村镇,1820,1820,,,,hvd_18188,32.841095,111.908035
5882,CN411381,CN411381,濦滩镇,河南邓州市东濦滩,村镇,1820,1820,,,,hvd_18196,32.680954,112.27463
5883,CN411381,CN411381,穰东,,村镇,1820,1820,,,,hvd_18200,32.849873,112.28262
5884,CN411381,CN411381,邓州,,州,1820,1820,,,,hvd_609,32.684826,112.08096
5885,CN411381,CN411381,高家庄,河南邓州市东南高庄,村镇,1820,1820,,,,hvd_18193,32.578735,112.29058
5886,CN411381,CN411381,魏家集,河南邓州市东南魏集,村镇,1820,1820,,,,hvd_18202,32.41219,112.12194
5887,CN411381,CN411381,丁家集,河南邓州市丁集,村镇,1911,1911,,,,hvd_149696,32.563698,112.02056
5888,CN411381,CN411381,尹集,河南邓州市尹集,村镇,1911,1911,,,,hvd_149690,32.600834,112.13949
5889,CN411381,CN411381,五龙里,河南邓州市五龙,村镇,1911,1911,,,,hvd_149683,32.657673,112.26472
5890,CN411381,CN411381,元庄,河南邓州市元庄,村镇,1911,1911,,,,hvd_149680,32.76074,112.26832
5891,CN411381,CN411381,古村,河南邓州市古村,村镇,1911,1911,,,,hvd_149700,32.43183,112.16111
5892,CN411381,CN411381,堰坡集,河南邓州市堰坡,村镇,1911,1911,,,,hvd_149698,32.6554,112.02236
5893,CN411381,CN411381,张村镇,,村镇,1911,1911,,,,hvd_149670,32.841095,111.908035
5894,CN411381,CN411381,急滩,河南邓州市急滩镇,村镇,1911,1911,,,,hvd_149682,32.680954,112.27463
5895,CN411381,CN411381,新集,河南邓州市新集,村镇,1911,1911,,,,hvd_149672,32.919888,111.97282
5896,CN411381,CN411381,桑庄,河南邓州市桑店,村镇,1911,1911,,,,hvd_149685,32.602062,112.21605
5897,CN411381,CN411381,梁庄,河南邓州市罗庄街,村镇,1911,1911,,,,hvd_149675,32.81379,111.87371
5898,CN411381,CN411381,滕楼集,河南邓州市滕楼,村镇,1911,1911,,,,hvd_149676,32.78802,112.03317
5899,CN411381,CN411381,玉皇阁,河南邓州市玉皇阁,村镇,1911,1911,,,,hvd_149694,32.572792,111.771
5900,CN411381,CN411381,王家集,河南邓州市王集,村镇,1911,1911,,,,hvd_149677,32.843346,112.073715
5901,CN411381,CN411381,秦家集,湖北老河口市秦集镇,村镇,1911,1911,,,,hvd_128151,32.510742,111.92329
5902,CN411381,CN411381,穰东,,村镇,1911,1911,,,,hvd_149681,32.849873,112.28262
5903,CN411381,CN411381,邓州,,州,1911,1911,,,,hvd_121926,32.684826,112.08096
5904,CN411381,CN411381,高店,河南邓州市高店,村镇,1911,1911,,,,hvd_149686,32.58416,112.28454
5905,CN411381,CN411381,魏集,河南邓州市魏家集,村镇,1911,1911,,,,hvd_149699,32.41219,112.12194
5906,CN411381,CN411381,黑龙集,河南镇平县黑龙集,村镇,1911,1911,,,,hvd_149575,32.857388,112.1498
5907,CN411381,CN411381,齐集,河南邓州市齐集,村镇,1911,1911,,,,hvd_149687,32.506104,112.225975
5908,CN4114,CN4114,商丘县,河南商丘县,县,1820,1820,,,,hvd_581,34.38505,115.60745
5909,CN4114,CN4114,商丘县,河南商丘县,县,1911,1911,,,,hvd_121994,34.38505,115.60745
5910,CN4114,CN4114,朱孙集,河南商丘市,村镇,1911,1911,,,,hvd_148451,34.447662,115.64607
5911,CN4115,CN4115,信阳军,河南省信阳市,军,1127,1279,,,,,32.153187,114.099266
5912,CN4115,CN4115,信阳州,河南信阳市,直隶州,1368,1371,,,,hvd_84027,32.13112,114.06924
5913,CN4115,CN4115,信阳州,河南信阳市,州,1368,1377,,,,hvd_83088,32.13112,114.06924
5914,CN4115,CN4115,信阳州,河南信阳市,州,1475,1911,,,,hvd_83095,32.13112,114.06924
5915,CN4115,CN4115,信阳州,河南信阳市,州,1820,1820,,,,hvd_615,32.13112,114.069244
5916,CN4115,CN4115,信阳州,河南信阳市,州,1911,1911,,,,hvd_121948,32.13112,114.069244
5917,CN411526,CN411526,弋阳县,河南省信阳市潢川县,县,-202,81,,,,hvd_82549,32.16932,114.99725
5918,CN411526,CN411526,弋阳侯国,河南省信阳市潢川县,国,-80,13,,,,hvd_82550,32.16932,114.99725
5919,CN411526,CN411526,弋阳县,河南省信阳市潢川县,县,23,25,,,,hvd_82551,32.16932,114.99725
5920,CN411526,CN411526,弋阳侯国,河南省信阳市潢川县,国,26,219,,,,hvd_82552,32.16932,114.99725
5921,CN411526,CN411526,弋阳郡,河南省信阳市潢川县发展大道,郡,216,582,,,,hvd_116084,32.1303,115.04458
5922,CN411526,CN411526,弋阳县,河南省信阳市潢川县,县,220,548,,,,hvd_82553,32.16932,114.99725
5923,CN411526,CN411526,南郢州,河南省信阳市潢川县发展大道,州,502,582,,,,hvd_113000,32.1303,115.04458
5924,CN411526,CN411526,北弋阳县,河南省信阳市潢川县发展大道,县,549,569,,,,hvd_82554,32.1303,115.04458
5925,CN411526,CN411526,定城县,河南省信阳市潢川县发展大道,县,570,1367,,,,hvd_82555,32.1303,115.04458
5926,CN411526,CN411526,光州,河南潢川县,州,583,1367,,,,hvd_115279,32.1303,115.04458
5927,CN411526,CN411526,弦州,河南省信阳市潢川县发展大道,州,620,626,,,,hvd_110569,32.1303,115.04458
5928,CN411526,CN411526,光州,河南潢川县,州,712,1912,,,,,32.130302,115.04458
5929,CN411526,CN411526,光州,河南潢川县,州,712,741,,,,hvd_110975,32.1303,115.04458
5930,CN411526,CN411526,弋阳郡,河南省信阳市潢川县发展大道,郡,742,755,,,,hvd_111192,32.1303,115.04458
5931,CN411526,CN411526,光州防御使,河南省信阳市潢川县发展大道,防镇,904,906,,,,hvd_111663,32.1303,115.04458
5932,CN411526,CN411526,蒋州,河南省信阳市潢川县发展大道,州,1158,1160,,,,hvd_115446,32.1303,115.04458
5933,CN411526,CN411526,光州,河南潢川县,州,1368,1911,,,,hvd_82556,32.1303,115.04458
5934,CN411526,CN411526,光州,河南潢川县,直隶州,1724,1911,,,,hvd_84011,32.1303,115.04458
5935,CN411526,CN411526,双柳树,,村镇,1820,1820,,,,hvd_18000,31.925293,115.188774
5936,CN411526,CN411526,春河铺,河南固始县西春河集,村镇,1820,1820,,,,hvd_17991,32.179394,115.36333
5937,CN411526,CN411526,漄港店,河南潢川县南,村镇,1820,1820,,,,hvd_18001,31.972845,115.10716
5938,CN411526,CN411526,上亚港,河南潢川县亚港,村镇,1911,1911,,,,hvd_149980,31.976398,115.096535
5939,CN411526,CN411526,中途店,河南潢川县中途店,村镇,1911,1911,,,,hvd_149997,32.275105,115.14809
5940,CN411526,CN411526,伞陂寺,河南潢川县伞陂寺,村镇,1911,1911,,,,hvd_149989,32.129036,115.15759
5941,CN411526,CN411526,传流店,河南潢川县传店,村镇,1911,1911,,,,hvd_149984,32.032383,115.17658
5942,CN411526,CN411526,傅家店,河南潢川县傅店镇,村镇,1911,1911,,,,hvd_149990,32.114002,114.95509
5943,CN411526,CN411526,北庙集,河南固始县北庙集,村镇,1911,1911,,,,hvd_150060,32.246696,115.38301
5944,CN411526,CN411526,双柳树,,村镇,1911,1911,,,,hvd_149978,31.925293,115.188774
5945,CN411526,CN411526,官渡,河南潢川县官渡,村镇,1911,1911,,,,hvd_149988,32.139736,115.203606
5946,CN411526,CN411526,彭家店,河南潢川县彭家店,村镇,1911,1911,,,,hvd_149981,31.976398,115.02119
5947,CN411526,CN411526,春和铺,河南固始县春和集,村镇,1911,1911,,,,hvd_150059,32.179394,115.36333
5948,CN411526,CN411526,柳家店,河南潢川县柳店,村镇,1911,1911,,,,hvd_150000,32.25161,115.041016
5949,CN411526,CN411526,毛家集,河南潢川县毛集,村镇,1911,1911,,,,hvd_149994,32.210217,115.19171
5950,CN411526,CN411526,江家集,河南潢川县江集,村镇,1911,1911,,,,hvd_149979,31.9768,115.279045
5951,CN411526,CN411526,白露河,河南潢川县白露河,村镇,1911,1911,,,,hvd_149992,32.230366,115.25127
5952,CN411526,CN411526,邓家店,河南潢川县邓店,村镇,1911,1911,,,,hvd_149998,32.207977,115.075386
5953,CN411526,CN411526,陶林集,河南潢川县桃林,村镇,1911,1911,,,,hvd_149986,32.1717,115.288536
5954,CN411526,CN411526,骆家店,河南潢川县骆店,村镇,1911,1911,,,,hvd_149991,32.16099,114.912796
5955,CN411526,CN411526,黄寺冈,河南潢川县黄岗,村镇,1911,1911,,,,hvd_149987,32.145206,115.23884
5956,CN411626,CN411626,陈县,河南省周口市淮阳区,县,-479,13,,,,hvd_82001,33.73398,114.88245
5957,CN411626,CN411626,淮阳郡,河南淮阳,郡,-224,-197,,,,,33.737244,114.89273
5958,CN411626,CN411626,陈郡,河南省周口市淮阳区,郡,-224,-203,,,,hvd_112568,33.73398,114.88245
5959,CN411626,CN411626,固始县,河南省周口市淮阳区,县,-202,29,,,,hvd_82007,33.80199,114.76242
5960,CN411626,CN411626,新平县,河南省周口市淮阳区,县,-202,265,,,,hvd_82008,33.82343,114.95606
5961,CN411626,CN411626,陈郡,河南省周口市淮阳区,郡,-202,582,,,,hvd_115098,33.73398,114.88245
5962,CN411626,CN411626,陈郡,河南省周口市淮阳区,郡,-201,-197,,,,hvd_112569,33.73398,114.88245
5963,CN411626,CN411626,淮阳国,河南省周口市淮阳区,国,-196,-195,,,,hvd_112570,33.73398,114.88245
5964,CN411626,CN411626,淮阳国,河南淮阳,侯国,-196,-195,,,,,33.737244,114.89273
5965,CN411626,CN411626,淮阳国,河南省周口市淮阳区,国,-194,205,,,,hvd_115384,33.73398,114.88245
5966,CN411626,CN411626,淮阳郡,河南淮阳,郡,-194,-188,,,,,33.737244,114.89273
5967,CN411626,CN411626,陈郡,河南省周口市淮阳区,郡,-194,-188,,,,hvd_112571,33.73398,114.88245
5968,CN411626,CN411626,淮阳国,河南省周口市淮阳区,国,-187,-181,,,,hvd_112572,33.73398,114.88245
5969,CN411626,CN411626,淮阳国,河南淮阳,侯国,-187,-184,,,,,33.737244,114.89273
5970,CN411626,CN411626,淮阳郡,河南淮阳,郡,-183,-177,,,,,33.737244,114.89273
5971,CN411626,CN411626,陈郡,河南省周口市淮阳区,郡,-180,-177,,,,hvd_112573,33.73398,114.88245
5972,CN411626,CN411626,淮阳国,河南省周口市淮阳区,国,-176,-167,,,,hvd_112574,33.73398,114.88245
5973,CN411626,CN411626,淮阳国,河南淮阳,侯国,-176,-169,,,,,33.737244,114.89273
5974,CN411626,CN411626,淮阳郡,河南淮阳,郡,-168,-64,,,,,33.737244,114.89273
5975,CN411626,CN411626,陈郡,河南省周口市淮阳区,郡,-168,-156,,,,hvd_112575,33.73398,114.88245
5976,CN411626,CN411626,淮阳郡,河南省周口市淮阳区,郡,-154,-64,,,,hvd_112577,33.73398,114.88245
5977,CN411626,CN411626,淮阳国,河南省周口市淮阳区,国,-63,8,,,,hvd_112578,33.73398,114.88245
5978,CN411626,CN411626,淮阳国,河南淮阳,侯国,-63,8,,,,,33.737244,114.89273
5979,CN411626,CN411626,新平郡,河南省周口市淮阳区,郡,9,23,,,,hvd_112579,33.73398,114.88245
5980,CN411626,CN411626,陈陵县,河南省周口市淮阳区,县,14,22,,,,hvd_82002,33.73398,114.88245
5981,CN411626,CN411626,陈县,河南省周口市淮阳区,县,23,423,,,,hvd_82003,33.73398,114.88245
5982,CN411626,CN411626,淮阳郡,河南省周口市淮阳区,郡,24,40,,,,hvd_112580,33.73398,114.88245
5983,CN411626,CN411626,淮阳郡,河南淮阳,郡,25,38,,,,,33.737244,114.89273
5984,CN411626,CN411626,淮阳国,河南淮阳,侯国,39,72,,,,,33.737244,114.89273
5985,CN411626,CN411626,淮阳国,河南省周口市淮阳区,国,41,72,,,,hvd_112581,33.73398,114.88245
5986,CN411626,CN411626,淮阳郡,河南省周口市淮阳区,郡,73,78,,,,hvd_112582,33.73398,114.88245
5987,CN411626,CN411626,淮阳郡,河南淮阳,郡,73,38,,,,,33.737244,114.89273
5988,CN411626,CN411626,淮阳国,河南省周口市淮阳区,国,79,86,,,,hvd_112583,33.73398,114.88245
5989,CN411626,CN411626,淮阳国,河南淮阳,侯国,79,87,,,,,33.737244,114.89273
5990,CN411626,CN411626,淮阳郡,河南省周口市淮阳区,郡,87,87,,,,hvd_112584,33.73398,114.88245
5991,CN411626,CN411626,陈国,河南省周口市淮阳区,国,88,196,,,,hvd_112585,33.73398,114.88245
5992,CN411626,CN411626,陈郡,河南省周口市淮阳区,郡,197,0,,,,hvd_112586,33.73398,114.88245
5993,CN411626,CN411626,陈国,河南省周口市淮阳区,国,223,232,,,,hvd_115097,33.73398,114.88245
5994,CN411626,CN411626,豫州,河南省周口市淮阳区,州,265,318,,,,hvd_113252,33.73398,114.88245
5995,CN411626,CN411626,北扬州,河南省周口市淮阳区,州,535,547,,,,hvd_113005,33.73398,114.88245
5996,CN411626,CN411626,南阳县,河南省周口市淮阳区,县,535,555,,,,hvd_82065,33.74041,115.0343
5997,CN411626,CN411626,殷州,河南省周口市淮阳区,州,548,549,,,,hvd_113006,33.73398,114.88245
5998,CN411626,CN411626,北扬州,河南省周口市淮阳区,州,550,550,,,,hvd_113007,33.73398,114.88245
5999,CN411626,CN411626,信州,河南省周口市淮阳区,州,551,577,,,,hvd_113008,33.73398,114.88245
6000,CN411626,CN411626,项县,河南省周口市淮阳区,县,556,580,,,,hvd_82004,33.73398,114.88245
6001,CN411626,CN411626,陈州,河南省周口市淮阳区,州,578,606,,,,hvd_113009,33.73398,114.88245
6002,CN411626,CN411626,宛丘县,河南省周口市淮阳区,县,581,581,,,,hvd_82005,33.73398,114.88245
6003,CN411626,CN411626,临蔡县,河南省周口市淮阳区,县,596,605,,,,hvd_82009,33.82343,114.95606
6004,CN411626,CN411626,淮阳郡,河南省周口市淮阳区,郡,607,617,,,,hvd_110195,33.73398,114.88245
6005,CN411626,CN411626,淮阳郡,河南淮阳,郡,607,617,,,,,33.737244,114.89273
6006,CN411626,CN411626,新平县,河南省周口市淮阳区,县,618,624,,,,hvd_82010,33.82343,114.95606
6007,CN411626,CN411626,陈州,河南省周口市淮阳区,州,618,741,,,,hvd_110960,33.73398,114.88245
6008,CN411626,CN411626,淮阳郡,河南省周口市淮阳区,郡,742,755,,,,hvd_111179,33.73398,114.88245
6009,CN411626,CN411626,淮阳郡,河南淮阳,郡,742,757,,,,,33.737244,114.89273
6010,CN411626,CN411626,镇安军节度使,河南省周口市淮阳区,防镇,945,946,,,,hvd_111749,33.73398,114.88245
6011,CN411626,CN411626,镇安军节度使,河南省周口市淮阳区,防镇,952,962,,,,hvd_111779,33.73398,114.88245
6012,CN411626,CN411626,淮宁府,河南省周口市淮阳区,府,1119,1367,,,,hvd_115383,33.73398,114.88245
6013,CN411626,CN411626,陈州,河南省周口市淮阳区,府,1724,1733,,,,hvd_84016,33.73398,114.88245
6014,CN411626,CN411626,陈州直隶州,河南省周口市淮阳区,州,1724,1733,,,,hvd_115102,33.73398,114.88245
6015,CN411626,CN411626,淮宁县,河南淮阳县县城关回族镇,县,1734,1734,,,,hvd_82006,33.73398,114.88245
6016,CN411626,CN411626,陈州府,河南省周口市淮阳区,府,1734,1911,,,,hvd_84006,33.73398,114.88245
6017,CN411626,CN411626,冯唐集,河南淮阳县东南冯唐,村镇,1820,1820,,,,hvd_18168,33.597923,114.9921
6018,CN411626,CN411626,淮宁县,河南淮阳县县城关回族镇,县,1820,1820,,,,hvd_601,33.733982,114.882454
6019,CN411626,CN411626,陈州府,河南淮阳县,府,1820,1820,,,,hvd_9600,33.733982,114.882454
6020,CN411626,CN411626,鲁台集,,村镇,1820,1820,,,,hvd_18185,33.503647,115.035904
6021,CN411626,CN411626,买成集,河南淮阳县买臣集,村镇,1911,1911,,,,hvd_148638,33.64313,114.8916
6022,CN411626,CN411626,孔集,河南鹿邑县孔集,村镇,1911,1911,,,,hvd_148486,33.905132,115.05574
6023,CN411626,CN411626,安子岭,河南商水县安岭镇,村镇,1911,1911,,,,hvd_148658,33.85339,114.851395
6024,CN411626,CN411626,戴集,河南淮阳县代集,村镇,1911,1911,,,,hvd_148636,33.785847,115.06236
6025,CN411626,CN411626,板缯口,河南淮阳县搬口,村镇,1911,1911,,,,hvd_148644,33.66047,114.72359
6026,CN411626,CN411626,棠棣集,河南淮阳县棠棣集,村镇,1911,1911,,,,hvd_148634,33.86891,115.01331
6027,CN411626,CN411626,淮宁县,河南淮阳县县城关回族镇,县,1911,1911,,,,hvd_121929,33.733982,114.882454
6028,CN411626,CN411626,窦门集,河南淮阳县窦门,村镇,1911,1911,,,,hvd_148641,33.465675,114.9461
6029,CN411626,CN411626,鲁台集,,村镇,1911,1911,,,,hvd_148640,33.503647,115.035904
6030,CN411626,CN411626,黄路口,河南淮阳县黄路口,村镇,1911,1911,,,,hvd_148633,33.892746,115.02786
6031,CN411726,CN411726,比阳县,河南省驻马店市泌阳县,县,-272,450,,,,hvd_82650,32.72317,113.31919
6032,CN411726,CN411726,舞阴县,河南省驻马店市泌阳县,县,-207,26,,,,hvd_82655,32.95993,113.19347
6033,CN411726,CN411726,舞阴侯国,河南省驻马店市泌阳县,国,27,35,,,,hvd_82656,32.95993,113.19347
6034,CN411726,CN411726,舞阴县,河南省驻马店市泌阳县,县,36,486,,,,hvd_82657,32.95993,113.19347
6035,CN411726,CN411726,昭越县,河南省驻马店市泌阳县,县,472,525,,,,hvd_82647,32.76541,113.55081
6036,CN411726,CN411726,城阳县,河南省驻马店市泌阳县,县,479,582,,,,hvd_82819,32.64016,113.23405
6037,CN411726,CN411726,江夏县,河南省驻马店市泌阳县白云山服务区,县,498,597,,,,hvd_82664,32.97614,113.47
6038,CN411726,CN411726,舞阴县,河南省驻马店市泌阳县,县,498,582,,,,hvd_82658,32.95993,113.19347
6039,CN411726,CN411726,阳平县,河南省驻马店市泌阳县,县,498,586,,,,hvd_82651,32.72317,113.31919
6040,CN411726,CN411726,东舞阳县,河南省驻马店市泌阳县,县,526,582,,,,hvd_82662,32.95182,113.17642
6041,CN411726,CN411726,期城郡,河南省驻马店市泌阳县,郡,526,582,,,,hvd_115686,32.95182,113.17642
6042,CN411726,CN411726,西舞阳县,河南省驻马店市泌阳县,县,526,533,,,,hvd_82660,32.95182,113.17642
6043,CN411726,CN411726,昭越县,河南省驻马店市泌阳县,县,530,604,,,,hvd_82648,32.76541,113.55081
6044,CN411726,CN411726,临舞县,河南省驻马店市泌阳县,县,534,617,,,,hvd_82661,32.95182,113.17642
6045,CN411726,CN411726,显冈县,河南省驻马店市泌阳县,县,583,628,,,,hvd_82659,32.95993,113.19347
6046,CN411726,CN411726,显州,河南省驻马店市泌阳县,州,585,606,,,,hvd_110108,32.72317,113.31919
6047,CN411726,CN411726,饶良县,河南省驻马店市泌阳县,县,587,605,,,,hvd_82652,32.72317,113.31919
6048,CN411726,CN411726,慈丘县,河南省驻马店市泌阳县白云山服务区,县,598,955,,,,hvd_82665,32.97614,113.47
6049,CN411726,CN411726,昆水县,河南省驻马店市泌阳县,县,598,605,,,,hvd_82663,32.95182,113.17642
6050,CN411726,CN411726,同光县,河南省驻马店市泌阳县,县,605,605,,,,hvd_82649,32.76541,113.55081
6051,CN411726,CN411726,比阳县,河南省驻马店市泌阳县,县,606,1265,,,,hvd_82653,32.72317,113.31919
6052,CN411726,CN411726,淮安郡,河南省驻马店市泌阳县,郡,607,620,,,,hvd_110338,32.72317,113.31919
6053,CN411726,CN411726,显州,河南省驻马店市泌阳县,州,621,634,,,,hvd_110667,32.72317,113.31919
6054,CN411726,CN411726,唐州,河南省驻马店市泌阳县,州,635,741,,,,hvd_110964,32.72317,113.31919
6055,CN411726,CN411726,淮安郡,河南省驻马店市泌阳县,郡,742,756,,,,hvd_111225,32.72317,113.31919
6056,CN411726,CN411726,唐隋邓节度使,河南省驻马店市泌阳县,防镇,815,815,,,,hvd_111550,32.72317,113.31919
6057,CN411726,CN411726,泌阳县,,县,1381,1911,,,,hvd_82654,32.72317,113.31919
6058,CN411726,CN411726,沙河店,河南泌阳县东北沙河店,村镇,1820,1820,,,,hvd_18205,32.992943,113.7238
6059,CN411726,CN411726,泌阳县,,县,1820,1820,,,,hvd_612,32.72317,113.31919
6060,CN411726,CN411726,羊栅镇,河南泌阳县北,村镇,1820,1820,,,,hvd_18211,32.99082,113.242874
6061,CN411726,CN411726,象河关,河南泌阳县东北象河关,村镇,1820,1820,,,,hvd_18158,33.112423,113.4234
6062,CN411726,CN411726,二十里铺,河南泌阳县二店,村镇,1911,1911,,,,hvd_149731,32.79872,113.37931
6063,CN411726,CN411726,傅金川,河南泌阳县傅金川,村镇,1911,1911,,,,hvd_149725,33.05057,113.208084
6064,CN411726,CN411726,双庙,河南泌阳县双庙,村镇,1911,1911,,,,hvd_149733,32.803333,113.25474
6065,CN411726,CN411726,堡子街,河南泌阳县堡子,村镇,1911,1911,,,,hvd_149736,32.633854,113.545235
6066,CN411726,CN411726,大磨街,河南泌阳大磨,村镇,1911,1911,,,,hvd_150245,32.62082,113.34336
6067,CN411726,CN411726,大路店,河南泌阳县大路庄,村镇,1911,1911,,,,hvd_149738,32.775024,113.55872
6068,CN411726,CN411726,春水街,河南泌阳县春水街,村镇,1911,1911,,,,hvd_149727,33.03541,113.457436
6069,CN411726,CN411726,沙河店,河南泌阳县沙河店镇,村镇,1911,1911,,,,hvd_149780,32.992943,113.7238
6070,CN411726,CN411726,泌阳县,,县,1911,1911,,,,hvd_121940,32.72317,113.31919
6071,CN411726,CN411726,羊册店,河南泌阳县羊册店,村镇,1911,1911,,,,hvd_149726,32.99082,113.242874
6072,CN411726,CN411726,邓庄,河南泌阳县邓庄,村镇,1911,1911,,,,hvd_149737,32.76974,113.604576
6073,CN411726,CN411726,龙王庙,河南泌阳县龙王庙,村镇,1911,1911,,,,hvd_149729,32.963757,113.48679
6074,CN411729,CN411729,新蔡县,,县,-221,526,,,,hvd_83173,32.75126,114.97392
6075,CN411729,CN411729,新蔡郡,河南省驻马店市新蔡县,郡,291,583,,,,hvd_115999,32.75126,114.97392
6076,CN411729,CN411729,北新蔡郡,河南省驻马店市新蔡县,郡,479,502,,,,hvd_115058,32.75126,114.97392
6077,CN411729,CN411729,新蔡县,,县,546,550,,,,hvd_83122,32.75126,114.97392
6078,CN411729,CN411729,广宁县,河南省驻马店市新蔡县,县,550,601,,,,hvd_83127,32.75126,114.97392
6079,CN411729,CN411729,永康县,河南省驻马店市新蔡县,县,550,557,,,,hvd_83126,32.66441,115.11914
6080,CN411729,CN411729,澺水县,河南省驻马店市新蔡县,县,557,606,,,,hvd_83128,32.66441,115.11914
6081,CN411729,CN411729,舒州,河南省驻马店市新蔡县,州,596,605,,,,hvd_110051,32.75126,114.97392
6082,CN411729,CN411729,汝北县,河南省驻马店市新蔡县,县,601,606,,,,hvd_83144,32.75126,114.97392
6083,CN411729,CN411729,新蔡县,,县,606,1262,,,,hvd_83147,32.75126,114.97392
6084,CN411729,CN411729,舒州,河南省驻马店市新蔡县,州,621,626,,,,hvd_110566,32.75126,114.97392
6085,CN411729,CN411729,新蔡县,,县,1263,1266,,,,hvd_83083,32.75126,114.97392
6086,CN411729,CN411729,新蔡县,,县,1371,1911,,,,hvd_83092,32.75126,114.97392
6087,CN411729,CN411729,新蔡县,,县,1820,1820,,,,hvd_618,32.751263,114.973915
6088,CN411729,CN411729,余家店,河南新蔡县许埠,村镇,1911,1911,,,,hvd_149848,32.758965,114.729416
6089,CN411729,CN411729,新蔡县,,县,1911,1911,,,,hvd_121950,32.751263,114.973915
6090,CN411729,CN411729,桃花店,安徽临泉县桃花店,村镇,1911,1911,,,,hvd_130596,32.699528,115.1878
6091,CN411729,CN411729,櫟城,河南新蔡县櫟城,村镇,1911,1911,,,,hvd_149857,32.84123,115.01681
6092,CN411729,CN411729,秦家桥,河南新蔡县秦桥,村镇,1911,1911,,,,hvd_149847,32.823105,114.74364
6093,CN411729,CN411729,马李店,河南淮滨县麻里,村镇,1911,1911,,,,hvd_150082,32.59977,115.16469
6094,CN419001,CN419001,轵县,河南省济源市,县,-290,606,,,,hvd_82494,35.04504,112.58481
6095,CN419001,CN419001,沁水县,河南省济源市,县,-206,555,,,,hvd_82501,35.13372,112.72716
6096,CN419001,CN419001,波县,河南省济源市,县,-206,265,,,,hvd_82493,35.042,112.71825
6097,CN419001,CN419001,长平县,河南省济源市,县,401,559,,,,hvd_82497,35.13858,112.25269
6098,CN419001,CN419001,王屋县,河南省济源市,县,559,617,,,,hvd_82498,35.13858,112.25269
6099,CN419001,CN419001,王屋郡,河南省济源市,郡,559,582,,,,hvd_115893,35.13858,112.25268
6100,CN419001,CN419001,邵伯县,河南省济源市,县,618,656,,,,hvd_82499,35.13858,112.25269
6101,CN419001,CN419001,大基县,河南省济源市,县,619,624,,,,hvd_82544,34.93449,112.41059
6102,CN419001,CN419001,怀州,河南省济源市南环路辅路,州,619,622,,,,hvd_110435,35.07116,112.55961
6103,CN419001,CN419001,溴阳县,河南省济源市,县,619,620,,,,hvd_82538,35.08088,112.67081
6104,CN419001,CN419001,蒸川县,河南省济源市,县,619,620,,,,hvd_82541,35.15255,112.56924
6105,CN419001,CN419001,西济州,河南省济源市周园街西段,州,619,620,,,,hvd_110336,35.09244,112.58267
6106,CN419001,CN419001,邵原县,河南省济源市,县,619,620,,,,hvd_82540,35.15987,112.13674
6107,CN419001,CN419001,长泉县,河南省济源市南环路辅路,县,619,619,,,,hvd_82539,35.07116,112.55961
6108,CN419001,CN419001,轵县,河南省济源市,县,621,627,,,,hvd_82495,35.04504,112.58481
6109,CN419001,CN419001,王屋县,河南省济源市,县,657,1265,,,,hvd_82500,35.13858,112.25269
6110,CN419001,CN419001,大基县,河南省济源市,县,673,711,,,,hvd_82545,34.93449,112.41059
6111,CN419001,CN419001,柏崖县,河南省济源市,县,674,674,,,,hvd_82496,34.93752,112.39577
6112,CN419001,CN419001,河清县,河南省济源市,县,712,845,,,,hvd_82546,34.93449,112.41059
6113,CN419001,CN419001,河清县,河南省济源市,县,866,967,,,,hvd_82547,34.93449,112.41059
6114,CN419001,CN419001,张金村,河南济源县东南张金,村镇,1820,1820,,,,hvd_18026,35.001865,112.6632
6115,CN419001,CN419001,济源县,河南济源县,县,1820,1820,,,,hvd_529,35.092438,112.58267
6116,CN419001,CN419001,窑头村,河南济源县东南窑头,村镇,1820,1820,,,,hvd_18028,35.15053,112.71835
6117,CN419001,CN419001,邵源镇,河南济源县西邵源,村镇,1820,1820,,,,hvd_18024,35.15987,112.13674
6118,CN419001,CN419001,关阳,河南济源市关阳,村镇,1911,1911,,,,hvd_149110,34.967754,112.22993
6119,CN419001,CN419001,勋掌村,河南济源市勋掌,村镇,1911,1911,,,,hvd_149107,35.166363,112.48524
6120,CN419001,CN419001,大窝寺,河南济源市大窝,村镇,1911,1911,,,,hvd_149108,35.21139,112.43291
6121,CN419001,CN419001,封门口,河南济源市封门口,村镇,1911,1911,,,,hvd_149104,35.1199,112.340546
6122,CN419001,CN419001,张金镇,河南济源市张金,村镇,1911,1911,,,,hvd_149097,35.01651,112.67198
6123,CN419001,CN419001,济源县,河南济源市,县,1911,1911,,,,hvd_121895,35.092438,112.58267
6124,CN419001,CN419001,王屋镇,河南济源市王屋,村镇,1911,1911,,,,hvd_149105,35.112476,112.25248
6125,CN419001,CN419001,留养,河南济源市西留养,村镇,1911,1911,,,,hvd_149109,35.041603,112.54388
6126,CN419001,CN419001,省庄,河南济源省庄,村镇,1911,1911,,,,hvd_150215,35.160297,112.68841
6127,CN419001,CN419001,苗店,河南济源市苗店,村镇,1911,1911,,,,hvd_149098,35.11543,112.67378
6128,CN419001,CN419001,虎岭,河南济源市虎岭,村镇,1911,1911,,,,hvd_149106,35.10362,112.39953
6129,CN419001,CN419001,裴村,河南济源市裴村,村镇,1911,1911,,,,hvd_149099,35.136097,112.64943
6130,CN419001,CN419001,邵源关,河南济源市邵源镇,村镇,1911,1911,,,,hvd_149103,35.15987,112.13674
6131,CN420106,CN420106,沙羡县,湖北武汉市武昌,县,190,255,迁移治所,撤销,,hvd_43421,30.57367,114.306656
6132,CN420106,CN420106,沙羡县,湖北武汉市武昌,县,280,377,新建,撤销,,hvd_43422,30.57367,114.306656
6133,CN420106,CN420106,荆州,湖北武汉市武昌城北部,州,345,351,治所迁移,治所迁移,,hvd_30263,30.560694,114.305725
6134,CN420106,CN420106,郢,湖北武汉市武昌,州,454,551,,,,,30.560694,114.305725
6135,CN420106,CN420106,郢州,湖北武汉市武昌,州,454,551,新建,暂无,,hvd_30268,30.560694,114.305725
6136,CN420106,CN420106,江夏县,湖北武汉市武昌,县,591,1911,迁移治所,数据下限,,hvd_43459,30.57367,114.306656
6137,CN420106,CN420106,鄂岳沔三州都团练守捉使,湖北省武汉市武昌区临江大道,防镇,759,760,,,,hvd_30224,30.56069,114.30573
6138,CN420106,CN420106,鄂州观察使,湖北省武汉市武昌区临江大道,防镇,765,776,,,,hvd_30225,30.56069,114.30573
6139,CN420106,CN420106,鄂州观察防御使,湖北省武汉市武昌区临江大道,防镇,777,778,,,,hvd_30226,30.56069,114.30573
6140,CN420106,CN420106,鄂州都团练观察使,湖北省武汉市武昌区临江大道,防镇,783,786,,,,hvd_30227,30.56069,114.30573
6141,CN420106,CN420106,鄂岳观察使,湖北省武汉市武昌区临江大道,防镇,787,805,,,,hvd_30228,30.56069,114.30573
6142,CN420106,CN420106,武昌军节度使,湖北省武汉市武昌区临江大道,防镇,806,809,,,,hvd_30229,30.56069,114.30573
6143,CN420106,CN420106,鄂岳都团练观察使,湖北省武汉市武昌区临江大道,防镇,810,817,,,,hvd_30230,30.56069,114.30573
6144,CN420106,CN420106,鄂岳观察使,湖北省武汉市武昌区临江大道,防镇,818,846,,,,hvd_30231,30.56069,114.30573
6145,CN420106,CN420106,武昌军节度使,湖北省武汉市武昌区临江大道,防镇,847,847,,,,hvd_30232,30.56069,114.30573
6146,CN420106,CN420106,鄂岳观察使,湖北省武汉市武昌区临江大道,防镇,848,849,,,,hvd_30233,30.56069,114.30573
6147,CN420106,CN420106,武昌军节度使,湖北省武汉市武昌区临江大道,防镇,850,851,,,,hvd_30234,30.56069,114.30573
6148,CN420106,CN420106,鄂岳观察使,湖北省武汉市武昌区临江大道,防镇,852,887,,,,hvd_30235,30.56069,114.30573
6149,CN420106,CN420106,武昌军节度使,湖北省武汉市武昌区临江大道,防镇,888,904,,,,hvd_30236,30.56069,114.30573
6150,CN420106,CN420106,鄂州观察使,湖北省武汉市武昌区临江大道,防镇,905,906,,,,hvd_30237,30.56069,114.30573
6151,CN420106,CN420106,荆湖等路行省,湖北武汉市武昌,行省,1275,1275,更名和治所迁移,更名和治所迁移,,hvd_30164,30.560694,114.305725
6152,CN420106,CN420106,潭州行省,湖北武汉市武昌,行省,1281,1284,治所迁移,更名,,hvd_30168,30.560694,114.305725
6153,CN420106,CN420106,湖广等处行省,湖北武汉市武昌,行省,1285,1375,更名,更名,,hvd_30169,30.560694,114.305725
6154,CN420106,CN420106,武昌府,湖北武汉市武昌,府,1364,1819,,,,,30.541386,114.31919
6155,CN420106,CN420106,湖广布政使司,湖北武汉市武昌,布政司,1376,1644,更名,更名,,hvd_30163,30.560694,114.305725
6156,CN420106,CN420106,武昌府,湖北武汉市武昌,府,1820,1820,,,,hvd_9613,30.541386,114.31919
6157,CN420106,CN420106,江夏县,湖北武汉市武昌,县,1820,1820,,,,hvd_665,30.541386,114.31919
6158,CN420106,CN420106,纸坊,湖北武昌县,村镇,1820,1820,,,,hvd_18556,30.353367,114.31539
6159,CN420106,CN420106,武昌府,湖北武汉市武昌,府,1911,1911,,,,hvd_120172,30.560694,114.305725
6160,CN420106,CN420106,江夏县,湖北武汉市武昌,县,1911,1911,,,,hvd_121124,30.560694,114.305725
6161,CN4205,CN4205,峡州,湖北省宜昌市,州,1127,1279,,,,,30.697601,111.29297
6162,CN4205,CN4205,东湖县,湖北宜昌市,县,1735,1911,,,,hvd_45807,30.70423,111.28712
6163,CN4205,CN4205,宜昌府,湖北宜昌市,府,1735,1903,,,,hvd_105039,30.70423,111.28712
6164,CN4205,CN4205,宜昌府,湖北宜昌市,府,1735,1911,,,,hvd_34316,30.70423,111.28712
6165,CN4205,CN4205,东湖县,湖北宜昌市,县,1820,1820,,,,hvd_663,30.704227,111.287125
6166,CN4205,CN4205,宜昌府,湖北宜昌市,府,1820,1820,,,,hvd_9609,30.704227,111.287125
6167,CN4205,CN4205,宜昌府,湖北宜昌市,府,1904,1911,,,,hvd_105040,30.70423,111.28712
6168,CN4205,CN4205,宜昌府,湖北宜昌市,府,1911,1911,,,,hvd_120194,30.704227,111.287125
6169,CN420581,CN420581,宜都郡,湖北省宜昌市宜都市,郡,210,0,,,,hvd_112699,30.39239,111.45792
6170,CN420581,CN420581,津州,湖北省宜昌市宜都市,州,598,605,,,,hvd_110055,30.39239,111.45792
6171,CN420581,CN420581,江州,湖北省宜昌市宜都市,州,619,622,,,,hvd_34458,30.39239,111.45792
6172,CN420581,CN420581,江州,湖北省宜昌市宜都市,州,619,622,,,,hvd_105237,30.39239,111.45792
6173,CN420581,CN420581,东松州,湖北省宜昌市宜都市,州,623,633,,,,hvd_34459,30.39239,111.45792
6174,CN420581,CN420581,东松州,湖北省宜昌市宜都市,州,623,633,,,,hvd_110654,30.39239,111.45792
6175,CN420581,CN420581,东松州,湖北省宜昌市宜都市,州,623,624,,,,hvd_105238,30.39239,111.45792
6176,CN420581,CN420581,东松州,湖北省宜昌市宜都市,州,625,633,,,,hvd_105239,30.39239,111.45792
6177,CN420581,CN420581,枝江县,湖北枝城市东南枝城镇,县,1270,1376,迁移治所,撤销,,hvd_43725,30.295969,111.50119
6178,CN420581,CN420581,枝江县,湖北枝城市东南枝城镇,县,1380,1911,新建,数据下限,,hvd_43726,30.295969,111.50119
6179,CN420581,CN420581,宜都县,湖北宜都县,县,1820,1820,,,,hvd_654,30.392,111.458
6180,CN420581,CN420581,枝江县,湖北宜都县东南枝江镇,县,1820,1820,,,,hvd_656,30.296,111.501
6181,CN420581,CN420581,汉洋,湖北宜都县西北汉洋坪,村镇,1820,1820,,,,hvd_18477,30.396519,111.40103
6182,CN420581,CN420581,红花套,湖北宜都县北红花套,村镇,1820,1820,,,,hvd_18485,30.51345,111.40345
6183,CN420581,CN420581,下九道河,湖北枝江县回龙,村镇,1911,1911,,,,hvd_129167,30.214586,111.489685
6184,CN420581,CN420581,仙女洞,湖北枝城市仙女洞,村镇,1911,1911,,,,hvd_128589,30.164988,111.34072
6185,CN420581,CN420581,全福河,湖北枝城市全福河,村镇,1911,1911,,,,hvd_128587,30.188036,111.157715
6186,CN420581,CN420581,写经寺,湖北枝城市写经寺,村镇,1911,1911,,,,hvd_128590,30.14877,111.440636
6187,CN420581,CN420581,十里铺,湖北枝城市十里铺,村镇,1911,1911,,,,hvd_129166,30.373241,111.46622
6188,CN420581,CN420581,宋山,湖北枝城市宋山冲,村镇,1911,1911,,,,hvd_128583,30.448399,111.36446
6189,CN420581,CN420581,宜都县,湖北省宜昌市宜都市,县,1911,1911,,,,hvd_121169,30.39239,111.45792
6190,CN420581,CN420581,朱家垱,湖北枝城市朱家壋,村镇,1911,1911,,,,hvd_129169,30.183157,111.21534
6191,CN420581,CN420581,松木坪,湖北枝城市松木坪镇,村镇,1911,1911,,,,hvd_128591,30.136375,111.48567
6192,CN420581,CN420581,枝江县,湖北枝城市东南枝城镇,县,1911,1911,,,,hvd_121168,30.29597,111.50119
6193,CN420581,CN420581,栗书脑市,湖北枝城市栗树垴,村镇,1911,1911,,,,hvd_128586,30.213646,111.15672
6194,CN420581,CN420581,毛家沱,湖北枝城市毛家沱,村镇,1911,1911,,,,hvd_128582,30.401447,111.35259
6195,CN420581,CN420581,洋溪铺,湖北枝城市洋溪,村镇,1911,1911,,,,hvd_128575,30.25489,111.555405
6196,CN420581,CN420581,王家坂塘,湖北枝城市王家畈,村镇,1911,1911,,,,hvd_128593,30.183199,111.36415
6197,CN420581,CN420581,石门,湖北枝城市石门,村镇,1911,1911,,,,hvd_128584,30.387789,111.33083
6198,CN420581,CN420581,老龙坪,湖北枝城市老龙坪,村镇,1911,1911,,,,hvd_129168,30.27308,111.18661
6199,CN420581,CN420581,聂家河市,湖北枝城市聂河镇,村镇,1911,1911,,,,hvd_128585,30.305975,111.31183
6200,CN420581,CN420581,花溪,湖北枝城市花石桥,村镇,1911,1911,,,,hvd_128576,30.274288,111.503204
6201,CN420581,CN420581,萧家岩塘,湖北枝城市肖家隘,村镇,1911,1911,,,,hvd_128588,30.271694,111.40799
6202,CN420581,CN420581,观音桥,湖北枝城市观音桥,村镇,1911,1911,,,,hvd_128592,30.147915,111.54352
6203,CN420581,CN420581,鄢家沱,湖北枝城市鄢家沱,村镇,1911,1911,,,,hvd_128581,30.50474,111.31995
6204,CN420582,CN420582,临沮县,湖北省宜昌市当阳市,县,-202,124,,,,hvd_45781,30.91539,111.69106
6205,CN420582,CN420582,临沮侯国,湖北省宜昌市当阳市,侯国,125,192,,,,hvd_45782,30.91539,111.69106
6206,CN420582,CN420582,临沮县,湖北省宜昌市当阳市,县,193,588,,,,hvd_45783,30.91539,111.69106
6207,CN420582,CN420582,当阳县,湖北当阳县,县,420,1143,,,,hvd_45777,30.83151,111.78712
6208,CN420582,CN420582,安居县,湖北省宜昌市当阳市,县,502,597,,,,hvd_45789,30.94116,111.99052
6209,CN420582,CN420582,平州,湖北省宜昌市当阳市,州,560,586,,,,hvd_113223,30.83151,111.78712
6210,CN420582,CN420582,玉州,湖北省宜昌市当阳市,州,587,588,,,,hvd_105227,30.83151,111.78712
6211,CN420582,CN420582,玉州,湖北省宜昌市当阳市,州,587,588,,,,hvd_34450,30.83151,111.78712
6212,CN420582,CN420582,昭丘县,湖北省宜昌市当阳市,县,598,604,,,,hvd_45790,30.94116,111.99052
6213,CN420582,CN420582,荆台县,湖北省宜昌市当阳市,县,605,605,,,,hvd_45791,30.94116,111.99052
6214,CN420582,CN420582,临沮县,湖北省宜昌市当阳市,县,621,622,,,,hvd_45784,30.91539,111.69106
6215,CN420582,CN420582,平州,湖北省宜昌市当阳市,州,621,622,,,,hvd_105217,30.83151,111.78712
6216,CN420582,CN420582,平州,湖北省宜昌市当阳市,州,621,622,,,,hvd_34444,30.83151,111.78712
6217,CN420582,CN420582,玉州,湖北省宜昌市当阳市,州,623,624,,,,hvd_105218,30.83151,111.78712
6218,CN420582,CN420582,玉州,湖北省宜昌市当阳市,州,623,624,,,,hvd_34445,30.83151,111.78712
6219,CN420582,CN420582,荆门军,湖北省宜昌市当阳市,军,924,971,,,,hvd_105211,30.83151,111.78712
6220,CN420582,CN420582,荆门军,湖北省宜昌市当阳市,军,924,971,,,,hvd_34555,30.83151,111.78712
6221,CN420582,CN420582,当阳县,湖北当阳县,县,1145,1367,,,,hvd_45778,30.83151,111.78712
6222,CN420582,CN420582,荆门军,湖北省宜昌市当阳市,军,1236,1276,,,,hvd_105208,30.83151,111.78712
6223,CN420582,CN420582,荆门军,湖北省宜昌市当阳市,军,1236,1276,,,,hvd_34439,30.83151,111.78712
6224,CN420582,CN420582,荆门府,湖北省宜昌市当阳市,府,1277,1277,,,,hvd_34329,30.83151,111.78712
6225,CN420582,CN420582,荆门府,湖北省宜昌市当阳市,府,1277,1277,,,,hvd_105059,30.83151,111.78712
6226,CN420582,CN420582,当阳县,湖北当阳县,县,1380,1645,,,,hvd_45780,30.83151,111.78712
6227,CN420582,CN420582,当阳县,湖北当阳县,县,1646,1790,,,,hvd_655,30.83151,111.78712
6228,CN420582,CN420582,峡口,湖北当阳县西北峡口塘,村镇,1820,1820,,,,hvd_18484,30.854437,111.64768
6229,CN420582,CN420582,当阳县,湖北当阳县,州,1820,1820,,,,hvd_655,30.83151,111.78712
6230,CN420582,CN420582,河溶镇,湖北当阳县东南河溶,村镇,1820,1820,,,,hvd_18479,30.7129,111.97966
6231,CN420582,CN420582,漳河口,湖北当阳县北,村镇,1820,1820,,,,hvd_18346,31.137178,111.90643
6232,CN420582,CN420582,百宝寨,湖北当阳县西北,村镇,1820,1820,,,,hvd_18474,30.905016,111.69784
6233,CN420582,CN420582,金沙滩,湖北当阳县东南金沙铺,村镇,1820,1820,,,,hvd_18488,30.753437,111.86419
6234,CN420582,CN420582,三里冈,湖北荆门市三里岗,村镇,1911,1911,,,,hvd_129078,31.04505,111.95776
6235,CN420582,CN420582,东岳庙,湖北当阳市东岳王庙,村镇,1911,1911,,,,hvd_129055,30.667358,111.75653
6236,CN420582,CN420582,两河口,湖北当阳市河口,村镇,1911,1911,,,,hvd_129014,30.67113,111.92664
6237,CN420582,CN420582,八俊坡,湖北当阳市大堰（八锦被）,村镇,1911,1911,,,,hvd_129046,31.009052,111.94794
6238,CN420582,CN420582,关陵,湖北当阳市关陵,村镇,1911,1911,,,,hvd_129052,30.84254,111.76546
6239,CN420582,CN420582,双莲集,湖北当阳市双莲镇,村镇,1911,1911,,,,hvd_129010,30.725878,111.62416
6240,CN420582,CN420582,孙家场,湖北当阳市孙家场,村镇,1911,1911,,,,hvd_128471,30.624645,111.96489
6241,CN420582,CN420582,官垱场,湖北当阳市官垱,村镇,1911,1911,,,,hvd_129016,30.80531,111.95652
6242,CN420582,CN420582,干溪场,湖北当阳市干溪镇,村镇,1911,1911,,,,hvd_129009,30.855024,111.68655
6243,CN420582,CN420582,当阳县,湖北当阳市,县,1911,1911,,,,hvd_121186,30.83151,111.78712
6244,CN420582,CN420582,慈化寺塘,湖北当阳市慈化镇,村镇,1911,1911,,,,hvd_129015,30.77729,111.87001
6245,CN420582,CN420582,新店子,湖北当阳市新店,村镇,1911,1911,,,,hvd_129063,30.754295,111.703636
6246,CN420582,CN420582,施家冲,湖北当阳市施家冲,村镇,1911,1911,,,,hvd_129007,30.937471,111.8063
6247,CN420582,CN420582,李家店,湖北当阳市李家店,村镇,1911,1911,,,,hvd_129049,30.945053,111.76215
6248,CN420582,CN420582,杨树港,湖北当阳市杨家港,村镇,1911,1911,,,,hvd_129059,30.741226,111.967445
6249,CN420582,CN420582,枣林冈,湖北当阳市枣林岗,村镇,1911,1911,,,,hvd_129051,30.86746,111.62132
6250,CN420582,CN420582,洪市坪,湖北当阳市井洪,村镇,1911,1911,,,,hvd_129064,30.84748,111.782974
6251,CN420582,CN420582,淯溪,湖北当阳市淯溪镇,村镇,1911,1911,,,,hvd_129006,30.916555,111.93217
6252,CN420582,CN420582,清溪铺塘,湖北当阳县清溪场,村镇,1911,1911,,,,hvd_129020,30.903156,111.64538
6253,CN420582,CN420582,烟墩集,湖北当阳市烟集镇,村镇,1911,1911,,,,hvd_129005,30.896067,111.88694
6254,CN420582,CN420582,焦家堤,湖北当阳市焦家堤,村镇,1911,1911,,,,hvd_129048,30.902008,111.70529
6255,CN420582,CN420582,玉泉寺塘,湖北当阳市玉泉寺林场,村镇,1911,1911,,,,hvd_129019,30.792675,111.67833
6256,CN420582,CN420582,王老冲,湖北当阳市王老冲,村镇,1911,1911,,,,hvd_129018,30.679209,111.78424
6257,CN420582,CN420582,白石港,湖北当阳市白石港,村镇,1911,1911,,,,hvd_129045,31.04077,111.91951
6258,CN420582,CN420582,石子岭市,湖北枝江县石子岭,村镇,1911,1911,,,,hvd_128566,30.604366,111.76313
6259,CN420582,CN420582,草埠街,湖北当阳市老草埠,村镇,1911,1911,,,,hvd_128572,30.543882,111.93328
6260,CN420582,CN420582,落铃垱,湖北当阳市陈院镇,村镇,1911,1911,,,,hvd_129044,31.089447,111.9062
6261,CN420582,CN420582,跑马冈,湖北当阳市跑马岗,村镇,1911,1911,,,,hvd_129062,30.71168,111.74331
6262,CN420582,CN420582,邬家店,湖北当阳市邬家店,村镇,1911,1911,,,,hvd_129061,30.777592,111.810745
6263,CN420582,CN420582,郭家畈,湖北当阳市郭家畈,村镇,1911,1911,,,,hvd_129008,30.901123,111.79968
6264,CN420582,CN420582,镇头山,湖北当阳市镇头山,村镇,1911,1911,,,,hvd_129056,30.582129,111.968765
6265,CN420582,CN420582,闵家场,湖北当阳市闵家场,村镇,1911,1911,,,,hvd_129060,30.766228,111.96215
6266,CN420582,CN420582,陈家店,湖北当阳市陈场,村镇,1911,1911,,,,hvd_129012,30.688005,112.0144
6267,CN420582,CN420582,马家河,湖北荆门市马家河,村镇,1911,1911,,,,hvd_129077,31.127678,111.946785
6268,CN420582,CN420582,鸿桥铺塘,湖北当阳市洪桥,村镇,1911,1911,,,,hvd_129050,30.929195,111.98364
6269,CN420582,CN420582,黄家场,湖北当阳市黄家场,村镇,1911,1911,,,,hvd_129058,30.646336,111.94893
6270,CN420582,CN420582,黑土坡市,湖北当阳市黑土坡,村镇,1911,1911,,,,hvd_129054,30.6702,111.67058
6271,CN420582,CN420582,龚家冲,湖北当阳市龚家院,村镇,1911,1911,,,,hvd_129036,31.044865,111.8108
6272,CN4206,CN4206,襄阳府,湖北襄樊市襄阳,府,1119,1272,,,,hvd_105080,32.02652,112.1587
6273,CN4206,CN4206,襄阳府,湖北襄樊市襄阳,府,1119,1272,,,,hvd_34346,32.02652,112.1587
6274,CN4206,CN4206,襄阳府,湖北襄樊市襄阳,府,1364,1911,,,,hvd_34318,32.02652,112.1587
6275,CN4206,CN4206,襄阳府,湖北襄樊市襄阳,府,1476,1911,,,,hvd_105043,32.02652,112.1587
6276,CN4206,CN4206,樊城,湖北襄阳县,村镇,1820,1820,,,,hvd_18305,32.04922,112.13916
6277,CN4206,CN4206,襄阳县,湖北襄樊市襄阳,县,1820,1820,,,,hvd_633,32.013474,112.14887
6278,CN4206,CN4206,襄阳府,湖北襄樊市,府,1820,1820,,,,hvd_9604,32.013474,112.14887
6279,CN4206,CN4206,襄阳县,湖北襄樊市襄阳,县,1911,1911,,,,hvd_121146,32.02362,112.15963
6280,CN4206,CN4206,襄阳府,湖北襄樊市襄阳,府,1911,1911,,,,hvd_120175,32.02362,112.15963
6281,CN420602,CN420602,中庐县,湖北省襄阳市襄城区,县,-202,124,,,,hvd_45694,31.91545,112.0238
6282,CN420602,CN420602,襄阳县,湖北襄樊市汉水南襄城区,县,-202,13,新建,更名,,hvd_43736,32.026524,112.1587
6283,CN420602,CN420602,相阳县,湖北襄樊市汉水南襄城区,县,14,22,更名,更名,,hvd_43737,32.026524,112.1587
6284,CN420602,CN420602,襄阳县,湖北省襄阳市襄城区县街,县,23,1911,,,,hvd_45651,32.02652,112.1587
6285,CN420602,CN420602,中庐侯国,湖北省襄阳市襄城区,侯国,125,207,,,,hvd_45695,31.91545,112.0238
6286,CN420602,CN420602,中庐县,湖北省襄阳市襄城区,县,208,551,,,,hvd_45696,31.91545,112.0238
6287,CN420602,CN420602,襄阳郡,湖北省襄阳市襄城区县街,郡,208,264,,,,hvd_34535,32.02652,112.1587
6288,CN420602,CN420602,襄阳郡,湖北省襄阳市襄城区县街,郡,208,218,,,,hvd_105350,32.02652,112.1587
6289,CN420602,CN420602,襄阳郡,湖北省襄阳市襄城区县街,郡,219,236,,,,hvd_105351,32.02652,112.1587
6290,CN420602,CN420602,襄阳郡,湖北省襄阳市襄城区县街,郡,237,252,,,,hvd_105352,32.02652,112.1587
6291,CN420602,CN420602,襄阳郡,湖北省襄阳市襄城区县街,郡,253,264,,,,hvd_105353,32.02652,112.1587
6292,CN420602,CN420602,襄阳郡,湖北省襄阳市襄城区县街,郡,317,419,,,,hvd_34537,32.02652,112.1587
6293,CN420602,CN420602,义成县,湖北省襄阳市襄城区县街,县,373,419,,,,hvd_45729,32.02652,112.1587
6294,CN420602,CN420602,武宁郡,湖北省襄阳市襄城区县街,郡,464,586,,,,hvd_105164,32.02652,112.1587
6295,CN420602,CN420602,穰县,湖北省襄阳市襄城区,县,552,553,,,,hvd_45698,31.91545,112.0238
6296,CN420602,CN420602,义清县,湖北省襄阳市襄城区,县,554,627,,,,hvd_45699,31.91545,112.0238
6297,CN420602,CN420602,旱停县,湖北省襄阳市襄城区,县,555,605,,,,hvd_45666,31.97556,112.04739
6298,CN420602,CN420602,襄阳郡,湖北省襄阳市襄城区县街,郡,577,582,,,,hvd_34360,32.02652,112.1587
6299,CN420602,CN420602,襄州,湖北省襄阳市襄城区县街,州,583,606,,,,hvd_34359,32.02652,112.1587
6300,CN420602,CN420602,襄阳郡,湖北省襄阳市襄城区县街,郡,607,620,,,,hvd_34358,32.02652,112.1587
6301,CN420602,CN420602,襄州,湖北省襄阳市襄城区县街,州,621,741,,,,hvd_34356,32.02652,112.1587
6302,CN420602,CN420602,襄州,湖北省襄阳市襄城区县街,州,622,626,,,,hvd_105094,32.02652,112.1587
6303,CN420602,CN420602,襄州,湖北省襄阳市襄城区县街,州,627,633,,,,hvd_105090,32.02652,112.1587
6304,CN420602,CN420602,襄州,湖北省襄阳市襄城区县街,州,634,741,,,,hvd_105089,32.02652,112.1587
6305,CN420602,CN420602,郢州,湖北省襄阳市襄城区县街,州,643,741,,,,hvd_105155,32.02652,112.1587
6306,CN420602,CN420602,富水郡,湖北省襄阳市襄城区县街,郡,742,757,,,,hvd_105154,32.02652,112.1587
6307,CN420602,CN420602,襄阳郡,湖北省襄阳市襄城区县街,郡,742,757,,,,hvd_34353,32.02652,112.1587
6308,CN420602,CN420602,襄州,湖北省襄阳市襄城区县街,州,758,1118,,,,hvd_34347,32.02652,112.1587
6309,CN420602,CN420602,汉阳军,湖北省襄阳市襄城区县街,军,977,1070,,,,hvd_105107,32.02652,112.1587
6310,CN420602,CN420602,汉阳军,湖北省襄阳市襄城区县街,军,1086,1134,,,,hvd_105106,32.02652,112.1587
6311,CN420602,CN420602,欧家庙,湖北襄阳县南欧家庙,村镇,1820,1820,,,,hvd_18372,31.866585,112.17219
6312,CN420602,CN420602,尹家集,湖北襄樊市尹家集,村镇,1911,1911,,,,hvd_128018,31.941923,112.07804
6313,CN420602,CN420602,法龙寺,湖北襄阳县法龙,村镇,1911,1911,,,,hvd_128021,31.840729,112.06622
6314,CN420602,CN420602,泥嘴镇,湖北襄阳县呢咀镇,村镇,1911,1911,,,,hvd_128019,32.01671,112.023605
6315,CN420602,CN420602,观音阁,湖北襄樊市观音阁,村镇,1911,1911,,,,hvd_128028,31.987041,112.16553
6316,CN420683,CN420683,舂陵侯国,湖北省襄阳市枣阳市,侯国,-124,8,,,,hvd_45711,31.99921,112.77004
6317,CN420683,CN420683,舂陵县,湖北省襄阳市枣阳市,县,9,29,,,,hvd_45712,31.99921,112.77004
6318,CN420683,CN420683,襄乡县,湖北省襄阳市枣阳市,县,30,143,,,,hvd_45702,32.22641,112.87054
6319,CN420683,CN420683,章陵县,湖北省襄阳市枣阳市,县,30,221,,,,hvd_45713,31.99921,112.77004
6320,CN420683,CN420683,章陵郡,湖北省襄阳市枣阳市,郡,190,221,,,,hvd_34533,31.99921,112.77004
6321,CN420683,CN420683,章陵郡,湖北省襄阳市枣阳市,郡,190,221,,,,hvd_105347,31.99921,112.77004
6322,CN420683,CN420683,义阳郡,湖北省襄阳市枣阳市,郡,222,236,,,,hvd_105348,31.99921,112.77004
6323,CN420683,CN420683,义阳郡,湖北省襄阳市枣阳市,郡,222,239,,,,hvd_34534,31.99921,112.77004
6324,CN420683,CN420683,安昌县,湖北省襄阳市枣阳市,县,222,582,,,,hvd_45714,31.99921,112.77004
6325,CN420683,CN420683,义阳郡,湖北省襄阳市枣阳市,郡,237,239,,,,hvd_105349,31.99921,112.77004
6326,CN420683,CN420683,南雍州,湖北省襄阳市枣阳市,州,454,534,,,,hvd_113275,31.80946,112.64621
6327,CN420683,CN420683,丰良县,湖北省襄阳市枣阳市,县,504,605,,,,hvd_45717,31.93556,112.79626
6328,CN420683,CN420683,南荆州,湖北省襄阳市枣阳市,州,512,553,,,,hvd_113156,31.99921,112.77005
6329,CN420683,CN420683,南雍州,湖北省襄阳市枣阳市,州,539,553,,,,hvd_113276,31.80946,112.64621
6330,CN420683,CN420683,南阳县,湖北省襄阳市枣阳市发展大道,县,554,556,,,,hvd_45719,32.05695,112.90199
6331,CN420683,CN420683,昌州,湖北省襄阳市枣阳市上海路商业步行街,州,554,606,,,,hvd_113157,32.13202,112.7566
6332,CN420683,CN420683,清潭县,湖北省襄阳市枣阳市,县,554,621,,,,hvd_45716,31.78694,112.81569
6333,CN420683,CN420683,瀴源县,湖北省襄阳市枣阳市,县,554,606,,,,hvd_45718,31.80946,112.64621
6334,CN420683,CN420683,舂陵县,湖北省襄阳市枣阳市,县,554,626,,,,hvd_45715,31.99921,112.77004
6335,CN420683,CN420683,蔡州,湖北省襄阳市枣阳市,州,554,605,,,,hvd_113277,31.80946,112.64621
6336,CN420683,CN420683,双泉县,湖北省襄阳市枣阳市发展大道,县,557,606,,,,hvd_45720,32.05695,112.90199
6337,CN420683,CN420683,广昌县,湖北省襄阳市枣阳市上海路商业步行街,县,557,600,,,,hvd_45703,32.13202,112.7566
6338,CN420683,CN420683,淮安郡,湖北省襄阳市枣阳市上海路商业步行街,郡,564,582,,,,hvd_115382,32.13202,112.7566
6339,CN420683,CN420683,昌州,湖北省襄阳市枣阳市上海路商业步行街,州,583,600,,,,hvd_105298,32.13202,112.7566
6340,CN420683,CN420683,昌州,湖北省襄阳市枣阳市上海路商业步行街,州,583,606,,,,hvd_34507,32.13202,112.7566
6341,CN420683,CN420683,昌州,湖北省襄阳市枣阳市上海路商业步行街,州,601,606,,,,hvd_105299,32.13202,112.7566
6342,CN420683,CN420683,枣阳县,湖北枣阳县,县,601,1911,,,,hvd_45704,32.13202,112.7566
6343,CN420683,CN420683,舂陵郡,湖北省襄阳市枣阳市上海路商业步行街,郡,607,619,,,,hvd_34508,32.13202,112.7566
6344,CN420683,CN420683,昌州,湖北省襄阳市枣阳市上海路商业步行街,州,620,621,,,,hvd_34506,32.13202,112.7566
6345,CN420683,CN420683,唐州,湖北省襄阳市枣阳市上海路商业步行街,州,622,634,,,,hvd_110669,32.13202,112.7566
6346,CN420683,CN420683,枣阳军,湖北省襄阳市枣阳市,军,1127,1279,,,,,32.134426,112.78044
6347,CN420683,CN420683,枣阳军,湖北省襄阳市枣阳市上海路商业步行街,军,1219,1276,,,,hvd_105286,32.13202,112.7566
6348,CN420683,CN420683,枣阳军,湖北省襄阳市枣阳市上海路商业步行街,军,1219,1276,,,,hvd_34496,32.13202,112.7566
6349,CN420683,CN420683,兴隆集,,村镇,1820,1820,,,,hvd_18303,32.046474,112.90397
6350,CN420683,CN420683,刘升店,湖北枣阳县东刘升,村镇,1820,1820,,,,hvd_18302,32.1486,112.958694
6351,CN420683,CN420683,大板桥店,湖北枣阳县南板桥,村镇,1820,1820,,,,hvd_18367,31.876934,112.671524
6352,CN420683,CN420683,平林店,湖北枣阳县南平林店,村镇,1820,1820,,,,hvd_18353,31.828,112.712
6353,CN420683,CN420683,杨家集,湖北随县西北杨家湾,村镇,1820,1820,,,,hvd_18371,31.90587,112.96693
6354,CN420683,CN420683,枣阳县,湖北枣阳县,县,1820,1820,,,,hvd_632,32.132023,112.7566
6355,CN420683,CN420683,清潭店,湖北枣阳县南清潭,村镇,1820,1820,,,,hvd_18362,31.787,112.816
6356,CN420683,CN420683,璩家湾,湖北枣阳县西南璩家湾,村镇,1820,1820,,,,hvd_18309,32.062508,112.61891
6357,CN420683,CN420683,鹿头店,湖北枣阳县东北鹿头,村镇,1820,1820,,,,hvd_18312,32.244637,112.92959
6358,CN420683,CN420683,余家畈,湖北枣阳市祖师殿,村镇,1911,1911,,,,hvd_128101,32.02476,112.77865
6359,CN420683,CN420683,兴隆集,,村镇,1911,1911,,,,hvd_128099,32.046474,112.90397
6360,CN420683,CN420683,刘升店塘,湖北枣阳市刘升店,村镇,1911,1911,,,,hvd_128103,32.1486,112.958694
6361,CN420683,CN420683,吉家河塘,湖北枣阳市吉河镇,村镇,1911,1911,,,,hvd_128104,32.205116,112.8435
6362,CN420683,CN420683,吴家集,湖北枣阳市吴家集,村镇,1911,1911,,,,hvd_128088,31.678055,112.716896
6363,CN420683,CN420683,唐家店,湖北枣阳市唐店,村镇,1911,1911,,,,hvd_128092,31.85714,112.80817
6364,CN420683,CN420683,土家铺,湖北枣阳市土铺,村镇,1911,1911,,,,hvd_128115,32.095078,112.686966
6365,CN420683,CN420683,宋家集,湖北枣阳市宋家集,村镇,1911,1911,,,,hvd_128089,31.72461,112.66979
6366,CN420683,CN420683,官庄,湖北枣阳市官庄集,村镇,1911,1911,,,,hvd_128116,32.16308,112.49168
6367,CN420683,CN420683,寺庄店,湖北枣阳市寺庄,村镇,1911,1911,,,,hvd_128111,32.345516,112.76253
6368,CN420683,CN420683,新集,湖北枣阳市新集,村镇,1911,1911,,,,hvd_128085,31.744184,112.73383
6369,CN420683,CN420683,李家楼塘,湖北枣阳市李楼,村镇,1911,1911,,,,hvd_128087,31.809416,112.67382
6370,CN420683,CN420683,杨家垱,湖北枣阳市杨垱镇,村镇,1911,1911,,,,hvd_128113,32.312916,112.63855
6371,CN420683,CN420683,枣阳县,湖北枣阳市,县,1911,1911,,,,hvd_121149,32.132023,112.7566
6372,CN420683,CN420683,梁家集塘,湖北枣阳市梁集镇,村镇,1911,1911,,,,hvd_128096,32.02408,112.68015
6373,CN420683,CN420683,清潭铺,湖北枣阳市清潭镇,村镇,1911,1911,,,,hvd_128086,31.786936,112.81569
6374,CN420683,CN420683,湖河镇,湖北枣阳市湖河,村镇,1911,1911,,,,hvd_128112,32.35547,112.72425
6375,CN420683,CN420683,璩家湾,湖北枣阳市璩湾镇,村镇,1911,1911,,,,hvd_128098,32.062508,112.61891
6376,CN420683,CN420683,耿家集,湖北枣阳市耿集镇,村镇,1911,1911,,,,hvd_128031,31.921385,112.55517
6377,CN420683,CN420683,舂陵故城,湖北枣阳市吴店镇北,村镇,1911,1911,,,,hvd_128102,31.997286,112.76988
6378,CN420683,CN420683,草店,湖北枣阳市草店,村镇,1911,1911,,,,hvd_128105,32.22328,112.73682
6379,CN420683,CN420683,资山店,湖北枣阳市资山,村镇,1911,1911,,,,hvd_128094,31.880657,112.91511
6380,CN420683,CN420683,钱家冈,湖北枣阳市钱岗,村镇,1911,1911,,,,hvd_128110,32.322296,112.91856
6381,CN420683,CN420683,陈家店,湖北枣阳市陈家店,村镇,1911,1911,,,,hvd_128095,31.923298,112.97989
6382,CN420684,CN420684,邔县,湖北省襄阳市宜城市,县,-278,-196,,,,hvd_45667,31.74154,112.2711
6383,CN420684,CN420684,鄢县,湖北省襄阳市宜城市,县,-278,-193,,,,hvd_45673,31.66816,112.30742
6384,CN420684,CN420684,邔侯国,湖北省襄阳市宜城市,侯国,-195,-117,,,,hvd_45668,31.74154,112.2711
6385,CN420684,CN420684,宜城县,湖北省襄阳市宜城市,县,-192,125,,,,hvd_45674,31.66816,112.30742
6386,CN420684,CN420684,邔侯国,湖北省襄阳市宜城市,侯国,34,207,,,,hvd_45670,31.74154,112.2711
6387,CN420684,CN420684,邔县,湖北省襄阳市宜城市,县,116,33,,,,hvd_45669,31.74154,112.2711
6388,CN420684,CN420684,宜城侯国,湖北省襄阳市宜城市,侯国,126,207,,,,hvd_45675,31.66816,112.30742
6389,CN420684,CN420684,宜城县,湖北省襄阳市宜城市,县,208,443,,,,hvd_45676,31.66816,112.30742
6390,CN420684,CN420684,邔县,湖北省襄阳市宜城市,县,208,529,,,,hvd_45671,31.74154,112.2711
6391,CN420684,CN420684,襄阳郡,湖北省襄阳市宜城市,郡,265,316,,,,hvd_34536,31.66816,112.30742
6392,CN420684,CN420684,略阳县,湖北省襄阳市宜城市,县,443,554,,,,hvd_45681,31.72007,112.32003
6393,CN420684,CN420684,华山县,湖北省襄阳市宜城市,县,457,554,,,,hvd_45679,31.7107,112.26013
6394,CN420684,CN420684,率道县,湖北省襄阳市宜城市,县,530,741,,,,hvd_45672,31.80449,112.17672
6395,CN420684,CN420684,上洪县,湖北省襄阳市宜城市,县,555,626,,,,hvd_45682,31.72007,112.32003
6396,CN420684,CN420684,汉南县,湖北省襄阳市宜城市,县,555,633,,,,hvd_45680,31.7107,112.26013
6397,CN420684,CN420684,鄀州,湖北省襄阳市宜城市,州,621,633,,,,hvd_110653,31.66816,112.30742
6398,CN420684,CN420684,宜城县,湖北省襄阳市宜城市,县,742,793,,,,hvd_45677,31.80449,112.17672
6399,CN420684,CN420684,宜城县,,县,794,1911,,,,hvd_45678,31.7107,112.26013
6400,CN420684,CN420684,官庄,湖北宜城县东官庄,村镇,1820,1820,,,,hvd_18363,31.720535,112.33569
6401,CN420684,CN420684,宜城县,,县,1820,1820,,,,hvd_640,31.710701,112.26013
6402,CN420684,CN420684,小河口,湖北宜城县西北小河口,村镇,1820,1820,,,,hvd_18368,31.804,112.155
6403,CN420684,CN420684,流水沟,湖北宜城县东南流水沟,村镇,1820,1820,,,,hvd_18361,31.571,112.456
6404,CN420684,CN420684,田家集,湖北宜城县东田家集,村镇,1820,1820,,,,hvd_18375,31.735,112.574
6405,CN420684,CN420684,郭海营,湖北宜城县东南郭海营,村镇,1820,1820,,,,hvd_18359,31.632225,112.36756
6406,CN420684,CN420684,刘猴集,湖北宜城县刘猴集,村镇,1911,1911,,,,hvd_128979,31.483938,112.027664
6407,CN420684,CN420684,哑口市,湖北宜城县雅口,村镇,1911,1911,,,,hvd_128054,31.665855,112.397606
6408,CN420684,CN420684,安家脑,湖北宜城县安家瑙,村镇,1911,1911,,,,hvd_128050,31.740137,112.32865
6409,CN420684,CN420684,宜城县,,县,1911,1911,,,,hvd_121147,31.710701,112.26013
6410,CN420684,CN420684,朱家嘴市,湖北宜城县朱市镇,村镇,1911,1911,,,,hvd_128045,31.712965,112.13986
6411,CN420684,CN420684,板凳冈,湖北宜城县讴乐,村镇,1911,1911,,,,hvd_128907,31.603773,112.68477
6412,CN420684,CN420684,板桥店,湖北宜城县板桥店镇,村镇,1911,1911,,,,hvd_128057,31.751768,112.5147
6413,CN420684,CN420684,田家集司,湖北宜城县田集,村镇,1911,1911,,,,hvd_128056,31.734802,112.57394
6414,CN420684,CN420684,破河脑市,湖北宜城县璞河镇,村镇,1911,1911,,,,hvd_128052,31.560808,112.37045
6415,CN420684,CN420684,董家集,湖北宜城县董家集,村镇,1911,1911,,,,hvd_129076,31.53337,112.089714
6416,CN420684,CN420684,青石岭,湖北宜城县青石岭,村镇,1911,1911,,,,hvd_128055,31.629246,112.530914
6417,CN42070,CN42070,鄂县,湖北鄂州市,县,-202,220,新建,更名,,hvd_43423,30.402718,114.879906
6418,CN42070,CN42070,武昌县,湖北鄂州市,县,221,1911,更名,数据下限,,hvd_43425,30.402718,114.879906
6419,CN42070,CN42070,江州,湖北鄂州市,州,317,325,治所迁移,治所迁移,,hvd_30122,30.402718,114.879906
6420,CN42070,CN42070,荆州,湖北鄂州市,州,318,321,治所迁移,治所迁移,,hvd_30259,30.402718,114.879906
6421,CN42070,CN42070,荆州,湖北鄂州市,州,330,344,治所迁移,治所迁移,,hvd_30262,30.402718,114.879906
6422,CN42070,CN42070,寿昌军,湖北省鄂州市,军,1127,1279,,,,,30.396523,114.90156
6423,CN42070,CN42070,武昌县,湖北鄂州市,县,1820,1820,,,,hvd_669,30.40272,114.87991
6424,CN42070,CN42070,武昌县,湖北鄂州市,县,1911,1911,,,,hvd_121123,30.40272,114.87991
6425,CN420704,CN420704,荆州（孙吴）,湖北省鄂州市鄂城区,州,219,257,,,,hvd_113497,30.39582,114.87339
6426,CN420704,CN420704,武昌郡,湖北省鄂州市鄂城区,郡,221,223,,,,hvd_34527,30.40272,114.87991
6427,CN420704,CN420704,武昌郡,湖北省鄂州市鄂城区,郡,221,222,,,,hvd_105337,30.40272,114.87991
6428,CN420704,CN420704,吴江夏郡,湖北省鄂州市鄂城区,郡,224,231,,,,hvd_105339,30.40272,114.87991
6429,CN420704,CN420704,江夏郡,湖北省鄂州市鄂城区,郡,224,279,,,,hvd_34529,30.40272,114.87991
6430,CN420704,CN420704,吴江夏郡,湖北省鄂州市鄂城区,郡,232,279,,,,hvd_105340,30.40272,114.87991
6431,CN420704,CN420704,武昌郡,湖北省鄂州市鄂城区,郡,280,438,,,,hvd_34530,30.40272,114.87991
6432,CN420704,CN420704,鄂县,湖北鄂州市西南二里,县,280,588,新建,撤销,,hvd_43424,30.395824,114.87339
6433,CN420704,CN420704,武昌郡,湖北省鄂州市鄂城区,郡,281,303,,,,hvd_105342,30.40272,114.87991
6434,CN420704,CN420704,武昌郡,湖北省鄂州市鄂城区,郡,304,438,,,,hvd_105343,30.40272,114.87991
6435,CN420704,CN420704,荆州,湖北省鄂州市鄂城区,州,318,324,,,,hvd_113501,30.39582,114.87339
6436,CN420704,CN420704,荆州,湖北省鄂州市鄂城区,州,330,342,,,,hvd_113503,30.39582,114.87339
6437,CN420704,CN420704,武昌郡,湖北省鄂州市鄂城区,郡,502,588,,,,hvd_115922,30.40272,114.87991
6438,CN420704,CN420704,江夏郡,湖北省鄂州市鄂城区,郡,557,588,,,,hvd_115443,30.40272,114.87991
6439,CN420704,CN420704,寿昌军,湖北省鄂州市鄂城区,军,1222,1233,,,,hvd_34364,30.40272,114.87991
6440,CN420704,CN420704,寿昌军,湖北省鄂州市鄂城区,军,1222,1233,,,,hvd_105109,30.40272,114.87991
6441,CN420704,CN420704,寿昌府,湖北省鄂州市鄂城区,府,1277,1300,,,,hvd_105064,30.40272,114.87991
6442,CN420704,CN420704,寿昌府,湖北省鄂州市鄂城区,府,1277,1300,,,,hvd_34334,30.40272,114.87991
6443,CN420704,CN420704,五里墩,湖北鄂州市鄂城区西南五里墩,村镇,1820,1820,,,,hvd_18535,30.372864,114.849724
6444,CN420704,CN420704,樊口,湖北鄂州市鄂城区西北樊口,村镇,1820,1820,,,,hvd_18551,30.420937,114.83402
6445,CN420704,CN420704,杨泽沟,湖北鄂州市洋泽,村镇,1911,1911,,,,hvd_127759,30.340458,114.8158
6446,CN420704,CN420704,樊口,湖北鄂州市樊口,村镇,1911,1911,,,,hvd_127556,30.420937,114.83402
6447,CN420704,CN420704,碧湖渡市,湖北鄂州市碧石渡镇,村镇,1911,1911,,,,hvd_127815,30.275318,114.8782
6448,CN420704,CN420704,车湖,湖北鄂州市车湖,村镇,1911,1911,,,,hvd_127749,30.363493,115.04473
6449,CN4208,CN4208,荆门军,湖北省荆门市,军,1127,1279,,,,,31.041792,112.20584
6450,CN4208,CN4208,荆门州,湖北荆门市,州,1278,1367,,,,hvd_121667,31.028728,112.19842
6451,CN4208,CN4208,荆门州,湖北荆门市,州,1376,1530,,,,hvd_34312,31.02873,112.19842
6452,CN4208,CN4208,荆门州,湖北荆门市,州,1531,1645,,,,hvd_45770,31.02873,112.19842
6453,CN4208,CN4208,荆门州,湖北荆门市,州,1646,1790,,,,hvd_34308,31.02873,112.19842
6454,CN4208,CN4208,荆门州,湖北荆门市,直隶州,1791,1911,,,,hvd_9605,31.028728,112.19842
6455,CN420821,CN420821,云杜县,湖北京山县,县,-202,219,新建,迁移治所,,hvd_43482,31.024815,113.11685
6456,CN420821,CN420821,南新市侯国,湖北京山县东北,侯国,25,207,新建,更名,,hvd_43583,31.149393,113.344925
6457,CN420821,CN420821,南新市县,湖北京山县东北,县,208,298,更名,更名,,hvd_43584,31.149393,113.344925
6458,CN420821,CN420821,新市县,湖北京山县东北,县,299,549,更名,更名,,hvd_43585,31.149393,113.344925
6459,CN420821,CN420821,新阳县,湖北京山县,县,420,549,新建,更名,,hvd_43563,31.024815,113.11685
6460,CN420821,CN420821,梁宁郡,湖北省荆门市京山市,郡,525,549,,,,hvd_115542,31.02482,113.11685
6461,CN420821,CN420821,新州,湖北省荆门市京山市,州,526,552,,,,hvd_113204,31.02482,113.11685
6462,CN420821,CN420821,富州,湖北省荆门市京山市,州,546,549,,,,hvd_113571,31.14939,113.34492
6463,CN420821,CN420821,富水县,湖北京山县东北六十里,县,550,963,更名,撤销,,hvd_43586,31.130058,113.35157
6464,CN420821,CN420821,盘陂县,湖北京山县西界,县,550,605,新建,撤销,,hvd_43565,30.976887,112.743614
6465,CN420821,CN420821,角陵县,湖北京山县,县,550,605,更名,更名,,hvd_43564,31.024815,113.11685
6466,CN420821,CN420821,温州,湖北省荆门市京山市,州,553,605,,,,hvd_113205,31.02482,113.11685
6467,CN420821,CN420821,富水郡,湖北省荆门市京山市,郡,554,582,,,,hvd_105190,31.13006,113.35157
6468,CN420821,CN420821,富水郡,湖北省荆门市京山市,郡,554,582,,,,hvd_34426,31.13006,113.35157
6469,CN420821,CN420821,梁宁郡,湖北省荆门市京山市,郡,554,582,,,,hvd_105189,31.02481,113.11685
6470,CN420821,CN420821,梁宁郡,湖北省荆门市京山市,郡,554,582,,,,hvd_34425,31.02481,113.11685
6471,CN420821,CN420821,温州,湖北省荆门市京山市,州,583,606,,,,hvd_105188,31.02481,113.11685
6472,CN420821,CN420821,温州,湖北省荆门市京山市,州,583,606,,,,hvd_34424,31.02481,113.11685
6473,CN420821,CN420821,京山县,湖北京山县,县,606,1273,更名,迁移治所,,hvd_43566,31.024815,113.11685
6474,CN420821,CN420821,温州,湖北省荆门市京山市,州,621,642,,,,hvd_110698,31.02482,113.11685
6475,CN420821,CN420821,温州,湖北省荆门市京山市,州,621,633,,,,hvd_105157,31.02481,113.11685
6476,CN420821,CN420821,温州,湖北省荆门市京山市,州,621,642,,,,hvd_34400,31.02481,113.11685
6477,CN420821,CN420821,温州,湖北省荆门市京山市,州,634,642,,,,hvd_105156,31.02481,113.11685
6478,CN420821,CN420821,郢州,湖北省荆门市京山市,州,643,741,,,,hvd_34399,31.02481,113.11685
6479,CN420821,CN420821,富水郡,湖北省荆门市京山市,郡,742,757,,,,hvd_34398,31.02481,113.11685
6480,CN420821,CN420821,富水郡,湖北省荆门市京山市,郡,742,756,,,,hvd_111227,31.02482,113.11685
6481,CN420821,CN420821,京山县,湖北京山县,县,1275,1911,迁移治所,数据下限,,hvd_43568,31.024815,113.11685
6482,CN420821,CN420821,九里冈,湖北京山县东南九里冈,村镇,1820,1820,,,,hvd_18512,30.93309,113.29437
6483,CN420821,CN420821,京山县,湖北京山县,县,1820,1820,,,,hvd_1760,31.02481,113.11685
6484,CN420821,CN420821,孙家桥,湖北京山县西北孙桥,村镇,1820,1820,,,,hvd_18398,31.085634,113.01728
6485,CN420821,CN420821,宋河镇,湖北京山县东北宋河,村镇,1820,1820,,,,hvd_18644,31.202953,113.286415
6486,CN420821,CN420821,官桥铺,湖北京山县西北官桥,村镇,1820,1820,,,,hvd_18364,31.106419,112.947266
6487,CN420821,CN420821,平坝,湖北京山县东北平坪,村镇,1820,1820,,,,hvd_18382,31.311281,113.3112
6488,CN420821,CN420821,罗家集,湖北京山县西北罗家集,村镇,1820,1820,,,,hvd_18376,31.117409,112.88259
6489,CN420821,CN420821,郢东,湖北钟祥县东郢东驿,村镇,1820,1820,,,,hvd_18358,31.154602,112.8774
6490,CN420821,CN420821,京山县,湖北京山县,县,1911,1911,,,,hvd_121185,31.02481,113.11685
6491,CN420821,CN420821,六房嘴集,湖北京山县六房嘴,村镇,1911,1911,,,,hvd_129084,31.393507,113.041885
6492,CN420821,CN420821,厂河集,湖北京山县厂河,村镇,1911,1911,,,,hvd_128965,31.323828,113.07667
6493,CN420821,CN420821,双合店,湖北安陆市双河镇,村镇,1911,1911,,,,hvd_128328,31.238165,113.45535
6494,CN420821,CN420821,天王寺集,湖北京山县天王寺,村镇,1911,1911,,,,hvd_129082,31.104668,113.23533
6495,CN420821,CN420821,官桥塘集,湖北京山县官桥铺,村镇,1911,1911,,,,hvd_129081,31.102373,112.94984
6496,CN420821,CN420821,小阜街,湖北京山县小阜,村镇,1911,1911,,,,hvd_128964,31.402369,113.14644
6497,CN420821,CN420821,徐店镇,湖北京山县徐店,村镇,1911,1911,,,,hvd_129083,31.047693,113.41522
6498,CN420821,CN420821,杨家店,湖北京山县杨家集,村镇,1911,1911,,,,hvd_129080,31.21814,112.97785
6499,CN420821,CN420821,田家坑,湖北京山县田家台,村镇,1911,1911,,,,hvd_128968,31.299953,112.9842
6500,CN420821,CN420821,田家湾,湖北京山县田家冲,村镇,1911,1911,,,,hvd_128975,30.88982,112.91859
6501,CN420821,CN420821,石板河镇,湖北京山县石板,村镇,1911,1911,,,,hvd_128960,31.060923,113.32918
6502,CN420821,CN420821,罗家桥,湖北京山县罗桥,村镇,1911,1911,,,,hvd_128978,30.983519,112.909904
6503,CN420821,CN420821,陈家集,湖北京山县陈家集,村镇,1911,1911,,,,hvd_128977,31.143658,112.910995
6504,CN420881,CN420881,若县,湖北省荆门市钟祥市,县,-278,29,,,,hvd_45683,31.49742,112.44061
6505,CN420881,CN420881,鄀侯国,湖北省荆门市钟祥市,侯国,58,207,,,,hvd_45684,31.49742,112.44061
6506,CN420881,CN420881,鄀县,湖北省荆门市钟祥市,县,208,556,,,,hvd_45685,31.49742,112.44061
6507,CN420881,CN420881,竟陵郡,湖北省荆门市钟祥市,郡,299,469,,,,hvd_34548,31.16983,112.58926
6508,CN420881,CN420881,竟陵郡,湖北省荆门市钟祥市,郡,299,469,,,,hvd_105376,31.16983,112.58926
6509,CN420881,CN420881,乐乡县,湖北省荆门市钟祥市,县,401,958,,,,hvd_45773,31.29766,112.26808
6510,CN420881,CN420881,齐兴郡,湖北省荆门市钟祥市,郡,420,1270,,,,hvd_115692,31.43333,112.48382
6511,CN420881,CN420881,莲勺县,湖北钟祥县西北汉水东岸,县,429,549,新建,更名,,hvd_43573,31.303848,112.451935
6512,CN420881,CN420881,高陆县,湖北钟祥县西北直河口,县,429,549,新建,更名,,hvd_43576,31.19084,112.575516
6513,CN420881,CN420881,武宁郡,湖北省荆门市钟祥市,郡,464,586,,,,hvd_34406,31.29766,112.26808
6514,CN420881,CN420881,苌寿县,湖北钟祥县,县,470,550,新建,更名,,hvd_43569,31.169827,112.58926
6515,CN420881,CN420881,竟陵郡,湖北省荆门市钟祥市,郡,470,582,,,,hvd_115482,31.41659,112.61207
6516,CN420881,CN420881,上蔡县,湖北钟祥县北丰乐河口,县,485,597,新建,更名,,hvd_43579,31.433327,112.483826
6517,CN420881,CN420881,旌阳县,湖北省荆门市钟祥市,县,502,519,,,,hvd_45987,31.28975,112.36967
6518,CN420881,CN420881,惠怀县,湖北省荆门市钟祥市,县,520,553,,,,hvd_45988,31.28975,112.36967
6519,CN420881,CN420881,清县,湖北省荆门市钟祥市,县,546,553,,,,hvd_45985,31.37,112.72391
6520,CN420881,CN420881,滶水县,湖北钟祥县西北直河口,县,550,606,更名,撤销,,hvd_43577,31.19084,112.575516
6521,CN420881,CN420881,蓝水县,湖北钟祥县西北汉水东岸,县,550,616,更名,撤销,,hvd_43574,31.303848,112.451935
6522,CN420881,CN420881,郢州,湖北省荆门市钟祥市,州,551,606,,,,hvd_113215,31.16983,112.58926
6523,CN420881,CN420881,长寿县,湖北钟祥县,县,551,1351,更名,撤销,,hvd_43570,31.169827,112.58926
6524,CN420881,CN420881,鄀州,湖北省荆门市钟祥市,州,552,605,,,,hvd_113224,31.19084,112.57552
6525,CN420881,CN420881,武山县,湖北省荆门市钟祥市,县,554,605,,,,hvd_45989,31.28975,112.36967
6526,CN420881,CN420881,汉东郡,湖北省荆门市钟祥市,郡,554,582,,,,hvd_105167,31.30385,112.45193
6527,CN420881,CN420881,汉东郡,湖北省荆门市钟祥市,郡,554,582,,,,hvd_34409,31.30385,112.45193
6528,CN420881,CN420881,滶陂县,湖北省荆门市钟祥市,县,554,605,,,,hvd_45986,31.37,112.72391
6529,CN420881,CN420881,𦰛川县,湖北钟祥县东北长寿河南,县,557,616,,,,hvd_43578,31.28965,112.64927
6530,CN420881,CN420881,滶川郡,湖北省荆门市钟祥市,郡,557,582,,,,hvd_105168,31.28965,112.64927
6531,CN420881,CN420881,滶川郡,湖北省荆门市钟祥市,郡,557,582,,,,hvd_34410,31.28965,112.64927
6532,CN420881,CN420881,𦰛川县,湖北钟祥县东北长寿河南,县,557,616,新建,撤销,,,31.289652,112.64927
6533,CN420881,CN420881,石城郡,湖北省荆门市钟祥市,郡,563,582,,,,hvd_34404,31.16983,112.58926
6534,CN420881,CN420881,石城郡,湖北省荆门市钟祥市,郡,563,582,,,,hvd_105162,31.16983,112.58926
6535,CN420881,CN420881,郢州,湖北省荆门市钟祥市,州,583,606,,,,hvd_34403,31.16983,112.58926
6536,CN420881,CN420881,郢州,湖北省荆门市钟祥市,州,583,606,,,,hvd_105161,31.16983,112.58926
6537,CN420881,CN420881,鄀州,湖北省荆门市钟祥市,州,587,606,,,,hvd_34407,31.29766,112.26808
6538,CN420881,CN420881,鄀州,湖北省荆门市钟祥市,州,587,606,,,,hvd_105165,31.29766,112.26808
6539,CN420881,CN420881,鄀县,湖北省荆门市钟祥市,县,589,616,,,,hvd_45977,31.49742,112.44061
6540,CN420881,CN420881,汉东县,湖北钟祥县北丰乐河口,县,598,616,更名,撤销,,hvd_43580,31.433327,112.483826
6541,CN420881,CN420881,竟陵郡,湖北省荆门市钟祥市,郡,607,620,,,,hvd_34402,31.16983,112.58926
6542,CN420881,CN420881,竟陵郡,湖北省荆门市钟祥市,郡,607,620,,,,hvd_105160,31.16983,112.58926
6543,CN420881,CN420881,竟陵郡,湖北省荆门市钟祥市,郡,607,617,,,,hvd_110205,31.16983,112.58926
6544,CN420881,CN420881,蓝水县,湖北钟祥县西北汉水东岸,县,621,626,新建,撤销,,hvd_43575,31.303848,112.451935
6545,CN420881,CN420881,郢州,湖北省荆门市钟祥市,州,621,623,,,,hvd_105158,31.16983,112.58926
6546,CN420881,CN420881,郢州,湖北省荆门市钟祥市,州,621,626,,,,hvd_110571,31.16983,112.58926
6547,CN420881,CN420881,郢州,湖北省荆门市钟祥市,州,621,626,,,,hvd_34401,31.16983,112.58926
6548,CN420881,CN420881,鄀州,湖北省荆门市钟祥市,州,621,626,,,,hvd_105091,31.29766,112.26808
6549,CN420881,CN420881,鄀州,湖北省荆门市钟祥市,州,621,633,,,,hvd_34354,31.29766,112.26808
6550,CN420881,CN420881,郢州,湖北省荆门市钟祥市,州,624,626,,,,hvd_105159,31.16983,112.58926
6551,CN420881,CN420881,鄀州,湖北省荆门市钟祥市,州,627,633,,,,hvd_105092,31.29766,112.26808
6552,CN420881,CN420881,郢州,湖北省荆门市钟祥市,州,758,1277,,,,hvd_34397,31.16983,112.58926
6553,CN420881,CN420881,郢州,湖北省荆门市钟祥市,州,758,1277,,,,hvd_105153,31.16983,112.58926
6554,CN420881,CN420881,荆门县,湖北省荆门市钟祥市,县,805,923,,,,hvd_45772,31.28693,112.25845
6555,CN420881,CN420881,郢州,湖北钟祥市,州,1127,1279,,,,,31.173998,112.59464
6556,CN420881,CN420881,安陆府,湖北钟祥县,府,1278,1375,,,,hvd_34326,31.16983,112.58926
6557,CN420881,CN420881,安陆府,湖北钟祥县,府,1278,1375,,,,hvd_105056,31.16983,112.58926
6558,CN420881,CN420881,长寿县,湖北钟祥县,县,1370,1375,新建,撤销,,hvd_43571,31.169827,112.58926
6559,CN420881,CN420881,安陆直隶州,湖北省荆门市钟祥市,州,1376,1530,,,,hvd_105016,31.16983,112.58926
6560,CN420881,CN420881,承天府,湖北省荆门市钟祥市,府,1531,1645,,,,hvd_105017,31.16983,112.58926
6561,CN420881,CN420881,承天府,湖北省荆门市钟祥市,府,1531,1645,,,,hvd_34306,31.16983,112.58926
6562,CN420881,CN420881,钟祥县,湖北钟祥县,县,1531,1911,新建,数据下限,,hvd_43572,31.169827,112.58926
6563,CN420881,CN420881,安陆府,湖北钟祥县,府,1646,1911,,,,hvd_34307,31.16983,112.58926
6564,CN420881,CN420881,安陆府,湖北钟祥县,府,1646,1762,,,,hvd_105018,31.16983,112.58926
6565,CN420881,CN420881,安陆府,湖北钟祥县,府,1763,1790,,,,hvd_105019,31.16983,112.58926
6566,CN420881,CN420881,安陆府,湖北钟祥县,府,1791,1911,,,,hvd_105020,31.16983,112.58926
6567,CN420881,CN420881,下洋港,湖北京山县西南下洋港,村镇,1820,1820,,,,hvd_18491,30.871275,112.74847
6568,CN420881,CN420881,丽阳,湖北钟祥县西北丽阳驿,村镇,1820,1820,,,,hvd_18354,31.43353,112.31873
6569,CN420881,CN420881,乐乡关,湖北荆门市东北乐乡关,村镇,1820,1820,,,,hvd_18356,31.331402,112.28123
6570,CN420881,CN420881,安陆府,湖北钟祥县,府,1820,1820,,,,hvd_9606,31.169827,112.58926
6571,CN420881,CN420881,洋梓,湖北钟祥县东北洋梓,村镇,1820,1820,,,,hvd_18360,31.297325,112.632805
6572,CN420881,CN420881,皇城,湖北钟祥县东北皇城,村镇,1820,1820,,,,hvd_18377,31.23385,112.62574
6573,CN420881,CN420881,石牌市,湖北钟祥县西南石牌,村镇,1820,1820,,,,hvd_18507,30.98666,112.50038
6574,CN420881,CN420881,臼口,湖北钟祥县南臼口,村镇,1820,1820,,,,hvd_18510,30.867973,112.66207
6575,CN420881,CN420881,董家集,湖北钟祥县南董家集,村镇,1820,1820,,,,hvd_18503,30.909061,112.648
6576,CN420881,CN420881,钟祥县,湖北钟祥县,县,1820,1820,,,,hvd_641,31.16983,112.58926
6577,CN420881,CN420881,龚家集,湖北钟祥县西北龚家集,村镇,1820,1820,,,,hvd_18374,31.271893,112.48421
6578,CN420881,CN420881,丁家畈,湖北钟祥县丁家畈,村镇,1911,1911,,,,hvd_129105,31.283422,112.3588
6579,CN420881,CN420881,丽阳司,湖北钟祥县丽阳驿,村镇,1911,1911,,,,hvd_129104,31.420897,112.320335
6580,CN420881,CN420881,乐乡关铺,湖北钟祥县乐乡关,村镇,1911,1911,,,,hvd_129070,31.297655,112.26808
6581,CN420881,CN420881,关家山,湖北钟祥县关山,村镇,1911,1911,,,,hvd_128909,31.469305,112.419685
6582,CN420881,CN420881,吴家集,湖北钟祥县吴家集,村镇,1911,1911,,,,hvd_128914,31.063864,112.386154
6583,CN420881,CN420881,大食铺,湖北钟祥县伙食铺,村镇,1911,1911,,,,hvd_129069,31.334694,112.281395
6584,CN420881,CN420881,安陆府,湖北钟祥县县治郢中镇,府,1911,1911,,,,hvd_120180,31.169827,112.58926
6585,CN420881,CN420881,斑竹铺,湖北钟祥县斑竹铺,村镇,1911,1911,,,,hvd_129068,31.374012,112.28871
6586,CN420881,CN420881,梅子铺塘,湖北钟祥县梅子铺,村镇,1911,1911,,,,hvd_129103,31.151072,112.72282
6587,CN420881,CN420881,段家集,湖北钟祥县段家集,村镇,1911,1911,,,,hvd_129071,31.337543,112.19154
6588,CN420881,CN420881,沙港铺,湖北钟祥县沙港,村镇,1911,1911,,,,hvd_129102,30.944115,112.62886
6589,CN420881,CN420881,王家营,湖北钟祥县王家营,村镇,1911,1911,,,,hvd_128906,30.81487,112.6779
6590,CN420881,CN420881,王家集,湖北钟祥县王家集,村镇,1911,1911,,,,hvd_128911,31.49234,112.26052
6591,CN420881,CN420881,董家集,湖北钟祥县董家集,村镇,1911,1911,,,,hvd_129101,30.883787,112.6592
6592,CN420881,CN420881,蔡家榜,湖北钟祥县蔡家塝,村镇,1911,1911,,,,hvd_129107,31.267727,112.305695
6593,CN420881,CN420881,贺家集,湖北钟祥县贺家集,村镇,1911,1911,,,,hvd_128905,31.39266,112.46604
6594,CN420881,CN420881,转斗湾市,湖北钟祥县转斗镇,村镇,1911,1911,,,,hvd_128908,31.461683,112.411095
6595,CN420881,CN420881,金华滩,湖北钟祥县金华滩西,村镇,1911,1911,,,,hvd_128918,31.33232,112.38053
6596,CN420881,CN420881,钟祥县,湖北钟祥县,县,1911,1911,,,,hvd_121182,31.16983,112.58926
6597,CN420881,CN420881,雨霖会,湖北钟祥县雨林,村镇,1911,1911,,,,hvd_128901,31.019083,112.39231
6598,CN420881,CN420881,龚家集塘,湖北钟祥县龚家集,村镇,1911,1911,,,,hvd_128917,31.256575,112.49697
6599,CN420982,CN420982,安陆县,湖北安陆市,县,394,1375,迁移治所,撤销,,hvd_43603,31.263714,113.68892
6600,CN420982,CN420982,江夏郡,湖北省孝感市安陆市,郡,394,453,,,,hvd_34532,31.26371,113.68892
6601,CN420982,CN420982,平阳县,湖北安陆市东北土桥店西南,县,479,549,新建,更名,,hvd_43671,31.406841,113.92281
6602,CN420982,CN420982,南司州,湖北省孝感市安陆市,州,508,547,,,,hvd_113183,31.26371,113.68892
6603,CN420982,CN420982,安陆郡,湖北省孝感市安陆市,郡,508,582,,,,hvd_34423,31.26371,113.68892
6604,CN420982,CN420982,安陆郡,湖北省孝感市安陆市,郡,508,582,,,,hvd_105187,31.26371,113.68892
6605,CN420982,CN420982,京池县,湖北安陆市东北土桥店西南,县,550,605,更名,更名,,hvd_43672,31.406841,113.92281
6606,CN420982,CN420982,安州,湖北省孝感市安陆市,州,550,578,,,,hvd_113184,31.26371,113.68892
6607,CN420982,CN420982,董城郡,湖北省孝感市安陆市,郡,550,582,,,,hvd_115199,31.41651,113.85286
6608,CN420982,CN420982,郧州,湖北省孝感市安陆市,州,579,580,,,,hvd_113185,31.26371,113.68892
6609,CN420982,CN420982,安州,湖北省孝感市安陆市,州,581,606,,,,hvd_113186,31.26371,113.68892
6610,CN420982,CN420982,安州,湖北省孝感市安陆市,州,583,606,,,,hvd_105186,31.26371,113.68892
6611,CN420982,CN420982,安州,湖北省孝感市安陆市,州,583,606,,,,hvd_34422,31.26371,113.68892
6612,CN420982,CN420982,吉阳县,湖北安陆市东北土桥店西南,县,606,969,更名,撤销,,hvd_43673,31.406841,113.92281
6613,CN420982,CN420982,安陆郡,湖北省孝感市安陆市,郡,607,620,,,,hvd_105185,31.26371,113.68892
6614,CN420982,CN420982,安陆郡,湖北省孝感市安陆市,郡,607,620,,,,hvd_34421,31.26371,113.68892
6615,CN420982,CN420982,安州,湖北省孝感市安陆市,州,621,741,,,,hvd_110971,31.26371,113.68892
6616,CN420982,CN420982,安州,湖北省孝感市安陆市,州,621,741,,,,hvd_34418,31.26371,113.68892
6617,CN420982,CN420982,安州,湖北省孝感市安陆市,州,621,624,,,,hvd_105182,31.26371,113.68892
6618,CN420982,CN420982,安州,湖北省孝感市安陆市,州,625,741,,,,hvd_105181,31.26371,113.68892
6619,CN420982,CN420982,安陆郡,湖北省孝感市安陆市,郡,742,757,,,,hvd_34417,31.26371,113.68892
6620,CN420982,CN420982,安陆郡,湖北省孝感市安陆市,郡,742,755,,,,hvd_111189,31.26371,113.68892
6621,CN420982,CN420982,安陆郡,湖北省孝感市安陆市,郡,742,757,,,,hvd_105180,31.26371,113.68892
6622,CN420982,CN420982,安州,湖北省孝感市安陆市,州,758,762,,,,hvd_105179,31.26371,113.68892
6623,CN420982,CN420982,安州,湖北省孝感市安陆市,州,758,1118,,,,hvd_34416,31.26371,113.68892
6624,CN420982,CN420982,淮西节度使,湖北省孝感市安陆市,防镇,761,772,,,,hvd_111458,31.26371,113.68892
6625,CN420982,CN420982,安州,湖北省孝感市安陆市,州,763,780,,,,hvd_105178,31.26371,113.68892
6626,CN420982,CN420982,安州,湖北省孝感市安陆市,州,781,957,,,,hvd_105177,31.26371,113.68892
6627,CN420982,CN420982,安黄节度观察使,湖北省孝感市安陆市,防镇,799,802,,,,hvd_111538,31.26371,113.68892
6628,CN420982,CN420982,奉义军节度使,湖北省孝感市安陆市,防镇,803,805,,,,hvd_111539,31.26371,113.68892
6629,CN420982,CN420982,宣威军节度使,湖北省孝感市安陆市,防镇,920,922,,,,hvd_111704,31.26371,113.68892
6630,CN420982,CN420982,安远军节度使,湖北省孝感市安陆市,防镇,923,939,,,,hvd_111739,31.26371,113.68892
6631,CN420982,CN420982,安远军防御使,湖北省孝感市安陆市,防镇,940,946,,,,hvd_111750,31.26371,113.68892
6632,CN420982,CN420982,安怀军节度使,湖北省孝感市安陆市,防镇,947,953,,,,hvd_111765,31.26371,113.68892
6633,CN420982,CN420982,安州,湖北省孝感市安陆市,州,958,976,,,,hvd_105176,31.26371,113.68892
6634,CN420982,CN420982,安州,湖北省孝感市安陆市,州,977,1118,,,,hvd_105175,31.26371,113.68892
6635,CN420982,CN420982,德安府,湖北安陆县,府,1119,1820,,,,,31.263714,113.68892
6636,CN420982,CN420982,德安府,湖北安陆县,府,1119,1218,,,,hvd_105174,31.26371,113.68892
6637,CN420982,CN420982,德安府,湖北安陆县,府,1119,1271,,,,hvd_34415,31.26371,113.68892
6638,CN420982,CN420982,德安府,湖北安陆县,府,1219,1271,,,,hvd_105173,31.26371,113.68892
6639,CN420982,CN420982,德安府,湖北安陆县,府,1276,1375,,,,hvd_105060,31.26371,113.68892
6640,CN420982,CN420982,德安府,湖北安陆县,府,1276,1292,,,,hvd_34330,31.26371,113.68892
6641,CN420982,CN420982,德安府,湖北安陆县,府,1293,1294,,,,hvd_45998,31.26371,113.68892
6642,CN420982,CN420982,德安府,湖北安陆县,府,1295,1375,,,,hvd_34331,31.26371,113.68892
6643,CN420982,CN420982,德安州,湖北省孝感市安陆市,州,1376,1379,,,,hvd_45993,31.26371,113.68892
6644,CN420982,CN420982,德安州,湖北省孝感市安陆市,州,1376,1379,,,,hvd_105022,31.26371,113.68892
6645,CN420982,CN420982,安陆县,湖北安陆市,县,1380,1911,新建,数据下限,,hvd_43604,31.263714,113.68892
6646,CN420982,CN420982,德安府,湖北安陆县,府,1380,1911,,,,hvd_34309,31.26371,113.68892
6647,CN420982,CN420982,德安府,湖北安陆县,府,1380,1728,,,,hvd_105023,31.26371,113.68892
6648,CN420982,CN420982,德安府,湖北安陆县,府,1729,1911,,,,hvd_105024,31.26371,113.68892
6649,CN420982,CN420982,安陆县,湖北安陆市,县,1820,1820,,,,hvd_644,31.26371,113.68892
6650,CN420982,CN420982,平里市,湖北广水市西南平林市,村镇,1820,1820,,,,hvd_18383,31.407135,113.616455
6651,CN420982,CN420982,高窍镇,湖北安陆县西南巡店,村镇,1820,1820,,,,hvd_18387,31.164368,113.63213
6652,CN420982,CN420982,三里店,湖北安陆市三里,村镇,1911,1911,,,,hvd_128324,31.415142,113.44923
6653,CN420982,CN420982,安陆县,湖北安陆市,县,1911,1911,,,,hvd_121158,31.26371,113.68892
6654,CN420982,CN420982,平林市,湖北广水市平林镇,村镇,1911,1911,,,,hvd_128366,31.407135,113.616455
6655,CN420982,CN420982,德安府,湖北安陆市,府,1911,1911,,,,hvd_120177,31.263714,113.68892
6656,CN420982,CN420982,洑水港店,湖北安陆市洑水镇,村镇,1911,1911,,,,hvd_128330,31.34232,113.7029
6657,CN420982,CN420982,王义贞店,湖北安陆市王义贞店镇,村镇,1911,1911,,,,hvd_128323,31.335592,113.390594
6658,CN420982,CN420982,雷公店,湖北安陆市雷公店镇,村镇,1911,1911,,,,hvd_128322,31.29637,113.51289
6659,CN420982,CN420982,青龙潭市,湖北安陆市青龙镇,村镇,1911,1911,,,,hvd_128326,31.365984,113.601166
6660,CN420982,CN420982,高家寨,湖北安陆市高家寨,村镇,1911,1911,,,,hvd_128333,31.224976,113.819725
6661,CN420982,CN420982,高岗店,湖北安陆市高岗,村镇,1911,1911,,,,hvd_128332,31.318422,113.7862
6662,CN421,CN421,江陵府,湖北荆州,府,1127,1279,,,,,30.340607,112.24722
6663,CN421022,CN421022,孱陵县,湖北公安县西黄金口东北,县,-202,13,新建,更名,,hvd_43694,30.073477,112.13749
6664,CN421022,CN421022,孱陆县,湖北公安县西黄金口东北,县,14,22,更名,更名,,hvd_43695,30.073477,112.13749
6665,CN421022,CN421022,孱陵县,湖北公安县西黄金口东北,县,23,269,更名,撤销,,hvd_43696,30.073477,112.13749
6666,CN421022,CN421022,南郡,湖北公安县,郡,185,280,,,,,30.06431,112.23598
6667,CN421022,CN421022,荆州,湖北公安县北,州,209,218,治所迁移,治所迁移,,hvd_30254,30.10425,112.189095
6668,CN421022,CN421022,荆州（孙吴）,湖北省荆州市公安县,州,209,218,,,,hvd_113496,30.05647,112.06915
6669,CN421022,CN421022,孱陵县,湖北公安县西黄金口东北,县,280,588,新建,撤销,,hvd_43697,30.073477,112.13749
6670,CN421022,CN421022,荆州,湖北公安县西南,州,312,312,治所迁移,治所迁移,,hvd_30256,30.10425,112.189095
6671,CN421022,CN421022,南平郡,湖北公安县西,郡,420,478,治所迁移,治所迁移,,hvd_32941,30.10425,112.189095
6672,CN421022,CN421022,南平郡,湖北公安县西南,郡,479,588,治所迁移,撤销,,hvd_32942,30.000652,111.93463
6673,CN421022,CN421022,荆州,湖北省荆州市公安县,州,567,589,,,,hvd_113509,30.04673,112.01027
6674,CN421022,CN421022,荆州,湖北公安县北,州,567,588,治所迁移,撤销,,hvd_30267,30.10425,112.189095
6675,CN421022,CN421022,公安县,湖北公安县西南花大堰西,县,1634,1642,迁移治所,迁移治所,,hvd_43689,29.99122,112.04381
6676,CN421022,CN421022,公安县,湖北公安县西南花大堰西,县,1651,1872,迁移治所,迁移治所,,hvd_43692,29.99122,112.04381
6677,CN421022,CN421022,公安县,湖北公安县西南南坪镇,县,1820,1820,,,,hvd_678,29.914501,112.0781
6678,CN421022,CN421022,藕池镇,湖北公安县东南藕池镇,村镇,1820,1820,,,,hvd_18608,29.748646,112.314705
6679,CN421022,CN421022,公安县,湖北公安县西南南坪镇,县,1873,1911,迁移治所,数据下限,,hvd_43693,29.914501,112.0781
6680,CN421022,CN421022,东岳庙市,湖北公安县东岳庙,村镇,1911,1911,,,,hvd_128482,29.875057,111.881355
6681,CN421022,CN421022,何家潭市,湖北公安县甘厂东,村镇,1911,1911,,,,hvd_128486,29.746204,112.09444
6682,CN421022,CN421022,公安县,湖北公安县西南南坪镇,县,1911,1911,,,,hvd_121164,29.9145,112.0781
6683,CN421022,CN421022,吴达河市,湖北公安县闸口镇东,村镇,1911,1911,,,,hvd_128477,29.916372,112.225784
6684,CN421022,CN421022,大门土地市,湖北公安县大门土地,村镇,1911,1911,,,,hvd_128487,29.70247,112.14579
6685,CN421022,CN421022,故县城,湖北公安县申津渡东,村镇,1911,1911,,,,hvd_129175,30.019596,112.0041
6686,CN421022,CN421022,斑竹垱,湖北公安县班竹垱镇,村镇,1911,1911,,,,hvd_128485,30.046734,112.01027
6687,CN421022,CN421022,新店厂,湖北公安县新店子,村镇,1911,1911,,,,hvd_128491,30.135996,112.02332
6688,CN421022,CN421022,杨林市,湖北公安县杨林市,村镇,1911,1911,,,,hvd_128516,29.777517,112.3101
6689,CN421022,CN421022,柯家嘴,湖北公安县柯家嘴,村镇,1911,1911,,,,hvd_128517,29.70668,112.18044
6690,CN421022,CN421022,横堤市,湖北公安县横堤子,村镇,1911,1911,,,,hvd_128515,29.860636,112.36107
6691,CN421022,CN421022,横溪桥,湖北公安县横溪桥,村镇,1911,1911,,,,hvd_129174,29.972755,111.91095
6692,CN421022,CN421022,淡头厂,湖北公安县淡头,村镇,1911,1911,,,,hvd_128490,29.957586,112.327995
6693,CN421022,CN421022,王家河,湖北石首市王家河,村镇,1911,1911,,,,hvd_128496,29.66942,112.24428
6694,CN421022,CN421022,申津渡厂,湖北公安县申津渡镇,村镇,1911,1911,,,,hvd_128484,30.020786,111.961105
6695,CN421022,CN421022,白公嘴,湖北公安县白宫嘴,村镇,1911,1911,,,,hvd_128495,29.739029,112.24344
6696,CN421022,CN421022,祝家场,湖北公安县祝家厂,村镇,1911,1911,,,,hvd_128489,29.818237,112.19615
6697,CN421022,CN421022,胡家厂,湖北公安县胡厂,村镇,1911,1911,,,,hvd_128476,29.85124,112.204926
6698,CN421022,CN421022,茅草街,湖北石首市茅草街,村镇,1911,1911,,,,hvd_128497,29.690895,112.24732
6699,CN421022,CN421022,裕公隐,湖北公安县裕公,村镇,1911,1911,,,,hvd_128514,29.855036,112.353645
6700,CN421022,CN421022,郑公渡,湖北公安县郑公渡镇,村镇,1911,1911,,,,hvd_128481,29.82797,112.01967
6701,CN421022,CN421022,雾溪嘴市,湖北公安县武溪嘴（新口南）,村镇,1911,1911,,,,hvd_128488,29.826384,112.23467
6702,CN421022,CN421022,黄金口塘,湖北公安县黄金口,村镇,1911,1911,,,,hvd_128480,30.063335,112.13117
6703,CN421023,CN421023,监利县,湖北监利县北,县,222,222,新建,撤销,,hvd_43704,30.051464,112.9574
6704,CN421023,CN421023,监利县,湖北监利县北,县,284,911,新建,迁移治所,,hvd_43705,30.051464,112.9574
6705,CN421023,CN421023,丰都县,湖北省荆州市监利市,县,310,314,,,,hvd_46008,29.92819,112.84494
6706,CN421023,CN421023,监利郡,湖北省荆州市监利市,郡,502,582,,,,hvd_115427,30.05147,112.9574
6707,CN421023,CN421023,监利县,湖北监利县,县,912,1233,迁移治所,迁移治所,,hvd_43706,29.815758,112.90025
6708,CN421023,CN421023,监利县,湖北监利县东南三十里,县,1234,1269,迁移治所,撤销,,hvd_43707,29.770088,112.99427
6709,CN421023,CN421023,监利县,湖北监利县,县,1275,1911,新建,数据下限,,hvd_43708,29.815758,112.90025
6710,CN421023,CN421023,分盐所,湖北监利县东北分盐,村镇,1820,1820,,,,hvd_18611,29.984,113.058
6711,CN421023,CN421023,朱家河,湖北监利县东南朱家河,村镇,1820,1820,,,,hvd_18610,29.737236,113.12079
6712,CN421023,CN421023,白螺矶,湖北监利县东南白螺矶,村镇,1820,1820,,,,hvd_18619,29.544668,113.19492
6713,CN421023,CN421023,监利县,湖北监利县,县,1820,1820,,,,hvd_680,29.81576,112.90025
6714,CN421023,CN421023,三墩潭,湖北监利县三墩,村镇,1911,1911,,,,hvd_127835,29.824083,113.230736
6715,CN421023,CN421023,伍家场,湖北监利县伍场,村镇,1911,1911,,,,hvd_128461,30.080357,112.824135
6716,CN421023,CN421023,何家桥,湖北监利县何桥,村镇,1911,1911,,,,hvd_128544,29.664515,113.11519
6717,CN421023,CN421023,北口市,湖北监利县北口北,村镇,1911,1911,,,,hvd_128521,30.142841,113.08947
6718,CN421023,CN421023,周老嘴关,湖北监利县周老咀镇,村镇,1911,1911,,,,hvd_128524,30.03934,112.98036
6719,CN421023,CN421023,夏家桥,湖北监利县夏家桥,村镇,1911,1911,,,,hvd_128539,29.583055,113.19268
6720,CN421023,CN421023,大马河市,湖北监利县太马河,村镇,1911,1911,,,,hvd_128533,29.883009,112.80555
6721,CN421023,CN421023,监利县,湖北监利县,县,1911,1911,,,,hvd_121166,29.81576,112.90025
6722,CN421023,CN421023,童家嘴,湖北监利县桐梓湖,村镇,1911,1911,,,,hvd_127836,29.774405,113.23147
6723,CN421023,CN421023,网埠头,湖北监利县网埠头,村镇,1911,1911,,,,hvd_128520,30.109451,113.10801
6724,CN421023,CN421023,荒湖垸,湖北监利县荒湖农场,村镇,1911,1911,,,,hvd_128526,30.077454,112.87981
6725,CN421023,CN421023,萧家湾,湖北监利县萧家湾,村镇,1911,1911,,,,hvd_128537,30.037241,113.08452
6726,CN421023,CN421023,观音寺市,湖北监利县观音,村镇,1911,1911,,,,hvd_128532,29.908243,112.87105
6727,CN421023,CN421023,陈沱口,湖北监利县陈沱口,村镇,1911,1911,,,,hvd_128530,29.980127,112.93118
6728,CN421023,CN421023,陶家埠,湖北监利县陶市,村镇,1911,1911,,,,hvd_128543,29.682508,112.99747
6729,CN421023,CN421023,黄歇口,湖北监利县黄穴口镇,村镇,1911,1911,,,,hvd_128525,30.035288,112.843765
6730,CN421023,CN421023,黄老潭市,湖北监利县黄潭,村镇,1911,1911,,,,hvd_128534,29.988401,112.83721
6731,CN421024,CN421024,南郡,湖北江陵县,郡,-278,-207,,,,hvd_34510,30.35044,112.19077
6732,CN421024,CN421024,南郡,湖北江陵县,郡,-278,-207,,,,hvd_105302,30.35044,112.19077
6733,CN421024,CN421024,江陵县,湖北江陵县,县,-278,13,新建,更名,,hvd_43674,30.350445,112.19077
6734,CN421024,CN421024,南郡,湖北江陵县,郡,-221,184,新建,迁移治所,,,30.350445,112.19077
6735,CN421024,CN421024,南郡,湖北江陵县,郡,-202,-156,,,,hvd_105304,30.35044,112.19077
6736,CN421024,CN421024,南郡,湖北江陵县,郡,-202,-156,,,,hvd_34512,30.35044,112.19077
6737,CN421024,CN421024,南郡,湖北江陵县,郡,-153,-151,,,,hvd_34514,30.35044,112.19077
6738,CN421024,CN421024,南郡,湖北江陵县,郡,-150,-149,,,,hvd_112690,30.35045,112.19077
6739,CN421024,CN421024,南郡,湖北江陵县,郡,-148,13,,,,hvd_34516,30.35044,112.19077
6740,CN421024,CN421024,南郡,湖北江陵县,郡,-121,-66,,,,hvd_105309,30.35044,112.19077
6741,CN421024,CN421024,南郡,湖北江陵县,郡,-65,13,,,,hvd_105310,30.35044,112.19077
6742,CN421024,CN421024,江陆县,湖北江陵县,县,14,22,更名,更名,,hvd_43675,30.350445,112.19077
6743,CN421024,CN421024,南郡,湖北江陵县,郡,23,78,,,,hvd_34518,30.35044,112.19077
6744,CN421024,CN421024,江陵县,湖北江陵县,县,23,1911,更名,数据下限,,hvd_43676,30.350445,112.19077
6745,CN421024,CN421024,南郡,湖北江陵县,郡,85,419,,,,hvd_34521,30.35044,112.19077
6746,CN421024,CN421024,南郡,湖北江陵县,郡,85,207,,,,hvd_105314,30.35044,112.19077
6747,CN421024,CN421024,南郡,湖北江陵县,郡,208,218,,,,hvd_105315,30.35044,112.19077
6748,CN421024,CN421024,南郡,湖北江陵县,郡,219,264,,,,hvd_105316,30.35044,112.19077
6749,CN421024,CN421024,荆州,湖北江陵县,州,219,311,治所迁移,治所迁移,,hvd_30255,30.350445,112.19077
6750,CN421024,CN421024,南郡,湖北江陵县,郡,265,309,,,,hvd_105317,30.35044,112.19077
6751,CN421024,CN421024,江安县,湖北江陵县东南万家台西、长江北岸,县,280,478,新建,迁移治所,,hvd_43685,30.096643,112.241806
6752,CN421024,CN421024,南州,湖北江陵县,郡,281,1368,,,,,30.350445,112.19077
6753,CN421024,CN421024,南郡,湖北江陵县,郡,281,617,,,,,30.350445,112.19077
6754,CN421024,CN421024,南郡,湖北江陵县,郡,310,314,,,,hvd_105318,30.35044,112.19077
6755,CN421024,CN421024,南郡,湖北江陵县,郡,315,400,,,,hvd_105319,30.35044,112.19077
6756,CN421024,CN421024,荆州,湖北江陵县,州,315,317,治所迁移,治所迁移,,hvd_30258,30.350445,112.19077
6757,CN421024,CN421024,荆州,湖北江陵县,州,322,328,治所迁移,治所迁移,,hvd_30260,30.350445,112.19077
6758,CN421024,CN421024,荆州,湖北江陵县,州,352,376,治所迁移,治所迁移,,hvd_30264,30.350445,112.19077
6759,CN421024,CN421024,荆州,湖北江陵县,州,386,566,治所迁移,治所迁移,,hvd_30266,30.350445,112.19077
6760,CN421024,CN421024,南郡,湖北江陵县,郡,401,419,,,,hvd_105320,30.35044,112.19077
6761,CN421024,CN421024,南郡,湖北江陵县,郡,607,620,,,,hvd_34447,30.35044,112.19077
6762,CN421024,CN421024,南郡,湖北江陵县,郡,607,620,,,,hvd_105220,30.35044,112.19077
6763,CN421024,CN421024,长宁县,湖北江陵县,县,760,770,新建,撤销,,hvd_43677,30.350445,112.19077
6764,CN421024,CN421024,公安县,湖北江陵县东南窑头埠，在公安县北,县,1628,1633,迁移治所,迁移治所,,hvd_43688,30.129272,112.21988
6765,CN421024,CN421024,公安县,湖北江陵县东南窑头埠，在公安县北,县,1643,1647,迁移治所,迁移治所,,hvd_43690,30.129272,112.21988
6766,CN421024,CN421024,江陵县,湖北江陵县,县,1820,1820,,,,hvd_658,30.35044,112.19077
6767,CN421024,CN421024,荆州府,湖北江陵县,府,1820,1820,,,,hvd_9610,30.350445,112.19077
6768,CN421024,CN421024,郝穴口,湖北江陵县东南郝穴,村镇,1820,1820,,,,hvd_18511,30.036228,112.41332
6769,CN421024,CN421024,张家场,湖北江陵县张黄家场,村镇,1911,1911,,,,hvd_128463,30.128208,112.23791
6770,CN421024,CN421024,徐家口,湖北江陵县徐家口,村镇,1911,1911,,,,hvd_128462,30.162254,112.49816
6771,CN421024,CN421024,拖茅埠,湖北江陵县拖船埠,村镇,1911,1911,,,,hvd_128458,29.936605,112.60403
6772,CN421024,CN421024,李家台,湖北江陵县李家台,村镇,1911,1911,,,,hvd_128459,30.050922,112.61092
6773,CN421024,CN421024,江陵县,湖北江陵县,县,1911,1911,,,,hvd_121163,30.35044,112.19077
6774,CN421024,CN421024,胡家场,湖北江陵县胡场镇,村镇,1911,1911,,,,hvd_128447,30.102661,112.52201
6775,CN421081,CN421081,石首县,湖北石首市,县,280,438,新建,撤销,,hvd_43698,29.72431,112.40646
6776,CN421081,CN421081,石首县,湖北石首市,县,621,1072,新建,迁移治所,,hvd_43699,29.72431,112.40646
6777,CN421081,CN421081,建宁县,湖北石首市调关镇东槎港山,县,965,1072,新建,撤销,,hvd_43702,29.688356,112.63226
6778,CN421081,CN421081,石首县,湖北石首市调关镇东槎港山,县,1073,1085,迁移治所,迁移治所,,hvd_43700,29.688356,112.63226
6779,CN421081,CN421081,建宁县,湖北石首市调关镇东槎港山,县,1086,1126,新建,撤销,,hvd_43703,29.688356,112.63226
6780,CN421081,CN421081,石首县,湖北石首市,县,1086,1911,迁移治所,数据下限,,hvd_43701,29.72431,112.40646
6781,CN421081,CN421081,塔市口,湖南华容县东北塔市驿,村镇,1820,1820,,,,hvd_18682,29.731518,112.80781
6782,CN421081,CN421081,石首县,湖北石首市,县,1820,1820,,,,hvd_679,29.72431,112.40646
6783,CN421081,CN421081,窑圻,湖北监利县西窑圻,村镇,1820,1820,,,,hvd_18609,29.812654,112.777756
6784,CN421081,CN421081,调弦穴口,湖北石首县东调弦口,村镇,1820,1820,,,,hvd_18607,29.688356,112.63226
6785,CN421081,CN421081,三汊口,湖北石首市三汊港,村镇,1911,1911,,,,hvd_128519,29.857567,112.498886
6786,CN421081,CN421081,塔河驿,湖北华容县塔河驿镇,村镇,1911,1911,,,,hvd_128509,29.731518,112.80781
6787,CN421081,CN421081,晏家港,湖北石首市晏家港,村镇,1911,1911,,,,hvd_128498,29.684063,112.31653
6788,CN421081,CN421081,来家铺,湖北石首市来家铺,村镇,1911,1911,,,,hvd_128512,29.762444,112.682724
6789,CN421081,CN421081,杨柴洲,湖北石首市杨林洲,村镇,1911,1911,,,,hvd_128507,29.72321,112.63352
6790,CN421081,CN421081,檀山寺,湖北石首市团山镇,村镇,1911,1911,,,,hvd_128492,29.601313,112.32109
6791,CN421081,CN421081,江波渡市,湖北石首市东江波渡,村镇,1911,1911,,,,hvd_128502,29.598791,112.398674
6792,CN421081,CN421081,焦山河厂,湖北石首市焦山河北,村镇,1911,1911,,,,hvd_128508,29.671143,112.578804
6793,CN421081,CN421081,王家场,湖北石首市王家场,村镇,1911,1911,,,,hvd_128499,29.613865,112.27892
6794,CN421081,CN421081,石首县,湖北石首市,县,1911,1911,,,,hvd_121165,29.72431,112.40646
6795,CN421081,CN421081,管家埠,湖北石首市管家铺,村镇,1911,1911,,,,hvd_128505,29.717655,112.32296
6796,CN421081,CN421081,虾子嘴,湖北石首市虾子嘴,村镇,1911,1911,,,,hvd_128501,29.593624,112.33385
6797,CN421081,CN421081,观音寺,湖北石首市观音寺,村镇,1911,1911,,,,hvd_128511,29.698275,112.50556
6798,CN421081,CN421081,马家垸,湖北石首市马家垸,村镇,1911,1911,,,,hvd_128503,29.63678,112.38624
6799,CN421081,CN421081,鱼尾洲,湖北石首市鱼尾洲,村镇,1911,1911,,,,hvd_128518,29.761824,112.42222
6800,CN421087,CN421087,高成县,湖北松滋县南杨家山,县,-202,-66,新建,更名,,hvd_43712,30.053085,111.78103
6801,CN421087,CN421087,高城侯国,湖北松滋县南杨家山,侯国,-65,1,更名,更名,,hvd_43713,30.053085,111.78103
6802,CN421087,CN421087,高成县,湖北松滋县南杨家山,县,2,13,更名,更名,,hvd_43714,30.053085,111.78103
6803,CN421087,CN421087,言程县,湖北松滋县南杨家山,县,14,22,更名,更名,,hvd_43715,30.053085,111.78103
6804,CN421087,CN421087,高成县,湖北松滋县南杨家山,县,23,29,更名,撤销,,hvd_43716,30.053085,111.78103
6805,CN421087,CN421087,松滋县,湖北松滋县西北老城镇,县,337,1911,新建,数据下限,,hvd_43717,30.345695,111.714066
6806,CN421087,CN421087,荆州,湖北松滋县北老城,州,377,385,治所迁移,治所迁移,,hvd_30265,30.345695,111.714066
6807,CN421087,CN421087,南荆州,湖北省荆州市松滋市,州,561,561,,,,hvd_113510,30.30309,111.78885
6808,CN421087,CN421087,枝江县,湖北松滋县北斯洋洲,县,1237,1269,迁移治所,迁移治所,,hvd_43724,30.303095,111.78886
6809,CN421087,CN421087,松滋县,湖北松滋县西北老城镇,县,1820,1820,,,,hvd_657,30.3457,111.71407
6810,CN421087,CN421087,横碛,湖北宜都县南横碛下铺,村镇,1820,1820,,,,hvd_18647,30.113672,111.46091
6811,CN421087,CN421087,涴市镇,湖北松滋县东北涴市,村镇,1820,1820,,,,hvd_18500,30.261768,112.0136
6812,CN421087,CN421087,磨盘洲,湖北松滋县东南磨盘洲,村镇,1820,1820,,,,hvd_18489,30.129,111.786
6813,CN421087,CN421087,丁家脑,湖北松滋县丁家老,村镇,1911,1911,,,,hvd_128547,30.31333,111.93738
6814,CN421087,CN421087,三汊滩西侧,湖北松滋县县治新江口镇,村镇,1911,1911,,,,hvd_129172,30.178774,111.77278
6815,CN421087,CN421087,崄桥市,湖北松滋县险桥寺,村镇,1911,1911,,,,hvd_128548,30.077469,111.37584
6816,CN421087,CN421087,松滋县,湖北松滋县西北老城镇,县,1911,1911,,,,hvd_121167,30.3457,111.71407
6817,CN421087,CN421087,涴市驿,湖北松滋县涴市镇,村镇,1911,1911,,,,hvd_128551,30.265503,112.01242
6818,CN421087,CN421087,澌洋洲,湖北松滋县斯洋洲,村镇,1911,1911,,,,hvd_128574,30.303095,111.78886
6819,CN421087,CN421087,王家铺,湖北松滋县王家铺,村镇,1911,1911,,,,hvd_129170,30.11389,111.61767
6820,CN421087,CN421087,白杨树,湖北松滋县白杨树,村镇,1911,1911,,,,hvd_128602,30.305092,111.69246
6821,CN421087,CN421087,白溪市,湖北松滋县百溪桥,村镇,1911,1911,,,,hvd_129171,30.096952,111.819855
6822,CN421087,CN421087,磨盘司,湖北松滋县磨盘洲镇,村镇,1911,1911,,,,hvd_128557,30.128965,111.786255
6823,CN421087,CN421087,老陈市,湖北松滋县赵家湾西北,村镇,1911,1911,,,,hvd_128556,30.026709,111.80814
6824,CN421087,CN421087,西斋市塘,湖北松滋县西斋镇,村镇,1911,1911,,,,hvd_128558,29.989893,111.61429
6825,CN421087,CN421087,邓家埠塘,湖北松滋县邓家铺（比箭岗西）,村镇,1911,1911,,,,hvd_128559,29.924658,111.73098
6826,CN421087,CN421087,铁匠铺,湖北松滋县铁匠铺子,村镇,1911,1911,,,,hvd_128601,30.29227,111.73161
6827,CN421127,CN421127,庐江郡（孙吴）,湖北省黄冈市黄梅县,郡,214,0,,,,hvd_112616,30.02761,115.88105
6828,CN421127,CN421127,永兴县,湖北黄梅县西北大河铺东一里,县,479,588,新建,更名,,hvd_43555,30.100052,115.85098
6829,CN421127,CN421127,新蔡县,湖北黄梅县西北大河铺东一里,县,589,597,更名,更名,,hvd_43556,30.100052,115.85098
6830,CN421127,CN421127,黄梅县,湖北黄梅县西北大河铺东一里,县,598,1236,更名,迁移治所,,hvd_43557,30.100052,115.85098
6831,CN421127,CN421127,义丰县,黄梅县南,县,621,624,新建,撤销,,hvd_43560,30.041418,115.91028
6832,CN421127,CN421127,南晋州,湖北省黄冈市黄梅县,州,621,624,,,,hvd_105387,30.10005,115.85098
6833,CN421127,CN421127,南晋州,湖北省黄冈市黄梅县,州,621,624,,,,hvd_34559,30.10005,115.85098
6834,CN421127,CN421127,塘阳县,湖北黄梅县南十五里,县,621,624,新建,撤销,,hvd_43562,30.013803,115.943504
6835,CN421127,CN421127,长吉县,湖北黄梅县西南濯港镇北,县,621,624,新建,撤销,,hvd_43561,30.02761,115.88104
6836,CN421127,CN421127,黄梅县,湖北黄梅县,县,1275,1911,迁移治所,数据下限,,hvd_43559,30.0792,115.93494
6837,CN421127,CN421127,亭前镇,湖北黄梅县东北亭前镇,村镇,1820,1820,,,,hvd_18576,30.213755,115.9773
6838,CN421127,CN421127,十里铺,湖北黄梅县西南十里铺,村镇,1820,1820,,,,hvd_18577,30.046228,115.8896
6839,CN421127,CN421127,大河埔,湖北黄梅县西大河铺,村镇,1820,1820,,,,hvd_18591,30.100882,115.839874
6840,CN421127,CN421127,孔垅,湖北黄梅县南孔垅,村镇,1820,1820,,,,hvd_18634,29.893156,115.89836
6841,CN421127,CN421127,小池口,,村镇,1820,1820,,,,hvd_19163,29.75296,115.98916
6842,CN421127,CN421127,新开路,湖北黄梅县西南新开,村镇,1820,1820,,,,hvd_18636,29.819109,115.81071
6843,CN421127,CN421127,清江镇,湖北黄梅县南清江,村镇,1820,1820,,,,hvd_18632,29.77562,115.99578
6844,CN421127,CN421127,濯港,湖北黄梅县西南濯港,村镇,1820,1820,,,,hvd_18583,30.010286,115.876495
6845,CN421127,CN421127,独山镇,湖北黄梅县东独山,村镇,1820,1820,,,,hvd_18598,30.08051,116.043884
6846,CN421127,CN421127,陆家咀,湖北黄梅县南西陆家嘴,村镇,1820,1820,,,,hvd_18631,29.787842,115.819695
6847,CN421127,CN421127,黄梅县,湖北黄梅县,县,1820,1820,,,,hvd_671,30.0792,115.93494
6848,CN421127,CN421127,万家墩,湖北黄梅县万墩,村镇,1911,1911,,,,hvd_128006,29.78439,115.88862
6849,CN421127,CN421127,吕家集,湖北黄梅县吕家咀,村镇,1911,1911,,,,hvd_128007,29.789494,115.9916
6850,CN421127,CN421127,四渡河,湖北黄梅县四渡河,村镇,1911,1911,,,,hvd_128015,30.186432,115.7876
6851,CN421127,CN421127,土桥铺,湖北黄梅县土桥镇,村镇,1911,1911,,,,hvd_128010,30.160965,115.974625
6852,CN421127,CN421127,小池口,,村镇,1911,1911,,,,hvd_141971,29.75296,115.98916
6853,CN421127,CN421127,柘林铺,湖北黄梅县柘林铺,村镇,1911,1911,,,,hvd_128011,30.132996,115.971985
6854,CN421127,CN421127,段窑口,湖北黄梅县段窑街,村镇,1911,1911,,,,hvd_128008,29.82606,116.106346
6855,CN421127,CN421127,涰港铺,湖北黄梅县涰港镇,村镇,1911,1911,,,,hvd_128004,30.010286,115.876495
6856,CN421127,CN421127,渡河桥,湖北黄梅县渡河桥,村镇,1911,1911,,,,hvd_128014,30.16353,115.92393
6857,CN421127,CN421127,白湖渡市,湖北黄梅县白湖,村镇,1911,1911,,,,hvd_128003,29.944874,115.88423
6858,CN421127,CN421127,程家圩,湖北黄梅县程家墩,村镇,1911,1911,,,,hvd_128005,29.828686,116.008835
6859,CN421127,CN421127,胡世柏市,湖北黄梅县胡世柏镇,村镇,1911,1911,,,,hvd_128002,29.883497,115.78134
6860,CN421127,CN421127,黄梅县,湖北黄梅县,县,1911,1911,,,,hvd_121145,30.0792,115.93494
6861,CN4213,CN4213,随县,湖北随州市,县,-476,468,新建,更名,,hvd_43618,31.715105,113.36982
6862,CN4213,CN4213,随阳县,湖北随州市,县,469,475,更名,更名,,hvd_43619,31.715105,113.36982
6863,CN4213,CN4213,随县,湖北随州市,县,476,580,更名,更名,,hvd_43620,31.715105,113.36982
6864,CN4213,CN4213,隋县,湖北随州市,县,581,906,更名,更名,,hvd_43621,31.715105,113.36982
6865,CN4213,CN4213,随县,湖北随州市,县,907,1368,更名,撤销,,hvd_43622,31.715105,113.36982
6866,CN422823,CN422823,归乡县,湖北省恩施土家族苗族自治州巴东县,县,502,567,,,,hvd_45837,31.03002,110.40453
6867,CN422823,CN422823,乐乡县,湖北省恩施土家族苗族自治州巴东县,县,568,597,,,,hvd_45838,31.03002,110.40453
6868,CN422823,CN422823,巴东县,湖北省恩施土家族苗族自治州巴东县,县,598,979,,,,hvd_45839,31.06613,110.3686
6869,CN422823,CN422823,巴东县,,县,980,1911,,,,hvd_45840,31.03002,110.40453
6870,CN422823,CN422823,万流,湖北巴东县西万流,村镇,1820,1820,,,,hvd_18321,31.044521,110.168915
6871,CN422823,CN422823,三尖观,湖北巴东县西南三尖观,村镇,1820,1820,,,,hvd_18448,30.858143,110.28655
6872,CN422823,CN422823,巴东县,,县,1820,1820,,,,hvd_636,31.030022,110.40453
6873,CN422823,CN422823,平阳坝,湖北巴东县北坪阳坝,村镇,1820,1820,,,,hvd_18322,31.171602,110.400925
6874,CN422823,CN422823,杨柳堡,湖北巴东县西南杨柳水,村镇,1820,1820,,,,hvd_18462,30.94588,110.30046
6875,CN422823,CN422823,火峰寨,湖北巴东县西北火烽,村镇,1820,1820,,,,hvd_18334,31.099638,110.2381
6876,CN422823,CN422823,猫儿坪,湖北秭归县南猫儿坪,村镇,1820,1820,,,,hvd_18460,30.631657,110.37286
6877,CN422823,CN422823,甘沟,湖北巴东县西北甘沟,村镇,1820,1820,,,,hvd_18323,31.087858,110.191765
6878,CN422823,CN422823,红沙堡,湖北巴东县南红沙堡,村镇,1820,1820,,,,hvd_18461,30.276419,110.268074
6879,CN422823,CN422823,茶店铺,,村镇,1820,1820,,,,hvd_18456,30.92966,110.32725
6880,CN422823,CN422823,虎翼寨,湖北巴东县东北虎翼寨,村镇,1820,1820,,,,hvd_18338,31.269033,110.43077
6881,CN422823,CN422823,野山关,湖北巴东县西南,村镇,1820,1820,,,,hvd_18469,30.560995,110.17649
6882,CN422823,CN422823,万流,湖北巴东县万流,村镇,1911,1911,,,,hvd_128778,31.06358,110.16405
6883,CN422823,CN422823,关口垭,湖北长阳县关口垭,村镇,1911,1911,,,,hvd_128719,30.600222,110.47457
6884,CN422823,CN422823,南滩,湖北巴东县泗垱,村镇,1911,1911,,,,hvd_128768,30.416008,110.29582
6885,CN422823,CN422823,双社坪,湖北巴东县双树坪,村镇,1911,1911,,,,hvd_128769,30.45856,110.23717
6886,CN422823,CN422823,四渡河,湖北巴东县四渡河,村镇,1911,1911,,,,hvd_128771,30.600954,110.415535
6887,CN422823,CN422823,巴东县,,县,1911,1911,,,,hvd_121175,31.030022,110.40453
6888,CN422823,CN422823,故县,湖北巴东县故县,村镇,1911,1911,,,,hvd_128772,30.660213,110.37106
6889,CN422823,CN422823,旧县,湖北巴东县旧县,村镇,1911,1911,,,,hvd_128776,31.06613,110.3686
6890,CN422823,CN422823,柳家村,湖北巴东县杨柳池镇,村镇,1911,1911,,,,hvd_128766,30.332651,110.26303
6891,CN422823,CN422823,核桃坪,湖北巴东县核桃坪,村镇,1911,1911,,,,hvd_128773,30.739044,110.37406
6892,CN422823,CN422823,桃符口塘,湖北巴东县桃符口,村镇,1911,1911,,,,hvd_128764,30.393759,110.21444
6893,CN422823,CN422823,楠木园塘,湖北巴东县楠木园,村镇,1911,1911,,,,hvd_128779,31.013416,110.23816
6894,CN422823,CN422823,火烽驿,湖北巴东县火烽,村镇,1911,1911,,,,hvd_128780,31.099638,110.2381
6895,CN422823,CN422823,甘家坪,湖北巴东县甘坪,村镇,1911,1911,,,,hvd_128784,31.137548,110.4763
6896,CN422823,CN422823,白沙,湖北巴东县白沙,村镇,1911,1911,,,,hvd_128770,30.553848,110.266
6897,CN422823,CN422823,税家村,湖北巴东县税家村,村镇,1911,1911,,,,hvd_128781,30.927633,110.22538
6898,CN422823,CN422823,茅坪,湖北巴东县茅坪,村镇,1911,1911,,,,hvd_128782,31.257427,110.29152
6899,CN422823,CN422823,茶店铺,,村镇,1911,1911,,,,hvd_128775,30.92966,110.32725
6900,CN422823,CN422823,蒲龙村,湖北巴东县下卜龙,村镇,1911,1911,,,,hvd_128767,30.352404,110.21988
6901,CN422823,CN422823,麻世坪,湖北巴东县麻石坪,村镇,1911,1911,,,,hvd_128765,30.371162,110.268295
6902,CN429004,CN429004,云杜县,湖北仙桃市沔城镇西北,县,220,518,迁移治所,撤销,,hvd_43483,30.377613,113.14898
6903,CN429004,CN429004,荆州,湖北仙桃市西南旧沔阳城,州,313,314,治所迁移,治所迁移,,hvd_30257,30.252949,113.343506
6904,CN429004,CN429004,惠怀县,湖北仙桃市沔城西,县,316,534,新建,撤销,,hvd_43499,30.191069,113.15226
6905,CN429004,CN429004,荆州,湖北省仙桃市桃源大道,州,325,329,,,,hvd_113502,30.37177,113.45283
6906,CN429004,CN429004,沔阳郡,湖北省仙桃市,郡,502,556,,,,hvd_115609,30.19107,113.15226
6907,CN429004,CN429004,沔阳县,湖北仙桃市沔城镇东三十里,县,503,556,新建,撤销,,hvd_43485,30.19326,113.431465
6908,CN429004,CN429004,建兴县,湖北仙桃市西南沔城镇,县,535,606,新建,更名,,hvd_43484,30.18954,113.2366
6909,CN429004,CN429004,沔阳郡,湖北省仙桃市,郡,562,582,,,,hvd_34384,30.18954,113.2366
6910,CN429004,CN429004,沔阳郡,湖北省仙桃市,郡,562,582,,,,hvd_105143,30.18954,113.2366
6911,CN429004,CN429004,复州,湖北省仙桃市,州,603,605,,,,hvd_34386,30.18954,113.2366
6912,CN429004,CN429004,复州,湖北省仙桃市,州,603,605,,,,hvd_105141,30.18954,113.2366
6913,CN429004,CN429004,沔州,湖北省仙桃市,州,606,606,,,,hvd_34387,30.18954,113.2366
6914,CN429004,CN429004,沔州,湖北省仙桃市,州,606,606,,,,hvd_105140,30.18954,113.2366
6915,CN429004,CN429004,沔阳县,湖北仙桃市西南沔城镇,县,607,1038,更名,撤销,,hvd_43486,30.18954,113.2366
6916,CN429004,CN429004,沔阳郡,湖北省仙桃市,郡,607,621,,,,hvd_34388,30.18954,113.2366
6917,CN429004,CN429004,沔阳郡,湖北省仙桃市,郡,607,620,,,,hvd_105139,30.18954,113.2366
6918,CN429004,CN429004,沔阳郡,湖北省仙桃市,郡,607,621,,,,hvd_110406,30.18954,113.2366
6919,CN429004,CN429004,复州,湖北省仙桃市,州,633,741,,,,hvd_105136,30.18954,113.2366
6920,CN429004,CN429004,复州,湖北省仙桃市,州,633,741,,,,hvd_34382,30.18954,113.2366
6921,CN429004,CN429004,竟陵郡,湖北省仙桃市,郡,742,757,,,,hvd_34381,30.18954,113.2366
6922,CN429004,CN429004,竟陵郡,湖北省仙桃市,郡,742,757,,,,hvd_105135,30.18954,113.2366
6923,CN429004,CN429004,竟陵郡,湖北省仙桃市,郡,742,756,,,,hvd_111229,30.18954,113.2366
6924,CN429004,CN429004,复州,湖北省仙桃市,州,758,762,,,,hvd_34379,30.18954,113.2366
6925,CN429004,CN429004,复州,湖北省仙桃市,州,758,762,,,,hvd_105134,30.18954,113.2366
6926,CN429004,CN429004,复州,湖北省仙桃市,州,1236,1274,,,,hvd_105128,30.18954,113.2366
6927,CN429004,CN429004,复州,湖北省仙桃市,州,1236,1274,,,,hvd_34377,30.18954,113.2366
6928,CN429004,CN429004,景陵县,湖北仙桃市西南沔城镇,县,1236,1277,迁移治所,迁移治所,,hvd_43599,30.18954,113.2366
6929,CN429004,CN429004,沔阳府,湖北省仙桃市,府,1278,1375,,,,hvd_105058,30.18954,113.2366
6930,CN429004,CN429004,沔阳府,湖北省仙桃市,府,1278,1375,,,,hvd_34328,30.18954,113.2366
6931,CN429004,CN429004,玉沙县,湖北仙桃市西南沔城镇,县,1278,1375,迁移治所,撤销,,hvd_43489,30.18954,113.2366
6932,CN429004,CN429004,沔阳州,湖北仙桃市西南沔阳城,州,1376,1530,,,,hvd_34303,30.18954,113.2366
6933,CN429004,CN429004,沔阳直隶州,湖北省仙桃市,州,1376,1530,,,,hvd_105010,30.18954,113.2366
6934,CN429004,CN429004,沔阳州,湖北仙桃市西南沔阳城,州,1531,1645,,,,hvd_45992,30.18954,113.2366
6935,CN429004,CN429004,沔阳州,湖北仙桃市西南沔阳城,州,1646,1762,,,,hvd_105011,30.18954,113.2366
6936,CN429004,CN429004,仙桃镇,湖北仙桃市,村镇,1820,1820,,,,hvd_18518,30.371765,113.45283
6937,CN429004,CN429004,沔阳州,湖北仙桃市西南沔阳城,州,1820,1820,,,,hvd_660,30.18954,113.2366
6938,CN429004,CN429004,沙镇,湖北仙桃市东南,村镇,1820,1820,,,,hvd_18520,30.177795,113.674515
6939,CN429004,CN429004,丁家湾,湖北仙桃市上丁家湾,村镇,1911,1911,,,,hvd_128956,30.451248,113.04408
6940,CN429004,CN429004,下查埠塘,湖北仙桃市下查埠镇,村镇,1911,1911,,,,hvd_127733,30.33894,113.588554
6941,CN429004,CN429004,仙桃镇,湖北仙桃市市仙桃镇,村镇,1911,1911,,,,hvd_127736,30.371765,113.45283
6942,CN429004,CN429004,何家帮,湖北仙桃市何家帮（今西流河镇西北）,村镇,1911,1911,,,,hvd_127734,30.323011,113.70244
6943,CN429004,CN429004,剅河铺,湖北仙桃市剅河镇,村镇,1911,1911,,,,hvd_127742,30.337149,113.08494
6944,CN429004,CN429004,响水港,湖北汉阳县响水港,村镇,1911,1911,,,,hvd_127670,30.274136,113.78663
6945,CN429004,CN429004,姚家咀,湖北仙桃市姚咀,村镇,1911,1911,,,,hvd_127843,30.199392,113.04457
6946,CN429004,CN429004,朱矶市,湖北仙桃市珠玑寺,村镇,1911,1911,,,,hvd_127744,30.399754,113.07601
6947,CN429004,CN429004,横口塘,湖北仙桃市新横口,村镇,1911,1911,,,,hvd_128947,30.459787,113.1228
6948,CN429004,CN429004,沔阳州,湖北仙桃市沔城镇,州,1911,1911,,,,hvd_121137,30.18954,113.2366
6949,CN429004,CN429004,渔泛泽市铺,湖北仙桃市渔泛丰,村镇,1911,1911,,,,hvd_129088,30.526125,112.98002
6950,CN429004,CN429004,琯珰街,湖北仙桃市官珰湖,村镇,1911,1911,,,,hvd_127840,30.096136,113.648865
6951,CN429004,CN429004,田湾围,湖北仙桃市田家院子,村镇,1911,1911,,,,hvd_128953,30.480186,113.04812
6952,CN429004,CN429004,百亩地,湖北仙桃市百亩湾,村镇,1911,1911,,,,hvd_128946,30.41595,113.15192
6953,CN429004,CN429004,红庙,湖北仙桃市红庙,村镇,1911,1911,,,,hvd_127746,30.24772,113.251945
6954,CN429004,CN429004,谢家场,湖北仙桃市谢场,村镇,1911,1911,,,,hvd_127743,30.353064,112.99251
6955,CN429004,CN429004,连鱼湾,湖北仙桃市连鱼湾,村镇,1911,1911,,,,hvd_128954,30.504194,113.00306
6956,CN429004,CN429004,长垱口,湖北仙桃市长淌口镇,村镇,1911,1911,,,,hvd_127732,30.397514,113.5585
6957,CN429004,CN429004,麻洋潭塘,湖北仙桃市（天门市麻洋镇南）,村镇,1911,1911,,,,hvd_128944,30.428474,113.27033
6958,CN429004,CN429004,麻港,湖北仙桃市麻港,村镇,1911,1911,,,,hvd_127738,30.330477,113.28021
6959,CN43,CN43,湖南省,湖南长沙市,省,1667,1911,新建,数据下限,,hvd_112097,28.198198,112.978134
6960,CN43,CN43,湖南,湖南长沙市,省,1820,1820,,,,hvd_25006,28.1982,112.97813
6961,CN43,CN43,湖南,湖南长沙市,省,1911,1911,,,,hvd_120006,28.1982,112.97813
6962,CN4301,CN4301,长沙郡,湖南长沙市,郡,-222,-203,新建,更名,,hvd_32810,28.198198,112.978134
6963,CN4301,CN4301,长沙郡,湖南长沙市,郡,-222,-207,,,,hvd_112706,28.1982,112.97813
6964,CN4301,CN4301,长沙郡,湖南长沙市,郡,-206,-203,,,,hvd_112707,28.1982,112.97813
6965,CN4301,CN4301,长沙国,湖南长沙市,侯国,-202,-158,更名,更名,,hvd_32811,28.198198,112.978134
6966,CN4301,CN4301,长沙郡,湖南长沙市,郡,-157,-156,更名,更名,,hvd_32812,28.198198,112.978134
6967,CN4301,CN4301,长沙国,湖南长沙市,国,-155,8,,,,hvd_112710,28.1982,112.97813
6968,CN4301,CN4301,长沙国,湖南长沙市,侯国,-155,-49,更名,更名,,hvd_32813,28.198198,112.978134
6969,CN4301,CN4301,长沙郡,湖南长沙市,郡,-48,-47,更名,更名,,hvd_32814,28.198198,112.978134
6970,CN4301,CN4301,长沙国,湖南长沙市,侯国,-46,9,更名,更名,,hvd_32815,28.198198,112.978134
6971,CN4301,CN4301,填蛮郡,湖南长沙市,郡,9,23,,,,hvd_112711,28.1982,112.97813
6972,CN4301,CN4301,长沙郡,湖南长沙市,郡,10,13,更名,更名,,hvd_32816,28.198198,112.978134
6973,CN4301,CN4301,填蛮郡,湖南长沙市,郡,14,22,更名,更名,,hvd_32817,28.198198,112.978134
6974,CN4301,CN4301,长沙国,湖南长沙市,侯国,23,36,更名,更名,,hvd_32818,28.198198,112.978134
6975,CN4301,CN4301,长沙国,湖南长沙市,国,24,36,,,,hvd_112712,28.1982,112.97813
6976,CN4301,CN4301,长沙郡,湖南长沙市,郡,37,0,,,,hvd_112713,28.1982,112.97813
6977,CN4301,CN4301,长沙郡,湖南长沙市,郡,37,588,更名,更名,,hvd_32819,28.198198,112.978134
6978,CN4301,CN4301,湘州,湖南长沙市,州,307,327,新建,新建,,hvd_30298,28.198198,112.978134
6979,CN4301,CN4301,湘州,湖南长沙市,州,307,328,,,,hvd_113517,28.1982,112.97813
6980,CN4301,CN4301,湘州,湖南长沙市,州,412,415,新建,新建,,hvd_30299,28.198198,112.978134
6981,CN4301,CN4301,湘州,湖南长沙市,州,412,416,,,,hvd_113518,28.1982,112.97813
6982,CN4301,CN4301,湘州,湖南长沙市,州,422,431,,,,hvd_113519,28.1982,112.97813
6983,CN4301,CN4301,湘州,湖南长沙市,州,422,430,新建,新建,,hvd_30300,28.198198,112.978134
6984,CN4301,CN4301,湘州,湖南长沙市,州,439,452,,,,hvd_113520,28.1982,112.97813
6985,CN4301,CN4301,湘州,湖南长沙市,州,439,451,新建,新建,,hvd_30301,28.198198,112.978134
6986,CN4301,CN4301,湘州,湖南长沙市,州,453,588,新建,新建,,hvd_110003,28.198198,112.978134
6987,CN4301,CN4301,湘州,湖南长沙市,州,454,588,,,,hvd_113521,28.1982,112.97813
6988,CN4301,CN4301,潭州,湖南长沙市,州,589,606,更名,更名,,hvd_32820,28.198198,112.978134
6989,CN4301,CN4301,长沙郡,湖南长沙市,郡,607,620,更名,更名,,hvd_32821,28.198198,112.978134
6990,CN4301,CN4301,潭州,湖南长沙市,州,621,741,更名,更名,,hvd_110999,28.198198,112.978134
6991,CN4301,CN4301,长沙郡,湖南长沙市,郡,642,756,,,,hvd_111240,28.1982,112.97813
6992,CN4301,CN4301,长沙郡,湖南长沙市,郡,742,757,更名,更名,,hvd_32823,28.198198,112.978134
6993,CN4301,CN4301,潭州,湖南长沙市,州,758,926,更名,更名,,hvd_32824,28.198198,112.978134
6994,CN4301,CN4301,长沙府,湖南长沙市,府,927,929,更名,更名,,hvd_32825,28.198198,112.978134
6995,CN4301,CN4301,潭州,湖南长沙市,州,930,1276,更名,更名,,hvd_32826,28.198198,112.978134
6996,CN4301,CN4301,潭州行省,湖南长沙市,行省,1276,1280,更名和治所迁移,治所迁移,,hvd_111991,28.198198,112.978134
6997,CN4301,CN4301,潭州府,湖南长沙市,府,1364,1371,更名,更名,,hvd_32752,28.198198,112.978134
6998,CN4301,CN4301,长沙府,湖南长沙市,府,1372,1911,更名,数据下限,,hvd_32753,28.198198,112.978134
6999,CN4301,CN4301,长沙府,湖南长沙市,府,1820,1820,,,,hvd_9621,28.1982,112.97813
7000,CN4301,CN4301,长沙府,湖南长沙市,府,1911,1911,,,,hvd_120116,28.1982,112.97813
7001,CN430121,CN430121,龙喜县,湖南长沙县仙人市乡鹿芝岭村,县,950,962,新建,撤销,,hvd_41720,28.10447,113.113434
7002,CN430121,CN430121,常丰县,湖南长沙县东北路口镇西,县,965,972,新建,撤销,,hvd_41721,28.40155,113.27689
7003,CN430121,CN430121,回龙塘,湖南长沙南回龙铺,村镇,1820,1820,,,,hvd_18749,28.039057,112.95621
7004,CN430121,CN430121,暮云市,湖南长沙县南暮云市,村镇,1820,1820,,,,hvd_18748,28.010479,112.96955
7005,CN430121,CN430121,仙人市,湖南长沙县仙人市,村镇,1911,1911,,,,hvd_129214,28.098991,113.1681
7006,CN430121,CN430121,暮云铺,湖南长沙县暮云市,村镇,1911,1911,,,,hvd_129210,27.980509,113.00513
7007,CN430121,CN430121,杨泗庙,湖南长沙县杨泗庙,村镇,1911,1911,,,,hvd_129196,28.354227,113.25647
7008,CN430121,CN430121,枫林港,湖南长沙县枫林港,村镇,1911,1911,,,,hvd_129195,28.334875,113.177185
7009,CN430121,CN430121,石燕铺,湖南长沙县石燕铺,村镇,1911,1911,,,,hvd_129212,28.055288,113.077805
7010,CN430121,CN430121,福林铺,湖南长沙县福临铺,村镇,1911,1911,,,,hvd_129199,28.542908,113.23004
7011,CN430121,CN430121,花门楼,湖南平江县花门楼,村镇,1911,1911,,,,hvd_131017,28.628807,113.430786
7012,CN430121,CN430121,茅塘铺,湖南长沙县毛塘,村镇,1911,1911,,,,hvd_129193,28.303913,113.08909
7013,CN430121,CN430121,菱冲铺,湖南株洲市菱冲铺,村镇,1911,1911,,,,hvd_129216,27.968803,113.15268
7014,CN430121,CN430121,赛头铺,湖南长沙县赛头铺,村镇,1911,1911,,,,hvd_129198,28.525492,113.209114
7015,CN430121,CN430121,跳马涧,湖南长沙县跳马涧,村镇,1911,1911,,,,hvd_129213,28.033195,113.1017
7016,CN430121,CN430121,青山铺,湖南长沙县青山市,村镇,1911,1911,,,,hvd_129197,28.478079,113.18049
7017,CN430121,CN430121,马鞍铺,湖南长沙县马鞍铺,村镇,1911,1911,,,,hvd_129194,28.360033,113.095695
7018,CN430181,CN430181,刘阳县,湖南浏阳县东75里居仁镇,县,196,279,新建,更名,,hvd_41729,28.349648,113.88465
7019,CN430181,CN430181,浏阳县,湖南浏阳县东75里居仁镇,县,280,588,更名,撤销,,hvd_41730,28.349648,113.88465
7020,CN430181,CN430181,浏阳县,湖南浏阳县,县,708,1294,新建,更名,,hvd_41731,28.149572,113.62144
7021,CN430181,CN430181,浏阳州,湖南浏阳县,州,1295,1368,更名,更名,,hvd_41732,28.149572,113.62144
7022,CN430181,CN430181,浏阳县,湖南浏阳县,县,1369,1911,更名,数据下限,,hvd_41733,28.149572,113.62144
7023,CN430181,CN430181,吴田市,湖南浏阳县东南吾田,村镇,1820,1820,,,,hvd_18762,28.013203,113.72962
7024,CN430181,CN430181,宝盖洞,湖南浏阳县东北宝盖洞,村镇,1820,1820,,,,hvd_18969,28.353024,113.72756
7025,CN430181,CN430181,枨冲市,湖南浏阳县西南枨冲,村镇,1820,1820,,,,hvd_18763,28.042961,113.50573
7026,CN430181,CN430181,永安市,,村镇,1820,1820,,,,hvd_18755,28.217686,113.28422
7027,CN430181,CN430181,浏阳县,湖南浏阳县,县,1820,1820,,,,hvd_709,28.14957,113.62144
7028,CN430181,CN430181,渡头市,湖南浏阳县东渡头,村镇,1820,1820,,,,hvd_18759,28.154402,113.675
7029,CN430181,CN430181,百家山市,湖南浏阳县西南柏嘉山,村镇,1820,1820,,,,hvd_18756,28.056427,113.22152
7030,CN430181,CN430181,上洪塘,湖南浏阳县上洪,村镇,1911,1911,,,,hvd_129263,28.35529,114.17307
7031,CN430181,CN430181,东门市,湖南浏阳县东门,村镇,1911,1911,,,,hvd_129260,28.453276,114.01054
7032,CN430181,CN430181,双江口,湖南浏阳县双江口,村镇,1911,1911,,,,hvd_129252,28.195011,113.67594
7033,CN430181,CN430181,大光,湖南浏阳县大光,村镇,1911,1911,,,,hvd_129285,28.378954,113.81576
7034,CN430181,CN430181,大水市,湖南浏阳县大水市,村镇,1911,1911,,,,hvd_129273,28.004738,113.41705
7035,CN430181,CN430181,大窑铺,湖南浏阳县大窑铺,村镇,1911,1911,,,,hvd_129247,27.972574,113.71802
7036,CN430181,CN430181,太平桥,湖南浏阳县大平桥,村镇,1911,1911,,,,hvd_129249,27.989159,113.800385
7037,CN430181,CN430181,太平桥,湖南浏阳县太平,村镇,1911,1911,,,,hvd_129282,28.139734,113.54343
7038,CN430181,CN430181,宝盖洞,湖南浏阳县宝盖洞,村镇,1911,1911,,,,hvd_129259,28.354502,113.71285
7039,CN430181,CN430181,密湖港,湖南浏阳县密浒,村镇,1911,1911,,,,hvd_129277,28.083418,113.52093
7040,CN430181,CN430181,张家坊,湖南浏阳县张家坊,村镇,1911,1911,,,,hvd_129265,28.335957,114.104095
7041,CN430181,CN430181,枨市,湖南浏阳县板冲,村镇,1911,1911,,,,hvd_129283,28.042961,113.50573
7042,CN430181,CN430181,永安市,,村镇,1911,1911,,,,hvd_129270,28.217686,113.28422
7043,CN430181,CN430181,浏阳县,湖南浏阳县,县,1911,1911,,,,hvd_121191,28.14957,113.62144
7044,CN430181,CN430181,清江市,湖南浏阳县清江,村镇,1911,1911,,,,hvd_129250,28.112486,113.93326
7045,CN430181,CN430181,渡头,湖南浏阳县渡头,村镇,1911,1911,,,,hvd_129254,28.145866,113.66223
7046,CN430181,CN430181,渡头市,湖南浏阳县渡头市,村镇,1911,1911,,,,hvd_129275,28.054087,113.199814
7047,CN430181,CN430181,牛厂坪,湖南浏阳县牛场坪,村镇,1911,1911,,,,hvd_129272,27.950455,113.492455
7048,CN430181,CN430181,白沙市,湖南浏阳县白沙,村镇,1911,1911,,,,hvd_129286,28.46506,114.081474
7049,CN430181,CN430181,白洋港,湖南浏阳县白杨港,村镇,1911,1911,,,,hvd_129279,28.028482,113.48876
7050,CN430181,CN430181,相公店,湖南浏阳县相公殿,村镇,1911,1911,,,,hvd_129268,28.394835,113.53569
7051,CN430181,CN430181,石坳,湖南浏阳县石坳,村镇,1911,1911,,,,hvd_129261,28.513992,113.99231
7052,CN430181,CN430181,石湾,湖南浏阳县石湾,村镇,1911,1911,,,,hvd_129284,28.170237,113.81003
7053,CN430181,CN430181,荆坪,湖南浏阳县荆坪铺,村镇,1911,1911,,,,hvd_129251,28.086521,113.77613
7054,CN430181,CN430181,蔗溪市,湖南浏阳县柘溪市,村镇,1911,1911,,,,hvd_129246,27.940014,113.70653
7055,CN430181,CN430181,谭家滩,湖南浏阳县谭家滩,村镇,1911,1911,,,,hvd_129253,28.184813,113.70653
7056,CN430181,CN430181,跃龙市,湖南浏阳县跃龙,村镇,1911,1911,,,,hvd_129276,28.070137,113.37931
7057,CN430181,CN430181,金坑,湖南浏阳县金坑,村镇,1911,1911,,,,hvd_129262,28.496372,113.86998
7058,CN430181,CN430181,陈家坊,湖南浏阳县陈家坊,村镇,1911,1911,,,,hvd_129264,28.308138,114.11359
7059,CN430181,CN430181,青草市,湖南浏阳县青草市,村镇,1911,1911,,,,hvd_129278,28.052225,113.573654
7060,CN4302,CN4302,株州,湖南株洲市,村镇,1820,1820,,,,hvd_18838,27.852556,113.15001
7061,CN4302,CN4302,株洲市,湖南株洲市,村镇,1911,1911,,,,hvd_129358,27.852556,113.15001
7062,CN430281,CN430281,醴陵侯国,湖南醴陵市,侯国,-184,-177,新建,撤销,,hvd_41724,27.668518,113.4941
7063,CN430281,CN430281,醴陵县,湖南醴陵市,县,25,588,新建,撤销,,hvd_41725,27.668518,113.4941
7064,CN430281,CN430281,醴陵县,湖南醴陵县,县,621,1294,新建,更名,,hvd_41726,27.668518,113.4941
7065,CN430281,CN430281,醴陵州,湖南醴陵市,州,1295,1368,更名,更名,,hvd_41727,27.668518,113.4941
7066,CN430281,CN430281,醴陵县,湖南醴陵市,县,1369,1911,更名,数据下限,,hvd_41728,27.668518,113.4941
7067,CN430281,CN430281,普口市,,村镇,1820,1820,,,,hvd_18840,27.75466,113.63153
7068,CN430281,CN430281,枫林市,湖南醴陵县西北枫林市,村镇,1820,1820,,,,hvd_18837,27.799717,113.407814
7069,CN430281,CN430281,醴陵县,湖南醴陵县,县,1820,1820,,,,hvd_720,27.668518,113.4941
7070,CN430281,CN430281,东冲铺,湖南醴陵市东冲铺,村镇,1911,1911,,,,hvd_129302,27.74636,113.36432
7071,CN430281,CN430281,仙石桥,湖南醴陵市仙石桥,村镇,1911,1911,,,,hvd_129290,27.797462,113.63789
7072,CN430281,CN430281,合水口,湖南醴陵市合水口,村镇,1911,1911,,,,hvd_129291,27.82295,113.621635
7073,CN430281,CN430281,夏家桥,湖南醴陵市夏家桥,村镇,1911,1911,,,,hvd_129300,27.521263,113.571014
7074,CN430281,CN430281,小桃花,湖南醴陵市桃花,村镇,1911,1911,,,,hvd_129292,27.885529,113.50563
7075,CN430281,CN430281,庄埠,湖南醴陵市庄埠,村镇,1911,1911,,,,hvd_129296,27.707132,113.55836
7076,CN430281,CN430281,普口市,,村镇,1911,1911,,,,hvd_129288,27.75466,113.63153
7077,CN430281,CN430281,柘塘坪,湖南醴陵市柘塘坪,村镇,1911,1911,,,,hvd_129298,27.719275,113.47505
7078,CN430281,CN430281,殷家冲,湖南醴陵市殷家冲,村镇,1911,1911,,,,hvd_129306,27.549284,113.272575
7079,CN430281,CN430281,清安铺,湖南醴陵市清安铺,村镇,1911,1911,,,,hvd_129312,27.742683,113.331635
7080,CN430281,CN430281,渌石段,湖南醴陵市渌石段,村镇,1911,1911,,,,hvd_129293,27.689386,113.612144
7081,CN430281,CN430281,现头洲,湖南醴陵市梘头洲,村镇,1911,1911,,,,hvd_129294,27.67631,113.62901
7082,CN430281,CN430281,荆潭,湖南醴陵市荆潭,村镇,1911,1911,,,,hvd_129295,27.693123,113.55203
7083,CN430281,CN430281,袁牌铺,湖南醴陵市袁牌铺,村镇,1911,1911,,,,hvd_129297,27.692188,113.489815
7084,CN430281,CN430281,醴陵县,湖南醴陵市,县,1911,1911,,,,hvd_121192,27.66852,113.4941
7085,CN430281,CN430281,青泥湾,湖南醴陵市青泥湾,村镇,1911,1911,,,,hvd_129309,27.648289,113.31898
7086,CN430281,CN430281,马家垅,湖南醴陵市马家垅,村镇,1911,1911,,,,hvd_129307,27.525,113.21246
7087,CN4303,CN4303,湘潭县,湖南湘潭市,县,1127,1294,迁移治所,更名,,hvd_41736,27.872698,112.91126
7088,CN4303,CN4303,湘潭州,湖南湘潭市,州,1295,1369,更名,更名,,hvd_41737,27.872698,112.91126
7089,CN4303,CN4303,湘潭县,湖南省湘潭市,县,1370,1911,更名,数据下限,,hvd_41738,27.872698,112.91126
7090,CN4303,CN4303,湘潭县,湖南湘潭市,县,1820,1820,,,,hvd_717,27.8727,112.91126
7091,CN4303,CN4303,湘潭县,湖南湘潭市,县,1911,1911,,,,hvd_121193,27.8727,112.91126
7092,CN4304,CN4304,湘东郡,湖南衡阳市,郡,395,588,治所迁移,更名,,hvd_32862,26.901617,112.59704
7093,CN4304,CN4304,衡州,湖南衡阳市,州,589,606,更名,更名,,hvd_32863,26.901617,112.59704
7094,CN4304,CN4304,衡阳县,湖南衡阳市区,县,589,620,更名,更名,,hvd_41854,26.901617,112.59704
7095,CN4304,CN4304,衡山郡,湖南衡阳市,郡,607,620,更名,更名,,hvd_32864,26.901617,112.59704
7096,CN4304,CN4304,临蒸县,湖南衡阳市,县,621,731,更名,更名,,hvd_41855,26.901617,112.59704
7097,CN4304,CN4304,衡州,湖南衡阳市,州,621,741,更名,更名,,hvd_110990,26.901617,112.59704
7098,CN4304,CN4304,衡阳县,湖南衡阳市,县,732,1911,更名,数据下限,,hvd_41856,26.901617,112.59704
7099,CN4304,CN4304,衡阳郡,湖南衡阳市,郡,742,756,,,,hvd_111236,26.90162,112.59704
7100,CN4304,CN4304,衡阳郡,湖南衡阳市,郡,742,757,更名,更名,,hvd_32866,26.901617,112.59704
7101,CN4304,CN4304,衡州,湖南衡阳市,州,758,1276,更名,更名,,hvd_32867,26.901617,112.59704
7102,CN4304,CN4304,衡州府,湖南衡阳市,府,1364,1911,更名,数据下限,,hvd_32765,26.901617,112.59704
7103,CN4304,CN4304,清泉县,湖南省衡阳市,县,1756,1911,新建,数据下限,,hvd_41859,26.901617,112.59704
7104,CN4304,CN4304,清泉县,湖南省衡阳市,县,1820,1820,,,,hvd_731,26.90162,112.59704
7105,CN4304,CN4304,衡州府,湖南衡阳市,府,1820,1820,,,,hvd_9627,26.90162,112.59704
7106,CN4304,CN4304,衡阳县,湖南衡阳市区,县,1820,1820,,,,hvd_733,26.90162,112.59704
7107,CN4304,CN4304,清泉县,湖南省衡阳市,县,1911,1911,,,,hvd_121200,26.90162,112.59704
7108,CN4304,CN4304,衡州府,湖南衡阳市,府,1911,1911,,,,hvd_120181,26.90162,112.59704
7109,CN4304,CN4304,衡阳县,湖南衡阳市区,县,1911,1911,,,,hvd_121206,26.90162,112.59704
7110,CN430423,CN430423,衡阳县,湖南衡山县南,县,257,290,新建,更名,,hvd_41852,27.14665,112.82908
7111,CN430423,CN430423,衡山县,湖南衡山县南,县,291,588,更名,迁移治所,,hvd_41853,27.14665,112.82908
7112,CN430423,CN430423,雷家市镇,湖南衡山县南雷溪,村镇,1820,1820,,,,hvd_18830,27.17819,112.86397
7113,CN430423,CN430423,雷溪市,湖南衡东县雷家市,村镇,1911,1911,,,,hvd_129548,27.1682,112.871185
7114,CN430423,CN430423,马迹桥,湖南衡东县马迹,村镇,1911,1911,,,,hvd_131692,27.263245,112.561806
7115,CN430481,CN430481,耒阳县,湖南耒阳市,县,-221,13,新建,更名,,hvd_41848,26.41507,112.846886
7116,CN430481,CN430481,南平亭,湖南耒阳市,县,14,22,更名,更名,,hvd_41849,26.41507,112.846886
7117,CN430481,CN430481,耒阳县,湖南耒阳市,县,23,501,更名,更名和治所迁移,,hvd_41850,26.41507,112.846886
7118,CN430481,CN430481,桂阳郡,湖南耒阳市,郡,28,57,治所迁移,治所迁移,,hvd_32835,26.41507,112.846886
7119,CN430481,CN430481,洡阳县,湖南耒阳县东北大陂市,县,502,588,更名和治所迁移,更名,,hvd_41851,26.50912,112.940796
7120,CN430481,CN430481,新城县,湖南耒阳市新市镇,县,575,588,新建,撤销,,hvd_41857,26.609083,112.922714
7121,CN430481,CN430481,洡阴县,湖南耒阳市东北大市乡大陂市,县,589,620,更名,更名和治所迁移,,hvd_41863,26.50912,112.940796
7122,CN430481,CN430481,新城县,湖南耒阳市新市镇,县,621,623,新建,撤销,,hvd_42125,26.609083,112.922714
7123,CN430481,CN430481,耒阳县,湖南耒阳市,县,621,1281,更名和治所迁移,撤销,,hvd_41864,26.41507,112.846886
7124,CN430481,CN430481,耒阳州,湖南耒阳市,州,1282,1369,新建,撤销,,hvd_32806,26.41507,112.846886
7125,CN430481,CN430481,新城县,湖南耒阳市新市镇,县,1336,1376,新建,撤销,,hvd_41858,26.609083,112.922714
7126,CN430481,CN430481,耒阳县,湖南耒阳市,县,1370,1911,新建,数据下限,,hvd_41865,26.41507,112.846886
7127,CN430481,CN430481,上堡市,湖南常宁县东南上堡街,村镇,1820,1820,,,,hvd_18884,26.21527,112.96282
7128,CN430481,CN430481,大陂市,湖南砂阳县东北陂市,村镇,1820,1820,,,,hvd_18898,26.497559,112.89188
7129,CN430481,CN430481,新城,湖南衡阳县东南新城,村镇,1820,1820,,,,hvd_18909,26.609083,112.922714
7130,CN430481,CN430481,灶头市,湖南耒阳县西南灶市,村镇,1820,1820,,,,hvd_18902,26.406189,112.80898
7131,CN430481,CN430481,竹塔市,湖南耒阳县东竹塔市,村镇,1820,1820,,,,hvd_18914,26.42694,112.926125
7132,CN430481,CN430481,耒阳县,湖南耒阳市,县,1820,1820,,,,hvd_734,26.41507,112.84689
7133,CN430481,CN430481,肥田市,湖南耒阳县北,村镇,1820,1820,,,,hvd_18910,26.598377,112.81492
7134,CN430481,CN430481,城上铺,湖南耒阳市城上铺,村镇,1911,1911,,,,hvd_131699,26.339495,112.66102
7135,CN430481,CN430481,小塘铺,湖南耒阳市小塘铺,村镇,1911,1911,,,,hvd_129569,26.475765,113.20232
7136,CN430481,CN430481,春江铺,湖南耒阳市春江铺,村镇,1911,1911,,,,hvd_129562,26.590014,112.76889
7137,CN430481,CN430481,浔江,湖南耒阳市浔江,村镇,1911,1911,,,,hvd_131697,26.528793,113.04455
7138,CN430481,CN430481,灶头市,湖南耒阳市灶市镇,村镇,1911,1911,,,,hvd_129560,26.406189,112.80898
7139,CN430481,CN430481,石塘铺,湖南耒阳市石塘铺,村镇,1911,1911,,,,hvd_129563,26.520716,112.79104
7140,CN430481,CN430481,耒阳县,湖南耒阳市,县,1911,1911,,,,hvd_121203,26.41507,112.84689
7141,CN430481,CN430481,肥江市铺,湖南耒阳市肥江口,村镇,1911,1911,,,,hvd_129566,26.335299,112.95766
7142,CN430481,CN430481,肥田市,湖南耒阳市肥田,村镇,1911,1911,,,,hvd_129561,26.598377,112.81492
7143,CN430481,CN430481,通水铺,湖南耒阳市通水铺,村镇,1911,1911,,,,hvd_129568,26.459846,113.030426
7144,CN430481,CN430481,龙塘铺,湖南耒阳市龙塘铺,村镇,1911,1911,,,,hvd_129567,26.434563,112.989296
7145,CN4306,CN4306,巴陵县,湖南岳阳市区,县,222,1375,新建,撤销,,hvd_42100,29.37126,113.09766
7146,CN4306,CN4306,巴陵郡,湖南岳阳市,郡,439,588,新建,更名,,hvd_32919,29.37126,113.09766
7147,CN4306,CN4306,巴州,湖南岳州市,州,552,588,新建,撤销,,hvd_30271,29.37126,113.09766
7148,CN4306,CN4306,巴州,湖南岳州市,州,552,606,,,,hvd_113572,29.37126,113.09766
7149,CN4306,CN4306,岳州,湖南岳阳市,州,589,604,更名,更名,,hvd_110022,29.37126,113.09766
7150,CN4306,CN4306,罗州,湖南岳阳市,州,605,606,更名,更名,,hvd_32921,29.37126,113.09766
7151,CN4306,CN4306,巴州,湖南岳州市,州,607,1643,,,,hvd_115029,29.37126,113.09766
7152,CN4306,CN4306,巴陵郡,湖南岳阳市,郡,607,620,更名,更名,,hvd_32922,29.37126,113.09766
7153,CN4306,CN4306,巴州,湖南岳阳市,州,621,622,更名,更名,,hvd_32923,29.37126,113.09766
7154,CN4306,CN4306,岳州,湖南岳阳市,州,623,741,更名,更名,,hvd_32924,29.37126,113.09766
7155,CN4306,CN4306,巴陵郡,湖南岳阳市,郡,742,757,更名,更名,,hvd_32925,29.37126,113.09766
7156,CN4306,CN4306,岳州,湖南岳阳市,州,758,759,,,,hvd_111386,29.37126,113.09766
7157,CN4306,CN4306,岳州,湖南岳阳市,州,758,1154,更名,更名,,hvd_32926,29.37126,113.09766
7158,CN4306,CN4306,纯州,湖南岳阳市,州,1155,1160,更名,更名,,hvd_32927,29.37126,113.09766
7159,CN4306,CN4306,岳州,湖南岳阳市,州,1161,1275,更名,更名,,hvd_32928,29.37126,113.09766
7160,CN4306,CN4306,岳州府,湖南岳阳市,府,1364,1375,更名,更名,,hvd_32755,29.37126,113.09766
7161,CN4306,CN4306,岳州,湖南岳阳市,州,1376,1380,更名,更名,,hvd_32756,29.37126,113.09766
7162,CN4306,CN4306,岳州府,湖南岳阳市,府,1381,1911,更名,数据下限,,hvd_32757,29.37126,113.09766
7163,CN4306,CN4306,巴陵县,湖南省岳阳市区,县,1381,1911,新建,数据下限,,hvd_42101,29.37126,113.09766
7164,CN4306,CN4306,岳州府,湖南岳阳市,府,1820,1820,,,,hvd_9617,29.37126,113.09766
7165,CN4306,CN4306,巴陵县,湖南岳阳市区,县,1820,1820,,,,hvd_694,29.37126,113.09766
7166,CN4306,CN4306,岳州府,湖南岳阳市,府,1911,1911,,,,hvd_120190,29.37126,113.09766
7167,CN4306,CN4306,巴陵县,湖南岳阳市区,县,1911,1911,,,,hvd_121274,29.37126,113.09766
7168,CN430624,CN430624,湘阴县,湖南湘阴县北,县,474,588,新建,撤销,,hvd_41748,28.751661,112.86033
7169,CN430624,CN430624,湘阴县,湖南湘阴县西南,县,590,952,更名和迁移治所,治所迁移,,hvd_41749,28.607681,112.849655
7170,CN430624,CN430624,湘阴县,湖南湘阴县文星镇南静河乡南部,县,1131,1134,治所迁移,治所迁移,,hvd_41751,28.607681,112.849655
7171,CN430624,CN430624,湘阴州,湖南湘阴,州,1295,1367,更名,更名,,hvd_41753,28.67621,112.880295
7172,CN430624,CN430624,林子口,湖南湘阴县西临资口,村镇,1820,1820,,,,hvd_18750,28.701607,112.741394
7173,CN430624,CN430624,临泚口市,湖南湘阴县临资口,村镇,1911,1911,,,,hvd_129243,28.701607,112.741394
7174,CN430624,CN430624,关公潭,湖南湘阴县关公潭,村镇,1911,1911,,,,hvd_129242,28.670307,112.67728
7175,CN430624,CN430624,杨梅铺,湖南湘阴县杨梅铺,村镇,1911,1911,,,,hvd_129222,28.760357,112.996315
7176,CN430624,CN430624,涝溪桥,湖南湘阴县涝溪桥,村镇,1911,1911,,,,hvd_129238,28.639769,112.935646
7177,CN430624,CN430624,湾河口塘,湖南湘阴县湾河口,村镇,1911,1911,,,,hvd_129219,28.60629,112.82839
7178,CN430624,CN430624,白马市,湖南湘阴县白马镇,村镇,1911,1911,,,,hvd_129241,28.71716,112.66394
7179,CN430624,CN430624,白鱼圻塘,湖南汨罗市白鱼岐,村镇,1911,1911,,,,hvd_129233,28.904722,112.88028
7180,CN430624,CN430624,禄塘铺,湖南湘阴县绿塘铺,村镇,1911,1911,,,,hvd_129237,28.7238,112.93407
7181,CN430624,CN430624,芦林潭塘,湖南湘阴县芦林潭,村镇,1911,1911,,,,hvd_129234,28.781956,112.83599
7182,CN430624,CN430624,营田市,湖南湘阴县营田,村镇,1911,1911,,,,hvd_129235,28.836416,112.90559
7183,CN430624,CN430624,长仑铺,湖南湘阴县长伦铺,村镇,1911,1911,,,,hvd_129220,28.68305,112.903824
7184,CN430682,CN430682,戚家湾市,湖南临湘县西南七家湾,村镇,1820,1820,,,,hvd_18694,29.32108,113.416756
7185,CN430682,CN430682,新店,湖北蒲圻市西南新店,村镇,1820,1820,,,,hvd_18616,29.652893,113.678566
7186,CN430682,CN430682,桃林,湖南临湘县西南桃林,村镇,1820,1820,,,,hvd_18693,29.372383,113.382774
7187,CN430682,CN430682,沅潭市,湖南临湘县北沅潭,村镇,1820,1820,,,,hvd_18688,29.641392,113.507706
7188,CN430682,CN430682,聂家市,湖南临湘县北聂市,村镇,1820,1820,,,,hvd_18697,29.563108,113.481064
7189,CN430682,CN430682,长安,湖南临湘县南西长安,村镇,1820,1820,,,,hvd_18686,29.47325,113.449135
7190,CN430682,CN430682,鸭栏矶镇,湖南临湘县西北鸭栏,村镇,1820,1820,,,,hvd_18696,29.652214,113.341225
7191,CN430682,CN430682,官庄,湖南临湘县官庄畈,村镇,1911,1911,,,,hvd_131066,29.545538,113.66384
7192,CN430682,CN430682,新店镇,湖北蒲圻市新店镇,村镇,1911,1911,,,,hvd_127593,29.652893,113.678566
7193,CN430682,CN430682,板桥,湖南临湘县板桥,村镇,1911,1911,,,,hvd_131067,29.40357,113.4775
7194,CN430682,CN430682,沙坪,湖南临湘县沙坪,村镇,1911,1911,,,,hvd_131068,29.324005,113.4999
7195,CN430682,CN430682,石壁桥,湖南临湘县石壁铺,村镇,1911,1911,,,,hvd_131065,29.550999,113.58501
7196,CN430682,CN430682,邱家村,湖北蒲圻市赵李桥镇,村镇,1911,1911,,,,hvd_127595,29.56469,113.71457
7197,CN4307,CN4307,武陵郡,湖南省常德市区,郡,24,0,,,,hvd_112719,29.03481,111.6913
7198,CN4307,CN4307,武陵郡,湖南省常德市区,郡,47,588,治所迁移,更名,,hvd_32875,29.034807,111.6913
7199,CN4307,CN4307,武州,湖南常德市,州,511,574,,,,hvd_113574,29.03481,111.6913
7200,CN4307,CN4307,武州,湖南常德市,州,550,574,新建,更名,,hvd_30269,29.034807,111.6913
7201,CN4307,CN4307,武州,湖南常德市,州,560,588,,,,hvd_113576,29.03481,111.6913
7202,CN4307,CN4307,沅州,湖南常德市,州,575,588,更名,撤销,,hvd_30270,29.034807,111.6913
7203,CN4307,CN4307,沅州,湖南常德市,州,575,559,,,,hvd_113575,29.03481,111.6913
7204,CN4307,CN4307,武陵县,湖南常德市,县,589,1911,更名,数据下限,,hvd_41918,29.034807,111.6913
7205,CN4307,CN4307,朗州,湖南省常德市区,州,596,606,,,,hvd_110116,29.03481,111.6913
7206,CN4307,CN4307,朗州,湖南省常德市区,州,598,606,更名,更名,,hvd_32876,29.034807,111.6913
7207,CN4307,CN4307,武陵郡,湖南省常德市区,郡,607,620,更名,更名,,hvd_32877,29.034807,111.6913
7208,CN4307,CN4307,朗州,湖南省常德市区,州,621,741,更名,更名,,hvd_32878,29.034807,111.6913
7209,CN4307,CN4307,武陵郡,湖南省常德市区,郡,742,757,更名,更名,,hvd_32879,29.034807,111.6913
7210,CN4307,CN4307,武陵郡,湖南省常德市区,郡,742,756,,,,hvd_111234,29.03481,111.6913
7211,CN4307,CN4307,朗州,湖南省常德市区,州,758,1011,更名,更名,,hvd_32880,29.034807,111.6913
7212,CN4307,CN4307,鼎州,湖南省常德市区,州,1012,1164,更名,更名,,hvd_32881,29.034807,111.6913
7213,CN4307,CN4307,常德府,湖南省常德市区,府,1165,1276,更名,更名,,hvd_32882,29.034807,111.6913
7214,CN4307,CN4307,常德府,湖南省常德市区,府,1364,1911,更名,数据下限,,hvd_32759,29.034807,111.6913
7215,CN4307,CN4307,常德府,湖南常德市,府,1820,1820,,,,hvd_9616,29.034807,111.6913
7216,CN4307,CN4307,武陵县,湖南常德市,县,1820,1820,,,,hvd_690,29.034807,111.6913
7217,CN4307,CN4307,常德府,湖南省常德市区,府,1911,1911,,,,hvd_120191,29.03481,111.6913
7218,CN4307,CN4307,武陵县,湖南常德市,县,1911,1911,,,,hvd_121278,29.03481,111.6913
7219,CN430723,CN430723,松州,湖南澧县澧阳镇东南道水入澧水处西南,州,589,589,新建,更名,,hvd_32943,29.62132,111.824486
7220,CN430723,CN430723,澧州,湖南澧县澧阳镇东南道水入澧水处西南,州,589,606,,,,hvd_110119,29.62132,111.82449
7221,CN430723,CN430723,澧阳县,湖南澧县澧阳镇东南道水入澧水处西南,县,589,778,新建,治所迁移,,hvd_41926,29.62132,111.824486
7222,CN430723,CN430723,澧州,湖南澧县澧阳镇东南道水入澧水处西南,州,590,606,更名,更名,,hvd_32944,29.62132,111.824486
7223,CN430723,CN430723,澧阳郡,湖南澧县澧阳镇东南道水入澧水处西南,郡,607,620,更名,更名,,hvd_32945,29.62132,111.824486
7224,CN430723,CN430723,澧州,湖南澧县澧阳镇东南道水入澧水处西南,州,621,741,更名,更名,,hvd_32946,29.62132,111.824486
7225,CN430723,CN430723,澧阳郡,湖南澧县澧阳镇东南道水入澧水处西南,郡,742,756,,,,hvd_111237,29.62132,111.82449
7226,CN430723,CN430723,澧阳郡,湖南澧县澧阳镇东南道水入澧水处西南,郡,742,757,更名,更名,,hvd_32947,29.62132,111.824486
7227,CN430723,CN430723,澧州,湖南澧县澧阳镇东南道水入澧水处西南,州,758,778,更名,治所迁移,,hvd_32948,29.62132,111.824486
7228,CN430723,CN430723,澧州,湖南澧县澧阳镇,州,779,1129,治所迁移,治所迁移,,hvd_32949,29.640152,111.75699
7229,CN430723,CN430723,澧阳县,湖南澧县澧阳镇,县,779,1129,治所迁移,治所迁移,,hvd_41927,29.640152,111.75699
7230,CN430723,CN430723,武贞军节度使,湖南省常德市澧县,防镇,898,930,,,,hvd_111722,29.62132,111.82449
7231,CN430723,CN430723,澧州,湖南澧县西北陶家市山寨,州,1130,1130,治所迁移,治所迁移,,hvd_32950,29.853455,111.62572
7232,CN430723,CN430723,澧阳县,湖南澧县西北陶家市山寨,县,1130,1130,治所迁移,治所迁移,,hvd_41928,29.853455,111.62572
7233,CN430723,CN430723,澧州,湖南澧县澧阳镇,州,1131,1276,治所迁移,更名,,hvd_32951,29.640152,111.75699
7234,CN430723,CN430723,澧阳县,湖南澧县澧阳镇,县,1131,1355,治所迁移,治所迁移,,hvd_41929,29.640152,111.75699
7235,CN430723,CN430723,澧州,湖南澧县,州,1376,1728,新建,撤销,,hvd_42114,29.640152,111.75699
7236,CN430723,CN430723,澧州,湖南澧县澧阳镇,直隶州,1729,1911,新建,数据下限,,hvd_32763,29.640152,111.75699
7237,CN430723,CN430723,汇口镇,湖南安乡县西北汇口,村镇,1820,1820,,,,hvd_18681,29.464571,112.04585
7238,CN430723,CN430723,涔河市,湖南澧县北涔河,村镇,1820,1820,,,,hvd_18670,29.770796,111.7221
7239,CN430723,CN430723,澧州,湖南澧县,直隶州,1820,1820,,,,hvd_9615,29.640152,111.75699
7240,CN430723,CN430723,顺林,湖南澧县东北顺林,村镇,1820,1820,,,,hvd_18678,29.773247,111.883705
7241,CN430723,CN430723,彭家厂塘,湖南灃县彭家厂,村镇,1911,1911,,,,hvd_131555,29.802353,111.74473
7242,CN430723,CN430723,易家厂塘,湖南灃县宜万,村镇,1911,1911,,,,hvd_131553,29.857529,111.686844
7243,CN430723,CN430723,杉木铺,湖南灃县杉林铺,村镇,1911,1911,,,,hvd_131558,29.802212,111.90164
7244,CN430723,CN430723,江西桥,湖南临灃县江西桥,村镇,1911,1911,,,,hvd_131554,29.790445,111.61412
7245,CN430723,CN430723,涔河塘,湖南灃县涔河,村镇,1911,1911,,,,hvd_131556,29.76469,111.783875
7246,CN430723,CN430723,澧州,湖南澧县澧阳镇,直隶州,1911,1911,,,,hvd_120132,29.64015,111.75699
7247,CN430723,CN430723,界溪桥市,湖北公安县界溪桥,村镇,1911,1911,,,,hvd_129173,29.851208,111.91506
7248,CN430723,CN430723,界溪河,湖南灃县界溪河,村镇,1911,1911,,,,hvd_131552,29.885754,111.635414
7249,CN430723,CN430723,石马堰,湖南灃县王家厂水库内,村镇,1911,1911,,,,hvd_131551,29.82072,111.51013
7250,CN430723,CN430723,顺林,湖南灃县顺林驿,村镇,1911,1911,,,,hvd_131557,29.774479,111.89099
7251,CN431,CN431,郴县,湖南郴州市,县,-221,13,新建,更名,,hvd_41680,25.80272,113.02514
7252,CN431,CN431,桂阳郡,湖南郴州市区,郡,-202,13,新建,更名,,hvd_32832,25.80272,113.02514
7253,CN431,CN431,桂阳郡,湖南郴州市区,郡,-157,-111,,,,hvd_112720,25.80272,113.02514
7254,CN431,CN431,桂阳郡,湖南郴州市区,郡,-111,8,,,,hvd_112721,25.80272,113.02514
7255,CN431,CN431,南平郡,湖南郴州市区,郡,9,23,,,,hvd_112722,25.80272,113.02514
7256,CN431,CN431,南平郡,湖南郴州市区,郡,14,22,更名,更名,,hvd_32833,25.80272,113.02514
7257,CN431,CN431,宣风县,湖南郴州市,县,14,22,更名,更名,,hvd_41681,25.80272,113.02514
7258,CN431,CN431,桂阳郡,湖南郴州市区,郡,23,27,更名,治所迁移,,hvd_32834,25.80272,113.02514
7259,CN431,CN431,郴县,湖南郴州市,县,23,935,更名,更名,,hvd_41682,25.80272,113.02514
7260,CN431,CN431,桂阳郡,湖南郴州市区,郡,24,0,,,,hvd_112723,25.80272,113.02514
7261,CN431,CN431,桂阳郡,湖南郴州市区,郡,58,588,治所迁移,更名,,hvd_32836,25.80272,113.02514
7262,CN431,CN431,郴州,湖南郴州市区,州,589,606,更名,更名,,hvd_110117,25.80272,113.02514
7263,CN431,CN431,桂阳郡,湖南郴州市区,郡,607,620,更名,更名,,hvd_32838,25.80272,113.02514
7264,CN431,CN431,郴州,湖南郴州市区,州,621,741,更名,更名,,hvd_32839,25.80272,113.02514
7265,CN431,CN431,桂阳郡,湖南郴州市区,郡,742,757,更名,更名,,hvd_32840,25.80272,113.02514
7266,CN431,CN431,桂阳郡,湖南郴州市区,郡,742,756,,,,hvd_111235,25.80272,113.02514
7267,CN431,CN431,郴州,湖南郴州市区,州,758,935,更名,更名,,hvd_32841,25.80272,113.02514
7268,CN431,CN431,敦化县,湖南郴州市,县,936,947,更名,更名,,hvd_41683,25.80272,113.02514
7269,CN431,CN431,敦州,湖南郴州市区,州,936,947,更名,更名,,hvd_32842,25.80272,113.02514
7270,CN431,CN431,郴县,湖南郴州市,县,948,1275,更名,更名,,hvd_41684,25.80272,113.02514
7271,CN431,CN431,郴州,湖南郴州市区,州,948,1276,更名,更名,,hvd_32843,25.80272,113.02514
7272,CN431,CN431,郴阳县,湖南郴州市,县,1276,1375,更名,撤销,,hvd_41685,25.80272,113.02514
7273,CN431,CN431,郴州府,湖南郴州市区,府,1368,1375,更名,更名,,hvd_32767,25.80272,113.02514
7274,CN431,CN431,郴州,湖南郴州市区,直隶州,1376,1911,更名,数据下限,,hvd_32768,25.80272,113.02514
7275,CN431,CN431,郴州,湖南郴州市区,直隶州,1820,1820,,,,hvd_9629,25.80272,113.02514
7276,CN431,CN431,郴州,湖南郴州市区,直隶州,1911,1911,,,,hvd_120130,25.80272,113.02514
7277,CN431102,CN431102,泉陵侯国,湖南永州市南芝山区,侯国,-124,8,新建,更名,,hvd_41956,26.210339,111.612564
7278,CN431102,CN431102,溥闰县,湖南永州市南芝山区,县,9,22,更名,更名,,hvd_41957,26.210339,111.612564
7279,CN431102,CN431102,泉陵县,湖南永州市南芝山区,县,23,588,更名,更名,,hvd_41958,26.210339,111.612564
7280,CN431102,CN431102,零陵郡,湖南永州市芝山区,郡,23,588,更名和治所迁移,更名,,hvd_32886,26.210339,111.612564
7281,CN431102,CN431102,零陵郡,湖南永州市芝山区,郡,24,0,,,,hvd_112726,26.21034,111.61256
7282,CN431102,CN431102,永州,湖南永州市芝山区,州,589,606,更名,更名,,hvd_32887,26.210339,111.612564
7283,CN431102,CN431102,零陵县,湖南永州市南芝山区,县,589,1911,更名,数据下限,,hvd_41959,26.210339,111.612564
7284,CN431102,CN431102,零陵郡,湖南永州市芝山区,郡,607,620,更名,更名,,hvd_32888,26.210339,111.612564
7285,CN431102,CN431102,永州,湖南永州市芝山区,州,621,741,更名,更名,,hvd_110996,26.210339,111.612564
7286,CN431102,CN431102,零陵郡,湖南永州市芝山区,郡,742,756,,,,hvd_111239,26.21034,111.61256
7287,CN431102,CN431102,零陵郡,湖南永州市芝山区,郡,742,757,更名,更名,,hvd_32890,26.210339,111.612564
7288,CN431102,CN431102,永州,湖南永州市芝山区,州,758,1276,更名,更名,,hvd_32891,26.210339,111.612564
7289,CN431102,CN431102,永州府,湖南永州市芝山区,府,1368,1911,更名,数据下限,,hvd_32772,26.210339,111.612564
7290,CN431102,CN431102,永州府,湖南永州市芝山区,府,1820,1820,,,,hvd_9626,26.21034,111.61256
7291,CN431102,CN431102,菱角塘,湖南零陵县东南菱角塘,村镇,1820,1820,,,,hvd_18874,26.175337,111.70999
7292,CN431102,CN431102,零陵县,湖南永州市南芝山区,县,1820,1820,,,,hvd_730,26.21034,111.61256
7293,CN431102,CN431102,东乡桥,湖南永州市东湘桥,村镇,1911,1911,,,,hvd_129601,26.144325,111.37266
7294,CN431102,CN431102,双牌铺,湖南永州市双牌铺,村镇,1911,1911,,,,hvd_129605,26.18788,111.422226
7295,CN431102,CN431102,接履桥市,湖南永州市接里桥,村镇,1911,1911,,,,hvd_129599,26.2977,111.66913
7296,CN431102,CN431102,永州府,湖南永州市芝山区,府,1911,1911,,,,hvd_120117,26.21034,111.61256
7297,CN431102,CN431102,袁十万村,湖南永州市袁十万,村镇,1911,1911,,,,hvd_129608,26.075682,111.66372
7298,CN431102,CN431102,零陵县,湖南永州市南芝山区,县,1911,1911,,,,hvd_121207,26.21034,111.61256
7299,CN431124,CN431124,营浦县,湖南道县道江镇东东门乡,县,-202,588,新建,撤销,,hvd_41980,25.537296,111.62051
7300,CN431124,CN431124,营阳郡,湖南道县道江镇东东门乡,郡,265,274,新建,更名,,hvd_32892,25.537296,111.62051
7301,CN431124,CN431124,营阳郡,湖南道县道江镇东东门乡,郡,345,514,新建,更名,,hvd_33537,25.537296,111.62051
7302,CN431124,CN431124,永阳县,湖南道县道江镇西北,县,515,620,新建,治所迁移,,hvd_41981,25.562845,111.58136
7303,CN431124,CN431124,永阳郡,湖南道县道江镇东东门乡,郡,515,588,更名,更名和治所迁移,,hvd_32893,25.537296,111.62051
7304,CN431124,CN431124,永阳郡,湖南省永州市道县,郡,555,582,,,,hvd_105193,25.56285,111.58136
7305,CN431124,CN431124,应州,湖南省永州市道县,州,583,597,,,,hvd_105195,25.56285,111.58136
7306,CN431124,CN431124,营州,湖南道县道江镇西,州,621,621,新建,更名,,hvd_32894,25.572535,111.37109
7307,CN431124,CN431124,营道县,湖南道县道江镇西,县,621,742,治所迁移,更名和治所迁移,,hvd_41997,25.572535,111.37109
7308,CN431124,CN431124,南营州,湖南道县道江镇西,州,622,633,更名,更名,,hvd_32895,25.572535,111.37109
7309,CN431124,CN431124,道州,湖南道县道江镇,州,627,627,,,,hvd_115148,25.53136,111.59088
7310,CN431124,CN431124,道州,湖南道县道江镇西,州,634,642,更名,撤销,,hvd_32896,25.572535,111.37109
7311,CN431124,CN431124,道州,湖南道县道江镇西,州,675,741,新建,更名和治所迁移,,hvd_32897,25.572535,111.37109
7312,CN431124,CN431124,弘道县,湖南道县道江镇,县,742,961,更名和治所迁移,更名,,hvd_41998,25.531357,111.59088
7313,CN431124,CN431124,江华郡,湖南道县道江镇,郡,742,757,更名和治所,更名,,hvd_32898,25.531357,111.59088
7314,CN431124,CN431124,江华郡,湖南道县道江镇,郡,742,756,,,,hvd_111233,25.53136,111.59088
7315,CN431124,CN431124,道州,湖南道县道江镇,州,758,1276,更名,更名,,hvd_32899,25.531357,111.59088
7316,CN431124,CN431124,营道县,湖南道县道江镇,县,962,1375,更名,更名,,hvd_41999,25.531357,111.59088
7317,CN431124,CN431124,道州府,湖南道县道江镇,府,1368,1375,更名,撤销,,hvd_32770,25.531357,111.59088
7318,CN431124,CN431124,道州,湖南道县,州,1376,1911,更名,数据下限,,hvd_41988,25.531357,111.59088
7319,CN431124,CN431124,午田,湖南江永县东午田,村镇,1820,1820,,,,hvd_18928,25.419382,111.49834
7320,CN431124,CN431124,蒋家,湖南道县西,村镇,1820,1820,,,,hvd_18932,25.50328,111.44418
7321,CN431124,CN431124,道州,湖南道县道江镇,州,1820,1820,,,,hvd_742,25.53136,111.59088
7322,CN431124,CN431124,高明铺,湖南道县西北高明铺,村镇,1820,1820,,,,hvd_18925,25.603785,111.43933
7323,CN431124,CN431124,午田,湖南道县午田,村镇,1911,1911,,,,hvd_129662,25.437319,111.50674
7324,CN431124,CN431124,南竹坪,湖南道县南竹道,村镇,1911,1911,,,,hvd_131712,25.22004,111.76572
7325,CN431124,CN431124,周塘营,湖南道县周塘营,村镇,1911,1911,,,,hvd_129654,25.414286,111.829414
7326,CN431124,CN431124,岑江渡,湖南道县岑江渡,村镇,1911,1911,,,,hvd_129655,25.436682,111.584076
7327,CN431124,CN431124,广文铺,湖南道县广文铺,村镇,1911,1911,,,,hvd_129653,25.515278,111.76252
7328,CN431124,CN431124,横岭,湖南道县横岭,村镇,1911,1911,,,,hvd_131711,25.334576,111.74299
7329,CN431124,CN431124,沙田,湖南道县沙田,村镇,1911,1911,,,,hvd_129658,25.695118,111.33949
7330,CN431124,CN431124,洞尾村,湖南道县邓尾村,村镇,1911,1911,,,,hvd_129657,25.62336,111.394585
7331,CN431124,CN431124,滴水营,湖南道县滴水营,村镇,1911,1911,,,,hvd_129659,25.341326,111.83296
7332,CN431124,CN431124,社湾村,湖南道县社弯,村镇,1911,1911,,,,hvd_131710,25.643538,111.584724
7333,CN431124,CN431124,赤源铺,湖南道县齿园,村镇,1911,1911,,,,hvd_129649,25.6145,111.61889
7334,CN431124,CN431124,道州,湖南道县道江镇,州,1911,1911,,,,hvd_121210,25.53136,111.59088
7335,CN431124,CN431124,青口,湖南道县青口,村镇,1911,1911,,,,hvd_129651,25.602097,111.70546
7336,CN431124,CN431124,馒头铺,湖南道县慢头寨,村镇,1911,1911,,,,hvd_129656,25.510849,111.53429
7337,CN431226,CN431226,麻阳县,湖南麻阳县西南锦和镇东,县,620,1072,新建,治所迁移,,hvd_42079,27.70653,109.64114
7338,CN431226,CN431226,蔚州,湖南省怀化市麻阳苗族自治县,州,623,623,,,,hvd_110467,27.71713,109.59695
7339,CN431226,CN431226,卢阳县,湖南麻阳苗族自治县郭公坪乡杜壤,县,686,703,新建,治所迁移,,hvd_42089,27.71725,109.45904
7340,CN431226,CN431226,招谕县,湖南麻阳县东北栗坪乡招谕,县,686,906,新建,撤销,,hvd_42083,27.917885,109.85477
7341,CN431226,CN431226,锦州,湖南麻阳苗族自治县西郭公坪乡杜壤,州,686,703,新建,治所迁移,,hvd_32931,27.71725,109.45904
7342,CN431226,CN431226,锦州,湖南省怀化市麻阳苗族自治县,州,686,741,,,,hvd_110992,27.71713,109.59695
7343,CN431226,CN431226,龙门县,湖南麻阳县境,县,688,689,新建,撤销,,hvd_42136,27.730925,109.70017
7344,CN431226,CN431226,卢阳县,湖南麻阳苗族自治县西锦和西四里处,县,704,906,治所迁移,撤销,,hvd_42090,27.714188,109.57986
7345,CN431226,CN431226,锦州,湖南麻阳苗族自治县西锦和西四里处,州,704,741,治所迁移,更名,,hvd_32932,27.714188,109.57986
7346,CN431226,CN431226,卢阳郡,湖南省怀化市麻阳苗族自治县,郡,741,757,,,,hvd_111295,27.71713,109.59695
7347,CN431226,CN431226,卢阳郡,湖南麻阳苗族自治县西锦和西四里处,郡,742,757,更名,更名,,hvd_32933,27.714188,109.57986
7348,CN431226,CN431226,锦州,湖南麻阳苗族自治县西锦和西四里处,州,758,906,更名,撤销,,hvd_32934,27.714188,109.57986
7349,CN431226,CN431226,锦州,湖南省怀化市麻阳苗族自治县,州,758,768,,,,hvd_111446,27.71713,109.59695
7350,CN431226,CN431226,锦州都团练观察使,湖南省怀化市麻阳苗族自治县,防镇,769,776,,,,hvd_111467,27.71713,109.59695
7351,CN431226,CN431226,招谕县,湖南麻阳县东北栗坪乡招谕,县,982,1074,新建,撤销,,hvd_42084,27.917885,109.85477
7352,CN431226,CN431226,麻阳县,湖南麻阳县,县,1073,1911,治所迁移,数据下限,,hvd_42080,27.717134,109.596954
7353,CN431226,CN431226,岩门,,村镇,1820,1820,,,,hvd_18776,27.85311,109.73355
7354,CN431226,CN431226,高村,湖南麻阳县,村镇,1820,1820,,,,hvd_18771,27.879492,109.80355
7355,CN431226,CN431226,麻阳县,湖南麻阳县,县,1820,1820,,,,hvd_711,27.71713,109.59695
7356,CN431226,CN431226,龙门,湖南辰溪县西南龙门,村镇,1820,1820,,,,hvd_18793,27.880522,110.092514
7357,CN431226,CN431226,倒牛坪,湖南麻阳县斗牛坪,村镇,1911,1911,,,,hvd_131325,27.834457,109.94658
7358,CN431226,CN431226,南村塘,湖南麻阳县南村,村镇,1911,1911,,,,hvd_131314,27.70636,109.64715
7359,CN431226,CN431226,大黄村,湖南麻阳县大王,村镇,1911,1911,,,,hvd_131309,27.588797,109.50683
7360,CN431226,CN431226,小坡塘,湖南麻阳县小坡,村镇,1911,1911,,,,hvd_131311,27.741295,109.51059
7361,CN431226,CN431226,山家村,湖南麻阳县三家村,村镇,1911,1911,,,,hvd_131328,27.899893,109.84385
7362,CN431226,CN431226,岩口洞,湖南麻阳县岩口山,村镇,1911,1911,,,,hvd_131313,27.79065,109.57135
7363,CN431226,CN431226,岩门,,村镇,1911,1911,,,,hvd_131317,27.85311,109.73355
7364,CN431226,CN431226,招谕,湖南麻阳县招谕,村镇,1911,1911,,,,hvd_131327,27.939264,109.87203
7365,CN431226,CN431226,旧县,湖南麻阳县旧县,村镇,1911,1911,,,,hvd_131326,27.89102,109.99419
7366,CN431226,CN431226,木夹洲,湖南麻阳县木架洲,村镇,1911,1911,,,,hvd_131321,27.766249,109.75489
7367,CN431226,CN431226,楠木村,湖南黔阳县楠木村,村镇,1911,1911,,,,hvd_131307,27.709686,109.58325
7368,CN431226,CN431226,江口塘,湖南麻阳县江口圩镇,村镇,1911,1911,,,,hvd_131320,27.698284,109.74327
7369,CN431226,CN431226,白泥田,湖南麻阳县白泥田,村镇,1911,1911,,,,hvd_131318,27.83723,109.71042
7370,CN431226,CN431226,米沙塘,湖南麻阳县米沙,村镇,1911,1911,,,,hvd_131310,27.711905,109.45797
7371,CN431226,CN431226,蓬溪塘,湖南麻阳县碰溪,村镇,1911,1911,,,,hvd_131315,27.760149,109.642136
7372,CN431226,CN431226,铜信塘,湖南麻阳县桐油坡,村镇,1911,1911,,,,hvd_131312,27.741295,109.60079
7373,CN431226,CN431226,陇田溪,湖南麻阳县陇田溪,村镇,1911,1911,,,,hvd_131323,27.802294,109.81691
7374,CN431226,CN431226,马江口,湖南麻阳县马江口,村镇,1911,1911,,,,hvd_131308,27.670868,109.536896
7375,CN431226,CN431226,高村,湖南麻阳县,村镇,1911,1911,,,,hvd_131324,27.879492,109.80355
7376,CN431226,CN431226,麻阳县,湖南麻阳县轻土坪东,县,1911,1911,,,,hvd_121292,27.720222,109.6484
7377,CN431226,CN431226,龙家堡,湖南麻阳县龙家堡,村镇,1911,1911,,,,hvd_131322,27.775677,109.77055
7378,CN431281,CN431281,镡成县,湖南黔阳县西南,县,-214,404,新建,撤销,,hvd_41886,27.09308,109.6288
7379,CN431281,CN431281,舞阳县,湖南黔阳县安江镇西南,县,405,478,治所迁移,更名和治所迁移,,hvd_42110,27.09308,109.6288
7380,CN431281,CN431281,龙檦县,湖南黔阳县安城镇西南黔阳镇,县,502,623,新建,更名,,hvd_42085,27.19513,109.81185
7381,CN431281,CN431281,龙标县,湖南黔阳县安城镇西南黔阳镇,县,621,906,更名,撤销,,hvd_42086,27.19513,109.81185
7382,CN431281,CN431281,巫州,湖南黔阳县安城镇西南黔阳镇,州,634,690,新建,更名,,hvd_32911,27.19513,109.81185
7383,CN431281,CN431281,朗溪县,湖南黔阳县西南四十里卧龙岩,县,634,907,新建,撤销,,hvd_42087,27.139853,109.71994
7384,CN431281,CN431281,沅州,湖南黔阳县安城镇西南黔阳镇,州,691,724,更名,更名,,hvd_32912,27.19513,109.81185
7385,CN431281,CN431281,沅州,湖南省怀化市洪江市,州,691,724,,,,hvd_110848,27.31766,110.14076
7386,CN431281,CN431281,巫州,湖南黔阳县安城镇西南黔阳镇,州,725,741,更名,更名,,hvd_32913,27.19513,109.81185
7387,CN431281,CN431281,潭阳郡,湖南黔阳县安城镇西南黔阳镇,郡,742,757,更名,更名,,hvd_32914,27.19513,109.81185
7388,CN431281,CN431281,巫州,湖南黔阳县安城镇西南黔阳镇,州,758,770,更名,更名,,hvd_32915,27.19513,109.81185
7389,CN431281,CN431281,武州,湖南省怀化市洪江市,州,758,776,,,,hvd_111466,27.31766,110.14076
7390,CN431281,CN431281,叙州,湖南黔阳县安城镇西南黔阳镇,州,771,906,更名,治所迁移,,hvd_32916,27.19513,109.81185
7391,CN431281,CN431281,黔阳县,湖南黔阳县西南黔城（旧黔阳）,县,1080,1911,新建,数据下限,,hvd_42078,27.19513,109.81185
7392,CN431281,CN431281,安江,湖南黔阳县,村镇,1820,1820,,,,hvd_18786,27.329115,110.13696
7393,CN431281,CN431281,托口寨,湖南黔阳县西南托口寨,村镇,1820,1820,,,,hvd_18775,27.117533,109.628
7394,CN431281,CN431281,洪江,,村镇,1820,1820,,,,hvd_18773,27.112776,109.9916
7395,CN431281,CN431281,黔阳县,湖南黔阳县西南黔城（旧黔阳）,县,1820,1820,,,,hvd_712,27.19513,109.81185
7396,CN431281,CN431281,倒水湾,湖南黔阳县倒水湾,村镇,1911,1911,,,,hvd_131302,27.240585,109.82944
7397,CN431281,CN431281,原神乡,湖南黔阳县原神,村镇,1911,1911,,,,hvd_131305,27.197113,109.6791
7398,CN431281,CN431281,山门塘,湖南黔阳县山门,村镇,1911,1911,,,,hvd_131301,27.247831,109.90711
7399,CN431281,CN431281,岩门塘,湖南黔阳县岩门西北,村镇,1911,1911,,,,hvd_131300,27.15868,110.01173
7400,CN431281,CN431281,曹陇,湖南黔阳县曹陇,村镇,1911,1911,,,,hvd_131299,27.155869,110.11884
7401,CN431281,CN431281,横岩塘,湖南洪江市横岩,村镇,1911,1911,,,,hvd_131505,27.123308,109.95597
7402,CN431281,CN431281,洪江,,村镇,1911,1911,,,,hvd_131506,27.112776,109.9916
7403,CN431281,CN431281,白马角,湖南洪江市角山头,村镇,1911,1911,,,,hvd_131303,27.165344,109.8357
7404,CN431281,CN431281,石修,湖南黔阳县石修,村镇,1911,1911,,,,hvd_131297,27.241144,110.06686
7405,CN431281,CN431281,竹坡,湖南黔阳县竹坡,村镇,1911,1911,,,,hvd_131298,27.170918,110.16771
7406,CN431281,CN431281,竹瓦溪塘,湖南洪江市瓦溪口,村镇,1911,1911,,,,hvd_131504,27.134567,109.9234
7407,CN431281,CN431281,黄丝洞塘,湖南黔阳县黄狮洞,村镇,1911,1911,,,,hvd_131294,27.355959,110.17773
7408,CN431281,CN431281,黔阳县,湖南黔阳县西南黔城（旧黔阳）,县,1911,1911,,,,hvd_121291,27.19513,109.81185
7409,CN433122,CN433122,南阳郡,湖南辰溪县西北,郡,502,588,,,,hvd_32852,28.13941,110.18102
7410,CN433122,CN433122,建昌县,湖南辰溪县西北,县,502,556,新建,撤销,,hvd_41816,28.139412,110.181015
7411,CN433122,CN433122,南阳郡,湖南辰溪县西北,郡,511,588,新建,更名,,,28.139412,110.181015
7412,CN433122,CN433122,寿州,湖南辰溪县西北,州,589,597,更名,更名,,hvd_32853,28.139412,110.181015
7413,CN433122,CN433122,充州,湖南辰溪县西北,州,598,606,更名,撤销,,hvd_32854,28.139412,110.181015
7414,CN433122,CN433122,浦市,,村镇,1820,1820,,,,hvd_18726,28.08549,110.092514
7415,CN433122,CN433122,院场坪,湖南泸溪县西南洗溪,村镇,1820,1820,,,,hvd_18725,28.23256,110.048935
7416,CN433122,CN433122,下干溪,湖南泸溪县干溪塘,村镇,1911,1911,,,,hvd_131148,28.240932,110.00838
7417,CN433122,CN433122,且岐,湖南泸溪县中且己,村镇,1911,1911,,,,hvd_131151,28.240143,109.8847
7418,CN433122,CN433122,四都里坪,湖南泸溪县都里坪,村镇,1911,1911,,,,hvd_131158,28.101868,109.85691
7419,CN433122,CN433122,大壁流,湖南泸溪县大坡流,村镇,1911,1911,,,,hvd_131150,28.238562,109.92144
7420,CN433122,CN433122,洞底塘,湖南泸溪县洞底坪,村镇,1911,1911,,,,hvd_131147,28.246464,110.09263
7421,CN433122,CN433122,浦市,,村镇,1911,1911,,,,hvd_131154,28.08549,110.092514
7422,CN433122,CN433122,白头溪,湖南泸溪县白头溪,村镇,1911,1911,,,,hvd_131156,28.045769,110.031685
7423,CN433122,CN433122,秤砣山,湖南泸溪县称砣山,村镇,1911,1911,,,,hvd_131145,28.27807,110.18136
7424,CN433122,CN433122,能滩,湖南泸溪县能滩,村镇,1911,1911,,,,hvd_131149,28.23303,109.98508
7425,CN433122,CN433122,茶盘溪,湖南泸溪县茶坪溪,村镇,1911,1911,,,,hvd_131153,28.357874,110.12399
7426,CN433122,CN433122,蚂蝗溪,湖南泸溪县马皇溪,村镇,1911,1911,,,,hvd_131155,28.05525,110.0523
7427,CN433122,CN433122,达岚,湖南泸溪县达岚坪镇,村镇,1911,1911,,,,hvd_131747,28.021202,110.00118
7428,CN433122,CN433122,都蛮,湖南泸溪县都蛮,村镇,1911,1911,,,,hvd_131159,28.128733,109.69648
7429,CN433122,CN433122,麻陇,湖南泸溪县麻陇,村镇,1911,1911,,,,hvd_131157,28.030754,109.85691
7430,CN4401,CN4401,南海郡,广东省广州市,郡,-214,589,新建,更名,,hvd_34191,23.134624,113.256065
7431,CN4401,CN4401,番禺县,广东省广州市,县,-214,589,新建,更名,,hvd_42193,23.134624,113.256065
7432,CN4401,CN4401,交州,广东广州市,州,210,263,治所迁移,治所迁移,,hvd_30279,23.134624,113.256065
7433,CN4401,CN4401,交州,广东广州市,州,213,225,,,,hvd_113549,23.13462,113.25607
7434,CN4401,CN4401,广州,广东广州市,州,226,226,,,,hvd_113554,23.13462,113.25607
7435,CN4401,CN4401,交州,广东广州市,州,227,263,,,,hvd_113551,23.13462,113.25607
7436,CN4401,CN4401,广州,广东广州市,州,264,588,新建,撤销,,hvd_30302,23.134624,113.256065
7437,CN4401,CN4401,广州,广东广州市,州,264,600,,,,hvd_113555,23.13462,113.25607
7438,CN4401,CN4401,熙安县,广东省广州市,县,424,501,新建,撤销,,hvd_42201,23.134624,113.256065
7439,CN4401,CN4401,南海县,广东省广州市,县,590,916,更名,更名,,hvd_42194,23.134624,113.256065
7440,CN4401,CN4401,广州,广东省广州市,州,590,591,更名,治所迁移,,hvd_34192,23.134624,113.256065
7441,CN4401,CN4401,广州,广东省广州市,州,606,606,更名和治所迁移,更名,,hvd_34195,23.134624,113.256065
7442,CN4401,CN4401,南海郡,广东省广州市,郡,607,620,更名,更名,,hvd_34091,23.134624,113.256065
7443,CN4401,CN4401,广州,广东省广州市,州,621,741,更名,更名,,hvd_110906,23.134624,113.256065
7444,CN4401,CN4401,南海郡,广东省广州市,郡,742,755,,,,hvd_111163,23.13462,113.25607
7445,CN4401,CN4401,南海郡,广东省广州市,郡,742,757,更名,更名,,hvd_34094,23.134624,113.256065
7446,CN4401,CN4401,广州,广东省广州市,州,758,1277,更名,更名,,hvd_34004,23.134624,113.256065
7447,CN4401,CN4401,咸宁县,广东省广州市,县,917,971,新建,撤销,,hvd_42195,23.134624,113.256065
7448,CN4401,CN4401,常康县,广东省广州市,县,917,971,更名,更名,,hvd_42196,23.134624,113.256065
7449,CN4401,CN4401,南海县,广东省广州市,县,972,1911,更名,数据下限,,hvd_42197,23.134624,113.256065
7450,CN4401,CN4401,番禺县,广东省广州市,县,1088,1911,新建,数据下限,,hvd_42199,23.134624,113.256065
7451,CN4401,CN4401,广州府,广东省广州市,府,1368,1911,更名,数据下限,,hvd_33047,23.134624,113.256065
7452,CN4401,CN4401,广东等处行省,广东广州市,行省,1369,1375,新建,更名,,hvd_30166,23.134624,113.256065
7453,CN4401,CN4401,广东布政使司,广东广州市,布政司,1376,1644,更名,更名,,hvd_112050,23.134624,113.256065
7454,CN4401,CN4401,南海县,广东省广州市,县,1820,1820,,,,hvd_340,23.13462,113.25607
7455,CN4401,CN4401,广州府,广东省广州市,府,1820,1820,,,,hvd_9549,23.13462,113.25607
7456,CN4401,CN4401,番禺县,广东省广州市,县,1820,1820,,,,hvd_348,23.13462,113.25607
7457,CN4401,CN4401,南海县,广东省广州市,县,1911,1911,,,,hvd_121071,23.13462,113.25607
7458,CN4401,CN4401,广州府,广东省广州市,府,1911,1911,,,,hvd_120166,23.13462,113.25607
7459,CN4401,CN4401,番禺县,广东省广州市,县,1911,1911,,,,hvd_121072,23.13462,113.25607
7460,CN4402,CN4402,曲江县,广东省韶关市,县,-111,1911,新建,数据下限,,hvd_42238,24.81021,113.60342
7461,CN4402,CN4402,始兴郡,广东省韶州市,郡,265,471,新建,更名,,hvd_34174,24.81021,113.60342
7462,CN4402,CN4402,广兴郡,广东省韶州市,郡,472,478,更名,更名,,hvd_34175,24.81021,113.60342
7463,CN4402,CN4402,始兴郡,广东省韶州市,郡,479,589,更名,更名,,hvd_34176,24.81021,113.60342
7464,CN4402,CN4402,东衡州,广东韶关市,州,552,572,新建,撤销,,hvd_30275,24.81021,113.60342
7465,CN4402,CN4402,东衡州,广东韶关市,州,553,588,,,,hvd_113580,24.81021,113.60342
7466,CN4402,CN4402,东衡州,广东韶关市,州,581,588,新建,撤销,,hvd_30276,24.81021,113.60342
7467,CN4402,CN4402,韶州,广东省韶州市,州,589,590,,,,hvd_110006,24.81021,113.60342
7468,CN4402,CN4402,韶州,广东省韶州市,州,590,590,更名,撤销,,hvd_34177,24.81021,113.60342
7469,CN4402,CN4402,广州,广东省韶州市,州,592,600,治所迁移,更名,,hvd_34193,24.81021,113.60342
7470,CN4402,CN4402,番州,广东省韶州市,州,601,605,更名,更名和治所迁移,,hvd_34194,24.81021,113.60342
7471,CN4402,CN4402,番州,广东省韶关市,州,621,621,新建,更名,,hvd_34077,24.81021,113.60342
7472,CN4402,CN4402,东衡州,广东省韶关市,州,622,626,更名,更名,,hvd_34078,24.81021,113.60342
7473,CN4402,CN4402,番州,广东省韶州市,州,622,626,,,,hvd_110537,24.81021,113.60342
7474,CN4402,CN4402,韶州,广东省韶关市,州,627,741,更名,更名,,hvd_34079,24.81021,113.60342
7475,CN4402,CN4402,始兴郡,广东省韶关市,郡,742,757,更名,更名,,hvd_34080,24.81021,113.60342
7476,CN4402,CN4402,始兴郡,广东省韶州市,郡,742,755,,,,hvd_111168,24.81021,113.60342
7477,CN4402,CN4402,韶州,广东省韶关市,州,758,1277,更名,更名,,hvd_34043,24.81021,113.60342
7478,CN4402,CN4402,韶州府,广东省韶关市,府,1368,1911,更名,数据下限,,hvd_33039,24.81021,113.60342
7479,CN4402,CN4402,曲江县,广东省韶关市,县,1820,1820,,,,hvd_272,24.81021,113.60342
7480,CN4402,CN4402,韶州府,广东省韶关市,府,1820,1820,,,,hvd_9545,24.81021,113.60342
7481,CN4402,CN4402,曲江县,广东省韶关市,县,1911,1911,,,,hvd_121070,24.81021,113.60342
7482,CN4402,CN4402,韶州府,广东省韶关市,府,1911,1911,,,,hvd_120164,24.81021,113.60342
7483,CN440205,CN440205,翁源县,广东省曲江县南濛浬村,县,1038,1128,迁移治所,迁移治所,,hvd_42252,24.586847,113.568985
7484,CN440205,CN440205,建福县,广东曲江县东南沙溪镇,县,1102,1126,新建,撤销,,hvd_42241,24.615593,113.67077
7485,CN440205,CN440205,界滩,广东曲江县南，北江西岸,村镇,1820,1820,,,,hvd_16922,24.611145,113.51917
7486,CN440205,CN440205,白沙堡,广东曲江县南白沙,村镇,1820,1820,,,,hvd_16924,24.634258,113.488304
7487,CN440205,CN440205,罗坑,广东英德县西北,村镇,1820,1820,,,,hvd_16923,24.519,113.336
7488,CN440205,CN440205,大坑口村,广东曲江县大坑口村,村镇,1911,1911,,,,hvd_126310,24.527624,113.59335
7489,CN440205,CN440205,大宝山,广东曲江县宝山,村镇,1911,1911,,,,hvd_126312,24.604906,113.746346
7490,CN440205,CN440205,樟树潭墟,广东曲江县樟树镇,村镇,1911,1911,,,,hvd_126309,24.552135,113.52705
7491,CN440205,CN440205,白沙塘,广东曲江县白沙镇,村镇,1911,1911,,,,hvd_126307,24.629211,113.508644
7492,CN440205,CN440205,马坝墟,广东曲江县县治马坝镇,村镇,1911,1911,,,,hvd_126306,24.683868,113.59617
7493,CN440222,CN440222,令阶县,广东省始兴县西北七里铺,县,479,482,新建,更名,,hvd_42591,24.984047,114.03466
7494,CN440222,CN440222,正阶县,广东省始兴县西北七里铺,县,483,545,更名,撤销,,hvd_42592,24.984047,114.03466
7495,CN440222,CN440222,始兴县,广东省始兴县西北七里铺,县,546,590,迁移治所,迁移治所,,hvd_42593,24.984047,114.03466
7496,CN440222,CN440222,始兴县,广东省始兴县,县,591,1294,迁移治所,迁移治所,,hvd_42594,24.945763,114.06315
7497,CN440222,CN440222,始兴县,广东省始兴县东北陆源,县,1295,1306,迁移治所,迁移治所,,hvd_42595,25.041708,114.13678
7498,CN440222,CN440222,始兴县,广东省始兴县,县,1307,1911,迁移治所,数据下限,,hvd_42596,24.945763,114.06315
7499,CN440222,CN440222,始兴县,广东省始兴县,县,1820,1820,,,,hvd_278,24.94576,114.06315
7500,CN440222,CN440222,斜潭,广东始兴县冶东北侧,村镇,1820,1820,,,,hvd_16934,24.990608,114.10887
7501,CN440222,CN440222,江口,广东始兴县西侧,村镇,1820,1820,,,,hvd_16911,24.977482,113.9926
7502,CN440222,CN440222,清化迳,广东始兴县南，今青莲水左岸清化,村镇,1820,1820,,,,hvd_16931,24.720028,114.10382
7503,CN440222,CN440222,黄田,广东始兴县东北,村镇,1820,1820,,,,hvd_16893,25.038893,114.11916
7504,CN440222,CN440222,上台村,广东始兴县上台,村镇,1911,1911,,,,hvd_126233,25.035427,113.96428
7505,CN440222,CN440222,冷水径汛,广东始兴县冷水迳,村镇,1911,1911,,,,hvd_126249,24.811792,114.06311
7506,CN440222,CN440222,历平,广东始兴县坜平,村镇,1911,1911,,,,hvd_126236,25.053333,114.17621
7507,CN440222,CN440222,大树坪,广东始兴县大树坪,村镇,1911,1911,,,,hvd_126240,24.986677,114.187325
7508,CN440222,CN440222,奇心洞,广东始兴县北山,村镇,1911,1911,,,,hvd_126237,25.101152,114.05612
7509,CN440222,CN440222,始兴县,广东省始兴县,县,1911,1911,,,,hvd_121064,24.94576,114.06315
7510,CN440222,CN440222,武冈,广东始兴县武岗,村镇,1911,1911,,,,hvd_126234,25.087238,114.0056
7511,CN440222,CN440222,江口汛,广东始兴县江口,村镇,1911,1911,,,,hvd_126232,24.977482,113.9926
7512,CN440222,CN440222,禾花塘,广东始兴县禾花塘,村镇,1911,1911,,,,hvd_126248,24.842741,114.086525
7513,CN440222,CN440222,都阬墟,广东始兴县都亨,村镇,1911,1911,,,,hvd_126243,24.765812,114.28261
7514,CN440222,CN440222,里洞村,广东始兴县里洞,村镇,1911,1911,,,,hvd_126238,25.11178,114.11177
7515,CN440222,CN440222,黄沙,广东始兴县黄沙街,村镇,1911,1911,,,,hvd_126246,24.65882,114.09531
7516,CN440222,CN440222,墨坑,广东始兴县墨坑,村镇,1911,1911,,,,hvd_126244,24.805603,114.31675
7517,CN441226,CN441226,端溪县,广东省德庆县,县,-111,1375,新建,更名,,hvd_42352,23.146791,111.77102
7518,CN441226,CN441226,元溪县,广东省德庆县东播植镇,县,351,588,新建,撤销,,hvd_42354,23.098873,112.12206
7519,CN441226,CN441226,晋康郡,广东省德庆县东播植镇,郡,351,419,新建,治所迁移,,hvd_34214,23.098873,112.12206
7520,CN441226,CN441226,乐城县,广东省德庆县东悦城镇,县,420,741,新建,更名,,hvd_42365,23.098873,112.12206
7521,CN441226,CN441226,宾江县,广东省德庆县东江边石角镇,县,420,556,新建,撤销,,hvd_42369,23.150023,111.865944
7522,CN441226,CN441226,悦城县,广东省德庆县东悦城镇,县,420,591,新建,撤销,,hvd_42364,23.276026,112.16348
7523,CN441226,CN441226,文招县,广东省德庆县东风村镇,县,420,591,新建,撤销,,hvd_42368,23.230783,112.0937
7524,CN441226,CN441226,晋康郡,广东省德庆县东九市镇,郡,420,478,治所迁移,治所迁移,,hvd_34215,23.147459,111.975266
7525,CN441226,CN441226,龙乡县,广东省德庆县东九市镇,县,420,432,新建,撤销,,hvd_42355,23.147459,111.975266
7526,CN441226,CN441226,晋康郡,广东省德庆县,郡,502,590,治所迁移,撤销,,hvd_34217,23.146791,111.77102
7527,CN441226,CN441226,康州,广东省德庆县,州,621,625,新建,撤销,,hvd_34101,23.146791,111.77102
7528,CN441226,CN441226,南康州,广东省德庆县,州,627,636,新建,撤销,,hvd_34102,23.146791,111.77102
7529,CN441226,CN441226,南康州,广东省德庆县,州,638,741,新建,更名,,hvd_34103,23.146791,111.77102
7530,CN441226,CN441226,康州,广东省德庆县,州,638,741,,,,hvd_110901,23.14679,111.77102
7531,CN441226,CN441226,悦城县,广东省德庆县东悦城镇,县,742,971,更名,撤销,,hvd_42366,23.098873,112.12206
7532,CN441226,CN441226,晋康郡,广东省德庆县,郡,742,755,,,,hvd_111158,23.14679,111.77102
7533,CN441226,CN441226,晋康郡,广东省德庆县,郡,742,757,更名,更名,,hvd_34104,23.146791,111.77102
7534,CN441226,CN441226,康州,广东省德庆县,州,758,1130,更名,更名,,hvd_34064,23.146791,111.77102
7535,CN441226,CN441226,德庆府,广东省德庆县,府,1131,1279,更名,更名,,hvd_34065,23.146791,111.77102
7536,CN441226,CN441226,德庆府,广东省德庆县,府,1368,1375,更名,撤销,,hvd_33021,23.146791,111.77102
7537,CN441226,CN441226,德庆州,广东省德庆县,州,1376,1911,更名,数据下限,,hvd_42353,23.146791,111.77102
7538,CN441226,CN441226,九官,广东德庆县东,村镇,1820,1820,,,,hvd_16962,23.147459,111.975266
7539,CN441226,CN441226,德庆州,广东省德庆县,州,1820,1820,,,,hvd_287,23.14679,111.77102
7540,CN441226,CN441226,悦城,广东德庆县东悦城,村镇,1820,1820,,,,hvd_16979,23.098873,112.12206
7541,CN441226,CN441226,播直,广东德庆县东北,村镇,1820,1820,,,,hvd_16981,23.276026,112.16348
7542,CN441226,CN441226,凤库,广东德庆县凤库,村镇,1911,1911,,,,hvd_126844,23.326508,112.12385
7543,CN441226,CN441226,富源,广东德庆县富源,村镇,1911,1911,,,,hvd_126847,23.452679,112.09241
7544,CN441226,CN441226,德庆州,广东省德庆县,州,1911,1911,,,,hvd_121093,23.14679,111.77102
7545,CN441226,CN441226,新围,广东德庆县新围,村镇,1911,1911,,,,hvd_126846,23.472647,112.15921
7546,CN441226,CN441226,沙旁,广东德庆县沙旁,村镇,1911,1911,,,,hvd_126838,23.340794,111.77333
7547,CN441226,CN441226,里村,广东德庆县里村,村镇,1911,1911,,,,hvd_126841,23.1722,112.176895
7548,CN441823,CN441823,阳山县,广东省阳山县附城镇,县,265,705,新建,迁移治所,,hvd_42602,24.473152,112.62416
7549,CN441823,CN441823,梁乐郡,广东省阳山县南杨梅镇,郡,507,589,新建,撤销,,hvd_34181,24.09926,112.5553
7550,CN441823,CN441823,阳山县,广东省阳山县,县,706,1911,迁移治所,数据下限,,hvd_42603,24.485014,112.63827
7551,CN441823,CN441823,七巩墟,,村镇,1820,1820,,,,hvd_16894,24.307934,112.56481
7552,CN441823,CN441823,水口,广东阳山县东南,村镇,1820,1820,,,,hvd_16904,24.396185,112.713646
7553,CN441823,CN441823,淇潭堡,广东阳山县西北,村镇,1820,1820,,,,hvd_16901,24.560587,112.41564
7554,CN441823,CN441823,阳山县,广东省阳山县,县,1820,1820,,,,hvd_271,24.48501,112.63827
7555,CN441823,CN441823,青莲,广东阳山县东南青莲镇,村镇,1820,1820,,,,hvd_16905,24.459,112.752
7556,CN441823,CN441823,七巩墟,,村镇,1911,1911,,,,hvd_127319,24.307934,112.56481
7557,CN441823,CN441823,大陂墟,广东阳山县大陂,村镇,1911,1911,,,,hvd_127328,24.770058,112.78851
7558,CN441823,CN441823,新墟,广东阳山县新圩,村镇,1911,1911,,,,hvd_127320,24.35117,112.576866
7559,CN441823,CN441823,桂岩,广东阳山县桂岩,村镇,1911,1911,,,,hvd_127330,24.403347,112.84043
7560,CN441823,CN441823,水口墟,广东阳山县水口镇,村镇,1911,1911,,,,hvd_127322,24.396185,112.713646
7561,CN441823,CN441823,阳山县,广东省阳山县,县,1911,1911,,,,hvd_121118,24.48501,112.63827
7562,CN441823,CN441823,黄坋,广东阳山县黄坋,村镇,1911,1911,,,,hvd_127326,24.703539,112.6817
7563,CN441823,CN441823,黄牛滩,广东阳山县黄牛滩,村镇,1911,1911,,,,hvd_127329,24.57949,112.53533
7564,CN441882,CN441882,桂阳县,广东省连县,县,-111,1281,新建,撤销,,hvd_42604,24.779701,112.37812
7565,CN441882,CN441882,冈湲县,广东省连县西北朱冈村,县,470,471,新建,撤销,,hvd_42605,25.03609,112.235306
7566,CN441882,CN441882,宋安郡,广东省连县,郡,470,471,新建,撤销,,hvd_34178,24.779701,112.37812
7567,CN441882,CN441882,连州,广东省连县,州,590,606,新建,更名,,hvd_34183,24.779701,112.37812
7568,CN441882,CN441882,熙平郡,广东省连县,郡,607,620,新建,更名,,hvd_34082,24.779701,112.37812
7569,CN441882,CN441882,连州,广东省连县,州,621,681,,,,hvd_110727,24.7797,112.37812
7570,CN441882,CN441882,连州,广东省连县,州,621,741,更名,更名,,hvd_34083,24.779701,112.37812
7571,CN441882,CN441882,连山郡,广东省连县,郡,742,757,更名,更名,,hvd_34084,24.779701,112.37812
7572,CN441882,CN441882,连州,广东省连县,州,758,1279,更名,更名和治所迁移,,hvd_34048,24.779701,112.37812
7573,CN441882,CN441882,桂阳州,广东省连县,直隶州,1282,1368,新建,撤销,,hvd_33031,24.779701,112.37812
7574,CN441882,CN441882,连州,广东省连县,州,1381,1726,新建,撤销,,hvd_42620,24.779701,112.37812
7575,CN441882,CN441882,连州,广东省连县,直隶州,1727,1911,新建,数据下限,,hvd_33032,24.779701,112.37812
7576,CN441882,CN441882,东坡,广东连县西北连江上游,村镇,1820,1820,,,,hvd_16875,24.99521,112.29453
7577,CN441882,CN441882,星子墟,,村镇,1820,1820,,,,hvd_16877,24.998854,112.55072
7578,CN441882,CN441882,流沙,广东连县东,村镇,1820,1820,,,,hvd_16898,24.788713,112.500824
7579,CN441882,CN441882,清水墟,广东连县西北,村镇,1820,1820,,,,hvd_16900,24.975,112.173
7580,CN441882,CN441882,连州,广东省连县,直隶州,1820,1820,,,,hvd_9544,24.7797,112.37812
7581,CN441882,CN441882,九陂,广东连县九陂下水堡,村镇,1911,1911,,,,hvd_127295,24.67615,112.37116
7582,CN441882,CN441882,冲口墟,广东连县冲口,村镇,1911,1911,,,,hvd_127313,24.954798,112.24927
7583,CN441882,CN441882,凤头岭,广东连县凤头村,村镇,1911,1911,,,,hvd_127316,25.073425,112.68936
7584,CN441882,CN441882,唐家堡,广东连县清江,村镇,1911,1911,,,,hvd_127314,25.060896,112.51035
7585,CN441882,CN441882,星子墟,,村镇,1911,1911,,,,hvd_127304,24.998854,112.55072
7586,CN441882,CN441882,朝天桥墟,广东连县朝天,村镇,1911,1911,,,,hvd_127303,24.859535,112.57069
7587,CN441882,CN441882,朱冈汛,广东连县朱岗,村镇,1911,1911,,,,hvd_127311,25.03609,112.235306
7588,CN441882,CN441882,洛阳堡,广东连县瑶安,村镇,1911,1911,,,,hvd_127308,25.022587,112.403404
7589,CN441882,CN441882,清水墟,广东连县清水镇,村镇,1911,1911,,,,hvd_127312,24.975325,112.1731
7590,CN441882,CN441882,滑塘堡,广东连县滑塘,村镇,1911,1911,,,,hvd_127306,24.90537,112.50542
7591,CN441882,CN441882,潭源堡,广东连县潭岭,村镇,1911,1911,,,,hvd_127317,24.978355,112.649796
7592,CN441882,CN441882,石角墟,广东连县石角圩,村镇,1911,1911,,,,hvd_127299,24.82359,112.30762
7593,CN441882,CN441882,箭揽滩汛,广东连县箭缆村,村镇,1911,1911,,,,hvd_127301,24.739113,112.41937
7594,CN441882,CN441882,茶田墟,广东连县高山（茶田）,村镇,1911,1911,,,,hvd_127302,24.697771,112.54695
7595,CN441882,CN441882,蔴步水,广东连县麻步,村镇,1911,1911,,,,hvd_127305,24.910763,112.47772
7596,CN441882,CN441882,连州,广东省连县,直隶州,1911,1911,,,,hvd_120113,24.7797,112.37812
7597,CN441882,CN441882,顺头岭,广东连县山塘（顺头岭）,村镇,1911,1911,,,,hvd_127315,25.077019,112.59739
7598,CN441882,CN441882,龙湫潭汛,广东连县龙潭,村镇,1911,1911,,,,hvd_127298,24.698164,112.4398
7599,CN4451,CN4451,义安郡,广东省潮州市,郡,413,478,新建,治所迁移,,hvd_34169,23.667706,116.63666
7600,CN4451,CN4451,义安郡,广东省潮州市,郡,502,589,治所迁移,撤销,,hvd_34171,23.667706,116.63666
7601,CN4451,CN4451,潮州,广东省潮州市,州,591,606,新建,更名,,hvd_110091,23.667706,116.63666
7602,CN4451,CN4451,义安郡,广东省潮州市,郡,607,621,更名,更名,,hvd_34071,23.667706,116.63666
7603,CN4451,CN4451,潮州,广东省潮州市,州,622,741,更名,更名,,hvd_34072,23.667706,116.63666
7604,CN4451,CN4451,潮州,广东省潮州市,州,758,1278,更名,更名,,hvd_34034,23.667706,116.63666
7605,CN4451,CN4451,潮州府,广东省潮州市,府,1369,1911,更名,数据下限,,hvd_33057,23.667706,116.63666
7606,CN4451,CN4451,潮州府,广东省潮州市,府,1820,1820,,,,hvd_9551,23.66771,116.63666
7607,CN4451,CN4451,潮州府,广东省潮州市,府,1911,1911,,,,hvd_120165,23.66771,116.63666
7608,CN445321,CN445321,单牒县,广东省新兴县东丹蝶村,县,351,501,新建,撤销,,,22.689999,112.31236
7609,CN445321,CN445321,单牒县,广东省云浮市新兴县,县,351,501,,,,hvd_42280,22.69,112.31236
7610,CN445321,CN445321,南兴县,广东省新兴县东北布龙村,县,351,556,新建,撤销,,hvd_42279,22.74052,112.26122
7611,CN445321,CN445321,新兴县,广东省新兴县,县,351,478,新建,更名,,hvd_42282,22.702915,112.22508
7612,CN445321,CN445321,新宁郡,广东省新兴县东北布龙村,郡,351,478,新建,治所迁移,,hvd_34225,22.74052,112.26122
7613,CN445321,CN445321,新成县,广东省新兴县,县,479,501,更名,更名,,hvd_42283,22.702915,112.22508
7614,CN445321,CN445321,新兴县,广东省新兴县,县,502,1911,更名,数据下限,,hvd_42284,22.702915,112.22508
7615,CN445321,CN445321,新州,广东新兴县,州,523,605,,,,hvd_113598,22.70292,112.22508
7616,CN445321,CN445321,新宁郡,广东省新兴县,郡,538,590,治所迁移,撤销,,hvd_34227,22.702915,112.22508
7617,CN445321,CN445321,新州,广东新兴县,州,538,588,治所迁移,撤销,,hvd_30293,22.702915,112.22508
7618,CN445321,CN445321,索庐县,广东省新兴县南上流村,县,557,606,新建,撤销,,hvd_42285,22.57013,112.212776
7619,CN445321,CN445321,单牒县,广东省新兴县东丹蝶村,县,621,635,新建,撤销,,,22.689999,112.31236
7620,CN445321,CN445321,单牒县,广东省云浮市新兴县,县,621,635,,,,hvd_42281,22.69,112.31236
7621,CN445321,CN445321,新州,广东省新兴县,州,621,741,新建,更名,,hvd_34107,22.702915,112.22508
7622,CN445321,CN445321,新昌县,广东省新兴县,县,621,635,新建,撤销,,hvd_42287,22.702915,112.22508
7623,CN445321,CN445321,永顺县,广东省县浮云县东南城头村,县,621,971,新建,撤销,,hvd_42288,22.840479,112.263435
7624,CN445321,CN445321,索庐县,广东省新兴县南上流村,县,621,757,新建,撤销,,hvd_42286,22.57013,112.212776
7625,CN445321,CN445321,新兴郡,广东省新兴县,郡,742,755,,,,hvd_111169,22.70292,112.22508
7626,CN445321,CN445321,新兴郡,广东省新兴县,郡,742,757,更名,更名,,hvd_34108,22.702915,112.22508
7627,CN445321,CN445321,新州,广东省新兴县,州,758,1278,更名,更名,,hvd_34070,22.702915,112.22508
7628,CN445321,CN445321,新州,广东省新兴县,直隶州,1282,1368,更名,撤销,,hvd_33023,22.702915,112.22508
7629,CN445321,CN445321,云礼,广东新兴县东,村镇,1820,1820,,,,hvd_17114,22.661676,112.375046
7630,CN445321,CN445321,天堂,广东新兴县西南,村镇,1820,1820,,,,hvd_17093,22.565235,112.0105
7631,CN445321,CN445321,新兴县,广东省新兴县,县,1820,1820,,,,hvd_314,22.70292,112.22508
7632,CN445321,CN445321,里峒,广东新兴县南,村镇,1820,1820,,,,hvd_17129,22.475029,112.19538
7633,CN445321,CN445321,高村,广东新兴县东,村镇,1820,1820,,,,hvd_17113,22.60854,112.37115
7634,CN445321,CN445321,龙径,广东新兴县西南龙迳,村镇,1820,1820,,,,hvd_17125,22.509403,112.12103
7635,CN445321,CN445321,上河,广东新兴县上河,村镇,1911,1911,,,,hvd_126830,22.515352,112.11845
7636,CN445321,CN445321,冈脚,广东新兴县岗脚,村镇,1911,1911,,,,hvd_126726,22.597515,112.035126
7637,CN445321,CN445321,力竹墟,广东新兴县勒竹村,村镇,1911,1911,,,,hvd_126719,22.702604,112.11249
7638,CN445321,CN445321,南村,广东新兴县南村（在旧县边界线上）,村镇,1911,1911,,,,hvd_126709,22.693026,112.482796
7639,CN445321,CN445321,吉塘墟,广东鹤山县吉塘,村镇,1911,1911,,,,hvd_126783,22.695024,112.49423
7640,CN445321,CN445321,和盛洞,广东新兴县和盛洞,村镇,1911,1911,,,,hvd_126728,22.499014,112.13053
7641,CN445321,CN445321,响水村,广东新兴县响水,村镇,1911,1911,,,,hvd_127291,22.662558,112.06869
7642,CN445321,CN445321,布冷,广东新兴县布冷,村镇,1911,1911,,,,hvd_126786,22.686008,112.464905
7643,CN445321,CN445321,思盐坑,广东新兴县思贤坑,村镇,1911,1911,,,,hvd_126727,22.47868,112.0772
7644,CN445321,CN445321,新兴县,广东省新兴县,县,1911,1911,,,,hvd_121086,22.70292,112.22508
7645,CN445321,CN445321,木拱,广东新兴县木栱,村镇,1911,1911,,,,hvd_127293,22.547981,112.05712
7646,CN445321,CN445321,桃坑,广东新兴县桃坑,村镇,1911,1911,,,,hvd_127292,22.623137,112.09991
7647,CN445321,CN445321,河口,广东新兴县河口坳,村镇,1911,1911,,,,hvd_126831,22.509632,112.08642
7648,CN445321,CN445321,河村,广东新兴县共成镇,村镇,1911,1911,,,,hvd_126713,22.617727,112.27607
7649,CN445321,CN445321,洞口墟,广东新兴县洞口镇,村镇,1911,1911,,,,hvd_126714,22.737083,112.24287
7650,CN445321,CN445321,洞头村,广东新兴县垌头农场,村镇,1911,1911,,,,hvd_127290,22.612484,112.065216
7651,CN445321,CN445321,深山田,广东新兴县深山田,村镇,1911,1911,,,,hvd_126828,22.574518,112.11549
7652,CN445321,CN445321,牛牯抄,广东新兴县牛牯抄坑口,村镇,1911,1911,,,,hvd_126827,22.651892,112.10665
7653,CN445321,CN445321,甕洞,广东新兴县梧洞,村镇,1911,1911,,,,hvd_126722,22.43765,112.21684
7654,CN445321,CN445321,白村,广东开平县白村,村镇,1911,1911,,,,hvd_127056,22.629545,112.41878
7655,CN445321,CN445321,罗官洞,广东新兴县罗官洞,村镇,1911,1911,,,,hvd_126716,22.823486,112.267525
7656,CN445321,CN445321,船冈墟,广东新兴县船岗镇,村镇,1911,1911,,,,hvd_126717,22.619524,112.18652
7657,CN445321,CN445321,良田,广东新兴县良田,村镇,1911,1911,,,,hvd_126708,22.64426,112.492096
7658,CN445321,CN445321,茶园村,广东新兴县茶园,村镇,1911,1911,,,,hvd_126725,22.598404,112.13787
7659,CN445321,CN445321,长坑,广东新兴县长坑,村镇,1911,1911,,,,hvd_126833,22.582842,112.03199
7660,CN445321,CN445321,雅冈村,广东新兴县集成镇,村镇,1911,1911,,,,hvd_126718,22.598593,112.21405
7661,CN445321,CN445321,鸡乸田,广东新兴县鸡田,村镇,1911,1911,,,,hvd_126829,22.571856,112.0915
7662,CN445321,CN445321,黎碧,广东新兴县黎碧,村镇,1911,1911,,,,hvd_126724,22.693256,112.08797
7663,CN445321,CN445321,龙迳汛,广东新兴县合河,村镇,1911,1911,,,,hvd_126723,22.487587,112.13309
7664,CN445381,CN445381,龙乡县,广东省罗定县西南泷水旁罗镜镇,县,419,432,新建,撤销,,hvd_42628,22.547064,111.43831
7665,CN445381,CN445381,广熙郡,广东省罗定县西南罗镜镇,郡,479,501,新建,治所迁移,,hvd_34218,22.547064,111.43831
7666,CN445381,CN445381,开阳县,广东省罗定县东南旧县村,县,479,606,新建,撤销,,hvd_42641,22.597128,111.61173
7667,CN445381,CN445381,永熙县,广东省罗定县西南古城堡,县,479,621,新建,更名,,hvd_42634,22.758936,111.52877
7668,CN445381,CN445381,罗阳县,广东省罗定县西榃滨,县,479,597,新建,更名,,hvd_42643,22.83092,111.399124
7669,CN445381,CN445381,龙乡县,广东省罗定县西南泷水旁罗镜镇,县,479,589,新建,更名,,hvd_42629,22.547064,111.43831
7670,CN445381,CN445381,平原郡,广东省罗定县西南罗镜镇,郡,502,589,新建,撤销,,hvd_34220,22.547064,111.43831
7671,CN445381,CN445381,开阳郡,广东省罗定县东南旧县村,郡,502,589,新建,撤销,,hvd_34221,22.597128,111.61173
7672,CN445381,CN445381,泷州,广东罗定县西南,州,502,588,新建,撤销,,hvd_30287,22.547064,111.43831
7673,CN445381,CN445381,罗阳郡,广东省罗定县西榃滨,郡,502,589,新建,撤销,,hvd_34222,22.83092,111.399124
7674,CN445381,CN445381,永熙郡,广东省罗定县南罗镜镇,郡,511,518,,,,hvd_116122,22.54706,111.43831
7675,CN445381,CN445381,建州,广东省云浮市罗定市,州,523,605,,,,hvd_113589,22.76691,111.57035
7676,CN445381,CN445381,泷州,广东省云浮市罗定市,州,524,606,,,,hvd_113590,22.75894,111.52877
7677,CN445381,CN445381,安南县,广东省罗定县西南泗纶镇,县,557,606,新建,撤销,,hvd_42638,22.726545,111.30813
7678,CN445381,CN445381,平原县,广东省罗定县西南泷水旁罗镜镇,县,590,597,更名,更名,,hvd_42630,22.547064,111.43831
7679,CN445381,CN445381,泷州,广东罗定县西南,州,590,606,新建,更名,,hvd_34224,22.547064,111.43831
7680,CN445381,CN445381,正义县,广东省罗定县西榃滨,县,598,606,新建,撤销,,hvd_42644,22.83092,111.399124
7681,CN445381,CN445381,泷水县,广东省罗定县西南泷水旁罗镜镇,县,598,1303,更名,迁移治所,,hvd_42631,22.547064,111.43831
7682,CN445381,CN445381,永熙郡,广东省罗定县南罗镜镇,郡,607,620,更名,更名,,hvd_34121,22.547064,111.43831
7683,CN445381,CN445381,永熙郡,广东省云浮市罗定市,郡,607,617,,,,hvd_110184,22.59713,111.61173
7684,CN445381,CN445381,开阳县,广东省罗定县东南旧县村,县,621,972,新建,撤销,,hvd_42642,22.597128,111.61173
7685,CN445381,CN445381,正义县,广东省罗定县西榃滨,县,621,621,新建,撤销,,hvd_42645,22.83092,111.399124
7686,CN445381,CN445381,泷州,广东罗定县西南,州,621,741,新建,更名,,hvd_34115,22.547064,111.43831
7687,CN445381,CN445381,泷州,广东省云浮市罗定市,州,621,741,,,,hvd_110912,22.59713,111.61173
7688,CN445381,CN445381,安南县,广东省罗定县西南泗纶镇,县,622,756,新建,更名,,hvd_42639,22.726545,111.30813
7689,CN445381,CN445381,永宁县,广东省罗定县西南古城堡,县,622,741,更名,更名,,hvd_42635,22.758936,111.52877
7690,CN445381,CN445381,建水县,广东省罗定县西南古城堡,县,742,972,更名,撤销,,hvd_42636,22.758936,111.52877
7691,CN445381,CN445381,开阳郡,广东省罗定县东南旧县村,郡,742,755,,,,hvd_111167,22.59713,111.61173
7692,CN445381,CN445381,镇南县,广东省罗定县西南泗纶镇,县,757,972,更名,撤销,,hvd_42640,22.726545,111.30813
7693,CN445381,CN445381,泷州,广东罗定县西南,州,758,972,更名,撤销,,hvd_34063,22.547064,111.43831
7694,CN445381,CN445381,泷水县,广东省罗定县,县,1304,1576,迁移治所,撤销,,hvd_42632,22.766914,111.57035
7695,CN445381,CN445381,罗定州,广东省罗定县,直隶州,1577,1911,新建,撤销,,hvd_33058,22.766914,111.57035
7696,CN445381,CN445381,分界店,广东罗定西南分界,村镇,1820,1820,,,,hvd_17097,22.539118,111.337776
7697,CN445381,CN445381,夜护,广东罗定县西,村镇,1820,1820,,,,hvd_17095,22.83092,111.399124
7698,CN445381,CN445381,罗定州,广东省罗定县,直隶州,1820,1820,,,,hvd_9552,22.76691,111.57035
7699,CN445381,CN445381,罗镜,广东罗定县西南罗镜,村镇,1820,1820,,,,hvd_17107,22.547064,111.43831
7700,CN445381,CN445381,万车街,广东罗定县万车,村镇,1911,1911,,,,hvd_127243,22.690123,111.42362
7701,CN445381,CN445381,扶合,广东罗定县扶合,村镇,1911,1911,,,,hvd_127263,22.697895,111.18169
7702,CN445381,CN445381,新乐,广东罗定县新乐,村镇,1911,1911,,,,hvd_127267,22.864206,111.457985
7703,CN445381,CN445381,榃滨墟,广东罗定县榃滨,村镇,1911,1911,,,,hvd_127266,22.83092,111.399124
7704,CN445381,CN445381,水摆墟,广东罗定县水摆街,村镇,1911,1911,,,,hvd_127288,22.528767,111.398636
7705,CN445381,CN445381,罗定州,广东省罗定县,直隶州,1911,1911,,,,hvd_120112,22.76691,111.57035
7706,CN445381,CN445381,都门,广东罗定县都门,村镇,1911,1911,,,,hvd_127240,22.654144,111.28949
7707,CN445381,CN445381,青桐,广东罗定县青桐,村镇,1911,1911,,,,hvd_127241,22.697182,111.3204
7708,CN445381,CN445381,黄沙,广东罗定县黄沙,村镇,1911,1911,,,,hvd_127242,22.773058,111.373924
7709,CN4502,CN4502,马平县,广西柳州市,县,502,1911,新建,数据下限,,hvd_43785,24.309988,109.404396
7710,CN4502,CN4502,柳州府,广西柳州市,府,1368,1368,,,,hvd_35460,24.30999,109.4044
7711,CN4502,CN4502,柳州府,广西柳州市,府,1369,1724,,,,hvd_35461,24.30999,109.4044
7712,CN4502,CN4502,柳州府,广西柳州市,府,1725,1733,,,,hvd_35462,24.30999,109.4044
7713,CN4502,CN4502,柳州府,广西柳州市,府,1734,1911,,,,hvd_35463,24.30999,109.4044
7714,CN4502,CN4502,柳州府,广西柳州市,府,1820,1820,,,,hvd_9560,24.309988,109.404396
7715,CN4502,CN4502,马平县,广西柳州市,县,1820,1820,,,,hvd_377,24.30999,109.4044
7716,CN4502,CN4502,柳州府,广西壮族自治区柳州市,府,1911,1911,,,,hvd_120347,24.309988,109.404396
7717,CN4502,CN4502,马平县,广西柳州市,县,1911,1911,,,,hvd_122305,24.30999,109.4044
7718,CN4503,CN4503,始安县,广西桂林市,县,-111,757,新建,更名,,hvd_43738,25.28006,110.28626
7719,CN4503,CN4503,临桂县,广西桂林市,县,757,1911,更名,数据下限,,hvd_43739,25.28006,110.28626
7720,CN4503,CN4503,静江府,广西桂林市,府,1127,1279,,,,,25.279894,110.29644
7721,CN4503,CN4503,桂林府,广西桂林市,府,1372,1384,,,,hvd_35439,25.28006,110.28626
7722,CN4503,CN4503,桂林府,广西桂林市,府,1385,1393,,,,hvd_35440,25.28006,110.28626
7723,CN4503,CN4503,桂林府,广西桂林市,府,1394,1490,,,,hvd_35441,25.28006,110.28626
7724,CN4503,CN4503,桂林府,广西桂林市,府,1491,1905,,,,hvd_35442,25.28006,110.28626
7725,CN4503,CN4503,临桂县,广西桂林市,县,1820,1820,,,,hvd_356,25.28006,110.28626
7726,CN4503,CN4503,桂林府,广西桂林市,府,1820,1820,,,,hvd_9557,25.28006,110.28626
7727,CN4503,CN4503,桂林府,广西桂林市,府,1906,1911,,,,hvd_35443,25.28006,110.28626
7728,CN4503,CN4503,临桂县,广西桂林市,县,1911,1911,,,,hvd_122295,25.28006,110.28626
7729,CN4503,CN4503,桂林府,广西壮族自治区桂林市,府,1911,1911,,,,hvd_120346,25.28006,110.28626
7730,CN450330,CN450330,平乐县,广西平乐县西恭城河北岸,县,265,1603,新建,迁移治所,,hvd_43912,24.642347,110.63487
7731,CN450330,CN450330,乐州,广西壮族自治区桂林市平乐县,州,621,633,,,,hvd_35158,24.64235,110.63487
7732,CN450330,CN450330,乐州,广西壮族自治区桂林市平乐县,州,621,633,,,,hvd_110644,24.64235,110.63487
7733,CN450330,CN450330,昭州,广西壮族自治区桂林市平乐县,州,634,681,,,,hvd_110734,24.64235,110.63487
7734,CN450330,CN450330,昭州,广西壮族自治区桂林市平乐县,州,634,741,,,,hvd_35159,24.64235,110.63487
7735,CN450330,CN450330,永平县,广西平乐县东大塘堡,县,695,971,新建,撤销,,hvd_43914,24.592022,110.910645
7736,CN450330,CN450330,平乐郡,广西壮族自治区桂林市平乐县,郡,742,757,,,,hvd_35160,24.64235,110.63487
7737,CN450330,CN450330,昭州,广西壮族自治区桂林市平乐县,州,758,971,,,,hvd_35161,24.64235,110.63487
7738,CN450330,CN450330,昭州,广西壮族自治区桂林市平乐县,州,972,1063,,,,hvd_35162,24.64235,110.63487
7739,CN450330,CN450330,昭州,广西桂林市平乐县,州,1064,1071,,,,hvd_35163,24.63573,110.6465
7740,CN450330,CN450330,昭州,广西桂林市平乐县,州,1072,1074,,,,hvd_35164,24.63573,110.6465
7741,CN450330,CN450330,昭州,广西桂林市平乐县,州,1075,1084,,,,hvd_35165,24.63573,110.6465
7742,CN450330,CN450330,昭州,广西桂林市平乐县,州,1085,1300,,,,hvd_35166,24.63573,110.6465
7743,CN450330,CN450330,昭州,广西桂林市平乐县,州,1127,1279,,,,,24.639582,110.649666
7744,CN450330,CN450330,平乐府,广西壮族自治区桂林市平乐县南洲大桥,府,1301,1368,,,,hvd_35444,24.63573,110.6465
7745,CN450330,CN450330,平乐府,广西壮族自治区桂林市平乐县南洲大桥,府,1301,1368,,,,hvd_35412,24.63573,110.6465
7746,CN450330,CN450330,平乐府,广西壮族自治区桂林市平乐县南洲大桥,府,1369,1376,,,,hvd_35445,24.63573,110.6465
7747,CN450330,CN450330,平乐府,广西壮族自治区桂林市平乐县南洲大桥,府,1377,1384,,,,hvd_35446,24.63573,110.6465
7748,CN450330,CN450330,平乐府,广西壮族自治区桂林市平乐县南洲大桥,府,1385,1490,,,,hvd_35447,24.63573,110.6465
7749,CN450330,CN450330,平乐府,广西壮族自治区桂林市平乐县南洲大桥,府,1491,1911,,,,hvd_35448,24.63573,110.6465
7750,CN450330,CN450330,平乐县,广西平乐县,县,1604,1911,迁移治所,数据下限,,hvd_43913,24.635727,110.6465
7751,CN450330,CN450330,平乐县,广西平乐县,县,1820,1820,,,,hvd_381,24.63573,110.6465
7752,CN450330,CN450330,平乐府,广西平乐县,府,1820,1820,,,,hvd_9561,24.635727,110.6465
7753,CN450330,CN450330,七里渡,广西壮族自治区平乐县七里滩,村镇,1911,1911,,,,hvd_155613,24.444685,110.69711
7754,CN450330,CN450330,古营墟,广西壮族自治区平乐县古营,村镇,1911,1911,,,,hvd_154487,24.325634,110.977005
7755,CN450330,CN450330,大冲,广西壮族自治区平乐县大冲口,村镇,1911,1911,,,,hvd_155612,24.455093,110.80504
7756,CN450330,CN450330,大塘,广西壮族自治区平乐县（乙水）子,村镇,1911,1911,,,,hvd_154480,24.813046,110.7256
7757,CN450330,CN450330,大塘冲,广西壮族自治区平乐县塘冲,村镇,1911,1911,,,,hvd_154494,24.551971,110.59251
7758,CN450330,CN450330,大扒塘,广西壮族自治区平乐县大扒,村镇,1911,1911,,,,hvd_154493,24.533615,110.642845
7759,CN450330,CN450330,大结塘,广西壮族自治区平乐县大结塘,村镇,1911,1911,,,,hvd_154489,24.472418,110.70342
7760,CN450330,CN450330,平乐县,广西平乐县,县,1911,1911,,,,hvd_122343,24.63573,110.6465
7761,CN450330,CN450330,广运塘,广西壮族自治区平乐县广运,村镇,1911,1911,,,,hvd_154488,24.411911,110.70095
7762,CN450330,CN450330,杨梅老墟,广西壮族自治区平乐县杨梅村,村镇,1911,1911,,,,hvd_154479,24.801842,110.76011
7763,CN450330,CN450330,沙江塘,广西壮族自治区平乐县沙江塘,村镇,1911,1911,,,,hvd_154485,24.558695,110.96222
7764,CN450330,CN450330,沙江墟,广西壮族自治区钟山县沙坪,村镇,1911,1911,,,,hvd_155615,24.563984,110.9976
7765,CN450330,CN450330,界木塘,广西壮族自治区平乐县界木塘,村镇,1911,1911,,,,hvd_154482,24.722286,110.81926
7766,CN450330,CN450330,葫芦子塘,广西壮族自治区平乐县葫芦塘,村镇,1911,1911,,,,hvd_154491,24.578863,110.68863
7767,CN450330,CN450330,长滩塘,广西壮族自治区平乐县长滩,村镇,1911,1911,,,,hvd_154492,24.584328,110.71144
7768,CN450330,CN450330,馒头塘,广西壮族自治区平乐县馒头塘,村镇,1911,1911,,,,hvd_154478,24.75254,110.67138
7769,CN450330,CN450330,龙窝墟,广西壮族自治区平乐县龙窝,村镇,1911,1911,,,,hvd_154615,24.598267,110.60668
7770,CN4504,CN4504,广信县,广西梧州市,县,-111,13,新建,更名,,hvd_44145,23.486898,111.30857
7771,CN4504,CN4504,苍梧郡,广西梧州市,郡,-111,8,,,,hvd_112840,23.4869,111.30857
7772,CN4504,CN4504,苍梧郡,广西梧州市,郡,-110,13,新建,更名,,hvd_34205,23.486898,111.30857
7773,CN4504,CN4504,新广郡,广西梧州市,郡,9,23,,,,hvd_112841,23.4869,111.30857
7774,CN4504,CN4504,广信亭,广西梧州市,亭,14,22,更名,更名,,hvd_44146,23.486898,111.30857
7775,CN4504,CN4504,新广郡,广西梧州市,郡,14,22,更名,更名,,hvd_34206,23.486898,111.30857
7776,CN4504,CN4504,苍梧郡,广西梧州市,郡,14,22,,,,hvd_115080,23.4869,111.30857
7777,CN4504,CN4504,广信县,广西梧州市,县,23,589,更名,更名,,hvd_44147,23.486898,111.30857
7778,CN4504,CN4504,苍梧郡,广西梧州市,郡,23,589,更名,撤销,,,23.486898,111.30857
7779,CN4504,CN4504,苍梧郡,广西梧州市,郡,23,219,,,,hvd_35029,23.4869,111.30857
7780,CN4504,CN4504,苍梧郡,广西梧州市,郡,24,0,,,,hvd_112842,23.4869,111.30857
7781,CN4504,CN4504,交址,广西梧州市,州,188,202,新建,更名,,,23.486898,111.30857
7782,CN4504,CN4504,交趾,广西梧州市,州,188,202,新建,更名,,hvd_30277,23.486898,111.30857
7783,CN4504,CN4504,交阯,广西梧州市,州,188,202,新建,更名,,,23.486898,111.30857
7784,CN4504,CN4504,交州,广西梧州市,州,203,212,,,,hvd_113548,23.4869,111.30857
7785,CN4504,CN4504,交州,广西梧州市,州,203,209,更名,治所迁移,,hvd_30278,23.486898,111.30857
7786,CN4504,CN4504,苍梧郡,广西梧州市,郡,220,225,,,,hvd_35030,23.4869,111.30857
7787,CN4504,CN4504,苍梧郡,广西梧州市,郡,226,283,,,,hvd_35031,23.4869,111.30857
7788,CN4504,CN4504,苍梧郡,广西梧州市,郡,284,350,,,,hvd_35032,23.4869,111.30857
7789,CN4504,CN4504,苍梧郡,广西梧州市,郡,351,360,,,,hvd_35033,23.4869,111.30857
7790,CN4504,CN4504,苍梧郡,广西梧州市,郡,361,424,,,,hvd_35034,23.4869,111.30857
7791,CN4504,CN4504,苍梧郡,广西梧州市,郡,425,464,,,,hvd_35035,23.4869,111.30857
7792,CN4504,CN4504,苍梧郡,广西梧州市,郡,465,501,,,,hvd_35036,23.4869,111.30857
7793,CN4504,CN4504,苍梧郡,广西梧州市,郡,502,589,,,,hvd_35087,23.4869,111.30857
7794,CN4504,CN4504,苍梧县,广西梧州市,县,590,1911,更名,数据下限,,hvd_44148,23.486898,111.30857
7795,CN4504,CN4504,苍梧郡,广西梧州市,郡,742,757,,,,hvd_35179,23.4869,111.30857
7796,CN4504,CN4504,梧州府,广西梧州市,府,1368,1368,,,,hvd_35449,23.4869,111.30857
7797,CN4504,CN4504,梧州府,广西梧州市,府,1369,1376,,,,hvd_35450,23.4869,111.30857
7798,CN4504,CN4504,梧州府,广西梧州市,府,1377,1724,,,,hvd_35451,23.4869,111.30857
7799,CN4504,CN4504,梧州府,广西梧州市,府,1725,1911,,,,hvd_35452,23.4869,111.30857
7800,CN4504,CN4504,梧州府,广西梧州市,府,1820,1820,,,,hvd_9565,23.486898,111.30857
7801,CN4504,CN4504,苍梧县,广西梧州市,县,1820,1820,,,,hvd_424,23.4869,111.30857
7802,CN4504,CN4504,思龙,广西壮族自治区苍梧县泗龙,村镇,1911,1911,,,,hvd_154721,23.629923,111.29911
7803,CN4504,CN4504,梧州府,广西壮族自治区梧州市,府,1911,1911,,,,hvd_120353,23.486898,111.30857
7804,CN4504,CN4504,苍梧县,广西梧州市,县,1911,1911,,,,hvd_122351,23.4869,111.30857
7805,CN450422,CN450422,安沂县,广西滕州西北蒙江镇,县,361,501,新建,更名,,hvd_44164,23.475643,110.73591
7806,CN450422,CN450422,永平郡,广西壮族自治区梧州市藤县,郡,361,589,,,,hvd_116119,23.21226,111.00279
7807,CN450422,CN450422,永平郡,广西壮族自治区梧州市藤县,郡,361,424,,,,hvd_35037,23.47564,110.73591
7808,CN450422,CN450422,夫宁县,广西藤县容江东岸,县,411,589,新建,更名,,hvd_44159,23.378511,110.91352
7809,CN450422,CN450422,永平郡,广西壮族自治区梧州市藤县,郡,425,478,,,,hvd_35038,23.47564,110.73591
7810,CN450422,CN450422,永平郡,广西壮族自治区梧州市藤县,郡,479,501,,,,hvd_35039,23.37851,110.91352
7811,CN450422,CN450422,安基县,广西滕州西北蒙江镇,县,502,648,更名,撤销,,hvd_44165,23.475643,110.73591
7812,CN450422,CN450422,建陵郡,广西壮族自治区梧州市藤县,郡,502,589,,,,hvd_35090,23.47564,110.73591
7813,CN450422,CN450422,永平郡,广西壮族自治区梧州市藤县,郡,502,589,,,,hvd_35089,23.37851,110.91352
7814,CN450422,CN450422,石州,广西壮族自治区梧州市藤县,州,523,588,,,,hvd_113594,23.37851,110.91352
7815,CN450422,CN450422,藤州,广西壮族自治区梧州市藤县,州,589,606,,,,hvd_110102,23.37851,110.91352
7816,CN450422,CN450422,永平县,广西藤县容江东岸,县,590,633,更名,更名,,hvd_44160,23.378511,110.91352
7817,CN450422,CN450422,滕州,广西壮族自治区梧州市藤县,州,590,606,,,,hvd_35122,23.37851,110.91352
7818,CN450422,CN450422,淳人县,广西藤县南义江口,县,599,623,新建,更名,,hvd_44170,23.206257,110.83648
7819,CN450422,CN450422,贺川县,广西藤县东南壤南镇,县,599,648,新建,撤销,,hvd_44169,23.268593,111.10482
7820,CN450422,CN450422,隋安县,广西藤县南真胜,县,599,648,新建,撤销,,hvd_44168,23.212257,111.00279
7821,CN450422,CN450422,永平郡,广西壮族自治区梧州市藤县,郡,607,620,,,,hvd_110318,23.37851,110.91352
7822,CN450422,CN450422,永平郡,广西壮族自治区梧州市藤县,郡,607,620,,,,hvd_35123,23.37851,110.91352
7823,CN450422,CN450422,藤州,广西壮族自治区梧州市藤县,州,621,741,,,,hvd_110937,23.37851,110.91352
7824,CN450422,CN450422,藤州,广西壮族自治区梧州市藤县,州,622,628,,,,hvd_35190,23.37851,110.91352
7825,CN450422,CN450422,鷰州,广西壮族自治区梧州市藤县,州,622,628,,,,hvd_35201,23.66222,110.70126
7826,CN450422,CN450422,感义县,广西藤县南义江口,县,624,969,更名,撤销,,hvd_44171,23.206257,110.83648
7827,CN450422,CN450422,藤州,广西壮族自治区梧州市藤县,州,629,632,,,,hvd_35191,23.37851,110.91352
7828,CN450422,CN450422,宁风县,广西藤县西北太平镇,县,631,969,新建,撤销,,hvd_44172,23.662222,110.70126
7829,CN450422,CN450422,泰州,广西壮族自治区梧州市藤县,州,633,633,,,,hvd_35204,23.66222,110.70126
7830,CN450422,CN450422,燕州,广西壮族自治区梧州市藤县,州,634,969,,,,hvd_116055,23.37312,110.90428
7831,CN450422,CN450422,藤州,广西壮族自治区梧州市藤县,州,634,643,,,,hvd_35193,23.37851,110.91352
7832,CN450422,CN450422,镡津县,广西藤县容江东岸,县,634,972,更名,迁移治所,,hvd_44161,23.378511,110.91352
7833,CN450422,CN450422,鷰州,广西壮族自治区梧州市藤县,州,634,635,,,,hvd_35205,23.47564,110.73591
7834,CN450422,CN450422,鷰州,广西壮族自治区梧州市藤县,州,636,643,,,,hvd_35206,23.47564,110.73591
7835,CN450422,CN450422,藤州,广西壮族自治区梧州市藤县,州,644,648,,,,hvd_35194,23.37851,110.91352
7836,CN450422,CN450422,安昌县,广西滕州西北蒙江镇,县,649,969,新建,更名,,hvd_44166,23.475643,110.73591
7837,CN450422,CN450422,藤州,广西壮族自治区梧州市藤县,州,649,654,,,,hvd_35195,23.37851,110.91352
7838,CN450422,CN450422,藤州,广西壮族自治区梧州市藤县,州,655,741,,,,hvd_35196,23.37851,110.91352
7839,CN450422,CN450422,感义郡,广西壮族自治区梧州市藤县,郡,742,755,,,,hvd_111173,23.37851,110.91352
7840,CN450422,CN450422,感义郡,广西壮族自治区梧州市藤县,郡,742,757,,,,hvd_35197,23.37851,110.91352
7841,CN450422,CN450422,义昌县,广西滕州西北蒙江镇,县,757,969,更名,撤销,,hvd_44167,23.475643,110.73591
7842,CN450422,CN450422,藤州,广西壮族自治区梧州市藤县,州,758,972,,,,hvd_35198,23.37851,110.91352
7843,CN450422,CN450422,藤州,广西壮族自治区梧州市藤县,州,973,1070,,,,hvd_35199,23.37312,110.90428
7844,CN450422,CN450422,镡津县,广西藤县,县,973,1368,迁移治所,撤销,,hvd_44162,23.37312,110.90428
7845,CN450422,CN450422,藤州,广西壮族自治区梧州市藤县,州,1071,1368,,,,hvd_35200,23.37312,110.90428
7846,CN450422,CN450422,藤州,广西梧州市藤县,州,1127,1279,,,,,23.38088,110.92147
7847,CN450422,CN450422,藤县,广西藤县,县,1377,1911,新建,数据下限,,hvd_44163,23.37312,110.90428
7848,CN450422,CN450422,和平墟,,村镇,1820,1820,,,,hvd_17466,23.541098,110.65292
7849,CN450422,CN450422,白石寨,广西藤县西北,村镇,1820,1820,,,,hvd_17469,23.607767,110.645874
7850,CN450422,CN450422,藤县,广西藤县,县,1820,1820,,,,hvd_422,23.37312,110.90428
7851,CN450422,CN450422,赤水墟,广西藤县东北赤水,村镇,1820,1820,,,,hvd_17484,23.430006,111.13534
7852,CN450422,CN450422,丹村,广西壮族自治区藤县丹村,村镇,1911,1911,,,,hvd_154745,23.370577,111.03939
7853,CN450422,CN450422,佛子坡,广西壮族自治区藤县佛子坡,村镇,1911,1911,,,,hvd_154733,23.417013,111.06158
7854,CN450422,CN450422,凤凰,广西壮族自治区藤县凤凰,村镇,1911,1911,,,,hvd_154730,23.323008,111.108406
7855,CN450422,CN450422,古寮,广西壮族自治区藤县古寮,村镇,1911,1911,,,,hvd_154742,23.286764,110.92602
7856,CN450422,CN450422,古榕州,广西壮族自治区藤县古寮西,村镇,1911,1911,,,,hvd_154743,23.279968,110.906296
7857,CN450422,CN450422,和平墟,,村镇,1911,1911,,,,hvd_154747,23.541098,110.65292
7858,CN450422,CN450422,坡头,广西壮族自治区藤县坡头,村镇,1911,1911,,,,hvd_154753,23.834944,110.65736
7859,CN450422,CN450422,大塘,广西壮族自治区藤县大塘,村镇,1911,1911,,,,hvd_154750,23.426073,110.90383
7860,CN450422,CN450422,大梳,广西壮族自治区藤县大梳,村镇,1911,1911,,,,hvd_154741,23.2559,110.952034
7861,CN450422,CN450422,官塘,广西壮族自治区藤县官塘村,村镇,1911,1911,,,,hvd_154757,23.568783,110.69433
7862,CN450422,CN450422,寺村,广西壮族自治区藤县寺村,村镇,1911,1911,,,,hvd_154756,23.702429,110.75102
7863,CN450422,CN450422,平城,广西壮族自治区藤县平成,村镇,1911,1911,,,,hvd_154729,23.226723,111.08684
7864,CN450422,CN450422,思门,广西壮族自治区藤县泗门,村镇,1911,1911,,,,hvd_154731,23.268642,111.13551
7865,CN450422,CN450422,新安,广西壮族自治区藤县新安,村镇,1911,1911,,,,hvd_154748,23.461185,110.686935
7866,CN450422,CN450422,新寨,广西壮族自治区藤县新寨,村镇,1911,1911,,,,hvd_154746,23.285631,111.024605
7867,CN450422,CN450422,新村,广西壮族自治区藤县新村,村镇,1911,1911,,,,hvd_154752,23.531406,110.81264
7868,CN450422,CN450422,江口,广西壮族自治区藤县江口,村镇,1911,1911,,,,hvd_154740,23.436268,110.711586
7869,CN450422,CN450422,汶塘,广西壮族自治区藤县汶塘,村镇,1911,1911,,,,hvd_154744,23.352455,110.93834
7870,CN450422,CN450422,王四铺,广西壮族自治区藤县王四,村镇,1911,1911,,,,hvd_154751,23.585772,110.79045
7871,CN450422,CN450422,石塘,广西壮族自治区藤县石塘,村镇,1911,1911,,,,hvd_154732,23.353588,111.130585
7872,CN450422,CN450422,窦家寨司,广西壮族自治区藤县道家,村镇,1911,1911,,,,hvd_154735,23.127068,110.67954
7873,CN450422,CN450422,藤县,广西藤县,县,1911,1911,,,,hvd_122352,23.37312,110.90428
7874,CN450422,CN450422,黄塘铺,广西壮族自治区藤县黄塘,村镇,1911,1911,,,,hvd_154739,23.353588,110.65489
7875,CN450422,CN450422,黄沙墟,广西壮族自治区藤县黄沙,村镇,1911,1911,,,,hvd_154736,23.229002,110.76581
7876,CN450422,CN450422,龙庆塘,广西壮族自治区藤县龙庆,村镇,1911,1911,,,,hvd_154738,23.383036,110.74116
7877,CN450521,CN450521,合浦郡,广西壮族自治区北海市合浦县,郡,-111,8,,,,hvd_112848,21.77269,109.23376
7878,CN450521,CN450521,桓合郡,广西壮族自治区北海市合浦县,郡,9,23,,,,hvd_112849,21.77269,109.23376
7879,CN450521,CN450521,合浦郡,广西壮族自治区北海市合浦县,郡,24,0,,,,hvd_112850,21.77269,109.23376
7880,CN450521,CN450521,珠官郡,广西壮族自治区北海市合浦县,郡,228,241,,,,hvd_35045,21.76077,109.26449
7881,CN450521,CN450521,珠官郡,广西壮族自治区北海市合浦县,郡,242,255,,,,hvd_35046,21.76077,109.26449
7882,CN450521,CN450521,新安县,广西合浦县西北乌家村,县,317,501,新建,撤销,,hvd_42532,21.772644,109.0242
7883,CN450521,CN450521,临漳郡,广西壮族自治区北海市合浦县,郡,420,470,,,,hvd_35099,21.79058,109.28831
7884,CN450521,CN450521,临漳郡,广西壮族自治区北海市合浦县,郡,471,501,,,,hvd_35100,21.79058,109.28831
7885,CN450521,CN450521,安昌郡,广西合浦县北石湾镇,郡,471,589,,,,hvd_35111,21.77269,109.23376
7886,CN450521,CN450521,安昌郡,广西合浦县北石湾镇,郡,471,556,新建,撤销,,,21.772694,109.23376
7887,CN450521,CN450521,百梁郡,广西壮族自治区北海市合浦县,郡,471,589,,,,hvd_35109,21.67015,109.19004
7888,CN450521,CN450521,百梁郡,广西合浦县东百良山下白沙镇,郡,471,556,新建,撤销,,,21.709192,109.680214
7889,CN450521,CN450521,越州,广西合浦县东百良山下白沙镇,州,471,478,新建,治所迁移,,hvd_30283,21.709192,109.680214
7890,CN450521,CN450521,始昌县,广西合浦县东北公馆镇,县,474,557,新建,撤销,,hvd_42543,21.796661,109.607185
7891,CN450521,CN450521,宋西县,广西合浦县东北山口镇,县,474,557,新建,撤销,,hvd_42544,21.603144,109.723854
7892,CN450521,CN450521,武桑县,广西合浦县北石湾镇,县,474,556,新建,撤销,,hvd_42536,21.772694,109.23376
7893,CN450521,CN450521,百梁县,广西合浦县,县,474,557,新建,撤销,,hvd_42542,21.709192,109.680214
7894,CN450521,CN450521,大廉县,广西合浦县东闸口圩,县,557,606,新建,撤销,,hvd_42534,21.705572,109.4764
7895,CN450521,CN450521,大廉县,广西合浦县东闸口圩,县,622,971,新建,撤销,,hvd_42535,21.705572,109.4764
7896,CN450521,CN450521,安昌县,广西合浦县北石湾镇,县,622,637,新建,撤销,,hvd_42537,21.772694,109.23376
7897,CN450521,CN450521,廉州,广西合浦县东北石康镇,州,972,982,治所迁移,更名和治所迁移,,hvd_34023,21.772964,109.33362
7898,CN450521,CN450521,石康县,广西合浦县东北石康镇,县,972,1471,新建,撤销,,hvd_42531,21.772964,109.33362
7899,CN450521,CN450521,太平军,广西合浦县,军,983,997,更名和治所迁移,更名,,hvd_34024,21.670145,109.19004
7900,CN450521,CN450521,合浦县,广西合浦县,县,998,1373,新建,撤销,,hvd_42525,21.670145,109.19004
7901,CN450521,CN450521,廉州,广西合浦县,州,998,1279,更名,更名,,hvd_34025,21.670145,109.19004
7902,CN450521,CN450521,廉州府,广西省合浦县,府,1368,1373,更名,更名,,hvd_33009,21.670145,109.19004
7903,CN450521,CN450521,廉州,广西合浦县,直隶州,1374,1375,更名,撤销,,hvd_33010,21.670145,109.19004
7904,CN450521,CN450521,廉州,广西合浦县,州,1376,1380,新建,撤销,,hvd_42652,21.670145,109.19004
7905,CN450521,CN450521,合浦县,广西合浦县,县,1381,1911,新建,数据下限,,hvd_42526,21.670145,109.19004
7906,CN450521,CN450521,廉州府,广西合浦县,府,1381,1911,新建,数据下限,,hvd_33011,21.670145,109.19004
7907,CN450521,CN450521,乌家塘,广东合浦县西北,村镇,1820,1820,,,,hvd_17198,21.773,109.024
7908,CN450521,CN450521,乾体,广东合浦县西南,村镇,1820,1820,,,,hvd_17201,21.61482,109.16078
7909,CN450521,CN450521,公馆,广东合浦县东北公馆,村镇,1820,1820,,,,hvd_17202,21.796661,109.607185
7910,CN450521,CN450521,合浦县,广西合浦县,县,1820,1820,,,,hvd_321,21.67015,109.19004
7911,CN450521,CN450521,廉州府,广西省合浦县,府,1820,1820,,,,hvd_9553,21.67015,109.19004
7912,CN450521,CN450521,永安所,广东合浦县东,村镇,1820,1820,,,,hvd_17196,21.562437,109.66699
7913,CN450521,CN450521,石康,广东合浦县东北,村镇,1820,1820,,,,hvd_17208,21.772964,109.33362
7914,CN450521,CN450521,西场,广东合浦县西之西场,村镇,1820,1820,,,,hvd_17194,21.631,108.972
7915,CN450521,CN450521,上洋墟,广西合浦县上洋,村镇,1911,1911,,,,hvd_127369,21.717663,109.132454
7916,CN450521,CN450521,乾体市,广西合浦县乾江,村镇,1911,1911,,,,hvd_127406,21.608631,109.15231
7917,CN450521,CN450521,合浦县,广西合浦县,县,1911,1911,,,,hvd_121119,21.67015,109.19004
7918,CN450521,CN450521,多蕉塘,广西合浦县多蕉,村镇,1911,1911,,,,hvd_127405,21.816917,109.3618
7919,CN450521,CN450521,廉州府,广西省合浦县,府,1911,1911,,,,hvd_120171,21.67015,109.19004
7920,CN450521,CN450521,永安墟,广西合浦县永安,村镇,1911,1911,,,,hvd_127399,21.558735,109.68198
7921,CN450521,CN450521,英罗港,广西合浦县英罗,村镇,1911,1911,,,,hvd_127400,21.48065,109.75205
7922,CN450981,CN450981,良国县,广西北流县南六靖镇,县,479,556,新建,更名,,hvd_44278,22.26029,110.533455
7923,CN450981,CN450981,陆川郡,广西壮族自治区玉林市北流市,郡,479,501,,,,hvd_35096,22.26029,110.53345
7924,CN450981,CN450981,陆川郡,广西壮族自治区玉林市北流市,郡,479,556,,,,hvd_115593,22.26029,110.53346
7925,CN450981,CN450981,北流郡,广西壮族自治区玉林市北流市,郡,488,501,,,,hvd_35097,22.71418,110.34752
7926,CN450981,CN450981,陆川县,广西北流县南六靖镇,县,557,605,更名,撤销,,hvd_44279,22.26029,110.533455
7927,CN450981,CN450981,北流县,广西北流县,县,590,1911,新建,数据下限,,hvd_44275,22.714184,110.34752
7928,CN450981,CN450981,铜州,广西壮族自治区玉林市北流市,州,621,626,,,,hvd_110539,22.71418,110.34752
7929,CN450981,CN450981,铜州,广西壮族自治区玉林市北流市,州,621,633,,,,hvd_35264,22.71418,110.34752
7930,CN450981,CN450981,陆川县,广西北流县南六靖镇,县,621,975,新建,迁移治所,,hvd_44280,22.26029,110.533455
7931,CN450981,CN450981,陵城县,广西北流县东民安镇,县,621,971,新建,撤销,,hvd_44276,22.739859,110.4413
7932,CN450981,CN450981,扶莱县,广西北流县东南扶新镇,县,622,635,新建,撤销,,hvd_44284,22.374859,110.66294
7933,CN450981,CN450981,容州,广西北流县,州,627,741,,,,hvd_110919,22.71418,110.34752
7934,CN450981,CN450981,容州,广西北流县,州,634,636,,,,hvd_35265,22.71418,110.34752
7935,CN450981,CN450981,容州,广西北流县,州,637,648,,,,hvd_35266,22.71418,110.34752
7936,CN450981,CN450981,容州,广西北流县,州,649,667,,,,hvd_35267,22.71418,110.34752
7937,CN450981,CN450981,东峨州,广西壮族自治区玉林市北流市,州,668,668,,,,hvd_35258,22.53152,110.45359
7938,CN450981,CN450981,东峨州,广西壮族自治区玉林市北流市,州,668,668,,,,hvd_110715,22.53152,110.45359
7939,CN450981,CN450981,容州,广西北流县,州,668,741,,,,hvd_35268,22.71418,110.34752
7940,CN450981,CN450981,峨石县,广西北流县东南隆盛镇,县,668,971,新建,撤销,,hvd_44277,22.531525,110.45359
7941,CN450981,CN450981,扶莱县,广西北流县东南扶新镇,县,668,971,新建,撤销,,hvd_44285,22.374859,110.66294
7942,CN450981,CN450981,禺州,广西壮族自治区玉林市北流市,州,668,975,,,,hvd_116132,22.53153,110.45359
7943,CN450981,CN450981,禺州,广西壮族自治区玉林市北流市,州,669,741,,,,hvd_35259,22.53152,110.45359
7944,CN450981,CN450981,禺州,广西壮族自治区玉林市北流市,州,669,741,,,,hvd_110920,22.53152,110.45359
7945,CN450981,CN450981,普宁郡,广西壮族自治区玉林市北流市,郡,742,757,,,,hvd_35269,22.71418,110.34752
7946,CN450981,CN450981,普宁郡,广西壮族自治区玉林市北流市,郡,742,754,,,,hvd_111126,22.71418,110.34752
7947,CN450981,CN450981,温水郡,广西壮族自治区玉林市北流市,郡,742,754,,,,hvd_111127,22.53152,110.45359
7948,CN450981,CN450981,温水郡,广西壮族自治区玉林市北流市,郡,742,757,,,,hvd_35260,22.53152,110.45359
7949,CN450981,CN450981,容管经略使,广西壮族自治区玉林市北流市,防镇,755,758,,,,hvd_30200,22.71418,110.34752
7950,CN450981,CN450981,容州,广西北流县,州,758,781,,,,hvd_35270,22.71418,110.34752
7951,CN450981,CN450981,禺州,广西壮族自治区玉林市北流市,州,758,772,,,,hvd_35261,22.53152,110.45359
7952,CN450981,CN450981,容州经略都防御使,广西壮族自治区玉林市北流市,防镇,759,759,,,,hvd_30201,22.71418,110.34752
7953,CN450981,CN450981,容管观察使,广西壮族自治区玉林市北流市,防镇,760,765,,,,hvd_30202,22.71418,110.34752
7954,CN450981,CN450981,容管观察使,广西壮族自治区玉林市北流市,防镇,760,896,,,,hvd_111630,22.71418,110.34752
7955,CN450981,CN450981,容管经略使,广西壮族自治区玉林市北流市,防镇,766,812,,,,hvd_30203,22.71418,110.34752
7956,CN450981,CN450981,禺州,广西壮族自治区玉林市北流市,州,773,781,,,,hvd_35262,22.53152,110.45359
7957,CN450981,CN450981,容州,广西北流县,州,782,812,,,,hvd_35271,22.71418,110.34752
7958,CN450981,CN450981,禺州,广西壮族自治区玉林市北流市,州,782,971,,,,hvd_35263,22.53152,110.45359
7959,CN450981,CN450981,宁远军节度使,广西壮族自治区玉林市北流市,防镇,897,939,,,,hvd_30206,22.71418,110.34752
7960,CN450981,CN450981,宁远军节度使,广西壮族自治区玉林市北流市,防镇,897,970,,,,hvd_111821,22.71418,110.34752
7961,CN450981,CN450981,北流县,广西北流县,县,1820,1820,,,,hvd_454,22.71418,110.34752
7962,CN450981,CN450981,双威寨,广西北流县东南双盛,村镇,1820,1820,,,,hvd_17515,22.531525,110.45359
7963,CN450981,CN450981,六鹤,广西壮族自治区北流县六合,村镇,1911,1911,,,,hvd_154897,22.345385,110.57109
7964,CN450981,CN450981,北流县,广西北流县,县,1911,1911,,,,hvd_122357,22.71418,110.34752
7965,CN450981,CN450981,平山,广西壮族自治区北流县平山,村镇,1911,1911,,,,hvd_154906,22.680096,110.47004
7966,CN450981,CN450981,洪滩,广西壮族自治区北流县洪滩,村镇,1911,1911,,,,hvd_154902,22.561693,110.4306
7967,CN450981,CN450981,石村垌,广西壮族自治区北流县石村垌,村镇,1911,1911,,,,hvd_154908,22.691479,110.38377
7968,CN450981,CN450981,罗屯寨,广西壮族自治区北流县罗屯,村镇,1911,1911,,,,hvd_154899,22.436462,110.49962
7969,CN450981,CN450981,莲塘,广西壮族自治区北流县莲塘,村镇,1911,1911,,,,hvd_154905,22.635796,110.48845
7970,CN450981,CN450981,西山,广西壮族自治区容县西山圩,村镇,1911,1911,,,,hvd_154912,22.799812,110.444786
7971,CN450981,CN450981,金城,广西壮族自治区北流县金城,村镇,1911,1911,,,,hvd_154903,22.618616,110.265465
7972,CN450981,CN450981,铁炉,广西壮族自治区北流县铁炉,村镇,1911,1911,,,,hvd_154911,22.825819,110.41582
7973,CN450981,CN450981,香塘,广西壮族自治区北流县香塘,村镇,1911,1911,,,,hvd_154901,22.55714,110.378845
7974,CN450981,CN450981,龙扒塘村,广西壮族自治区北流县龙马,村镇,1911,1911,,,,hvd_154904,22.648216,110.36899
7975,CN469005,CN469005,紫贝县,海南省文昌县南衙前村,县,-110,-47,新建,撤销,,hvd_42452,19.607075,110.74573
7976,CN469005,CN469005,武德县,海南省文昌县北平昌村,县,546,621,新建,更名,,hvd_42448,19.759296,110.77374
7977,CN469005,CN469005,平昌县,海南省文昌县北平昌村,县,622,626,更名,更名,,hvd_42449,19.759296,110.77374
7978,CN469005,CN469005,文昌县,海南省文昌县北平昌村,县,627,1330,更名,迁移治所,,hvd_42450,19.759296,110.77374
7979,CN469005,CN469005,乐会县,海南省文昌县南古乐昌村,县,789,1108,新建,迁移治所,,hvd_42464,19.368706,110.61469
7980,CN469005,CN469005,文昌县,海南省文昌县,县,1331,1911,迁移治所,数据下限,,hvd_42451,19.620953,110.7559
7981,CN469005,CN469005,文昌县,海南省文昌县,县,1820,1820,,,,hvd_334,19.62095,110.7559
7982,CN469005,CN469005,清澜,海南文昌县东南清澜,村镇,1820,1820,,,,hvd_17267,19.559826,110.81867
7983,CN469005,CN469005,铺前,海南文昌县东北铺前,村镇,1820,1820,,,,hvd_17292,20.029049,110.58326
7984,CN469005,CN469005,三合庭铺,海南文昌县三合,村镇,1911,1911,,,,hvd_127151,19.675205,110.695145
7985,CN469005,CN469005,冠南市,海南文昌县冠南圩,村镇,1911,1911,,,,hvd_127146,19.48023,110.77545
7986,CN469005,CN469005,凤尾村,海南文昌县凤尾圩,村镇,1911,1911,,,,hvd_127161,19.889051,110.77449
7987,CN469005,CN469005,加定村,海南文昌县加丁,村镇,1911,1911,,,,hvd_127162,19.989683,110.90547
7988,CN469005,CN469005,抱芳市,海南文昌县宝芳,村镇,1911,1911,,,,hvd_127154,19.718334,110.817825
7989,CN469005,CN469005,抱虎湾,海南文昌县抱虎港,村镇,1911,1911,,,,hvd_127483,19.977442,110.86192
7990,CN469005,CN469005,文昌县,海南省文昌县,县,1911,1911,,,,hvd_121105,19.62095,110.7559
7991,CN469005,CN469005,新埠港,海南文昌县新埠,村镇,1911,1911,,,,hvd_127165,20.089252,110.58237
7992,CN469005,CN469005,昌壁村,海南文昌县昌壁,村镇,1911,1911,,,,hvd_127156,19.730015,110.97144
7993,CN469005,CN469005,木栏头,海南文昌县木栏头,村镇,1911,1911,,,,hvd_127166,20.151415,110.68367
7994,CN469005,CN469005,清澜港口,海南文昌县清澜镇,村镇,1911,1911,,,,hvd_127149,19.559826,110.81867
7995,CN469005,CN469005,烟墩市,海南文昌县烟墩圩,村镇,1911,1911,,,,hvd_127144,19.422785,110.7087
7996,CN469005,CN469005,百延市,海南文昌县白延圩,村镇,1911,1911,,,,hvd_127145,19.46136,110.70566
7997,CN469005,CN469005,石壁市,海南文昌县石壁,村镇,1911,1911,,,,,19.499996,110.61196
7998,CN469005,CN469005,罗豆市,海南文昌县罗豆市,村镇,1911,1911,,,,hvd_127163,19.983992,110.63719
7999,CN469005,CN469005,蛟塘市,海南文昌县蛟塘圩,村镇,1911,1911,,,,hvd_127159,19.78752,110.662636
8000,CN469005,CN469005,迈号市,海南文昌县迈号,村镇,1911,1911,,,,hvd_127148,19.543125,110.741035
8001,CN469005,CN469005,铜鼓嘴,海南文昌县铜鼓角,村镇,1911,1911,,,,hvd_127155,19.640163,111.03263
8002,CN469005,CN469005,龙马市,海南文昌县龙马,村镇,1911,1911,,,,hvd_127157,19.860626,110.892975
8003,CN50,CN50,巴县,四川重庆市,县,1820,1820,,,,hvd_1276,29.590403,106.44495
8004,CN50,CN50,重庆府,四川重庆市,府,1820,1820,,,,hvd_9719,29.590403,106.44495
8005,CN500101,CN500101,羊渠县,重庆市万县市,县,216,229,新建,更名,,hvd_44515,30.812864,108.3736
8006,CN500101,CN500101,南浦县,重庆市万县市,县,230,556,更名,更名,,hvd_44516,30.812864,108.3736
8007,CN500101,CN500101,安乡县,重庆市万县市,县,557,597,更名,更名,,hvd_44517,30.812864,108.3736
8008,CN500101,CN500101,安乡郡,重庆市万州区,郡,557,757,,,,hvd_115022,30.81286,108.3736
8009,CN500101,CN500101,南都郡,重庆市万州区,郡,561,574,,,,hvd_115627,30.83656,108.35496
8010,CN500101,CN500101,源阳县,重庆市万县西南长江西岸武陵,县,561,574,新建,更名,,hvd_44531,30.50567,108.254776
8011,CN500101,CN500101,万川郡,重庆市万州区,郡,567,582,,,,hvd_115889,30.61951,108.6408
8012,CN500101,CN500101,武宁县,重庆市万县西南长江西岸武陵,县,575,1370,更名,撤销,,hvd_44532,30.50567,108.254776
8013,CN500101,CN500101,南州,重庆市万州区,州,583,606,,,,hvd_96561,30.81286,108.3736
8014,CN500101,CN500101,南浦县,重庆市万县市,县,598,1282,更名,撤销,,hvd_44518,30.812864,108.3736
8015,CN500101,CN500101,南浦州,重庆市万州区,州,619,624,,,,hvd_110519,30.81286,108.3736
8016,CN500101,CN500101,浦州,重庆市万州区,州,625,633,,,,hvd_110662,30.81286,108.3736
8017,CN500101,CN500101,万州,重庆市万县市,州,634,741,,,,hvd_111103,30.81286,108.3736
8018,CN500101,CN500101,南浦郡,重庆市万州区,郡,742,756,,,,hvd_111264,30.81286,108.3736
8019,CN500101,CN500101,龙渠县,重庆市万县东南龙驹,县,1131,1277,新建,撤销,,hvd_44550,30.619509,108.6408
8020,CN500101,CN500101,万州,重庆市万县市,州,1283,1372,新建,更名,,hvd_44519,30.812864,108.3736
8021,CN500101,CN500101,万县,重庆府万县市,县,1373,1911,更名,数据下限,,hvd_44520,30.812864,108.3736
8022,CN500101,CN500101,万县,重庆府万县市,县,1820,1820,,,,hvd_1253,30.81286,108.3736
8023,CN500101,CN500101,三正铺,四川万县西南三正埠,村镇,1820,1820,,,,hvd_21430,30.775095,108.143295
8024,CN500101,CN500101,周溪驿,四川万县市东北周溪,村镇,1820,1820,,,,hvd_21431,30.9244,108.5225
8025,CN500101,CN500101,瀼途驿,四川万县市南瀼途驿,村镇,1820,1820,,,,hvd_21435,30.594997,108.297455
8026,CN500101,CN500101,万县,重庆府万县市,县,1911,1911,,,,hvd_122754,30.81156,108.37228
8027,CN500101,CN500101,三正,四川省万县三正,村镇,1911,1911,,,,hvd_162803,30.764727,108.1389
8028,CN500101,CN500101,上复兴,四川省万县复兴,村镇,1911,1911,,,,hvd_162790,30.558266,108.31351
8029,CN500101,CN500101,余家镇,四川省万县桥亭镇,村镇,1911,1911,,,,hvd_162809,30.795761,107.94138
8030,CN500101,CN500101,凤仪场,四川省万县凤仪,村镇,1911,1911,,,,hvd_162781,30.527931,108.75248
8031,CN500101,CN500101,向家咀,四川省万县向家,村镇,1911,1911,,,,hvd_166156,30.760391,108.71295
8032,CN500101,CN500101,培文,四川省万县培文,村镇,1911,1911,,,,hvd_162800,30.60665,108.0367
8033,CN500101,CN500101,大溪口,四川省万县大溪,村镇,1911,1911,,,,hvd_166155,30.59986,108.33236
8034,CN500101,CN500101,护城,四川省万县护城,村镇,1911,1911,,,,hvd_162793,30.846197,108.3887
8035,CN500101,CN500101,河口,四川省万县河口,村镇,1911,1911,,,,hvd_162799,30.651669,108.28414
8036,CN500101,CN500101,瀼溪,四川省万县瀼溪,村镇,1911,1911,,,,hvd_162798,30.60733,108.30737
8037,CN500101,CN500101,赶场镇,四川省万县赶场,村镇,1911,1911,,,,hvd_162785,30.64634,108.60957
8038,CN500101,CN500101,马头镇,四川省万县马头,村镇,1911,1911,,,,hvd_162784,30.54285,108.588486
8039,CN500101,CN500101,高山坡,四川省万县高升,村镇,1911,1911,,,,hvd_162804,30.791885,108.20997
8040,CN500117,CN500117,垫江县,四川合川县,县,-314,555,新建,更名,,hvd_44679,30.003942,106.25956
8041,CN500117,CN500117,东宕渠郡,重庆市合川区,郡,438,555,,,,hvd_115171,30.01061,106.30041
8042,CN500117,CN500117,合州,重庆合川县,州,556,582,,,,hvd_113406,30.00394,106.25956
8043,CN500117,CN500117,合州,重庆合川县,州,556,597,,,,,30.003942,106.25956
8044,CN500117,CN500117,垫江郡,重庆市合川区,郡,556,582,,,,hvd_115159,30.00394,106.25956
8045,CN500117,CN500117,石镜县,四川合川县,县,556,964,更名,更名,,hvd_44680,30.003942,106.25956
8046,CN500117,CN500117,合州,重庆合川县,州,583,597,,,,hvd_96565,30.00394,106.25956
8047,CN500117,CN500117,涪州,重庆合川县,州,583,606,,,,hvd_110167,30.00394,106.25956
8048,CN500117,CN500117,涪州,重庆合川县,州,598,606,,,,hvd_96566,30.003942,106.25956
8049,CN500117,CN500117,涪陵郡,重庆合川县,郡,607,617,,,,hvd_110266,30.003942,106.25956
8050,CN500117,CN500117,合州,重庆合川县,州,618,718,,,,hvd_110821,30.00394,106.25956
8051,CN500117,CN500117,合州,重庆合川县,州,618,1819,,,,,30.003942,106.25956
8052,CN500117,CN500117,新明县,重庆市合川区,县,619,699,,,,hvd_96229,30.17173,106.50468
8053,CN500117,CN500117,铜梁县,四川铜梁县北铜溪镇,县,715,727,迁移治所,迁移治所,,hvd_44724,29.996231,106.13577
8054,CN500117,CN500117,合州,重庆合川县,州,728,1668,,,,hvd_115318,30.00394,106.25956
8055,CN500117,CN500117,巴川郡,重庆市合川区,郡,742,757,,,,hvd_115024,30.00394,106.25956
8056,CN500117,CN500117,石照县,四川合川县,县,965,1242,更名,迁移治所,,hvd_44681,30.003942,106.25956
8057,CN500117,CN500117,石照县,四川合川县,县,1285,1361,迁移治所,撤销,,hvd_44683,30.003942,106.25956
8058,CN500117,CN500117,云门镇,四川合川县北云门,村镇,1820,1820,,,,hvd_21409,30.088566,106.32972
8059,CN500117,CN500117,合州,四川合川县,州,1820,1820,,,,hvd_1244,30.003942,106.25956
8060,CN500117,CN500117,大石铺,四川合川县北大石场,村镇,1820,1820,,,,hvd_21411,30.121761,106.20509
8061,CN500117,CN500117,万寿场,四川省合川县赤水,村镇,1911,1911,,,,hvd_165713,30.249245,106.00253
8062,CN500117,CN500117,三汇,四川省合川县,村镇,1911,1911,,,,hvd_165737,30.083109,106.57652
8063,CN500117,CN500117,临渡场,四川省合川县临渡,村镇,1911,1911,,,,hvd_165722,29.959452,106.22382
8064,CN500117,CN500117,九塘,四川省合川县九塘,村镇,1911,1911,,,,hvd_165749,29.906155,106.27877
8065,CN500117,CN500117,兴隆场,四川省合川县万隆,村镇,1911,1911,,,,hvd_165710,30.317932,106.12935
8066,CN500117,CN500117,化生沱,四川省合川县化龙,村镇,1911,1911,,,,hvd_165718,30.017523,106.05703
8067,CN500117,CN500117,十塘,四川省合川县十塘,村镇,1911,1911,,,,hvd_165726,29.918482,106.25387
8068,CN500117,CN500117,双河镇（镇脚寺）,四川省合川县正觉,村镇,1911,1911,,,,hvd_165746,30.16962,106.44223
8069,CN500117,CN500117,合州,重庆合川县,州,1911,1911,,,,hvd_122872,30.00259,106.25821
8070,CN500117,CN500117,土主场,四川省江北县土主,村镇,1911,1911,,,,hvd_165833,29.925606,106.484795
8071,CN500117,CN500117,大石铺,四川省合川县大石镇,村镇,1911,1911,,,,hvd_165721,30.120407,106.203735
8072,CN500117,CN500117,太和场,四川省合川县保合,村镇,1911,1911,,,,hvd_165729,29.987318,106.47561
8073,CN500117,CN500117,太平场,四川省合川县高龙,村镇,1911,1911,,,,hvd_165747,30.141972,106.36929
8074,CN500117,CN500117,官渡场,四川省合川县官渡区,村镇,1911,1911,,,,hvd_165733,30.081425,106.42522
8075,CN500117,CN500117,尖山,四川省合川县尖山,村镇,1911,1911,,,,hvd_165748,30.086477,106.1628
8076,CN500117,CN500117,方溪,四川省合川县方溪,村镇,1911,1911,,,,hvd_165723,30.052876,106.21667
8077,CN500117,CN500117,永兴场,四川省合川县龙井,村镇,1911,1911,,,,hvd_165714,30.159513,106.10998
8078,CN500117,CN500117,沙溪,四川省合川县沙溪,村镇,1911,1911,,,,hvd_165750,29.959578,106.32976
8079,CN500117,CN500117,泥溪,四川省合川县泥溪,村镇,1911,1911,,,,hvd_165735,30.14142,106.30248
8080,CN500117,CN500117,清平场,四川省江北县清平镇,村镇,1911,1911,,,,hvd_165834,29.963097,106.500755
8081,CN500117,CN500117,渠嘉,四川省合川县渠嘉,村镇,1911,1911,,,,hvd_165731,30.044994,106.35966
8082,CN500117,CN500117,渭溪镇,四川省合川县渭溪区,村镇,1911,1911,,,,hvd_165741,30.189224,106.56375
8083,CN500117,CN500117,盐井,四川省合川县盐井镇,村镇,1911,1911,,,,hvd_165724,29.942373,106.337585
8084,CN500117,CN500117,石龙场,四川省合川县石龙,村镇,1911,1911,,,,hvd_166023,30.266691,106.58003
8085,CN500117,CN500117,马头,四川省合川县码头,村镇,1911,1911,,,,hvd_165744,30.270937,106.53375
8086,CN500117,CN500117,麻柳,四川省合川县柳坪,村镇,1911,1911,,,,hvd_165727,29.933699,106.39234
8087,CN500117,CN500117,龙洞,四川省合川县龙洞,村镇,1911,1911,,,,hvd_165725,29.980677,106.36986
8088,CN500233,CN500233,临江县,重庆市忠县,县,-202,13,新建,更名,,hvd_44535,30.298578,108.03158
8089,CN500233,CN500233,监江县,重庆市忠县,县,14,22,更名,更名,,hvd_44536,30.298578,108.03158
8090,CN500233,CN500233,临江县,重庆市忠县,县,23,1376,更名,撤销,,hvd_44537,30.298578,108.03158
8091,CN500233,CN500233,临州临江郡,重庆市忠县,郡,553,582,,,,hvd_115565,30.29858,108.03158
8092,CN500233,CN500233,临州,重庆市忠县,州,557,605,,,,hvd_113425,30.29858,108.03158
8093,CN500233,CN500233,临州,重庆市忠县,州,583,606,,,,hvd_96562,30.29858,108.03158
8094,CN500233,CN500233,临州,重庆市忠县,州,618,633,,,,hvd_110663,30.29858,108.03158
8095,CN500233,CN500233,忠州,重庆市忠县,州,634,741,,,,hvd_111104,30.29858,108.03158
8096,CN500233,CN500233,忠州,重庆市忠县,州,634,742,,,,,30.298578,108.03158
8097,CN500233,CN500233,临州,重庆市忠县,州,732,738,,,,hvd_115564,30.29858,108.03158
8098,CN500233,CN500233,南宾郡,重庆市忠县,郡,742,756,,,,hvd_111265,30.29858,108.03158
8099,CN500233,CN500233,忠州,重庆市忠县,州,742,1376,,,,hvd_116203,30.29858,108.03158
8100,CN500233,CN500233,忠州,重庆市忠县,州,758,1264,,,,,30.298578,108.03158
8101,CN500233,CN500233,镇江军节度使,重庆市忠县,防镇,906,913,,,,hvd_111683,30.29858,108.03158
8102,CN500233,CN500233,咸淳府,重庆市忠县,府,1127,1279,,,,,30.306133,108.044205
8103,CN500233,CN500233,忠州,重庆市忠县,州,1377,1733,新建,撤销,,hvd_44538,30.298578,108.03158
8104,CN500233,CN500233,忠州,重庆市忠县,直隶州,1733,1911,,,,hvd_96603,30.29858,108.03158
8105,CN500233,CN500233,丰收铺,四川忠县西北丰收场,村镇,1820,1820,,,,hvd_21415,30.421951,107.941315
8106,CN500233,CN500233,任家铺,四川忠县西南任家铺,村镇,1820,1820,,,,hvd_21419,30.137613,107.88336
8107,CN500233,CN500233,忠州,四川忠县,直隶州,1820,1820,,,,hvd_9715,30.298578,108.03158
8108,CN500233,CN500233,拔山寺,四川忠县西拔山寺,村镇,1820,1820,,,,hvd_21422,30.313206,107.71859
8109,CN500233,CN500233,涂井镇,四川忠县东北涂井场,村镇,1820,1820,,,,hvd_21434,30.417744,108.146805
8110,CN500233,CN500233,石桥井,四川忠县东北石桥井,村镇,1820,1820,,,,hvd_21658,30.43898,108.089325
8111,CN500233,CN500233,㽏井,四川省忠县㽏井,村镇,1911,1911,,,,hvd_163013,30.35384,108.03337
8112,CN500233,CN500233,两河,四川省忠县两河,村镇,1911,1911,,,,hvd_163025,30.247795,107.8089
8113,CN500233,CN500233,丰收场,四川省忠县丰收,村镇,1911,1911,,,,hvd_163011,30.420624,107.939995
8114,CN500233,CN500233,八德,四川省忠县八德,村镇,1911,1911,,,,hvd_163026,30.356066,107.73902
8115,CN500233,CN500233,坡口,四川省石柱土家族自治县坡口,村镇,1911,1911,,,,hvd_162883,30.225351,108.10897
8116,CN500233,CN500233,巴营,四川省忠县巴营,村镇,1911,1911,,,,hvd_163027,30.295904,107.950745
8117,CN500233,CN500233,忠州,重庆市忠县,直隶州,1911,1911,,,,hvd_120423,30.29725,108.03026
8118,CN500233,CN500233,曹家,四川省忠县曹家,村镇,1911,1911,,,,hvd_163006,30.151066,108.00368
8119,CN500233,CN500233,赶场,四川省忠县赶场,村镇,1911,1911,,,,hvd_163012,30.532104,108.11857
8120,CN500233,CN500233,长岭,四川省忠县长岗,村镇,1911,1911,,,,hvd_163023,30.331617,107.61103
8121,CN500233,CN500233,马家场,四川省忠县马贯区,村镇,1911,1911,,,,hvd_163018,30.395733,107.73696
8122,CN500233,CN500233,高洞,四川省忠县高洞,村镇,1911,1911,,,,hvd_163019,30.373775,107.80876
8123,CN500233,CN500233,黄钦,四川省忠县黄钦,村镇,1911,1911,,,,hvd_163021,30.406412,107.69111
8124,CN500235,CN500235,朐忍县,重庆市云阳县西三十里、长江北岸万户城,县,-314,560,新建,更名,,hvd_44496,30.930952,108.74291
8125,CN500235,CN500235,朐䏰县,重庆市云阳县西三十里、长江北岸万户城,县,-314,560,新建,更名,,,30.930952,108.74291
8126,CN500235,CN500235,云安县,重庆市云阳县,县,561,1282,更名,撤销,,hvd_44497,30.966854,108.891495
8127,CN500235,CN500235,信州,重庆市云阳县,州,583,606,,,,hvd_96557,30.96685,108.89149
8128,CN500235,CN500235,巴东郡,重庆市云阳县,郡,607,617,,,,hvd_96558,30.96685,108.89149
8129,CN500235,CN500235,云安军,重庆市云阳县,军,973,1282,,,,hvd_116150,30.96685,108.8915
8130,CN500235,CN500235,云安军,重庆市县云阳县,军,1127,1279,,,,,30.93674,108.70343
8131,CN500235,CN500235,云阳州,重庆市云阳县,州,1283,1372,新建,更名,,hvd_44512,30.966854,108.891495
8132,CN500235,CN500235,云阳县,重庆市云阳县,县,1373,1911,更名,数据下限,,hvd_44513,30.966854,108.891495
8133,CN500235,CN500235,云安,四川云阳县西北云安,村镇,1820,1820,,,,hvd_21329,31.064255,108.84977
8134,CN500235,CN500235,云阳县,重庆市云阳县,县,1820,1820,,,,hvd_1254,30.96685,108.89149
8135,CN500235,CN500235,巴阳驿,四川云阳县东巴阳溪,村镇,1820,1820,,,,hvd_21341,30.990654,109.160904
8136,CN500235,CN500235,高阳镇,四川云阳县西北高阳镇,村镇,1820,1820,,,,hvd_21328,31.071316,108.69599
8137,CN500235,CN500235,云阳县,重庆市云阳县,县,1911,1911,,,,hvd_122755,30.96556,108.89019
8138,CN500235,CN500235,南溪镇,四川省云阳县南溪区,村镇,1911,1911,,,,hvd_162829,31.120956,108.85139
8139,CN500235,CN500235,双江镇,四川省云阳县双江镇,村镇,1911,1911,,,,hvd_162820,30.95775,108.65852
8140,CN500235,CN500235,水磨,四川省云阳县水磨,村镇,1911,1911,,,,hvd_162816,30.932306,108.872826
8141,CN500235,CN500235,沙沱镇,四川省云阳县沙陀,村镇,1911,1911,,,,hvd_162834,31.32788,108.888954
8142,CN500235,CN500235,泥溪镇,四川省云阳县新民,村镇,1911,1911,,,,hvd_162813,30.724714,108.84603
8143,CN500235,CN500235,盐井,四川省云阳县盐渠,村镇,1911,1911,,,,hvd_162828,31.148035,108.79278
8144,CN500235,CN500235,盛宝,四川省云阳县盛堡,村镇,1911,1911,,,,hvd_162827,31.201138,108.82118
8145,CN500235,CN500235,石龙,四川省云阳县石龙,村镇,1911,1911,,,,hvd_162817,30.648773,108.908226
8146,CN500235,CN500235,硐村,四川省云阳县硐村,村镇,1911,1911,,,,hvd_162831,31.010855,108.885735
8147,CN500235,CN500235,磐石镇,四川省云阳县盘石镇,村镇,1911,1911,,,,hvd_162815,30.903543,108.704994
8148,CN500235,CN500235,磨盘寨,四川省云阳县磨盘寨,村镇,1911,1911,,,,hvd_162836,30.94119,108.68528
8149,CN500235,CN500235,竹溪镇,四川省云阳县竹溪,村镇,1911,1911,,,,hvd_162821,30.986513,108.612045
8150,CN500235,CN500235,蔈草,四川省云阳县蔈草,村镇,1911,1911,,,,hvd_162818,30.78696,108.9526
8151,CN500235,CN500235,长棚子,四川省云阳县长洪,村镇,1911,1911,,,,hvd_162841,31.123747,108.77535
8152,CN500236,CN500236,鱼复县,四川奉节县东白帝城,县,-314,24,新建,更名,,hvd_44480,31.049143,109.56633
8153,CN500236,CN500236,白帝县,四川奉节县东白帝城,县,25,36,更名,更名,,hvd_44481,31.049143,109.56633
8154,CN500236,CN500236,鱼复县,四川奉节县东白帝城,县,37,221,更名,更名,,hvd_44482,31.049143,109.56633
8155,CN500236,CN500236,固陵郡,重庆市奉节县,郡,194,565,,,,hvd_115271,31.04914,109.56633
8156,CN500236,CN500236,固陵郡,重庆市奉节县白马隧道,郡,195,200,,,,hvd_112776,31.05471,109.52475
8157,CN500236,CN500236,巴东郡,重庆市奉节县白马隧道,郡,201,214,,,,hvd_112777,31.05471,109.52475
8158,CN500236,CN500236,巴郡,重庆市奉节县,郡,201,582,,,,hvd_115026,31.04914,109.56633
8159,CN500236,CN500236,江关都尉,重庆市奉节县白马隧道,都尉,215,215,,,,hvd_112778,31.05475,109.52513
8160,CN500236,CN500236,固陵郡,重庆市奉节县白马隧道,郡,216,0,,,,hvd_112779,31.05471,109.52475
8161,CN500236,CN500236,巴东郡,重庆市奉节县,郡,221,582,,,,hvd_115025,31.04914,109.56633
8162,CN500236,CN500236,永安县,四川奉节县东白帝城,县,222,279,更名,更名,,hvd_44483,31.049143,109.56633
8163,CN500236,CN500236,鱼复县,四川奉节县东白帝城,县,280,553,更名,更名,,hvd_44484,31.049143,109.56633
8164,CN500236,CN500236,巴州,重庆市奉节县,州,480,483,,,,hvd_113525,31.04914,109.56633
8165,CN500236,CN500236,永安郡,重庆市奉节县,郡,502,605,,,,hvd_116113,31.04914,109.56633
8166,CN500236,CN500236,信州,重庆市奉节县,州,523,565,,,,hvd_113418,31.04914,109.56633
8167,CN500236,CN500236,民复县,四川奉节县东白帝城,县,554,565,更名,迁移治所,,hvd_44485,31.049143,109.56633
8168,CN500236,CN500236,信州,重庆市奉节县白马隧道,州,566,577,,,,hvd_113419,31.05475,109.52513
8169,CN500236,CN500236,民复县,四川奉节县,县,566,577,迁移治所,迁移治所,,hvd_44486,31.054707,109.52475
8170,CN500236,CN500236,信州,重庆市奉节县,州,578,606,,,,hvd_113420,31.04914,109.56633
8171,CN500236,CN500236,民复县,四川奉节县东白帝城,县,578,648,迁移治所,更名,,hvd_44487,31.049143,109.56633
8172,CN500236,CN500236,信州,重庆市奉节县白马隧道,州,618,618,,,,hvd_110289,31.05475,109.52513
8173,CN500236,CN500236,夔州,重庆市奉节县白马隧道,州,619,741,,,,hvd_111097,31.05475,109.52513
8174,CN500236,CN500236,奉节县,四川奉节县东白帝城,县,649,1004,更名,迁移治所,,hvd_44488,31.049143,109.56633
8175,CN500236,CN500236,云安郡,重庆市奉节县白马隧道,郡,742,755,,,,hvd_111222,31.05471,109.52475
8176,CN500236,CN500236,夔州防御守捉使,重庆市奉节县白马隧道,防镇,756,756,,,,hvd_111262,31.05475,109.52513
8177,CN500236,CN500236,夔峡节度使,重庆市奉节县白马隧道,防镇,757,757,,,,hvd_111355,31.05475,109.52513
8178,CN500236,CN500236,夔忠涪都防御使,重庆市奉节县白马隧道,防镇,764,905,,,,hvd_111655,31.05475,109.52513
8179,CN500236,CN500236,镇江军节度使,重庆市奉节县白马隧道,防镇,914,923,,,,hvd_111712,31.05471,109.52475
8180,CN500236,CN500236,宁江军节度使,重庆市奉节县白马隧道,防镇,927,964,,,,hvd_111813,31.05471,109.52475
8181,CN500236,CN500236,夔州府,四川奉节县,州,973,1282,,,,hvd_115509,31.05471,109.52475
8182,CN500236,CN500236,奉节县,四川奉节县东白帝城,县,1005,1241,迁移治所,迁移治所,,hvd_44489,31.049143,109.56633
8183,CN500236,CN500236,奉节县,四川奉节县东白帝城,县,1242,1284,迁移治所,迁移治所,,hvd_44490,31.049143,109.56633
8184,CN500236,CN500236,奉节县,四川奉节县,县,1285,1375,迁移治所,撤销,,hvd_44491,31.054707,109.52475
8185,CN500236,CN500236,夔州府,四川奉节县,府,1371,1376,,,,hvd_96646,31.05475,109.52513
8186,CN500236,CN500236,夔州,重庆市奉节县白马隧道,府,1377,1379,,,,hvd_96645,31.05475,109.52513
8187,CN500236,CN500236,夔州府,四川奉节县,府,1380,1911,,,,hvd_96614,31.05475,109.52513
8188,CN500236,CN500236,奉节县,四川奉节县,县,1380,1911,新建,数据下限,,hvd_44492,31.054707,109.52475
8189,CN500236,CN500236,夔州府,四川奉节县,府,1820,1820,,,,hvd_9709,31.054707,109.52475
8190,CN500236,CN500236,奉节县,四川奉节县,县,1820,1820,,,,hvd_1216,31.049326,109.4922
8191,CN500236,CN500236,寂静关,四川奉节县西北寂静坝,村镇,1820,1820,,,,hvd_21338,31.137001,109.42411
8192,CN500236,CN500236,白帝城,四川奉节县东白帝,村镇,1820,1820,,,,hvd_21344,31.081362,109.564255
8193,CN500236,CN500236,瞿唐关,四川奉节县东瞿塘,村镇,1820,1820,,,,hvd_21345,31.04532,109.587
8194,CN500236,CN500236,三通口,四川省奉节县大树（三洞河）,村镇,1911,1911,,,,hvd_162725,31.219658,109.32539
8195,CN500236,CN500236,两河口,四川省奉节县青杠（底图误在江北岸，应为江,村镇,1911,1911,,,,hvd_162716,30.93951,109.55016
8196,CN500236,CN500236,九树,四川省奉节县九树,村镇,1911,1911,,,,hvd_162735,30.912811,109.41129
8197,CN500236,CN500236,分水河,四川省奉节县汾河（底图标为东溪）,村镇,1911,1911,,,,hvd_166147,31.18045,109.53423
8198,CN500236,CN500236,夔州府,四川奉节县,府,1911,1911,,,,hvd_120434,31.05346,109.52383
8199,CN500236,CN500236,大寨,四川省奉节县大寨,村镇,1911,1911,,,,hvd_162727,31.147974,109.12103
8200,CN500236,CN500236,大河坪,四川省奉节县太和,村镇,1911,1911,,,,hvd_162741,30.642353,109.26529
8201,CN500236,CN500236,大风凹,四川省奉节县大风,村镇,1911,1911,,,,hvd_162739,30.98949,109.53897
8202,CN500236,CN500236,奉节县,四川奉节县,县,1911,1911,,,,hvd_122751,31.05346,109.52383
8203,CN500236,CN500236,寂静坝,四川省奉节县寂静,村镇,1911,1911,,,,hvd_162724,31.125755,109.46702
8204,CN500236,CN500236,寒水寨,四川省奉节县含瑞坝,村镇,1911,1911,,,,hvd_166152,30.623674,109.352776
8205,CN500236,CN500236,尖山坝,四川省奉节县尖山,村镇,1911,1911,,,,hvd_162740,30.582464,109.20074
8206,CN500236,CN500236,尖角坪,四川省奉节县中兴（尖角坪）,村镇,1911,1911,,,,hvd_162737,30.853077,109.43569
8207,CN500236,CN500236,山脚坝,四川省奉节县兴隆镇（三角坝）,村镇,1911,1911,,,,hvd_162730,30.66049,109.4421
8208,CN500236,CN500236,平皋,四川省奉节县平皋,村镇,1911,1911,,,,hvd_162719,31.144644,109.3844
8209,CN500236,CN500236,昙花寺,四川省奉节县明水,村镇,1911,1911,,,,hvd_162721,31.135754,109.255295
8210,CN500236,CN500236,梅子关,四川省奉节县梅魁,村镇,1911,1911,,,,hvd_166153,30.688011,109.04141
8211,CN500236,CN500236,石笋,四川省奉节县石笋,村镇,1911,1911,,,,hvd_162742,30.670527,109.17376
8212,CN500236,CN500236,石马河,四川省奉节县石马,村镇,1911,1911,,,,hvd_162712,31.101315,109.66841
8213,CN500236,CN500236,荆竹园,四川省奉节县荆竹,村镇,1911,1911,,,,hvd_162729,30.750902,109.4964
8214,CN500236,CN500236,观武镇,四川省奉节县江南镇,村镇,1911,1911,,,,hvd_162736,30.993927,109.45764
8215,CN500236,CN500236,观音庵,四川省奉节县新民（观音庵）,村镇,1911,1911,,,,hvd_162715,30.911325,109.46702
8216,CN500236,CN500236,金场坝,四川省奉节县金场,村镇,1911,1911,,,,hvd_162726,31.2413,109.12103
8217,CN500236,CN500236,长沙坝,四川省奉节县平皋区,村镇,1911,1911,,,,hvd_162879,31.135714,109.42281
8218,CN500236,CN500236,马口驿,四川省奉节县马驿,村镇,1911,1911,,,,hvd_162731,30.754486,109.13062
8219,CN500236,CN500236,高治坝,四川省奉节县高治,村镇,1911,1911,,,,hvd_162718,31.260233,109.200714
8220,CN500236,CN500236,黄村,四川省奉节县黄村,村镇,1911,1911,,,,hvd_166148,31.217144,109.4542
8221,CN500237,CN500237,巫县,四川巫山县北中和,县,-277,279,新建,迁移治所,,hvd_44493,31.094574,109.889275
8222,CN500237,CN500237,北井县,重庆市巫山县北双龙,县,209,566,新建,撤销,,hvd_44514,31.195118,109.87968
8223,CN500237,CN500237,建平郡,重庆市巫山县,郡,260,582,,,,hvd_115435,31.09457,109.88928
8224,CN500237,CN500237,巫县,四川巫山县,县,280,582,迁移治所,更名,,hvd_44494,31.081345,109.88886
8225,CN500237,CN500237,泰昌县,重庆市巫山县北大昌,县,280,556,新建,更名,,hvd_44498,31.273739,109.79695
8226,CN500237,CN500237,建昌县,重庆市巫山县北大昌,县,557,580,更名,更名,,hvd_44499,31.273739,109.79695
8227,CN500237,CN500237,大昌县,重庆市巫山县北大昌,县,581,1282,更名,撤销,,hvd_44500,31.273739,109.79695
8228,CN500237,CN500237,巫山县,四川巫山县,县,583,1911,更名,数据下限,,hvd_44495,31.081345,109.88886
8229,CN500237,CN500237,大昌县,重庆市巫山县北大昌,县,1380,1669,新建,撤销,,hvd_44501,31.273739,109.79695
8230,CN500237,CN500237,培石镇,四川巫山县东南涪石,村镇,1820,1820,,,,hvd_21346,31.023966,110.09892
8231,CN500237,CN500237,大昌,四川巫山县北大昌,村镇,1820,1820,,,,hvd_21339,31.273739,109.79695
8232,CN500237,CN500237,大溪口,四川巫山县西南大溪,村镇,1820,1820,,,,hvd_21439,30.974115,109.612144
8233,CN500237,CN500237,巫山县,四川巫山县,县,1820,1820,,,,hvd_1215,31.08134,109.88886
8234,CN500237,CN500237,巴雾堡,四川巫溪县北巴雾河,村镇,1820,1820,,,,hvd_21342,31.195118,109.87968
8235,CN500237,CN500237,水口,四川巫溪县东南水口,村镇,1820,1820,,,,hvd_21343,31.286701,109.68312
8236,CN500237,CN500237,三合铺,四川省巫山县三合铺,村镇,1911,1911,,,,hvd_162778,31.136438,110.01631
8237,CN500237,CN500237,下田,四川省巫山县下田,村镇,1911,1911,,,,hvd_162766,31.282902,109.71293
8238,CN500237,CN500237,五柏,四川省巫山县伍柏,村镇,1911,1911,,,,hvd_162757,31.071463,109.74133
8239,CN500237,CN500237,坪南,四川省巫山县坪南,村镇,1911,1911,,,,hvd_162775,30.961338,109.92078
8240,CN500237,CN500237,官渡镇,四川省巫山县官渡区,村镇,1911,1911,,,,hvd_162771,30.957506,109.846924
8241,CN500237,CN500237,小桥驿,四川省巫山县小桥,村镇,1911,1911,,,,hvd_166146,31.148287,110.15318
8242,CN500237,CN500237,巫山县,四川巫山县,县,1911,1911,,,,hvd_122753,31.08006,109.88757
8243,CN500237,CN500237,庙堂,四川省巫山县庙堂,村镇,1911,1911,,,,hvd_162760,31.376545,110.09584
8244,CN500237,CN500237,庙梁,四川省巫山县庙梁,村镇,1911,1911,,,,hvd_162773,30.911879,109.99161
8245,CN500237,CN500237,朝阳,四川省巫山县朝阳,村镇,1911,1911,,,,hvd_162756,31.075867,109.77748
8246,CN500237,CN500237,石碑镇,四川省巫山县石碑,村镇,1911,1911,,,,hvd_162774,30.975418,109.988815
8247,CN500237,CN500237,观音,四川省巫山县观音,村镇,1911,1911,,,,hvd_162772,30.912882,109.78006
8248,CN500237,CN500237,起阳,四川省巫山县起阳,村镇,1911,1911,,,,hvd_162763,31.303827,109.94918
8249,CN500237,CN500237,马坪,四川省巫山县马坪,村镇,1911,1911,,,,hvd_162759,31.065958,110.01631
8250,CN500237,CN500237,鸳鸯,四川省巫山县鸳鸯,村镇,1911,1911,,,,hvd_162758,31.1904,110.04342
8251,CN500243,CN500243,涪陵郡,重庆市彭水苗族土家族自治县,郡,250,582,,,,hvd_115234,29.29206,108.17096
8252,CN500243,CN500243,奉州,重庆市彭水苗族土家族自治县,州,564,573,,,,hvd_113428,29.52345,108.42659
8253,CN500243,CN500243,黔州,重庆市彭水苗族土家族自治县,州,574,606,,,,hvd_113429,29.52345,108.42659
8254,CN500243,CN500243,黔安郡,重庆市彭水苗族土家族自治县,郡,607,617,,,,hvd_110267,29.29206,108.17096
8255,CN500243,CN500243,黔州,四川彭水县,州,618,737,,,,hvd_110880,29.29206,108.17096
8256,CN500243,CN500243,黔州督护府,重庆市彭水苗族土家族自治县,州,638,970,,,,hvd_115708,29.29206,108.17096
8257,CN500243,CN500243,黔州都督府,重庆市彭水苗族土家族自治县,州,638,970,,,,hvd_115707,29.29206,108.17096
8258,CN500243,CN500243,五溪诸州经略使,重庆市彭水苗族土家族自治县,防镇,738,776,,,,hvd_111470,29.29206,108.17096
8259,CN500243,CN500243,黔中采访处置经略使,重庆市彭水苗族土家族自治县,防镇,738,761,,,,hvd_30214,29.29206,108.17096
8260,CN500243,CN500243,黔中观察使,重庆市彭水苗族土家族自治县,防镇,762,762,,,,hvd_30215,29.29206,108.17096
8261,CN500243,CN500243,黔中采访处置经略使,重庆市彭水苗族土家族自治县,防镇,763,768,,,,hvd_30216,29.29206,108.17096
8262,CN500243,CN500243,黔州经略招讨观察使,重庆市彭水苗族土家族自治县,防镇,777,784,,,,hvd_30218,29.29206,108.17096
8263,CN500243,CN500243,黔州经略观察使,重庆市彭水苗族土家族自治县,防镇,777,784,,,,hvd_111516,29.29206,108.17096
8264,CN500243,CN500243,黔州经略观察使,重庆市彭水苗族土家族自治县,防镇,787,889,,,,hvd_111619,29.29206,108.17096
8265,CN500243,CN500243,黔州观察使,重庆市彭水苗族土家族自治县,防镇,787,889,,,,hvd_30220,29.29206,108.17096
8266,CN500243,CN500243,武泰军节度使,重庆市彭水苗族土家族自治县,防镇,890,902,,,,hvd_30221,29.29206,108.17096
8267,CN500243,CN500243,武泰军节度使,重庆市彭水苗族土家族自治县,防镇,890,902,,,,hvd_111646,29.29206,108.17096
8268,CN500243,CN500243,武泰军节度使,重庆市彭水苗族土家族自治县,防镇,907,964,,,,hvd_30223,29.29206,108.17096
8269,CN500243,CN500243,绍庆府,重庆市彭水县,府,1127,1279,,,,,29.29953,108.172134
8270,CN500243,CN500243,绍庆府,重庆市彭水县,府,1279,1371,,,,hvd_96655,29.29206,108.17096
8271,CN500243,CN500243,彭水县,四川彭水县,县,1820,1820,,,,hvd_1283,29.292057,108.17096
8272,CN500243,CN500243,牛岩铺,四川彭水县西北中岩铺,村镇,1820,1820,,,,hvd_21505,29.44522,108.08539
8273,CN500243,CN500243,郁山镇,四川彭水县东北郁山镇,村镇,1820,1820,,,,hvd_21503,29.523449,108.42659
8274,CN500243,CN500243,万足场,四川省彭水苗族土家族自治县万足,村镇,1911,1911,,,,hvd_162962,29.179123,108.19922
8275,CN500243,CN500243,乐地坝,四川省彭水苗族土家族自治县连湖,村镇,1911,1911,,,,hvd_162979,29.696692,108.432434
8276,CN500243,CN500243,保家楼,四川省彭水苗族土家族自治县保家区,村镇,1911,1911,,,,hvd_162957,29.438766,108.321434
8277,CN500243,CN500243,凉水桥,四川省彭水苗族土家族自治县龙洋,村镇,1911,1911,,,,hvd_162972,29.171385,107.92687
8278,CN500243,CN500243,大厂,四川省彭水苗族土家族自治县大厂,村镇,1911,1911,,,,hvd_162976,29.346346,108.515564
8279,CN500243,CN500243,太原坝,四川省彭水苗族土家族自治县太原,村镇,1911,1911,,,,hvd_162961,29.691097,108.27713
8280,CN500243,CN500243,头党坝,四川省彭水苗族土家族自治县新田,村镇,1911,1911,,,,hvd_166115,29.193455,108.27282
8281,CN500243,CN500243,张家坝,四川省彭水苗族土家族自治县龙射,村镇,1911,1911,,,,hvd_162978,29.52444,108.21455
8282,CN500243,CN500243,彭水县,重庆市彭水苗族土家族自治县,县,1911,1911,,,,hvd_122758,29.29069,108.16965
8283,CN500243,CN500243,文武塘,四川省彭水苗族土家族自治县文武,村镇,1911,1911,,,,hvd_162969,29.232338,108.04306
8284,CN500243,CN500243,新场,四川省彭水苗族土家族自治县新场,村镇,1911,1911,,,,hvd_162977,29.261406,108.309
8285,CN500243,CN500243,普子坝,四川省彭水苗族土家族自治县普子镇,村镇,1911,1911,,,,hvd_162960,29.627592,108.327354
8286,CN500243,CN500243,朗溪,四川省彭水苗族土家族自治县朗溪,村镇,1911,1911,,,,hvd_162965,29.07048,108.13728
8287,CN500243,CN500243,桑柘坪,四川省彭水苗族土家族自治县桑柘,村镇,1911,1911,,,,hvd_162963,29.279749,108.38647
8288,CN500243,CN500243,梅子垭,四川省彭水苗族土家族自治县梅子垭,村镇,1911,1911,,,,hvd_162964,29.160103,108.5104
8289,CN500243,CN500243,水田坝,四川省彭水苗族土家族自治县水田,村镇,1911,1911,,,,hvd_166116,29.02777,108.32425
8290,CN500243,CN500243,润溪场,四川省彭水苗族土家族自治县润溪,村镇,1911,1911,,,,hvd_162971,29.090115,107.91655
8291,CN500243,CN500243,火石垭,四川省彭水苗族土家族自治县火石,村镇,1911,1911,,,,hvd_162973,29.28886,108.03663
8292,CN500243,CN500243,牛岩铺,四川省彭水苗族土家族自治县鹿鸣,村镇,1911,1911,,,,hvd_162982,29.44386,108.08408
8293,CN500243,CN500243,猴狸坪,四川省彭水苗族土家族自治县猴狸,村镇,1911,1911,,,,hvd_162966,29.1623,108.06622
8294,CN500243,CN500243,羊头铺,四川省彭水苗族土家族自治县羊头铺,村镇,1911,1911,,,,hvd_162956,29.370047,108.265114
8295,CN500243,CN500243,花地塘,四川省彭水苗族土家族自治县棣堂,村镇,1911,1911,,,,hvd_162980,29.59994,108.2232
8296,CN500243,CN500243,诸佛岗,四川省彭水苗族土家族自治县诸佛,村镇,1911,1911,,,,hvd_166117,29.226358,108.4481
8297,CN500243,CN500243,走马岭,四川省彭水苗族土家族自治县走马,村镇,1911,1911,,,,hvd_162958,29.421831,108.457405
8298,CN500243,CN500243,郁山镇,四川省彭水苗族土家族自治县郁山镇,村镇,1911,1911,,,,hvd_162959,29.522095,108.425285
8299,CN500243,CN500243,青蒲垭,四川省彭水苗族土家族同河,村镇,1911,1911,,,,hvd_162975,29.313082,108.45456
8300,CN500243,CN500243,靛水坝,四川省彭水苗族土家族自治县靛水,村镇,1911,1911,,,,hvd_162968,29.277489,108.08437
8301,CN500243,CN500243,鞍子头,四川省彭水苗族土家族自治县永安,村镇,1911,1911,,,,hvd_162974,29.121962,108.47537
8302,CN500243,CN500243,高谷,四川省彭水苗族土家族自治县高谷,村镇,1911,1911,,,,hvd_162970,29.40391,108.07663
8303,CN500243,CN500243,麻油口,四川省彭水苗族土家族自治县长滩,村镇,1911,1911,,,,hvd_162981,29.345715,108.21566
8304,CN500243,CN500243,黄家坝,四川省彭水苗族土家族自治县黄家坝,村镇,1911,1911,,,,hvd_162967,29.133007,108.058556
8305,CN51,CN51,四川省,四川省成都市武侯区,省,1645,1911,,,,hvd_112105,30.65039,104.078
8306,CN51,CN51,四川,四川省成都市武侯区,省,1820,1820,,,,hvd_25013,30.65038,104.078
8307,CN51,CN51,四川,四川省成都市武侯区,省,1911,1911,,,,hvd_120019,30.64903,104.07659
8308,CN5101,CN5101,成都府,四川成都市,府,663,1259,,,,hvd_115104,30.65039,104.078
8309,CN5101,CN5101,成都府,四川成都市,府,1371,1911,,,,hvd_96628,30.65038,104.078
8310,CN5101,CN5101,成都府,四川成都市,府,1820,1820,,,,hvd_9713,30.650385,104.077995
8311,CN510182,CN510182,繁县,四川彭县东四十里蒙阳场,县,-206,246,新建,迁移治所,,hvd_44448,30.958258,104.11392
8312,CN510182,CN510182,南晋寿郡,四川省成都市彭州市,郡,435,556,,,,hvd_115633,31.08468,103.84904
8313,CN510182,CN510182,晋寿县,四川彭县西北三里,县,435,556,新建,更名,,hvd_44438,31.001451,103.92855
8314,CN510182,CN510182,九陇县,四川彭县西北三里,县,557,685,更名,迁移治所,,hvd_44439,31.001451,103.92855
8315,CN510182,CN510182,九陇郡,四川省成都市彭州市,郡,557,582,,,,hvd_115489,30.99188,103.94507
8316,CN510182,CN510182,濛州,四川省成都市彭州市,州,603,605,,,,hvd_110075,31.00145,103.92855
8317,CN510182,CN510182,濛州,四川省成都市彭州市,州,620,685,,,,hvd_110745,31.00145,103.92855
8318,CN510182,CN510182,彭州,四川省成都市彭州市,州,636,1376,,,,hvd_115668,30.99188,103.94507
8319,CN510182,CN510182,蒙阳县,四川彭县东南蒙阳镇,县,677,1376,新建,撤销,,hvd_44433,30.958258,104.11392
8320,CN510182,CN510182,九陇县,四川彭县,县,686,1275,迁移治所,撤销,,hvd_44440,30.991879,103.94507
8321,CN510182,CN510182,彭州,四川省成都市彭州市,州,686,718,,,,hvd_110815,31.00145,103.92855
8322,CN510182,CN510182,蒙阳郡,四川省成都市彭州市,郡,742,757,,,,hvd_115603,30.99188,103.94507
8323,CN510182,CN510182,彭州防御使,四川省成都市彭州市,防镇,882,887,,,,hvd_111616,31.00145,103.92855
8324,CN510182,CN510182,威戎军节度使,四川省成都市彭州市,防镇,888,891,,,,hvd_111621,31.00145,103.92855
8325,CN510182,CN510182,堋口县,四川彭县西北湔江出山口处。,县,1069,1070,新建,撤销,,hvd_44453,31.084682,103.84904
8326,CN510182,CN510182,彭县,四川彭县,县,1377,1667,新建、,撤销,,hvd_44441,30.991879,103.94507
8327,CN510182,CN510182,彭县,四川彭县,县,1728,1911,新建,数据下限,,hvd_44442,30.991879,103.94507
8328,CN510182,CN510182,彭县,四川彭县,县,1820,1820,,,,hvd_1230,30.99188,103.94507
8329,CN510182,CN510182,万年场,四川省彭县万年,村镇,1911,1911,,,,hvd_165244,31.134329,103.95162
8330,CN510182,CN510182,三邑场,四川省彭县三邑,村镇,1911,1911,,,,,30.926554,104.119995
8331,CN510182,CN510182,义和镇,四川省彭县义和,村镇,1911,1911,,,,hvd_165228,31.023573,104.095695
8332,CN510182,CN510182,利安场,四川省彭县利安,村镇,1911,1911,,,,hvd_165237,31.022783,103.92212
8333,CN510182,CN510182,君平里,四川省彭县北君平,村镇,1911,1911,,,,hvd_165115,30.951227,103.83504
8334,CN510182,CN510182,复兴场,四川省彭县小鱼洞,村镇,1911,1911,,,,hvd_165249,31.192743,103.75478
8335,CN510182,CN510182,太平镇,四川省彭县清江,村镇,1911,1911,,,,hvd_165234,30.931767,103.91817
8336,CN510182,CN510182,宝兴场,四川省彭县大宝镇,村镇,1911,1911,,,,hvd_165247,31.243626,103.77103
8337,CN510182,CN510182,庆兴场,四川省彭县庆兴,村镇,1911,1911,,,,hvd_165114,30.960165,103.79569
8338,CN510182,CN510182,彭县,四川彭县,县,1911,1911,,,,hvd_122856,30.99054,103.94366
8339,CN510182,CN510182,思文场,四川省彭县思文,村镇,1911,1911,,,,hvd_165241,31.171013,103.86137
8340,CN510182,CN510182,楠木场,四川省彭县楠木,村镇,1911,1911,,,,hvd_165242,31.08331,103.9324
8341,CN510182,CN510182,永定场,四川省彭县永定,村镇,1911,1911,,,,hvd_165245,31.088223,103.88393
8342,CN510182,CN510182,濛阳镇,四川省彭县濛阳,村镇,1911,1911,,,,hvd_165226,30.956915,104.11251
8343,CN510182,CN510182,罗家场,四川省彭县罗万,村镇,1911,1911,,,,hvd_165229,31.057817,104.06291
8344,CN510182,CN510182,钟家幺店子,四川省广汉市三星,村镇,1911,1911,,,,hvd_165966,31.00899,104.15209
8345,CN510182,CN510182,集贤镇,四川省彭县集贤,村镇,1911,1911,,,,hvd_165246,31.069384,103.886246
8346,CN510184,CN510184,江原县,四川崇庆县东南江源场东羊马河东岸,县,-206,13,新建,更名,,hvd_44407,30.590649,103.80243
8347,CN510184,CN510184,邛原县,四川崇庆县东南江源场东羊马河东岸,县,14,22,更名,更名,,hvd_44408,30.590649,103.80243
8348,CN510184,CN510184,江原县,四川崇庆县东南江源场东羊马河东岸,县,23,311,更名,更名和迁移治所,,hvd_44409,30.590649,103.80243
8349,CN510184,CN510184,汉原郡,四川省成都市崇州市,郡,312,384,,,,hvd_115310,30.63656,103.67261
8350,CN510184,CN510184,临邛县,崇庆县东南江源镇,县,347,552,新建,迁移治所,,hvd_44446,30.590755,103.77825
8351,CN510184,CN510184,晋原郡,四川省成都市崇州市,郡,347,478,,,,hvd_115467,30.63656,103.67261
8352,CN510184,CN510184,江原郡,四川省成都市崇州市,郡,502,552,,,,hvd_115444,30.63656,103.67261
8353,CN510184,CN510184,多融县,四川崇庆县西南隆兴镇,县,553,556,新建,更名,,hvd_44412,30.582722,103.624985
8354,CN510184,CN510184,晋原县,四川崇庆县,县,557,1376,更名,撤销,,hvd_44413,30.636564,103.67261
8355,CN510184,CN510184,蜀州,四川省成都市崇州市,州,686,718,,,,hvd_110808,30.63656,103.67261
8356,CN510184,CN510184,唐安郡,四川省成都市崇州市,郡,742,757,,,,hvd_115861,30.63656,103.67261
8357,CN510184,CN510184,永康县,四川崇庆县西北街子场,县,953,1371,新建,撤销,,hvd_44432,30.816166,103.55737
8358,CN510184,CN510184,崇庆府,四川省成都市崇州市,府,1177,1371,,,,hvd_115117,30.59065,103.80243
8359,CN510184,CN510184,崇庆州,四川崇庆县,州,1820,1820,,,,hvd_1228,30.636564,103.67261
8360,CN510184,CN510184,三郎场,四川省崇庆县和平,村镇,1911,1911,,,,hvd_166052,30.790644,103.52617
8361,CN510184,CN510184,万家场,四川省崇庆县万家,村镇,1911,1911,,,,hvd_165168,30.774538,103.40717
8362,CN510184,CN510184,何家场,四川省崇庆县何家,村镇,1911,1911,,,,hvd_165173,30.76658,103.55471
8363,CN510184,CN510184,双河场,四川省崇庆县双河,村镇,1911,1911,,,,hvd_165172,30.783495,103.5848
8364,CN510184,CN510184,复兴,四川省崇庆县复兴,村镇,1911,1911,,,,hvd_165149,30.564888,103.80033
8365,CN510184,CN510184,太平场,四川省崇庆县太平,村镇,1911,1911,,,,hvd_165163,30.696926,103.7092
8366,CN510184,CN510184,安阜场,四川省崇庆县安阜,村镇,1911,1911,,,,hvd_165153,30.628109,103.730316
8367,CN510184,CN510184,崇庆州,四川崇庆县,州,1911,1911,,,,hvd_122852,30.6352,103.6712
8368,CN510184,CN510184,崇福,四川省崇庆县崇福,村镇,1911,1911,,,,hvd_165170,30.744688,103.55876
8369,CN510184,CN510184,梓橦场,四川省崇庆县梓橦,村镇,1911,1911,,,,hvd_165160,30.752151,103.69473
8370,CN510184,CN510184,永盛镇,四川省温江县永胜,村镇,1911,1911,,,,hvd_165122,30.680126,103.76388
8371,CN510184,CN510184,江源镇,四川省崇庆县江源,村镇,1911,1911,,,,hvd_165154,30.583803,103.780075
8372,CN510184,CN510184,金鸡铺,四川省崇庆县金鸡,村镇,1911,1911,,,,hvd_165151,30.600729,103.697914
8373,CN510184,CN510184,鞍子河,四川省崇庆县苟家,村镇,1911,1911,,,,hvd_165167,30.793137,103.38117
8374,CN5105,CN5105,泸州,四川泸州市,州,540,606,,,,hvd_113401,28.88436,105.437
8375,CN5105,CN5105,泸州,四川泸州市,州,618,741,,,,hvd_111061,28.88436,105.437
8376,CN5105,CN5105,泸州,四川泸州市,直隶州,1373,1911,,,,hvd_96607,28.88436,105.437
8377,CN5105,CN5105,泸州,四川泸州市,直隶州,1820,1820,,,,hvd_9723,28.884363,105.437004
8378,CN5105,CN5105,泸州,四川泸州市,直隶州,1911,1911,,,,hvd_120427,28.88296,105.43565
8379,CN5106,CN5106,德阳县,四川德阳县,县,620,1270,,,,hvd_96146,31.13237,104.39101
8380,CN5106,CN5106,德阳县,四川德阳县,县,1276,1376,,,,hvd_96148,31.13237,104.39101
8381,CN5106,CN5106,德阳县,四川德阳县,县,1380,1911,,,,hvd_96149,31.13237,104.39101
8382,CN5106,CN5106,德阳县,四川德阳县,县,1820,1820,,,,hvd_1196,31.132372,104.39101
8383,CN510623,CN510623,郪县,四川省德阳市中江县,县,-201,553,,,,hvd_96341,30.77327,105.07533
8384,CN510623,CN510623,五城县,四川省德阳市中江县,县,278,284,,,,hvd_96288,31.04376,104.68663
8385,CN510623,CN510623,五城县,四川省德阳市中江县,县,286,419,,,,hvd_96289,31.04376,104.68663
8386,CN510623,CN510623,伍城县,四川省德阳市中江县,县,420,582,,,,hvd_96290,31.04376,104.68663
8387,CN510623,CN510623,怀归县,四川省德阳市中江县,县,432,556,,,,hvd_96309,31.12197,104.62659
8388,CN510623,CN510623,新城县,四川省德阳市中江县,县,554,555,,,,hvd_96342,30.77327,105.07533
8389,CN510623,CN510623,昌城县,四川省德阳市中江县,县,556,606,,,,hvd_96343,30.77327,105.07533
8390,CN510623,CN510623,新州,四川省德阳市中江县,州,583,597,,,,hvd_96572,30.77327,105.07533
8391,CN510623,CN510623,玄武县,四川省德阳市中江县,县,583,1011,,,,hvd_96291,31.04428,104.67905
8392,CN510623,CN510623,飞乌县,四川省德阳市中江县,县,593,647,,,,hvd_96286,30.77327,105.07533
8393,CN510623,CN510623,梓州,四川省德阳市中江县,州,598,606,,,,hvd_96573,30.77327,105.07533
8394,CN510623,CN510623,凯州,四川省德阳市中江县,州,601,606,,,,hvd_96519,31.04428,104.67905
8395,CN510623,CN510623,凯州,四川省德阳市中江县,州,603,605,,,,hvd_110076,31.04428,104.67905
8396,CN510623,CN510623,飞乌县,四川省德阳市中江县,县,648,1282,,,,hvd_96287,30.6333,105.0559
8397,CN510623,CN510623,铜山县,四川省德阳市中江县,县,679,1282,,,,hvd_96300,30.76768,104.93228
8398,CN510623,CN510623,中江县,四川中江县,县,1012,1376,,,,hvd_96292,31.04428,104.67905
8399,CN510623,CN510623,中江县,四川中江县,县,1380,1911,,,,hvd_96293,31.04428,104.67905
8400,CN510623,CN510623,中江县,四川中江县,县,1820,1820,,,,hvd_1192,31.044277,104.67905
8401,CN510623,CN510623,胖子店,四川中江县东南胖子店,村镇,1820,1820,,,,hvd_21395,30.6333,105.0559
8402,CN510623,CN510623,三合场,四川省中江县子金,村镇,1911,1911,,,,hvd_166202,31.163248,104.61642
8403,CN510623,CN510623,中江县,四川中江县,县,1911,1911,,,,hvd_122799,31.04294,104.67765
8404,CN510623,CN510623,会棚场,四川省中江县会棚,村镇,1911,1911,,,,hvd_164062,31.07833,104.5591
8405,CN510623,CN510623,兴发场,四川省中江县兴发,村镇,1911,1911,,,,hvd_164076,30.821535,104.86656
8406,CN510623,CN510623,南山场,四川省中江县南山场,村镇,1911,1911,,,,hvd_164067,30.986933,104.66927
8407,CN510623,CN510623,坭金场,四川省中江县坭金,村镇,1911,1911,,,,hvd_164086,31.102507,104.74009
8408,CN510623,CN510623,太和场,四川省中江县太和,村镇,1911,1911,,,,hvd_164068,30.99429,104.726685
8409,CN510623,CN510623,普陀寺,四川省中江县左会,村镇,1911,1911,,,,hvd_166203,30.877085,104.94318
8410,CN510623,CN510623,李都寺,四川省中江县李都,村镇,1911,1911,,,,hvd_164090,30.614532,104.84169
8411,CN510623,CN510623,永兴场,四川省中江县永门区,村镇,1911,1911,,,,hvd_164075,30.755577,104.78054
8412,CN510623,CN510623,清河场,四川省中江县清烈,村镇,1911,1911,,,,hvd_164093,30.87975,104.700424
8413,CN510623,CN510623,牛钢石（会龙）,四川省中江县岗石,村镇,1911,1911,,,,hvd_166205,30.684269,104.97384
8414,CN510623,CN510623,罗汉场,四川省德阳市德安,村镇,1911,1911,,,,hvd_163854,31.23568,104.63422
8415,CN510681,CN510681,雒县,四川广汉县城北鸭子河北岸北外镇,县,-201,13,新建,更名,,hvd_44426,30.994987,104.30632
8416,CN510681,CN510681,吾雒县,四川广汉县城北鸭子河北岸北外镇,县,14,22,更名,更名,,hvd_44427,30.994987,104.30632
8417,CN510681,CN510681,雒县,四川广汉县城北鸭子河北岸北外镇,县,23,597,更名,更名,,hvd_44428,30.994987,104.30632
8418,CN510681,CN510681,子同郡,四川省德阳市广汉市,郡,25,35,,,,hvd_116215,30.99499,104.30632
8419,CN510681,CN510681,广汉郡,四川省德阳市广汉市,郡,118,0,,,,hvd_112785,30.99499,104.30632
8420,CN510681,CN510681,新都国,四川省德阳市广汉市西湖路东段,国,277,282,,,,hvd_116001,30.98131,104.28307
8421,CN510681,CN510681,绵竹县,四川广汉县城北鸭子河北岸北外镇,县,598,606,更名,更名和迁移治所,,hvd_44429,30.994987,104.30632
8422,CN510681,CN510681,雒县,四川广汉县（雒城镇）,县,607,1259,更名和迁移治所,撤销,,hvd_44430,30.98131,104.283066
8423,CN510681,CN510681,汉州,四川广汉市,州,686,718,,,,hvd_110809,30.98131,104.28307
8424,CN510681,CN510681,汉州防御使,四川省德阳市广汉市西湖路东段,防镇,882,964,,,,hvd_111803,30.98131,104.28307
8425,CN510681,CN510681,雒县,四川广汉县（雒城镇）,县,1362,1370,新建,撤销,,hvd_44431,30.98131,104.283066
8426,CN510681,CN510681,三水关,四川广汉县东南三水镇,村镇,1820,1820,,,,hvd_21625,30.930147,104.338776
8427,CN510681,CN510681,小汉州铺,四川广汉市东北小汉,村镇,1820,1820,,,,hvd_21609,31.04878,104.334206
8428,CN510681,CN510681,汉州,四川广汉市,州,1820,1820,,,,hvd_1233,30.98131,104.283066
8429,CN510681,CN510681,高坪铺,四川广汉市西北高骈,村镇,1820,1820,,,,hvd_21604,31.061352,104.22775
8430,CN510681,CN510681,万福寺（十字路）,四川省广汉市万福,村镇,1911,1911,,,,hvd_165327,30.930107,104.29415
8431,CN510681,CN510681,元觉寺,四川省广汉市元觉寺,村镇,1911,1911,,,,hvd_165332,31.09034,104.223564
8432,CN510681,CN510681,复兴场,四川省广汉市广兴,村镇,1911,1911,,,,hvd_165329,30.930605,104.19232
8433,CN510681,CN510681,张化镇,四川省广汉市张化,村镇,1911,1911,,,,hvd_165325,30.92614,104.2415
8434,CN510681,CN510681,新兴场,四川省广汉市新华,村镇,1911,1911,,,,hvd_165335,31.039742,104.301094
8435,CN510681,CN510681,汉州,四川省德阳市广汉市,州,1911,1911,,,,hvd_122859,30.97997,104.28166
8436,CN5107,CN5107,绵州,四川绵阳市,州,1283,1376,,,,hvd_96118,31.45901,104.7493
8437,CN5107,CN5107,绵州,四川绵阳市,州,1380,1727,,,,hvd_96120,31.45901,104.7493
8438,CN5107,CN5107,绵州,四川绵阳市,直隶州,1727,1911,,,,hvd_96604,31.45901,104.7493
8439,CN5107,CN5107,绵州,四川绵阳市,直隶州,1820,1820,,,,hvd_9705,31.459007,104.7493
8440,CN5107,CN5107,绵州,四川绵阳市,直隶州,1911,1911,,,,hvd_120424,31.45769,104.74789
8441,CN510722,CN510722,新州,四川省绵阳市三台县,州,552,597,,,,hvd_113404,31.09462,105.08757
8442,CN510722,CN510722,涪城县,四川省绵阳市三台县,县,596,1282,,,,hvd_96306,31.26712,104.91629
8443,CN510722,CN510722,新城郡,四川省绵阳市三台县,郡,607,617,,,,hvd_96574,31.09462,105.08757
8444,CN510722,CN510722,郪县,四川省绵阳市三台县,县,607,1375,,,,hvd_96344,31.09462,105.08757
8445,CN510722,CN510722,梓州,四川省绵阳市三台县,州,618,718,,,,hvd_110817,31.09462,105.08757
8446,CN510722,CN510722,剑南东川节度使,四川省绵阳市三台县,防镇,757,763,,,,hvd_111436,31.09462,105.08757
8447,CN510722,CN510722,剑南东川节度使,四川省绵阳市三台县,防镇,766,907,,,,hvd_111671,31.09462,105.08757
8448,CN510722,CN510722,前蜀天贞军节度使,四川省绵阳市三台县,防镇,908,911,,,,hvd_111680,31.09462,105.08757
8449,CN510722,CN510722,武德军节度使,四川省绵阳市三台县,防镇,912,964,,,,hvd_111810,31.09462,105.08757
8450,CN510722,CN510722,潼川府,四川三台县,府,1279,1375,,,,hvd_96650,31.09462,105.08757
8451,CN510722,CN510722,潼川州,四川省绵阳市三台县,直隶州,1376,1733,,,,hvd_96633,31.09462,105.08757
8452,CN510722,CN510722,三台县,四川三台县西建林驿,县,1734,1911,,,,hvd_96345,31.09462,105.08757
8453,CN510722,CN510722,潼川府,四川三台县,府,1734,1911,,,,hvd_96619,31.09462,105.08757
8454,CN510722,CN510722,乐安铺,四川三台县西乐安铺,村镇,1820,1820,,,,hvd_21603,31.111813,104.99147
8455,CN510722,CN510722,会龙场,四川三台县北会龙场,村镇,1820,1820,,,,hvd_21296,31.332783,105.01628
8456,CN510722,CN510722,古井坝,四川三台县西南古井坝,村镇,1820,1820,,,,hvd_21605,31.019108,104.97454
8457,CN510722,CN510722,河咀,四川三台县南河咀,村镇,1820,1820,,,,hvd_21399,30.814837,105.10099
8458,CN510722,CN510722,秋林驿,四川三台县东北秋林驿,村镇,1820,1820,,,,hvd_21617,31.146027,105.24311
8459,CN510722,CN510722,葫芦溪,四川三台县西北葫芦溪,村镇,1820,1820,,,,hvd_21295,31.268553,104.884186
8460,CN510722,CN510722,中兴场,四川省三台县中新城,村镇,1911,1911,,,,hvd_163992,31.003742,105.15416
8461,CN510722,CN510722,安乐场,四川省三台县金光,村镇,1911,1911,,,,hvd_164031,31.122135,105.186935
8462,CN510722,CN510722,建林驿,四川省三台县建林,村镇,1911,1911,,,,hvd_164006,31.075954,104.8746
8463,CN510722,CN510722,心妙寺,四川省三台县心妙,村镇,1911,1911,,,,hvd_163989,31.040604,105.01651
8464,CN510722,CN510722,梦龙庙,四川省三台县茂隆,村镇,1911,1911,,,,hvd_166190,30.91452,105.155464
8465,CN510722,CN510722,潼川府,四川三台县,府,1911,1911,,,,hvd_120439,31.09329,105.08618
8466,CN510722,CN510722,红昕场,四川省三台县红昕,村镇,1911,1911,,,,hvd_164007,31.09208,104.924286
8467,CN510722,CN510722,长乐镇,四川省三台县长乐,村镇,1911,1911,,,,hvd_164022,31.346603,105.012245
8468,CN510722,CN510722,高山铺,四川省三台县高山,村镇,1911,1911,,,,hvd_164030,31.117418,105.16265
8469,CN510723,CN510723,宕渠县,四川省绵阳市盐亭县,县,442,509,,,,hvd_96308,31.35133,105.28105
8470,CN510723,CN510723,盐亭县,四川盐亭县,县,535,1911,,,,hvd_96285,31.22931,105.37611
8471,CN510723,CN510723,高渠县,四川省绵阳市盐亭县,县,561,606,,,,hvd_96307,31.20808,105.33926
8472,CN510723,CN510723,永泰县,四川省绵阳市盐亭县,县,621,1071,,,,hvd_96302,31.24893,105.55684
8473,CN510723,CN510723,东关县,四川省绵阳市盐亭县,县,966,1282,,,,hvd_96301,31.10653,105.65839
8474,CN510723,CN510723,永泰县,四川省绵阳市盐亭县,县,1077,1100,,,,hvd_96303,31.24893,105.55684
8475,CN510723,CN510723,安泰尉司,四川省绵阳市盐亭县,宣尉司,1101,1160,,,,hvd_96304,31.24893,105.55684
8476,CN510723,CN510723,永泰县,四川省绵阳市盐亭县,县,1161,1282,,,,hvd_96305,31.24893,105.55684
8477,CN510723,CN510723,富村驿,四川南部县西富村驿,村镇,1820,1820,,,,hvd_21297,31.311066,105.53887
8478,CN510723,CN510723,玉龙镇,四川盐亭县东南玉龙镇,村镇,1820,1820,,,,hvd_21300,31.082945,105.484184
8479,CN510723,CN510723,盐亭县,四川盐亭县,县,1820,1820,,,,hvd_1203,31.229305,105.376114
8480,CN510723,CN510723,三洞场,四川省盐亭县三星,村镇,1911,1911,,,,hvd_164116,31.0984,105.42146
8481,CN510723,CN510723,兴隆场,四川省盐亭县兴隆场,村镇,1911,1911,,,,hvd_166207,31.322107,105.46931
8482,CN510723,CN510723,冯家河,四川省盐亭县冯家河,村镇,1911,1911,,,,hvd_166206,31.320894,105.443756
8483,CN510723,CN510723,冷铺子,四川省盐亭县临江,村镇,1911,1911,,,,hvd_164117,31.20825,105.42734
8484,CN510723,CN510723,安佛场,四川省盐亭县安佛,村镇,1911,1911,,,,hvd_164113,31.148607,105.6538
8485,CN510723,CN510723,定光场,四川省盐亭县定光,村镇,1911,1911,,,,hvd_164107,31.17382,105.45269
8486,CN510723,CN510723,灵龙场,四川省盐亭县灵龙,村镇,1911,1911,,,,hvd_164105,31.242584,105.5814
8487,CN510723,CN510723,盐亭县,四川盐亭县,县,1911,1911,,,,hvd_122800,31.22798,105.37473
8488,CN510723,CN510723,聚龙场,四川省盐亭县巨龙场,村镇,1911,1911,,,,hvd_164097,31.154589,105.32351
8489,CN510723,CN510723,金峰寺,四川省盐亭县金峰,村镇,1911,1911,,,,hvd_165976,31.356148,105.61567
8490,CN510725,CN510725,广汉郡,四川省绵阳市梓潼县崇文大桥,郡,-206,597,,,,hvd_115284,31.63843,105.15763
8491,CN510725,CN510725,广汉郡,四川省绵阳市梓潼县崇文大桥,郡,-201,-136,,,,hvd_112780,31.63843,105.15763
8492,CN510725,CN510725,广汉郡,四川省绵阳市梓潼县崇文大桥,郡,-135,8,,,,hvd_112781,31.63843,105.15763
8493,CN510725,CN510725,梓潼县,四川梓潼县,县,-116,13,,,,hvd_96105,31.63843,105.15763
8494,CN510725,CN510725,就都郡,四川省绵阳市梓潼县崇文大桥,郡,9,23,,,,hvd_112782,31.63843,105.15763
8495,CN510725,CN510725,子同县,四川省绵阳市梓潼县崇文大桥,县,14,22,,,,hvd_96106,31.63843,105.15763
8496,CN510725,CN510725,梓潼县,四川梓潼县,县,23,552,,,,hvd_96107,31.63843,105.15763
8497,CN510725,CN510725,广汉郡,四川省绵阳市梓潼县崇文大桥,郡,24,114,,,,hvd_112783,31.63843,105.15763
8498,CN510725,CN510725,梓潼郡,四川省绵阳市梓潼县崇文大桥,郡,217,389,,,,hvd_116216,31.63843,105.15763
8499,CN510725,CN510725,梓潼郡,四川省绵阳市梓潼县崇文大桥,郡,217,0,,,,hvd_112786,31.63843,105.15763
8500,CN510725,CN510725,安寿县,四川省绵阳市梓潼县,县,553,582,,,,hvd_96108,31.50282,105.15894
8501,CN510725,CN510725,安寿县,四川省绵阳市梓潼县崇文大桥,县,583,606,,,,hvd_96109,31.63843,105.15763
8502,CN510725,CN510725,梓潼县,四川梓潼县,县,607,1911,,,,hvd_96110,31.63843,105.15763
8503,CN510725,CN510725,梓潼县,四川梓潼县,县,1820,1820,,,,hvd_1202,31.63843,105.15763
8504,CN510725,CN510725,三合场,四川省梓潼县三合坝,村镇,1911,1911,,,,hvd_166085,31.589941,105.292206
8505,CN510725,CN510725,上亭铺,四川省梓潼县上亭,村镇,1911,1911,,,,hvd_163871,31.745459,105.20629
8506,CN510725,CN510725,仁和场,四川省梓潼县仁和（底图误为金宝区）,村镇,1911,1911,,,,hvd_166083,31.503849,105.36203
8507,CN510725,CN510725,兴隆场,四川省梓潼县兴隆,村镇,1911,1911,,,,hvd_163867,31.520233,105.18145
8508,CN510725,CN510725,冷饭包（向阳场）,四川省梓潼县向阳,村镇,1911,1911,,,,hvd_163933,31.71663,105.060585
8509,CN510725,CN510725,天宝场,四川省梓潼县天宝场,村镇,1911,1911,,,,hvd_163944,31.821117,105.16197
8510,CN510725,CN510725,梓潼县,四川梓潼县,县,1911,1911,,,,hvd_122791,31.63712,105.15623
8511,CN510725,CN510725,观龙场,四川省梓潼县观龙庙,村镇,1911,1911,,,,hvd_166084,31.46619,105.31132
8512,CN510727,CN510727,江油县,四川省绵阳市平武县,县,553,1257,,,,hvd_96001,32.19813,104.82484
8513,CN510727,CN510727,龙州,四川省绵阳市平武县,州,555,606,,,,hvd_113385,32.19813,104.82484
8514,CN510727,CN510727,龙州,四川省绵阳市平武县,州,583,606,,,,hvd_96584,32.19813,104.82484
8515,CN510727,CN510727,平武郡,四川省绵阳市平武县,郡,607,617,,,,hvd_96585,32.19813,104.82484
8516,CN510727,CN510727,龙州,四川省绵阳市平武县,州,626,741,,,,hvd_111068,32.19813,104.82484
8517,CN510727,CN510727,江油郡,四川省绵阳市平武县,郡,742,756,,,,hvd_111255,32.19813,104.82484
8518,CN510727,CN510727,龙剑节度使,四川省绵阳市平武县,防镇,892,964,,,,hvd_111809,32.19813,104.82484
8519,CN510727,CN510727,龙州宣抚司,四川省绵阳市平武县,宣抚司,1432,1566,,,,hvd_96649,32.41315,104.52972
8520,CN510727,CN510727,龙安府,四川平武县,府,1567,1911,,,,hvd_96618,32.41315,104.52972
8521,CN510727,CN510727,平武县,四川平武县,县,1820,1820,,,,hvd_1185,32.413155,104.529724
8522,CN510727,CN510727,平通堡,四川平武县东南平通,村镇,1820,1820,,,,hvd_21233,32.061047,104.69665
8523,CN510727,CN510727,白草铺,四川平武县东南白草,村镇,1820,1820,,,,hvd_21240,32.35699,104.704216
8524,CN510727,CN510727,龙安府,四川平武县,府,1820,1820,,,,hvd_9701,32.413155,104.529724
8525,CN510727,CN510727,龙溪堡司,四川平武县西北龙溪堡,村镇,1820,1820,,,,hvd_21239,32.537617,104.36446
8526,CN510727,CN510727,古城,四川省平武县古城区,村镇,1911,1911,,,,hvd_163880,32.384228,104.63234
8527,CN510727,CN510727,叶塘,四川省平武县叶塘,村镇,1911,1911,,,,hvd_163901,32.51635,104.1756
8528,CN510727,CN510727,同兴场,四川省平武县赤水,村镇,1911,1911,,,,hvd_163894,32.191254,104.43025
8529,CN510727,CN510727,土城子,四川省平武县土城,村镇,1911,1911,,,,hvd_163903,32.423534,104.223946
8530,CN510727,CN510727,平武县,四川平武县,县,1911,1911,,,,hvd_122792,32.41187,104.52831
8531,CN510727,CN510727,平驿铺,四川省平武县平驿,村镇,1911,1911,,,,hvd_163883,32.03945,104.7766
8532,CN510727,CN510727,徐塘堡,四川省平武县徐塘,村镇,1911,1911,,,,hvd_163896,32.300507,104.490906
8533,CN510727,CN510727,旧堡子,四川省平武县旧堡,村镇,1911,1911,,,,hvd_163905,32.362415,104.37972
8534,CN510727,CN510727,旧州,四川省绵阳市平武县,州,1911,1911,,,,hvd_122793,32.21531,104.83363
8535,CN510727,CN510727,杨柳坝,四川省平武县杨柳坝,村镇,1911,1911,,,,hvd_163902,32.37513,104.176476
8536,CN510727,CN510727,桥头寺,四川省平武县桥头,村镇,1911,1911,,,,hvd_163887,32.137306,104.69877
8537,CN510727,CN510727,水晶站,四川省平武县水柏,村镇,1911,1911,,,,hvd_163899,32.50277,104.31526
8538,CN510727,CN510727,水田河,四川省平武县水田,村镇,1911,1911,,,,hvd_163895,32.327168,104.60647
8539,CN510727,CN510727,白草,四川省平武县白草,村镇,1911,1911,,,,hvd_163891,32.346054,104.69933
8540,CN510727,CN510727,石坎子,四川省平武县石坎,村镇,1911,1911,,,,hvd_163889,32.24259,104.89003
8541,CN510727,CN510727,铁龙坝,四川省平武县铁龙堡,村镇,1911,1911,,,,hvd_163897,32.477867,104.522064
8542,CN510727,CN510727,锁江桥,四川省平武县锁江,村镇,1911,1911,,,,hvd_163893,32.16755,104.484474
8543,CN510727,CN510727,阔达坝,四川省平武县阔达,村镇,1911,1911,,,,hvd_163898,32.468243,104.40455
8544,CN510727,CN510727,阳地隘口司,四川省绵阳市平武县,土司,1911,1911,,,,hvd_122930,32.53186,104.55778
8545,CN510727,CN510727,龙安府,四川平武县,府,1911,1911,,,,hvd_120438,32.41187,104.52831
8546,CN510781,CN510781,德阳县,四川省绵阳市江油市,县,36,203,,,,hvd_96144,32.08685,105.06106
8547,CN510781,CN510781,汉昌县,四川省绵阳市江油市,县,373,552,,,,hvd_96013,31.71863,104.71854
8548,CN510781,CN510781,新巴郡,四川省绵阳市江油市,郡,420,553,,,,hvd_115998,32.08685,105.06106
8549,CN510781,CN510781,昌隆县,四川省绵阳市江油市,县,553,711,,,,hvd_96014,31.71863,104.71854
8550,CN510781,CN510781,显武县,四川省绵阳市江油市,县,620,704,,,,hvd_96020,31.71112,104.7089
8551,CN510781,CN510781,圣武县,四川省绵阳市江油市,县,705,713,,,,hvd_96021,31.71112,104.7089
8552,CN510781,CN510781,昌明县,四川省绵阳市江油市,县,712,922,,,,hvd_96015,31.71863,104.71854
8553,CN510781,CN510781,彰明县,四川省绵阳市江油市,县,923,1376,,,,hvd_96016,31.71863,104.71854
8554,CN510781,CN510781,江油县,四川省绵阳市江油市,县,1258,1284,,,,hvd_96002,31.80524,104.75803
8555,CN510781,CN510781,龙州,四川省绵阳市江油市,州,1285,1361,,,,hvd_96022,31.80524,104.75803
8556,CN510781,CN510781,江油县,四川省绵阳市江油市,县,1362,1376,,,,hvd_96003,31.88281,104.77653
8557,CN510781,CN510781,彰明县,四川省绵阳市江油市,县,1380,1658,,,,hvd_96017,31.71863,104.71854
8558,CN510781,CN510781,江油县,四川省绵阳市江油市纪念碑街中段,县,1380,1652,,,,hvd_96004,31.77812,104.74095
8559,CN510781,CN510781,江油县,四川省绵阳市江油市纪念碑街中段,县,1662,1911,,,,hvd_96005,31.77812,104.74095
8560,CN510781,CN510781,彰明县,四川省绵阳市江油市,县,1728,1911,,,,hvd_96018,31.71863,104.71854
8561,CN510781,CN510781,中坝场,四川江油市,村镇,1820,1820,,,,hvd_21293,31.778116,104.74095
8562,CN510781,CN510781,彰明县,四川江油市西南治城乡（彰明）,县,1820,1820,,,,hvd_1197,31.68572,104.76447
8563,CN510781,CN510781,江油县,四川江油市北武都乡,县,1820,1820,,,,hvd_1194,31.87523,104.76328
8564,CN510781,CN510781,菁林口,四川江油县东北箐林口,村镇,1820,1820,,,,hvd_21244,32.01701,105.13344
8565,CN510781,CN510781,青莲铺,四川江油市西南青莲铺,村镇,1820,1820,,,,hvd_21613,31.680618,104.681244
8566,CN510781,CN510781,仁合场,四川省江油市仁和场,村镇,1911,1911,,,,hvd_166090,32.01029,105.01152
8567,CN510781,CN510781,会龙场,四川省江油市会龙场,村镇,1911,1911,,,,hvd_163939,32.151134,105.123024
8568,CN510781,CN510781,南河院,四川省江油市南河院,村镇,1911,1911,,,,hvd_166102,31.681211,104.795425
8569,CN510781,CN510781,大堰场,四川省江油市大埝,村镇,1911,1911,,,,hvd_163945,31.710606,104.80361
8570,CN510781,CN510781,安顺场,四川省江油市安顺场,村镇,1911,1911,,,,hvd_163935,32.10023,104.94808
8571,CN510781,CN510781,庞家场,四川省江油市庞家场,村镇,1911,1911,,,,hvd_163948,31.740038,104.701355
8572,CN510781,CN510781,张家坝,四川省江油市张家坝,村镇,1911,1911,,,,hvd_163876,31.942696,104.99499
8573,CN510781,CN510781,彰明县,四川省绵阳市江油市,县,1911,1911,,,,hvd_122795,31.71732,104.71714
8574,CN510781,CN510781,江油县,四川省绵阳市江油市,县,1911,1911,,,,hvd_122794,31.88151,104.77512
8575,CN510781,CN510781,江清场,四川省江油市江清场,村镇,1911,1911,,,,hvd_166088,31.9012,105.04684
8576,CN510781,CN510781,白石铺,四川省江油市北城,村镇,1911,1911,,,,hvd_163884,31.9546,104.79066
8577,CN510781,CN510781,百胜,四川省江油市百胜,村镇,1911,1911,,,,hvd_163877,31.97011,105.03305
8578,CN510781,CN510781,石岭场,四川省江油市石岭,村镇,1911,1911,,,,hvd_163928,31.823399,104.81483
8579,CN510781,CN510781,觉华场,四川省江油市觉华,村镇,1911,1911,,,,hvd_163942,31.920465,105.18077
8580,CN510781,CN510781,青林场,四川省江油市青林口,村镇,1911,1911,,,,hvd_163875,32.015713,105.132034
8581,CN510781,CN510781,高峰镇,四川省江油市高峰,村镇,1911,1911,,,,hvd_166101,31.680775,104.71325
8582,CN510781,CN510781,龙池子,四川省江油市龙池子,村镇,1911,1911,,,,hvd_163937,32.17283,104.96725
8583,CN5108,CN5108,广元县,四川广元市,县,1389,1911,新建,数据下限,,hvd_44592,32.44389,105.83299
8584,CN5108,CN5108,广元县,四川广元市,县,1820,1820,,,,hvd_1187,32.44389,105.83299
8585,CN5108,CN5108,广元县,四川广元市,县,1911,1911,,,,hvd_122781,32.44262,105.8316
8586,CN510823,CN510823,葭明县,四川广元市南黄金坝,县,-314,216,新建,更名,,hvd_44586,32.10274,105.71325
8587,CN510823,CN510823,汉寿县,四川广元县南黄金坝,县,217,279,更名,更名,,hvd_44587,32.10274,105.71325
8588,CN510823,CN510823,晋寿县,四川广元市南黄金坝,县,280,556,更名,撤销,,hvd_44588,32.10274,105.71325
8589,CN510823,CN510823,梁州,四川省广元市剑阁县,州,328,347,,,,hvd_113527,32.10274,105.71325
8590,CN510823,CN510823,剑阁县,四川省广元市剑阁县沙溪大桥,县,347,389,,,,hvd_71088,32.28527,105.49878
8591,CN510823,CN510823,晋寿郡,四川省广元市剑阁县,郡,390,597,,,,hvd_115465,32.10274,105.71325
8592,CN510823,CN510823,晋安县,四川广元市南、剑阁县东江口之东、嘉陵江,县,406,597,新建,更名,,hvd_44656,32.10274,105.71325
8593,CN510823,CN510823,南安郡,四川省广元市剑阁县,郡,466,557,,,,hvd_115623,32.0334,105.46332
8594,CN510823,CN510823,梁州晋寿郡,四川省广元市剑阁县,郡,479,533,,,,hvd_115547,32.10274,105.71325
8595,CN510823,CN510823,华阳县,四川剑阁县南王家河,县,480,553,新建,更名,,hvd_44651,31.674156,105.48313
8596,CN510823,CN510823,南安县,四川剑阁县,县,480,553,新建,更名,,hvd_44649,32.0334,105.46332
8597,CN510823,CN510823,胡原县,四川剑阁县东南香沉,县,519,586,新建,更名,,hvd_44647,31.692738,105.70815
8598,CN510823,CN510823,益州东晋寿郡,四川省广元市剑阁县沙溪大桥,郡,534,0,,,,hvd_116090,32.28527,105.49878
8599,CN510823,CN510823,安州,四川省广元市剑阁县,州,552,553,,,,hvd_113534,32.0334,105.46332
8600,CN510823,CN510823,武连县,四川剑阁县西南武连,县,553,1258,更名,撤销,,hvd_44654,31.893951,105.28281
8601,CN510823,CN510823,辅剑郡,四川省广元市剑阁县,郡,553,582,,,,hvd_115238,31.89395,105.28281
8602,CN510823,CN510823,始州,四川省广元市剑阁县,州,554,606,,,,hvd_113535,32.0334,105.46332
8603,CN510823,CN510823,普安县,四川剑阁县,县,554,1372,更名,撤销,,hvd_44650,32.0334,105.46332
8604,CN510823,CN510823,普安郡,四川剑阁县,郡,554,757,,,,hvd_115683,32.0334,105.46332
8605,CN510823,CN510823,黄安县,四川剑阁县南王家河,县,554,905,更名,更名,,hvd_44652,31.674156,105.48313
8606,CN510823,CN510823,西水县,四川剑阁县南金仙场,县,557,604,新建,迁移治所,,hvd_44577,31.63785,105.58946
8607,CN510823,CN510823,始州,四川省广元市剑阁县,州,583,606,,,,hvd_96578,32.0334,105.46332
8608,CN510823,CN510823,临津县,四川剑阁县东南香沉,县,587,1071,更名,撤销,,hvd_44648,31.692738,105.70815
8609,CN510823,CN510823,葭萌县,四川广元县南、剑阁县东江口之东、嘉陵江,县,598,1258,更名,撤销,,hvd_44657,32.10274,105.71325
8610,CN510823,CN510823,普安郡,四川剑阁县,郡,607,617,,,,hvd_96579,32.0334,105.46332
8611,CN510823,CN510823,始州,四川省广元市剑阁县,州,618,712,,,,hvd_110782,32.0334,105.46332
8612,CN510823,CN510823,剑门县,四川剑阁县东北剑门,县,699,1282,新建,撤销,,hvd_44660,32.202896,105.5525
8613,CN510823,CN510823,剑州,四川剑阁县,州,713,741,,,,,32.0334,105.46332
8614,CN510823,CN510823,剑州,四川剑阁县,州,713,746,,,,hvd_111111,32.0334,105.46332
8615,CN510823,CN510823,普安郡,四川剑阁县,州,742,757,,,,,32.0334,105.46332
8616,CN510823,CN510823,普安郡,四川剑阁县,郡,747,756,,,,hvd_111250,32.0334,105.46332
8617,CN510823,CN510823,剑州,四川剑阁县,州,758,1163,,,,,32.0334,105.46332
8618,CN510823,CN510823,普成县,四川剑阁县南王家河,县,906,1282,更名,撤销,,hvd_44653,31.674156,105.48313
8619,CN510823,CN510823,剑门关都监,四川省广元市剑阁县,监,1005,1071,,,,hvd_115439,32.2029,105.5525
8620,CN510823,CN510823,隆庆府,四川省广元市剑阁县,府,1190,1282,,,,hvd_115582,32.0334,105.46332
8621,CN510823,CN510823,剑州,四川剑阁县,州,1820,1820,,,,hvd_1186,32.0334,105.46332
8622,CN510823,CN510823,木马寨,四川剑阁县东南木马寺,村镇,1820,1820,,,,hvd_21301,31.92792,105.60933
8623,CN510823,CN510823,柳池沟驿,四川剑阁县西南柳沟,村镇,1820,1820,,,,hvd_21616,31.9522,105.343
8624,CN510823,CN510823,武连驿,四川剑阁县西南武连驿,村镇,1820,1820,,,,hvd_21303,31.893951,105.28281
8625,CN510823,CN510823,剑州,四川剑阁县,州,1911,1911,,,,hvd_122786,32.03211,105.46192
8626,CN510823,CN510823,剑门关,四川省剑阁县剑门镇,村镇,1911,1911,,,,hvd_163734,32.20161,105.5511
8627,CN510823,CN510823,抄手铺,四川省剑阁县抄手铺,村镇,1911,1911,,,,hvd_163774,32.08158,105.46648
8628,CN510823,CN510823,时古寺,四川省剑阁县时古,村镇,1911,1911,,,,hvd_163765,31.620949,105.48561
8629,CN510823,CN510823,柘坝场,四川省剑阁西那柘坝,村镇,1911,1911,,,,hvd_163764,31.670948,105.47384
8630,CN510823,CN510823,武连驿,四川省剑阁县武连镇（底图错为莲）,村镇,1911,1911,,,,hvd_163743,31.892653,105.28141
8631,CN510824,CN510824,汉昌县,四川苍溪县,县,96,597,新建,更名,,hvd_44580,31.743105,105.93304
8632,CN510824,CN510824,宋安县,四川苍溪县东北岐坪,县,420,553,新建,更名,,hvd_44583,31.890759,106.15674
8633,CN510824,CN510824,岐坪县,四川苍溪县东北岐坪公社,县,554,761,更名,撤销,,hvd_44584,31.890759,106.15674
8634,CN510824,CN510824,义城县,四川苍溪县东北东河北岸,县,556,617,新建,更名,,hvd_44603,32.07678,106.24492
8635,CN510824,CN510824,苍溪县,四川苍溪县,县,598,1376,更名,撤销,,hvd_44581,31.743105,105.93304
8636,CN510824,CN510824,义清县,四川苍溪县东北东河北岸,县,618,620,更名,迁移治所,,hvd_44604,32.07678,106.24492
8637,CN510824,CN510824,大牟县,四川南江县西南一百十里、巴中县北六十里,县,618,966,新建,撤销,,hvd_44625,31.928566,106.35239
8638,CN510824,CN510824,南平州,四川省广元市苍溪县,州,624,627,,,,hvd_110614,32.07678,106.24492
8639,CN510824,CN510824,岐坪县,四川苍溪县东北岐坪公社,县,902,1070,新建,撤销,,hvd_44585,31.890759,106.15674
8640,CN510824,CN510824,苍溪县,四川苍溪县,县,1380,1911,新建,数据下限,,hvd_44582,31.743105,105.93304
8641,CN510824,CN510824,苍溪县,四川苍溪县,县,1820,1820,,,,hvd_1201,31.7431,105.93304
8642,CN510824,CN510824,下五里子,四川省苍溪县五里,村镇,1911,1911,,,,hvd_163779,31.687035,105.9794
8643,CN510824,CN510824,伏公铺,四川省苍溪县伏公,村镇,1911,1911,,,,hvd_163529,31.834871,105.98133
8644,CN510824,CN510824,回水,四川省苍溪县回水,村镇,1911,1911,,,,hvd_163525,31.79199,105.93292
8645,CN510824,CN510824,岐坪,四川省苍溪县岐坪镇,村镇,1911,1911,,,,hvd_163531,31.889467,106.15536
8646,CN510824,CN510824,永宁铺,四川省苍溪县永宁铺,村镇,1911,1911,,,,hvd_163527,32.006107,105.87913
8647,CN510824,CN510824,王渡,四川省苍溪县王渡,村镇,1911,1911,,,,hvd_163780,31.733997,106.07981
8648,CN510824,CN510824,苍溪县,四川苍溪县,县,1911,1911,,,,hvd_122779,31.74181,105.93166
8649,CN510824,CN510824,马桑,四川省苍溪县马桑,村镇,1911,1911,,,,hvd_163523,31.784294,105.83868
8650,CN510824,CN510824,龙山场（双龙）,四川省苍溪县龙山区,村镇,1911,1911,,,,hvd_163541,31.871576,106.36467
8651,CN5109,CN5109,遂宁县,四川遂宁县,县,1820,1820,,,,hvd_1239,30.503918,105.570206
8652,CN510921,CN510921,巴兴县,四川省遂宁市蓬溪县,县,355,554,,,,hvd_96313,30.77637,105.70863
8653,CN510921,CN510921,长江县,四川省遂宁市蓬溪县,县,555,673,,,,hvd_96314,30.77637,105.70863
8654,CN510921,CN510921,唐兴县,四川省遂宁市蓬溪县,县,682,692,,,,hvd_96316,30.67561,105.73382
8655,CN510921,CN510921,武丰县,四川省遂宁市蓬溪县,县,693,704,,,,hvd_96317,30.67561,105.73382
8656,CN510921,CN510921,唐兴县,四川省遂宁市蓬溪县,县,705,712,,,,hvd_96318,30.67561,105.73382
8657,CN510921,CN510921,唐安县,四川省遂宁市蓬溪县蜀北中路110-、112-、,县,708,712,,,,hvd_96319,30.77591,105.71885
8658,CN510921,CN510921,唐兴县,四川省遂宁市蓬溪县蜀北中路110-、112-、,县,713,741,,,,hvd_96320,30.77591,105.71885
8659,CN510921,CN510921,蓬溪县,四川省遂宁市蓬溪县蜀北中路110-、112-、,县,742,1376,,,,hvd_96321,30.77591,105.71885
8660,CN510921,CN510921,蓬溪县,四川蓬溪县,县,1380,1911,,,,hvd_96322,30.77637,105.70863
8661,CN510921,CN510921,大石铺,四川蓬溪县西南大石桥,村镇,1820,1820,,,,hvd_21631,30.664923,105.629715
8662,CN510921,CN510921,文井场,四川蓬溪县西北文井场,村镇,1820,1820,,,,hvd_21632,30.879652,105.68205
8663,CN510921,CN510921,蓬溪县,四川蓬溪县,县,1820,1820,,,,hvd_1240,30.776373,105.708626
8664,CN510921,CN510921,高平镇,四川蓬溪县南高平乡,村镇,1820,1820,,,,hvd_21398,30.452879,105.7059
8665,CN510921,CN510921,上东路,四川省蓬溪县上东,村镇,1911,1911,,,,hvd_164162,30.796906,105.72821
8666,CN510921,CN510921,中和场,四川省蓬溪县中和,村镇,1911,1911,,,,hvd_164173,30.395466,105.9481
8667,CN510921,CN510921,会龙场,四川省西充县会龙,村镇,1911,1911,,,,hvd_166199,30.923136,105.69764
8668,CN510921,CN510921,吉祥寺,四川省蓬溪县双江,村镇,1911,1911,,,,hvd_166208,30.645157,105.56506
8669,CN510921,CN510921,大石桥,四川省蓬溪县大石桥区,村镇,1911,1911,,,,hvd_164163,30.663584,105.62834
8670,CN510921,CN510921,板桥场,四川省蓬溪县板桥子,村镇,1911,1911,,,,hvd_166209,30.808031,105.61985
8671,CN510921,CN510921,槐花场,四川省蓬溪县淮花,村镇,1911,1911,,,,hvd_164159,30.808441,105.60219
8672,CN510921,CN510921,母店垭,四川省蓬溪县附南,村镇,1911,1911,,,,hvd_166210,30.733273,105.714836
8673,CN510921,CN510921,蓬溪县,四川蓬溪县,县,1911,1911,,,,hvd_122802,30.77504,105.70725
8674,CN510921,CN510921,黄坭场,四川省蓬溪县黄坭,村镇,1911,1911,,,,hvd_164167,30.566193,105.81939
8675,CN510922,CN510922,通泉县,四川省遂宁市射洪市,县,520,553,,,,hvd_96297,30.76958,105.41745
8676,CN510922,CN510922,涌泉县,四川省遂宁市射洪市,县,554,582,,,,hvd_96298,30.76958,105.41745
8677,CN510922,CN510922,射江县,四川省遂宁市射洪市,县,555,556,,,,hvd_96294,30.98916,105.27602
8678,CN510922,CN510922,射洪县,四川射洪县西北金华镇,县,557,1376,,,,hvd_96295,30.98916,105.27602
8679,CN510922,CN510922,通泉县,四川省遂宁市射洪市,县,583,1282,,,,hvd_96299,30.76958,105.41745
8680,CN510922,CN510922,射洪县,四川射洪县西北金华镇,县,1380,1911,,,,hvd_96296,30.98916,105.27602
8681,CN510922,CN510922,太和镇,四川射洪县,村镇,1820,1820,,,,hvd_21403,30.87612,105.38237
8682,CN510922,CN510922,射洪县,四川射洪县西北金华镇,县,1820,1820,,,,hvd_1242,30.989159,105.276024
8683,CN510922,CN510922,洋溪镇,四川射洪县东南洋溪镇,村镇,1820,1820,,,,hvd_21400,30.777002,105.462166
8684,CN510922,CN510922,富丰场,四川省射洪县富丰,村镇,1911,1911,,,,hvd_164038,30.984976,105.211
8685,CN510922,CN510922,射洪县,四川射洪县西北金华镇,县,1911,1911,,,,hvd_122798,30.98783,105.27464
8686,CN510922,CN510922,文聚场,四川省射洪县文聚,村镇,1911,1911,,,,hvd_164054,30.841015,105.27277
8687,CN510922,CN510922,柳树沱,四川省射洪县柳树镇,村镇,1911,1911,,,,hvd_164050,30.729126,105.40894
8688,CN5111,CN5111,嘉定府,四川乐山市,府,1371,1375,,,,hvd_96651,29.57069,103.75156
8689,CN5111,CN5111,乐山县,四川乐山市,县,1734,1911,,,,hvd_96065,29.57069,103.75156
8690,CN5111,CN5111,嘉定府,四川乐山市,府,1734,1911,,,,hvd_96621,29.57069,103.75156
8691,CN5111,CN5111,乐山县,四川乐山市,县,1820,1820,,,,hvd_1258,29.570686,103.751564
8692,CN5111,CN5111,嘉定府,四川乐山市,府,1820,1820,,,,hvd_9717,29.570686,103.751564
8693,CN5111,CN5111,关帝庙,四川省泸县关庙,村镇,1911,1911,,,,hvd_166265,29.664377,103.7762
8694,CN5111,CN5111,板桥溪,四川省乐山市板桥街,村镇,1911,1911,,,,hvd_164786,29.699387,103.81066
8695,CN5111,CN5111,苏稽镇,四川省乐山市新桥镇,村镇,1911,1911,,,,hvd_164795,29.59829,103.66639
8696,CN5111,CN5111,通江镇,四川省乐山市通江镇,村镇,1911,1911,,,,hvd_164811,29.620996,103.73774
8697,CN511123,CN511123,武阳县,四川省乐山市犍为县,县,563,582,,,,hvd_96076,29.14811,103.98856
8698,CN511123,CN511123,犍为县,四川省乐山市犍为县,县,583,900,,,,hvd_96077,29.14811,103.98856
8699,CN511123,CN511123,犍为县,四川犍为县,县,901,1010,,,,hvd_96078,29.20924,103.94312
8700,CN511123,CN511123,犍为县,四川省乐山市犍为县,县,1011,1275,,,,hvd_96079,29.13926,103.99074
8701,CN511123,CN511123,犍为县,四川省乐山市犍为县,县,1282,1509,,,,hvd_96081,29.13926,103.99074
8702,CN511123,CN511123,犍为县,四川犍为县,县,1510,1911,,,,hvd_96082,29.20924,103.94312
8703,CN511123,CN511123,犍为县,四川犍为县,县,1820,1820,,,,hvd_1262,29.209244,103.94312
8704,CN511123,CN511123,犍为县,四川犍为县,县,1911,1911,,,,hvd_122837,29.20784,103.94173
8705,CN511123,CN511123,金井,四川省犍为县金井,村镇,1911,1911,,,,hvd_164897,29.369507,104.11958
8706,CN511123,CN511123,龙𥥅,四川省犍为县龙𥥅,村镇,1911,1911,,,,hvd_164890,29.193434,104.055786
8707,CN511321,CN511321,南充国县,四川南部县,县,193,434,新建,更名,,hvd_44570,31.359615,106.058586
8708,CN511321,CN511321,南国县,四川南部县,县,435,501,更名,更名,,hvd_44571,31.359615,106.058586
8709,CN511321,CN511321,南部县,四川南部县,县,502,1376,更名,撤销,,hvd_44572,31.359615,106.058586
8710,CN511321,CN511321,晋安县,四川南部县西北升钟场,县,557,582,新建,撤销,,hvd_44567,31.485622,105.73887
8711,CN511321,CN511321,晋城县,四川南部县西北升钟场,县,583,617,迁移治所,更名,,hvd_44568,31.485622,105.73887
8712,CN511321,CN511321,西水县,四川南部县西北西河,县,605,1282,迁移治所,撤销,,hvd_44578,31.549824,105.61012
8713,CN511321,CN511321,晋安县,四川南部县西北升钟场,县,618,1070,更名,撤销,,hvd_44569,31.485622,105.73887
8714,CN511321,CN511321,新政县,四川南部县西北升钟场,县,1082,1282,迁移治所,撤销,,hvd_44576,31.485622,105.73887
8715,CN511321,CN511321,南部县,四川南部县,县,1380,1911,新建,数据下限,,hvd_44573,31.359615,106.058586
8716,CN511321,CN511321,南部县,四川南部县,县,1820,1820,,,,hvd_1204,31.35962,106.05859
8717,CN511321,CN511321,柳边驿,四川南部县西柳边驿,村镇,1820,1820,,,,hvd_21302,31.365822,105.71103
8718,CN511321,CN511321,伏虎桥,四川省南部县伏虎桥,村镇,1911,1911,,,,hvd_165978,31.300001,105.717094
8719,CN511321,CN511321,南部县,四川南部县,县,1911,1911,,,,hvd_122780,31.3583,106.05721
8720,CN511321,CN511321,双河场,四川省南部县双佛（双合）,村镇,1911,1911,,,,hvd_163557,31.320852,105.62332
8721,CN511321,CN511321,回龙场,四川省南部县回龙,村镇,1911,1911,,,,hvd_163567,31.529654,105.514
8722,CN511321,CN511321,太平桥,四川省南部县太平,村镇,1911,1911,,,,hvd_163775,31.223057,106.078545
8723,CN511321,CN511321,新场,四川省阆中县金鱼,村镇,1911,1911,,,,hvd_163506,31.412724,105.889244
8724,CN511321,CN511321,河坝场,四川省南部县河坝场,村镇,1911,1911,,,,hvd_163546,31.13132,106.131516
8725,CN511321,CN511321,罐垭场,四川省南部县罐垭,村镇,1911,1911,,,,hvd_163560,31.518787,105.57951
8726,CN511321,CN511321,老观场,四川省南部县鹤观,村镇,1911,1911,,,,hvd_163556,31.337006,105.84021
8727,CN511321,CN511321,谢家河,四川省南部县谢家河,村镇,1911,1911,,,,hvd_163777,31.341957,106.131996
8728,CN511321,CN511321,赛金场,四川省南部县罐子,村镇,1911,1911,,,,hvd_165977,31.39526,105.679665
8729,CN511321,CN511321,镇江庙,四川省南部县镇江庙,村镇,1911,1911,,,,hvd_163776,31.262983,105.70778
8730,CN511381,CN511381,阆中县,四川阆中县,县,-314,582,新建,更名,,hvd_44558,31.58316,105.96703
8731,CN511381,CN511381,充国县,四川阆中县西南天宫乡宝珠村,县,-53,29,新建,撤销,,hvd_44562,31.43531,105.8645
8732,CN511381,CN511381,充国县,四川阆中县西南天宫乡宝珠村,县,90,192,新建,更名,,hvd_44563,31.43531,105.8645
8733,CN511381,CN511381,西充国县,四川阆中县西南天宫乡宝珠村,县,193,305,更名,撤销,,hvd_44564,31.43531,105.8645
8734,CN511381,CN511381,巴西郡,四川省南充市阆中市,郡,201,0,,,,hvd_112771,31.58316,105.96703
8735,CN511381,CN511381,巴西郡,四川省南充市阆中市,郡,201,553,,,,hvd_115028,31.58314,105.96947
8736,CN511381,CN511381,北巴西郡,四川省南充市阆中市,郡,431,553,,,,hvd_115040,31.58314,105.96947
8737,CN511381,CN511381,西国县,四川阆中县西南天宫乡宝珠村,县,435,553,新建,更名,,hvd_44565,31.43531,105.8645
8738,CN511381,CN511381,木兰郡,四川省南充市阆中市,郡,502,553,,,,hvd_115619,31.46184,105.9195
8739,CN511381,CN511381,南梁州,四川省南充市阆中市,州,511,553,,,,hvd_113532,31.58316,105.96703
8740,CN511381,CN511381,晋城县,四川阆中县西南天宫乡宝珠村,县,554,582,更名,迁移治所,,hvd_44566,31.43531,105.8645
8741,CN511381,CN511381,隆州,四川省南充市阆中市,州,554,606,,,,hvd_113533,31.58316,105.96703
8742,CN511381,CN511381,奉国县,四川阆中县东北老观乡,县,555,1282,新建,撤销,,hvd_44579,31.771172,106.18242
8743,CN511381,CN511381,白马郡,四川省南充市阆中市,郡,555,582,,,,hvd_115030,31.77117,106.18242
8744,CN511381,CN511381,阆内县,四川阆中县,县,583,617,更名,更名,,hvd_44559,31.58316,105.96703
8745,CN511381,CN511381,隆州,四川省南充市阆中市,州,583,606,,,,hvd_96569,31.58316,105.96703
8746,CN511381,CN511381,巴西郡,四川省南充市阆中市,郡,607,617,,,,hvd_96570,31.58316,105.96703
8747,CN511381,CN511381,思恭县,四川阆中县东北四十里二龙区,县,618,623,新建,撤销,,hvd_44561,31.670443,106.15802
8748,CN511381,CN511381,阆中县,四川阆中县,县,618,1911,更名,数据下限,,hvd_44560,31.58316,105.96703
8749,CN511381,CN511381,隆州,四川省南充市阆中市,州,618,711,,,,hvd_110780,31.58316,105.96703
8750,CN511381,CN511381,阆州,四川省南充市阆中市,州,712,741,,,,hvd_111060,31.58316,105.96703
8751,CN511381,CN511381,阆中郡,四川省南充市阆中市,郡,742,756,,,,hvd_111251,31.58316,105.96703
8752,CN511381,CN511381,保宁军节度使,四川省南充市阆中市,防镇,929,929,,,,hvd_111721,31.58316,105.96703
8753,CN511381,CN511381,保宁军节度使,四川省南充市阆中市,防镇,932,964,,,,hvd_111805,31.58316,105.96703
8754,CN511381,CN511381,阆州,四川省南充市阆中市,州,1127,1279,,,,,31.564144,106.01156
8755,CN511381,CN511381,保宁府,四川阆中市,府,1276,1819,,,,,31.583143,105.96947
8756,CN511381,CN511381,保宁府,四川阆中市,府,1276,1819,,,,,31.583143,105.96947
8757,CN511381,CN511381,保宁府,四川阆中市,府,1279,1911,,,,hvd_96617,31.58314,105.96947
8758,CN511381,CN511381,保宁府,四川阆中市,府,1820,1820,,,,hvd_9706,31.583143,105.96947
8759,CN511381,CN511381,和溪关,四川阆中县东南河溪关,村镇,1820,1820,,,,hvd_21313,31.537783,106.05842
8760,CN511381,CN511381,思依堡,四川阆中县西北思衣,村镇,1820,1820,,,,hvd_21299,31.629757,105.767235
8761,CN511381,CN511381,保宁府,四川阆中市,府,1911,1911,,,,hvd_120437,31.58184,105.96809
8762,CN511381,CN511381,南津关,四川省阆中县江南镇（底图位置误）,村镇,1911,1911,,,,hvd_163499,31.5666,105.972946
8763,CN511381,CN511381,博树垭,四川省阆中县博树,村镇,1911,1911,,,,hvd_166160,31.691195,106.05138
8764,CN511381,CN511381,双庙,四川省阆中县双庙,村镇,1911,1911,,,,hvd_163514,31.583443,106.107475
8765,CN511381,CN511381,土地垭,四川省阆中县土地,村镇,1911,1911,,,,hvd_166159,31.749268,106.117546
8766,CN511381,CN511381,洪山镇,四川省阆中县洪山区,村镇,1911,1911,,,,hvd_163510,31.43475,106.08555
8767,CN511381,CN511381,田公垭,四川省阆中县田公,村镇,1911,1911,,,,hvd_163508,31.532518,105.929054
8768,CN511381,CN511381,铺垭镇,四川省阆中县护垭,村镇,1911,1911,,,,hvd_163520,31.704039,106.34862
8769,CN511381,CN511381,阆中县,四川省南充市阆中市,县,1911,1911,,,,hvd_122778,31.58184,105.96809
8770,CN511403,CN511403,武阳县,四川彭山区江口镇,郡,-316,482,,,,,30.222721,103.912796
8771,CN511403,CN511403,武阳县,四川省眉山市彭山区,县,-316,13,,,,hvd_96179,30.29328,103.91959
8772,CN511403,CN511403,戢成县,四川省眉山市彭山区,县,14,22,,,,hvd_96180,30.29328,103.91959
8773,CN511403,CN511403,武阳县,四川省眉山市彭山区,县,23,504,,,,hvd_96181,30.29328,103.91959
8774,CN511403,CN511403,犍为郡,四川省眉山市彭山区,郡,108,0,,,,hvd_112819,30.16979,103.93348
8775,CN511403,CN511403,绵水县,四川省眉山市彭山区,县,425,561,,,,hvd_96193,30.16979,103.93349
8776,CN511403,CN511403,犍为县,四川省眉山市彭山区,县,535,552,,,,hvd_96182,30.20075,103.86925
8777,CN511403,CN511403,隆山县,四川省眉山市彭山区,县,553,626,,,,hvd_96183,30.20075,103.86925
8778,CN511403,CN511403,平桑郡,四川省眉山市彭山区,郡,557,582,,,,hvd_115674,30.20075,103.86925
8779,CN511403,CN511403,隆山县,四川省眉山市彭山区,县,628,711,,,,hvd_96184,30.20075,103.86925
8780,CN511403,CN511403,彭山县,四川彭山县,县,712,1376,,,,hvd_96185,30.20075,103.86925
8781,CN511403,CN511403,彭山县,四川彭山县,县,1380,1661,,,,hvd_96186,30.20075,103.86925
8782,CN511403,CN511403,彭山县,四川彭山县,县,1728,1911,,,,hvd_96187,30.20075,103.86925
8783,CN511403,CN511403,彭山县,四川彭山县,县,1820,1820,,,,hvd_1229,30.200752,103.86925
8784,CN511403,CN511403,观音铺,四川彭山县北观音铺,村镇,1820,1820,,,,hvd_21624,30.254084,103.87847
8785,CN511403,CN511403,彭山县,四川省眉山市彭山区,县,1911,1911,,,,hvd_122842,30.19938,103.86784
8786,CN511403,CN511403,新民场,四川省彭山县新民,村镇,1911,1911,,,,hvd_165006,30.206057,103.82457
8787,CN511403,CN511403,顺河场,四川省彭山县顺河,村镇,1911,1911,,,,hvd_165009,30.261406,103.770485
8788,CN511425,CN511425,青衣县,四川省眉山市青神县,县,555,557,,,,hvd_96188,29.76261,103.81733
8789,CN511425,CN511425,青神县,四川省眉山市青神县,县,558,624,,,,hvd_96189,29.76261,103.81733
8790,CN511425,CN511425,青神县,四川青神县,县,625,1376,,,,hvd_96190,29.83728,103.84511
8791,CN511425,CN511425,青神县,四川省眉山市青神县,县,1380,1666,,,,hvd_96191,29.76261,103.81733
8792,CN511425,CN511425,青神县,四川省眉山市青神县,县,1728,1911,,,,hvd_96192,29.76261,103.81733
8793,CN511425,CN511425,青神县,四川青神县,县,1820,1820,,,,hvd_1311,29.837276,103.84511
8794,CN511425,CN511425,两河口,四川省青神县两河口,村镇,1911,1911,,,,hvd_166248,29.767277,103.85386
8795,CN511425,CN511425,复兴场,四川省青神县复兴（罗湾）,村镇,1911,1911,,,,hvd_165013,29.856888,103.91885
8796,CN511425,CN511425,天池,四川省青神县天池,村镇,1911,1911,,,,hvd_164720,29.767399,103.86881
8797,CN511425,CN511425,观音场,四川省青神县观金,村镇,1911,1911,,,,hvd_165016,29.857738,103.75955
8798,CN511425,CN511425,青神县,四川青神县,县,1911,1911,,,,hvd_122843,29.83589,103.84371
8799,CN511425,CN511425,青龙场,四川省青神县青龙,村镇,1911,1911,,,,hvd_165014,29.896652,103.93974
8800,CN5115,CN5115,叙州府,四川宜宾市,府,1373,1911,,,,hvd_96620,28.77483,104.61636
8801,CN5115,CN5115,叙州府,四川宜宾市,府,1820,1820,,,,hvd_9721,28.774832,104.616356
8802,CN5115,CN5115,宜宾县,四川宜宾市,县,1820,1820,,,,hvd_1292,28.774832,104.616356
8803,CN5115,CN5115,叙州府,四川宜宾市,府,1911,1911,,,,hvd_120440,28.77342,104.61498
8804,CN5115,CN5115,宜宾县,四川宜宾市,县,1911,1911,,,,hvd_122805,28.77342,104.61498
8805,CN5117,CN5117,达州,四川省达州市,州,1127,1279,,,,,31.214348,107.4745
8806,CN5117,CN5117,罗江口,四川达县市北罗江,村镇,1820,1820,,,,hvd_21322,31.316353,107.546906
8807,CN5117,CN5117,蒲家场,四川达县市北蒲家村,村镇,1820,1820,,,,hvd_21318,31.369823,107.51271
8808,CN5117,CN5117,铁山关,四川达县市西北铁山关,村镇,1820,1820,,,,hvd_21323,31.40415,107.373795
8809,CN5117,CN5117,麻柳场,四川达县市东南麻柳场,村镇,1820,1820,,,,hvd_21324,31.023119,107.688515
8810,CN5117,CN5117,万家坝,四川省达县万家,村镇,1911,1911,,,,hvd_163141,30.956625,107.662766
8811,CN5117,CN5117,亭子铺,四川省达县亭子镇,村镇,1911,1911,,,,hvd_163130,31.117884,107.58186
8812,CN5117,CN5117,元山寺,四川省达县香隆,村镇,1911,1911,,,,hvd_163132,31.276756,107.035324
8813,CN5117,CN5117,北山场,四川省达县北山,村镇,1911,1911,,,,hvd_163113,31.478436,107.30138
8814,CN5117,CN5117,南外,四川省达县市南外镇,村镇,1911,1911,,,,hvd_163109,31.20316,107.496704
8815,CN5117,CN5117,南岳场,四川省达县南岳,村镇,1911,1911,,,,hvd_163138,30.866692,107.56796
8816,CN5117,CN5117,南赵家场,四川省达县赵家区,村镇,1911,1911,,,,hvd_163131,30.959328,107.39748
8817,CN5117,CN5117,双河场,四川省达县双河,村镇,1911,1911,,,,hvd_163122,31.243536,107.03381
8818,CN5117,CN5117,双龙场,四川省达县双龙,村镇,1911,1911,,,,hvd_163117,31.297642,107.443596
8819,CN5117,CN5117,回龙场,四川省达县永进,村镇,1911,1911,,,,hvd_163124,31.340675,107.08675
8820,CN5117,CN5117,堡子岭,四川省达县堡子区,村镇,1911,1911,,,,hvd_163115,31.352324,107.299484
8821,CN5117,CN5117,堰坝场,四川省达县大堰,村镇,1911,1911,,,,hvd_163118,31.251978,107.32349
8822,CN5117,CN5117,大垭场,四川省达县大垭,村镇,1911,1911,,,,hvd_163140,31.041857,107.5178
8823,CN5117,CN5117,大树坝,四川省达县大树区,村镇,1911,1911,,,,hvd_163137,30.904896,107.629105
8824,CN5117,CN5117,平滩场,四川省达县平滩,村镇,1911,1911,,,,hvd_163139,30.93085,107.49567
8825,CN5117,CN5117,景市庙,四川省达县景市区,村镇,1911,1911,,,,hvd_163134,30.992731,107.548195
8826,CN5117,CN5117,本头市,四川省达县本头,村镇,1911,1911,,,,hvd_163128,31.00227,107.27015
8827,CN5117,CN5117,桥湾河,四川省达县桥湾区,村镇,1911,1911,,,,hvd_163119,31.267857,107.20674
8828,CN5117,CN5117,檀木场,四川省达县檀木,村镇,1911,1911,,,,hvd_163144,31.065807,107.72804
8829,CN5117,CN5117,江陵溪,四川省达县江陵,村镇,1911,1911,,,,hvd_163116,31.408194,107.24142
8830,CN5117,CN5117,河市坝,四川省达县河市镇,村镇,1911,1911,,,,hvd_163129,31.142706,107.42119
8831,CN5117,CN5117,渡市街,四川省达县渡市区,村镇,1911,1911,,,,hvd_163126,31.07259,107.277336
8832,CN5117,CN5117,石板店,四川省达县石板,村镇,1911,1911,,,,hvd_163133,31.074139,107.47874
8833,CN5117,CN5117,石桥河,四川省达县石桥镇,村镇,1911,1911,,,,hvd_163121,31.302588,107.11381
8834,CN5117,CN5117,石观音,四川省达县金石,村镇,1911,1911,,,,hvd_163114,31.402855,107.37245
8835,CN5117,CN5117,碑牌河,四川省达县碑庙区,村镇,1911,1911,,,,hvd_163112,31.465403,107.39164
8836,CN5117,CN5117,福寿场,四川省达县福寿,村镇,1911,1911,,,,hvd_163120,31.23237,107.20182
8837,CN5117,CN5117,管村坪,四川省达县管村区,村镇,1911,1911,,,,hvd_163125,31.183117,107.3112
8838,CN5117,CN5117,罗江口,四川省达县罗江镇,村镇,1911,1911,,,,hvd_163111,31.315056,107.54556
8839,CN5117,CN5117,葫芦镇,四川省达县葫芦,村镇,1911,1911,,,,hvd_163142,30.986341,107.75992
8840,CN5117,CN5117,蒲家场,四川省达县蒲家镇,村镇,1911,1911,,,,hvd_163110,31.368526,107.51137
8841,CN5117,CN5117,金垭场,四川省达县金垭,村镇,1911,1911,,,,hvd_163135,31.082396,107.4053
8842,CN5117,CN5117,银山场,四川省达县银铁,村镇,1911,1911,,,,hvd_163123,31.210962,107.10502
8843,CN5117,CN5117,马家场,四川省达县马家,村镇,1911,1911,,,,hvd_163136,31.009388,107.42595
8844,CN5117,CN5117,骑龙场,四川省达县龙会,村镇,1911,1911,,,,hvd_163127,31.131481,107.19973
8845,CN5117,CN5117,麻柳场,四川省达县麻柳镇,村镇,1911,1911,,,,hvd_163143,31.021812,107.68718
8846,CN511725,CN511725,宕渠县,四川省达州市渠县,县,-214,302,,,,hvd_96270,31.00598,107.06176
8847,CN511725,CN511725,宕渠郡,四川省达州市渠县,郡,216,582,,,,hvd_115146,30.99922,107.0565
8848,CN511725,CN511725,宕渠郡,四川省达州市渠县,郡,218,0,,,,hvd_112772,31.00598,107.06176
8849,CN511725,CN511725,渠州,四川省达州市渠县,州,529,606,,,,hvd_113417,30.84433,106.96224
8850,CN511725,CN511725,流江县,四川省达州市渠县,县,559,1288,,,,hvd_96276,30.84433,106.96224
8851,CN511725,CN511725,宕渠郡,四川省达州市渠县,郡,607,617,,,,hvd_110257,30.84433,106.96224
8852,CN511725,CN511725,渠州,四川省达州市渠县,州,618,741,,,,hvd_111069,30.84433,106.96224
8853,CN511725,CN511725,賨城县,四川省达州市渠县,县,618,624,,,,hvd_96284,30.99922,107.0565
8854,CN511725,CN511725,大竹县,四川省达州市渠县,县,700,824,,,,hvd_96279,31.07066,106.9866
8855,CN511725,CN511725,潾山郡,四川省达州市渠县,郡,742,757,,,,hvd_111338,30.84433,106.96224
8856,CN511725,CN511725,渠州,四川省达州市渠县,州,758,762,,,,hvd_111427,30.84433,106.96224
8857,CN511725,CN511725,大竹县,四川省达州市渠县,县,965,1035,,,,hvd_96280,31.07066,106.9866
8858,CN511725,CN511725,渠州,四川省达州市渠县,州,1127,1279,,,,,30.842339,106.979576
8859,CN511725,CN511725,大竹县,四川省达州市渠县,县,1133,1282,,,,hvd_96281,31.07066,106.9866
8860,CN511725,CN511725,渠县,四川渠县,县,1376,1911,,,,hvd_96278,30.84433,106.96224
8861,CN511725,CN511725,三汇场,四川渠县东北三汇镇,村镇,1820,1820,,,,hvd_21314,31.034805,107.136375
8862,CN511725,CN511725,渠县,四川渠县,县,1820,1820,,,,hvd_1249,30.844326,106.96224
8863,CN511725,CN511725,㶍渡镇,四川省渠县㶍渡镇,村镇,1911,1911,,,,hvd_163225,30.76382,106.88627
8864,CN511725,CN511725,渠县,四川渠县,县,1911,1911,,,,hvd_122767,30.84301,106.96089
8865,CN511725,CN511725,琅琊场,四川省渠县琅琊区,村镇,1911,1911,,,,hvd_163226,30.688156,106.98026
8866,CN512021,CN512021,安岳县,四川安岳县,县,575,1252,,,,hvd_96333,30.1127,105.32452
8867,CN512021,CN512021,普州,四川省资阳市安岳县,州,575,605,,,,hvd_113405,29.93973,105.38136
8868,CN512021,CN512021,永康县,四川省资阳市安岳县,县,575,597,,,,hvd_96336,29.93973,105.38136
8869,CN512021,CN512021,普州,四川省资阳市安岳县,州,583,606,,,,hvd_96543,30.1127,105.32452
8870,CN512021,CN512021,隆康县,四川省资阳市安岳县,县,598,711,,,,hvd_96337,29.93973,105.38136
8871,CN512021,CN512021,普州,四川省资阳市安岳县,州,619,741,,,,hvd_111050,30.1127,105.32452
8872,CN512021,CN512021,普康县,四川省资阳市安岳县,县,712,1071,,,,hvd_96338,29.93973,105.38136
8873,CN512021,CN512021,安岳郡,四川省资阳市安岳县,郡,742,756,,,,hvd_111247,30.1127,105.32452
8874,CN512021,CN512021,普州,四川省资阳市安岳县,州,1127,1279,,,,,30.103413,105.34183
8875,CN512021,CN512021,安岳县,四川安岳县,县,1362,1661,,,,hvd_96334,30.1127,105.32452
8876,CN512021,CN512021,安岳县,四川安岳县,县,1729,1911,,,,hvd_96335,30.1127,105.32452
8877,CN512021,CN512021,安岳县,四川安岳县,县,1820,1820,,,,hvd_1238,30.1127,105.32452
8878,CN512021,CN512021,通贤铺,四川安岳县东北通贤场,村镇,1820,1820,,,,hvd_21401,30.258194,105.36292
8879,CN512021,CN512021,龙台镇,四川安岳县东南龙台场,村镇,1820,1820,,,,hvd_21405,30.08343,105.56374
8880,CN512021,CN512021,八庙场,四川省安岳县八庙,村镇,1911,1911,,,,hvd_164176,30.282938,105.31214
8881,CN512021,CN512021,吕家沟,四川省安岳县吕家弯,村镇,1911,1911,,,,hvd_165987,30.291855,105.29226
8882,CN512021,CN512021,太平场,四川省安岳县太平,村镇,1911,1911,,,,hvd_164209,29.89655,105.24981
8883,CN512021,CN512021,安岳县,四川安岳县,县,1911,1911,,,,hvd_122803,30.11134,105.32314
8884,CN512021,CN512021,通贤,四川省安岳县国清镇,村镇,1911,1911,,,,hvd_164177,30.23913,105.3894
8885,CN512021,CN512021,镇子,四川省安岳县云归镇,村镇,1911,1911,,,,hvd_164203,29.970142,105.2009
8886,CN512021,CN512021,长河,四川省安岳县长河,村镇,1911,1911,,,,hvd_164180,30.139114,105.44131
8887,CN512021,CN512021,黄桷铺,四川省安岳县黄桷,村镇,1911,1911,,,,hvd_166211,30.180769,105.21499
8888,CN532325,CN532325,弄栋县,云南省姚安县西北十七里光禄镇旧城村,县,-109,548,新建,撤销,,hvd_45547,25.570494,101.184166
8889,CN532325,CN532325,云南郡,云南省楚雄彝族自治州姚安县,郡,225,741,,,,hvd_116154,25.56409,101.28989
8890,CN532325,CN532325,姚州总管府,云南省楚雄彝族自治州姚安县,府,618,620,,,,hvd_80709,25.57049,101.18417
8891,CN532325,CN532325,姚城县,云南省姚安县西北十七里光禄镇旧城村,县,621,749,新建,撤销,,hvd_45551,25.570494,101.184166
8892,CN532325,CN532325,姚州,云南省楚雄彝族自治州姚安县,州,621,663,,,,hvd_80706,25.57049,101.18417
8893,CN532325,CN532325,长明县,云南省姚安县旧城东北十五里,县,621,753,新建,撤销,,hvd_45554,25.564087,101.28989
8894,CN532325,CN532325,弄栋县,云南省姚安县西北十七里光禄镇旧城村,县,627,749,新建,撤销,,hvd_45548,25.570494,101.184166
8895,CN532325,CN532325,姚州,云南省楚雄彝族自治州姚安县,州,664,679,,,,hvd_80699,25.51821,101.29034
8896,CN532325,CN532325,姚州都督,云南省楚雄彝族自治州姚安县,都督,664,752,,,,hvd_80707,25.51821,101.29034
8897,CN532325,CN532325,姚州,云南省楚雄彝族自治州姚安县,州,688,749,,,,hvd_80705,25.51821,101.29034
8898,CN532325,CN532325,姚州,云南省楚雄彝族自治州姚安县,州,753,753,,,,hvd_80704,25.51821,101.29034
8899,CN532325,CN532325,弄栋府,云南省楚雄彝族自治州姚安县,府,754,937,,,,hvd_80440,25.51821,101.29034
8900,CN532325,CN532325,梇栋府,云南省楚雄彝族自治州姚安县,府,756,937,,,,hvd_80283,25.51207,101.26671
8901,CN532325,CN532325,阳派郡,云南省楚雄彝族自治州姚安县,郡,756,1253,,,,hvd_80689,25.51758,101.18053
8902,CN532325,CN532325,统矢逻,云南省楚雄彝族自治州姚安县,部,938,942,,,,hvd_80579,25.51207,101.26671
8903,CN532325,CN532325,姚州,云南省楚雄彝族自治州姚安县,州,943,1252,,,,hvd_80698,25.51207,101.26671
8904,CN532325,CN532325,姚州,云南省楚雄彝族自治州姚安县,州,1041,1252,,,,hvd_80702,25.51207,101.26671
8905,CN532325,CN532325,姚州,云南省楚雄彝族自治州姚安县,州,1041,1252,,,,hvd_80703,25.51207,101.26671
8906,CN532325,CN532325,统矢,云南省姚安县城栋川镇东五里处,千户,1257,1274,新建,更名,,,25.51207,101.26671
8907,CN532325,CN532325,统矢千户,云南省楚雄彝族自治州姚安县,千户,1257,1274,,,,hvd_45555,25.51207,101.26671
8908,CN532325,CN532325,姚州,云南省楚雄彝族自治州姚安县,州,1275,1327,,,,hvd_80701,25.51207,101.26671
8909,CN532325,CN532325,姚安府,云南省楚雄彝族自治州姚安县,府,1382,1393,,,,hvd_80692,25.51207,101.26671
8910,CN532325,CN532325,姚州,,州,1382,1769,,,,hvd_80700,25.51374,101.24246
8911,CN532325,CN532325,姚安军民府,云南省楚雄彝族自治州姚安县,府,1394,1769,,,,hvd_80693,25.51374,101.24246
8912,CN532325,CN532325,姚安千户所,云南省姚安县城北,所,1395,1686,新建,撤销,,hvd_45556,25.519562,101.2414
8913,CN532325,CN532325,姚州,,州,1820,1820,,,,hvd_1562,25.513739,101.24246
8914,CN532325,CN532325,三木,,村镇,1911,1911,,,,hvd_159336,25.57157,101.53069
8915,CN532325,CN532325,下村,,村镇,1911,1911,,,,hvd_159391,25.361893,101.09098
8916,CN532325,CN532325,中村,,村镇,1911,1911,,,,hvd_159398,25.61245,101.00674
8917,CN532325,CN532325,唐家,,村镇,1911,1911,,,,hvd_159352,25.337492,101.15128
8918,CN532325,CN532325,地索,,村镇,1911,1911,,,,hvd_159401,25.672411,100.99902
8919,CN532325,CN532325,姚州,,州,1911,1911,,,,hvd_122551,25.513739,101.24246
8920,CN532325,CN532325,官庄,,村镇,1911,1911,,,,hvd_159390,25.399368,101.174034
8921,CN532325,CN532325,小苴,,村镇,1911,1911,,,,hvd_159392,25.371529,101.075554
8922,CN532325,CN532325,左门,,村镇,1911,1911,,,,hvd_159399,25.64555,101.10866
8923,CN532325,CN532325,干海子,,村镇,1911,1911,,,,hvd_159400,25.645107,101.07377
8924,CN532325,CN532325,摆衣衬,,村镇,1911,1911,,,,hvd_159387,25.35975,101.22624
8925,CN532325,CN532325,杨家凹,,村镇,1911,1911,,,,hvd_159388,25.378489,101.24582
8926,CN532325,CN532325,永保冲,,村镇,1911,1911,,,,hvd_159389,25.369612,101.14546
8927,CN532325,CN532325,涧水塘,,村镇,1911,1911,,,,hvd_159408,25.622622,101.32354
8928,CN532325,CN532325,滥倒树,,村镇,1911,1911,,,,hvd_159386,25.326557,101.23336
8929,CN532325,CN532325,王冲,,村镇,1911,1911,,,,hvd_159405,25.687403,101.179375
8930,CN532325,CN532325,盐井,,村镇,1911,1911,,,,hvd_159339,25.503141,101.39022
8931,CN532325,CN532325,稗子田,,村镇,1911,1911,,,,hvd_159338,25.545376,101.43106
8932,CN532325,CN532325,葡萄,,村镇,1911,1911,,,,hvd_159397,25.538595,101.01084
8933,CN532325,CN532325,迆海子,,村镇,1911,1911,,,,hvd_159393,25.384914,101.06487
8934,CN532325,CN532325,长塘子,,村镇,1911,1911,,,,hvd_159402,25.70614,100.99902
8935,CN532325,CN532325,麂子,,村镇,1911,1911,,,,hvd_159394,25.475391,100.98419
8936,CN61,CN61,陕西省,陕西省西安市雁塔区,省,1644,1911,,,,hvd_112104,34.24642,108.90698
8937,CN61,CN61,陕西,陕西省西安市莲湖区,省,1820,1820,,,,hvd_25009,34.26661,108.94421
8938,CN61,CN61,陕西,陕西省西安市莲湖区,省,1911,1911,,,,hvd_120003,34.26661,108.94421
8939,CN6101,CN6101,长安,陕西西安,县,-202,581,,,,,34.347435,108.946304
8940,CN6101,CN6101,京兆,陕西西安,府,-104,1272,,,,,34.347435,108.946304
8941,CN6101,CN6101,大兴城,陕西西安,县,582,617,,,,,34.347435,108.946304
8942,CN6101,CN6101,中京,陕西西安,州,618,907,,,,,34.347435,108.946304
8943,CN6101,CN6101,京师,陕西西安,州,618,907,唐朝,,,,34.347435,108.946304
8944,CN6101,CN6101,长安,陕西西安,县,618,1368,,,,,34.347435,108.946304
8945,CN6101,CN6101,陕西都指挥使司,陕西西安市,指挥使,1375,1392,,,,hvd_9659,34.266605,108.94421
8946,CN6101,CN6101,咸宁县,陕西西安市,县,1820,1820,,,,hvd_930,34.266605,108.94421
8947,CN6101,CN6101,西安府,陕西西安市,府,1820,1820,,,,hvd_9659,34.266605,108.94421
8948,CN6101,CN6101,长安县,陕西西安市,县,1820,1820,,,,hvd_926,34.266605,108.94421
8949,CN6101,CN6101,咸宁县,陕西西安市,县,1911,1911,,,,hvd_121527,34.266605,108.94421
8950,CN6101,CN6101,西安府,陕西西安市,府,1911,1911,,,,hvd_120161,34.266605,108.94421
8951,CN6101,CN6101,长安县,陕西西安市,县,1911,1911,,,,hvd_121526,34.266605,108.94421
8952,CN610113,CN610113,杜县,陕西省西安市雁塔区,县,-687,-66,,,,hvd_70630,34.1845,108.92208
8953,CN610113,CN610113,西汉,陕西省西安市雁塔区,政权,-206,8,,,,hvd_113652,34.24642,108.90698
8954,CN610113,CN610113,京师,陕西省西安市雁塔区,京師,-206,8,西漢,,,hvd_113652,34.24642,108.90698
8955,CN610113,CN610113,杜陵县,陕西省西安市雁塔区,县,-65,13,,,,hvd_70631,34.1845,108.92208
8956,CN610113,CN610113,杜陵县,西安市雁塔区曲江乡林带路的西段两侧,县,-65,8,,,,,34.228867,108.955215
8957,CN610113,CN610113,新莽,陕西省西安市雁塔区,政权,9,23,,,,hvd_113653,34.24642,108.90698
8958,CN610113,CN610113,京师,陕西省西安市雁塔区,京師,9,23,新莽,,,hvd_113653,34.24642,108.90698
8959,CN610113,CN610113,饶安,陕西省西安市雁塔区,县,14,22,,,,hvd_70632,34.1845,108.92208
8960,CN610113,CN610113,杜陵,陕西省西安市雁塔区,县,23,264,,,,hvd_70633,34.1845,108.92208
8961,CN610113,CN610113,杜陵县,西安市雁塔区曲江乡林带路的西段两侧,县,23,219,,,,,34.228867,108.955215
8962,CN610113,CN610113,东汉,陕西省西安市雁塔区,政权,191,195,,,,hvd_113655,34.24642,108.90698
8963,CN610113,CN610113,京师,陕西省西安市雁塔区,京師,191,195,東漢,,,hvd_113655,34.24642,108.90698
8964,CN610113,CN610113,杜县,陕西省西安市雁塔区,县,220,264,,,,hvd_70634,34.1845,108.92208
8965,CN610113,CN610113,杜城,陕西省西安市雁塔区,县,265,279,,,,hvd_70635,34.1845,108.92208
8966,CN610113,CN610113,杜县,陕西省西安市雁塔区,县,280,445,,,,hvd_70636,34.1845,108.92208
8967,CN610113,CN610113,汉前赵,陕西省西安市雁塔区,政权,304,328,,,,hvd_113662,34.24642,108.90698
8968,CN610113,CN610113,京师,陕西省西安市雁塔区,京師,304,328,漢（前趙）,,,hvd_113662,34.24642,108.90698
8969,CN610113,CN610113,西晋,陕西省西安市雁塔区,政权,314,316,,,,hvd_113661,34.24642,108.90698
8970,CN610113,CN610113,京师,陕西省西安市雁塔区,京師,314,316,西晉,,,hvd_113661,34.24642,108.90698
8971,CN610113,CN610113,前秦,陕西省西安市雁塔区,政权,350,393,,,,hvd_113668,34.24642,108.90698
8972,CN610113,CN610113,京师,陕西省西安市雁塔区,京師,350,393,前秦,,,hvd_113668,34.24642,108.90698
8973,CN610113,CN610113,后秦,陕西省西安市雁塔区,政权,384,416,,,,hvd_113669,34.24642,108.90698
8974,CN610113,CN610113,京师,陕西省西安市雁塔区,京師,384,416,後秦,,,hvd_113669,34.24642,108.90698
8975,CN610113,CN610113,杜城县,陕西省西安市雁塔区,县,446,572,,,,hvd_70637,34.1845,108.92208
8976,CN610113,CN610113,西魏,陕西省西安市雁塔区,政权,534,556,,,,hvd_113684,34.24642,108.90698
8977,CN610113,CN610113,京师,陕西省西安市雁塔区,京師,534,556,西魏,,,hvd_113684,34.24642,108.90698
8978,CN610113,CN610113,北周,陕西省西安市雁塔区,政权,557,580,,,,hvd_113685,34.24642,108.90698
8979,CN610113,CN610113,京师,陕西省西安市雁塔区,京師,557,580,北周,,,hvd_113685,34.24642,108.90698
8980,CN610113,CN610113,隋,陕西省西安市雁塔区,政权,581,617,,,,hvd_113617,34.24642,108.90698
8981,CN610113,CN610113,京师,陕西省西安市雁塔区,京師,581,617,隋,,,hvd_113617,34.24642,108.90698
8982,CN610113,CN610113,长安县,陕西省西安市雁塔区,县,583,665,,,,hvd_70624,34.24642,108.90697
8983,CN610113,CN610113,雍州,陕西省西安市雁塔区,州,583,606,,,,hvd_110150,34.24642,108.90698
8984,CN610113,CN610113,京兆郡,陕西省西安市雁塔区,郡,607,617,,,,hvd_110242,34.24642,108.90698
8985,CN610113,CN610113,唐,陕西省西安市雁塔区,政权,618,906,,,,hvd_113618,34.24642,108.90698
8986,CN610113,CN610113,雍州,陕西省西安市雁塔区,州,618,689,,,,hvd_110748,34.24642,108.90698
8987,CN610113,CN610113,长安县,陕西省西安市雁塔区,县,666,702,,,,hvd_70625,34.24642,108.90697
8988,CN610113,CN610113,京兆郡,陕西省西安市雁塔区,郡,690,690,,,,hvd_110750,34.24642,108.90698
8989,CN610113,CN610113,雍州,陕西省西安市雁塔区,州,691,712,,,,hvd_110781,34.24642,108.90698
8990,CN610113,CN610113,长安县,陕西省西安市雁塔区,县,703,1911,,,,hvd_70626,34.24642,108.90697
8991,CN610113,CN610113,京兆府,陕西省西安市雁塔区,府,713,755,,,,hvd_111220,34.24642,108.90698
8992,CN610113,CN610113,京畿节度使,陕西省西安市雁塔区,防镇,756,761,,,,hvd_111409,34.24642,108.90698
8993,CN610113,CN610113,京畿观察使,陕西省西安市雁塔区,防镇,764,783,,,,hvd_111508,34.24642,108.90698
8994,CN610113,CN610113,佑国军节度使,陕西省西安市雁塔区,防镇,904,908,,,,hvd_111672,34.24642,108.90698
8995,CN610113,CN610113,永平军节度使,陕西省西安市雁塔区,防镇,909,962,,,,hvd_111795,34.24642,108.90698
8996,CN610113,CN610113,秦蜀行省,陕西省西安市雁塔区,行省,1260,1261,,,,hvd_111960,34.24642,108.90698
8997,CN610113,CN610113,陕西四川行省,陕西省西安市雁塔区,行省,1262,1264,,,,hvd_111964,34.24642,108.90698
8998,CN610113,CN610113,陕西四川行省,陕西省西安市雁塔区,行省,1280,1280,,,,hvd_111992,34.24642,108.90698
8999,CN610113,CN610113,陕西行省,陕西省西安市雁塔区,行省,1281,1283,,,,hvd_111996,34.24642,108.90698
9000,CN610113,CN610113,陕西四川行省,陕西省西安市雁塔区,行省,1284,1285,,,,hvd_112003,34.24642,108.90698
9001,CN610113,CN610113,陕西行省,陕西省西安市雁塔区,行省,1286,1298,,,,hvd_112012,34.24642,108.90698
9002,CN610113,CN610113,陕西四川行省,陕西省西安市雁塔区,行省,1299,1302,,,,hvd_112014,34.24642,108.90698
9003,CN610113,CN610113,陕西行省,陕西省西安市雁塔区,行省,1303,1368,,,,hvd_112027,34.24642,108.90698
9004,CN610113,CN610113,陕西行省,陕西省西安市雁塔区,行省,1369,1376,,,,hvd_112040,34.24642,108.90698
9005,CN610113,CN610113,陕西布政使司,陕西省西安市雁塔区,布政司,1376,1644,,,,hvd_112060,34.24642,108.90698
9006,CN610115,CN610115,新丰县,陕西省西安市临潼区,县,-200,187,,,,hvd_70725,34.39895,109.25768
9007,CN610115,CN610115,新丰县,陕西省西安市临潼区,县,188,556,,,,hvd_70726,34.44956,109.37344
9008,CN610115,CN610115,阴盘县,陕西省西安市临潼区,县,188,0,,,,hvd_70735,34.39895,109.25768
9009,CN610115,CN610115,广阳县,陕西省西安市临潼区,县,500,557,,,,hvd_70723,34.58186,109.20937
9010,CN610115,CN610115,新丰县,陕西省西安市临潼区,县,557,609,,,,hvd_70727,34.39948,109.28425
9011,CN610115,CN610115,新丰县,陕西省西安市临潼区,县,610,685,,,,hvd_70728,34.4255,109.25641
9012,CN610115,CN610115,庆山县,陕西省西安市临潼区,县,686,704,,,,hvd_70729,34.4255,109.25641
9013,CN610115,CN610115,新丰县,陕西省西安市临潼区,县,705,747,,,,hvd_70730,34.4255,109.25641
9014,CN610115,CN610115,潘原县,陕西省西安市临潼区,县,742,784,,,,hvd_70736,34.39895,109.25768
9015,CN610115,CN610115,会昌县,陕西省西安市临潼区,县,744,747,,,,hvd_70731,34.35556,109.30512
9016,CN610115,CN610115,昭应县,陕西省西安市临潼区,县,748,975,,,,hvd_70732,34.35556,109.30512
9017,CN610115,CN610115,潘原县,陕西省西安市临潼区,县,795,907,,,,hvd_70737,34.39895,109.25768
9018,CN610115,CN610115,昭应县,陕西省西安市临潼区,县,976,1014,,,,hvd_70733,34.36835,109.21272
9019,CN610115,CN610115,临潼县,,县,1015,0,,,,hvd_70734,34.36835,109.21272
9020,CN610115,CN610115,临潼县,,县,1820,1820,,,,hvd_934,34.36835,109.21272
9021,CN610115,CN610115,交口镇,陕西临潼县东北交口,村镇,1820,1820,,,,hvd_19849,34.55081,109.285324
9022,CN610115,CN610115,斜口镇,,村镇,1820,1820,,,,hvd_19918,34.363853,109.150894
9023,CN610115,CN610115,新丰镇,陕西临潼县东北新丰,村镇,1820,1820,,,,hvd_19927,34.425495,109.25641
9024,CN610115,CN610115,栎阳镇,陕西临潼县北栎阳,村镇,1820,1820,,,,hvd_19921,34.581856,109.209366
9025,CN610115,CN610115,雨金镇,,村镇,1820,1820,,,,hvd_19931,34.517548,109.24795
9026,CN610115,CN610115,零口镇,陕西西安临潼区零口街道,村镇,1820,1820,,,,hvd_19932,34.478466,109.357376
9027,CN610115,CN610115,临潼县,,县,1911,1911,,,,hvd_121315,34.36835,109.21272
9028,CN610115,CN610115,大吉镇,陕西省渭南市西,村镇,1911,1911,,,,hvd_131905,34.581863,109.44943
9029,CN610115,CN610115,张义,陕西省渭南市张义,村镇,1911,1911,,,,hvd_131903,34.527897,109.39748
9030,CN610115,CN610115,斜口镇,,村镇,1911,1911,,,,hvd_131823,34.363853,109.150894
9031,CN610115,CN610115,新丰镇,陕西省西安市临潼区新丰镇,村镇,1911,1911,,,,hvd_131827,34.425495,109.25641
9032,CN610115,CN610115,椿树村,陕西省临潼县椿树村,村镇,1911,1911,,,,hvd_131993,34.381428,109.10952
9033,CN610115,CN610115,槐李镇,陕西省西安市临潼区槐李村,村镇,1911,1911,,,,hvd_131820,34.575912,109.43099
9034,CN610115,CN610115,田市镇,陕西省西安市临潼区田市镇,村镇,1911,1911,,,,hvd_131819,34.621338,109.42664
9035,CN610115,CN610115,粉张村,陕西省临潼区粉张村,村镇,1911,1911,,,,hvd_133074,34.515114,109.370995
9036,CN610115,CN610115,草庙,陕西省临潼县草庙,村镇,1911,1911,,,,hvd_131995,34.314037,109.34767
9037,CN610115,CN610115,雨金镇,,村镇,1911,1911,,,,hvd_131992,34.517548,109.24795
9038,CN610115,CN610115,零口镇,陕西西安临潼区零口街道,村镇,1911,1911,,,,hvd_131821,34.478466,109.357376
9039,CN610115,CN610115,韩峪沟,陕西省临潼县韩峪,村镇,1911,1911,,,,hvd_131994,34.333057,109.15768
9040,CN610117,CN610117,左冯翊,陕西省西安市高陵区,郡,-456,486,,,,hvd_116218,34.53333,109.08048
9041,CN610117,CN610117,高陵县,陕西省西安市高陵区昭慧大道,县,-350,13,,,,hvd_70738,34.5309,109.07739
9042,CN610117,CN610117,千春县,陕西省西安市高陵区昭慧大道,县,14,22,,,,hvd_70739,34.5309,109.07739
9043,CN610117,CN610117,高陵县,陕西省西安市高陵区昭慧大道,县,23,219,,,,hvd_70740,34.5309,109.07739
9044,CN610117,CN610117,左冯翊,陕西省西安市高陵区昭慧大道,郡,24,0,,,,hvd_112129,34.5309,109.07739
9045,CN610117,CN610117,高陆县,陕西省西安市高陵区昭慧大道,县,220,515,,,,hvd_70741,34.5309,109.07739
9046,CN610117,CN610117,北京兆,陕西省西安市高陵区,京師,420,444,,,,hvd_115045,34.45175,109.00439
9047,CN610117,CN610117,高陆县,陕西省西安市高陵区,县,516,605,,,,hvd_70742,34.53333,109.08047
9048,CN610117,CN610117,高陵县,陕西高陵县,县,606,618,,,,hvd_70743,34.53333,109.08047
9049,CN610117,CN610117,高陵县,陕西高陵县,县,619,626,,,,hvd_70744,34.53333,109.08047
9050,CN610117,CN610117,鹿苑县,陕西省西安市高陵区,县,619,626,,,,hvd_70746,34.45299,109.00243
9051,CN610117,CN610117,高陵县,陕西高陵县,县,627,1911,,,,hvd_70745,34.53333,109.08047
9052,CN610117,CN610117,高陵县,陕西高陵县,县,1820,1820,,,,hvd_935,34.533325,109.080475
9053,CN610117,CN610117,仁村,陕西省高陵县北,村镇,1911,1911,,,,hvd_131831,34.592686,109.077
9054,CN610117,CN610117,北田镇,陕西省西安市临潼区北田镇,村镇,1911,1911,,,,hvd_131824,34.442036,109.17856
9055,CN610117,CN610117,姬家庄,陕西省高陵县姬家,村镇,1911,1911,,,,hvd_131998,34.485012,109.00364
9056,CN610117,CN610117,官高村,陕西省临潼县观高村,村镇,1911,1911,,,,hvd_131991,34.565662,109.14119
9057,CN610117,CN610117,枣木杜,陕西省高陵县枣木杜,村镇,1911,1911,,,,hvd_131996,34.539356,109.14679
9058,CN610117,CN610117,江流村,陕西省高陵县江刘村,村镇,1911,1911,,,,hvd_131830,34.525753,109.145195
9059,CN610117,CN610117,渭桥渡,陕西省高陵县渭桥渡,村镇,1911,1911,,,,hvd_133077,34.47164,109.08192
9060,CN610117,CN610117,灰堆坡,陕西省高陵县灰堆坡,村镇,1911,1911,,,,hvd_131997,34.575226,109.02871
9061,CN610117,CN610117,船张堡,陕西省高陵县船张,村镇,1911,1911,,,,hvd_132000,34.473057,109.05377
9062,CN610117,CN610117,高陵县,陕西省高陵县,县,1911,1911,,,,hvd_121316,34.533325,109.080475
9063,CN610122,CN610122,玉山县,陕西省西安市蓝田县,县,557,572,,,,hvd_70760,33.98389,109.38736
9064,CN610122,CN610122,白鹿县,陕西省西安市蓝田县,县,557,572,,,,hvd_70757,34.15657,109.23997
9065,CN610122,CN610122,蓝田郡,陕西省西安市蓝田县,郡,557,572,,,,hvd_70762,34.1537,109.32156
9066,CN610122,CN610122,蓝田县,陕西蓝田市,县,573,618,,,,hvd_70753,34.1537,109.32156
9067,CN610122,CN610122,白鹿县,陕西省西安市蓝田县,县,619,0,,,,hvd_70758,34.15657,109.23997
9068,CN610122,CN610122,蓝田县,陕西蓝田市,县,619,619,,,,hvd_70754,34.1537,109.32156
9069,CN610122,CN610122,宁人县,陕西省西安市蓝田县,县,620,626,,,,hvd_70759,34.15657,109.23997
9070,CN610122,CN610122,玉山县,陕西省西安市蓝田县,县,620,626,,,,hvd_70761,33.98389,109.38736
9071,CN610122,CN610122,蓝田县,陕西蓝田市,县,620,626,,,,hvd_70755,34.1537,109.32156
9072,CN610122,CN610122,蓝田县,陕西蓝田市,县,627,1911,,,,hvd_70756,34.1537,109.32156
9073,CN610122,CN610122,升店,陕西蓝田市东高升店,村镇,1820,1820,,,,hvd_19901,34.231625,109.623375
9074,CN610122,CN610122,厚子镇,陕西蓝田县东北猴子镇,村镇,1820,1820,,,,hvd_19906,34.26565,109.50263
9075,CN610122,CN610122,普化镇,陕西蓝田县东普化,村镇,1820,1820,,,,hvd_19923,34.19134,109.41749
9076,CN610122,CN610122,汤峪,陕西蓝田市西南,村镇,1820,1820,,,,hvd_19911,34.02082,109.21275
9077,CN610122,CN610122,泄湖,陕西蓝田县西北泄湖,村镇,1820,1820,,,,hvd_19912,34.20055,109.24816
9078,CN610122,CN610122,蓝桥镇,,村镇,1820,1820,,,,hvd_19916,34.08286,109.466805
9079,CN610122,CN610122,蓝田县,陕西蓝田市,县,1820,1820,,,,hvd_940,34.153698,109.321556
9080,CN610122,CN610122,青冈坪,陕西华县南青冈坪,村镇,1820,1820,,,,hvd_19930,34.213024,109.72662
9081,CN610122,CN610122,两河街,陕西省蓝田县两河街,村镇,1911,1911,,,,hvd_133083,33.975334,109.41806
9082,CN610122,CN610122,姬家湾,陕西省蓝田县吉家湾,村镇,1911,1911,,,,hvd_131854,34.297733,109.25545
9083,CN610122,CN610122,新店子,陕西省蓝田县新店子,村镇,1911,1911,,,,hvd_131850,34.06901,109.54125
9084,CN610122,CN610122,汤峪河源,陕西省蓝田县月亮石附近,村镇,1911,1911,,,,hvd_133051,33.89033,109.262955
9085,CN610122,CN610122,沈家河,陕西省蓝田县北,村镇,1911,1911,,,,hvd_131851,34.24236,109.5398
9086,CN610122,CN610122,甘家坪,陕西省蓝田县甘家坪,村镇,1911,1911,,,,hvd_131845,33.861958,109.44985
9087,CN610122,CN610122,红门寺街,陕西省蓝田县红门寺,村镇,1911,1911,,,,hvd_131844,33.934803,109.37576
9088,CN610122,CN610122,苟家村,陕西省蓝田县敬家村,村镇,1911,1911,,,,hvd_131840,34.09429,109.146645
9089,CN610122,CN610122,董家楼,陕西省蓝田县董家沟,村镇,1911,1911,,,,hvd_132555,34.166653,109.74913
9090,CN610122,CN610122,蓝桥镇,,村镇,1911,1911,,,,hvd_131849,34.08286,109.466805
9091,CN610122,CN610122,蓝田县,陕西省蓝田县,县,1911,1911,,,,hvd_121318,34.153698,109.321556
9092,CN610122,CN610122,金山镇,陕西省蓝田县金山,村镇,1911,1911,,,,hvd_131853,34.30616,109.37876
9093,CN610124,CN610124,周南郡,陕西省西安市周至县,郡,567,618,,,,hvd_116207,34.17114,108.21199
9094,CN610124,CN610124,盩厔县,陕西省西安市周至县,县,567,573,,,,hvd_70784,34.22385,108.51122
9095,CN610124,CN610124,盩厔县,,县,574,741,,,,hvd_70787,34.17114,108.21199
9096,CN610124,CN610124,宜寿县,陕西省西安市周至县,县,742,756,,,,hvd_70788,34.17114,108.21199
9097,CN610124,CN610124,盩厔县,,县,757,1911,,,,hvd_70789,34.17114,108.21199
9098,CN610124,CN610124,京兆府清平军,陕西省西安市周至县,军,1107,1114,,,,hvd_115472,34.15178,108.36614
9099,CN610124,CN610124,佛爷坪,陕西周至县西南老城佛坪,村镇,1820,1820,,,,hvd_20044,33.789654,107.748634
9100,CN610124,CN610124,厚畛子,,村镇,1820,1820,,,,hvd_20042,33.85596,107.83719
9101,CN610124,CN610124,哑柏镇,,村镇,1820,1820,,,,hvd_19885,34.182804,108.08686
9102,CN610124,CN610124,焦家巷,陕西周至县东南焦家镇,村镇,1820,1820,,,,hvd_19899,34.09628,108.29828
9103,CN610124,CN610124,田峪口,陕西周至县东南田峪沟,村镇,1820,1820,,,,hvd_19895,34.025375,108.356964
9104,CN610124,CN610124,盩厔县,,县,1820,1820,,,,hvd_980,34.17114,108.21199
9105,CN610124,CN610124,终南镇,,村镇,1820,1820,,,,hvd_19887,34.151783,108.36614
9106,CN610124,CN610124,西驼峪,陕西周至县南,村镇,1820,1820,,,,hvd_19897,34.00881,108.12965
9107,CN610124,CN610124,佛坪厅,陕西省周至县老县城,厅,1825,1911,,,,hvd_71143,33.78965,107.74863
9108,CN610124,CN610124,三道滩,陕西省周至县三道滩,村镇,1911,1911,,,,hvd_133090,33.971905,107.99696
9109,CN610124,CN610124,佛坪厅,陕西省周至县老县城,厅,1911,1911,,,,hvd_121344,33.789654,107.748634
9110,CN610124,CN610124,厚畛子,,村镇,1911,1911,,,,hvd_132221,33.85596,107.83719
9111,CN610124,CN610124,双庙子,陕西省周至县双庙子,村镇,1911,1911,,,,hvd_132225,33.867645,108.21562
9112,CN610124,CN610124,哑柏镇,,村镇,1911,1911,,,,hvd_131889,34.182804,108.08686
9113,CN610124,CN610124,大蟒河,陕西省周至县大蟒河,村镇,1911,1911,,,,hvd_132222,33.901817,107.87538
9114,CN610124,CN610124,木子坪,陕西省周至县木子坪,村镇,1911,1911,,,,hvd_132275,33.855778,108.35515
9115,CN610124,CN610124,沙梁子,陕西省周至县沙梁子,村镇,1911,1911,,,,hvd_132223,33.89141,108.00734
9116,CN610124,CN610124,玉皇庙,陕西省周至县玉皇庙,村镇,1911,1911,,,,hvd_132226,33.823288,108.29743
9117,CN610124,CN610124,盩厔县,,县,1911,1911,,,,hvd_121321,34.17114,108.21199
9118,CN610124,CN610124,终南镇,,村镇,1911,1911,,,,hvd_131888,34.151783,108.36614
9119,CN610124,CN610124,老君岭,陕西省周至县老君岭,村镇,1911,1911,,,,hvd_132010,33.95015,107.95587
9120,CN610124,CN610124,老君滩,陕西省周至县老君滩,村镇,1911,1911,,,,hvd_132224,33.79112,108.125656
9121,CN610124,CN610124,老白寨,陕西省周至县老白寨,村镇,1911,1911,,,,hvd_132009,34.21885,108.04414
9122,CN610124,CN610124,都督镇,陕西省周至县都督门,村镇,1911,1911,,,,hvd_132217,33.81253,107.7222
9123,CN610124,CN610124,金井,陕西省周至县金井,村镇,1911,1911,,,,hvd_133091,33.942364,108.131645
9124,CN610124,CN610124,铁炉岔,陕西省周至县铁炉岔,村镇,1911,1911,,,,hvd_133092,33.973747,108.322876
9125,CN610124,CN610124,韩家湾,陕西省周至县韩家湾,村镇,1911,1911,,,,hvd_131988,34.170937,108.36703
9126,CN610124,CN610124,黑圪塔,陕西省周至县黑圪塔,村镇,1911,1911,,,,hvd_132229,33.774086,108.067635
9127,CN610125,CN610125,鄠县,陕西户县,县,-201,1911,,,,hvd_70747,34.11182,108.6039
9128,CN610125,CN610125,镇安县,陕西省西安市鄠邑区,县,1452,1462,,,,hvd_71276,34.05083,108.49789
9129,CN610125,CN610125,大王镇,,村镇,1820,1820,,,,hvd_19883,34.207058,108.64242
9130,CN610125,CN610125,崂峪口,陕西户县西南涝峪,村镇,1820,1820,,,,hvd_20054,33.964096,108.51728
9131,CN610125,CN610125,涝店镇,陕西户县西北涝店,村镇,1820,1820,,,,hvd_19879,34.172626,108.55501
9132,CN610125,CN610125,祖庵镇,,村镇,1820,1820,,,,hvd_19891,34.10882,108.48812
9133,CN610125,CN610125,秦渡镇,,村镇,1820,1820,,,,hvd_19896,34.11176,108.74491
9134,CN610125,CN610125,鄠县,陕西户县,县,1820,1820,,,,hvd_928,34.11182,108.6039
9135,CN610125,CN610125,东涝峪口,陕西省户县东涝峪口,村镇,1911,1911,,,,hvd_131836,34.032124,108.56053
9136,CN610125,CN610125,元王村,陕西省户县元王村,村镇,1911,1911,,,,hvd_132002,34.144176,108.55504
9137,CN610125,CN610125,八里坪,陕西省户县八里坪,村镇,1911,1911,,,,hvd_132005,33.836113,108.5211
9138,CN610125,CN610125,大王镇,,村镇,1911,1911,,,,hvd_131832,34.207058,108.64242
9139,CN610125,CN610125,宋村,陕西省户县宋村,村镇,1911,1911,,,,hvd_132001,34.246433,108.654655
9140,CN610125,CN610125,文义村,陕西省户县文义村,村镇,1911,1911,,,,hvd_132008,34.18402,108.6735
9141,CN610125,CN610125,方家寨,陕西省户县方家寨,村镇,1911,1911,,,,hvd_133079,34.113384,108.66876
9142,CN610125,CN610125,杜家庄,陕西省户县杜家庄,村镇,1911,1911,,,,hvd_132006,33.99909,108.74342
9143,CN610125,CN610125,檀庙街,陕西省户县塔庙,村镇,1911,1911,,,,hvd_132003,34.02367,108.54221
9144,CN610125,CN610125,煤厂,陕西省户县煤场,村镇,1911,1911,,,,hvd_133080,33.91644,108.660576
9145,CN610125,CN610125,犁辕坪,陕西省户县栗园坪,村镇,1911,1911,,,,hvd_131837,33.985966,108.54288
9146,CN610125,CN610125,祖庵镇,,村镇,1911,1911,,,,hvd_131893,34.10882,108.48812
9147,CN610125,CN610125,禹王泉,陕西省户县禹王庙,村镇,1911,1911,,,,hvd_132007,34.074593,108.72099
9148,CN610125,CN610125,秦渡镇,,村镇,1911,1911,,,,hvd_131834,34.11176,108.74491
9149,CN610125,CN610125,细流沟,陕西省户县东南,村镇,1911,1911,,,,hvd_133081,33.865974,108.64123
9150,CN610125,CN610125,苍龙岔,陕西省户县苍头岔,村镇,1911,1911,,,,hvd_133055,33.923923,108.75647
9151,CN610125,CN610125,营盘沟,陕西省户县南部,村镇,1911,1911,,,,hvd_131838,33.807785,108.54893
9152,CN610125,CN610125,鄠县,陕西省户县,县,1911,1911,,,,hvd_121317,34.11182,108.6039
9153,CN610125,CN610125,黄家坝,陕西省户县黄羊坝,村镇,1911,1911,,,,hvd_133054,33.860916,108.70364
9154,CN610125,CN610125,黑山岔,陕西省户县黑山岔,村镇,1911,1911,,,,hvd_132004,33.90884,108.52242
9155,CN610203107,CN610203,宜君县,陕西省铜川市印台区,县,646,650,,,,hvd_70231,35.32778,108.89158
9156,CN610203107,CN610203,同官县,陕西铜川市北城关,县,1820,1820,,,,hvd_945,35.133015,109.07423
9157,CN610203107,CN610203,金锁关,陕西铜川市北金锁关,村镇,1820,1820,,,,hvd_19988,35.212322,109.047485
9158,CN610203107,CN610203,陈罏镇,陕西铜川市东南陈炉镇,村镇,1820,1820,,,,hvd_19970,35.008804,109.164536
9159,CN610203107,CN610203,上店镇,陕西省铜川市东,村镇,1911,1911,,,,hvd_131942,35.01323,109.19842
9160,CN610203107,CN610203,同官县,陕西省铜川市北,县,1911,1911,,,,hvd_121325,35.11517,109.092865
9161,CN610203107,CN610203,庞家河,陕西省铜川市庞家河,村镇,1911,1911,,,,hvd_133114,35.13774,109.19951
9162,CN610203107,CN610203,杜家原,陕西省蒲城县杜家塬,村镇,1911,1911,,,,hvd_132579,35.183907,109.31899
9163,CN610203107,CN610203,玉华镇,陕西省铜川市玉华,村镇,1911,1911,,,,hvd_132735,35.32778,108.89158
9164,CN610203107,CN610203,立地镇,陕西省铜川市立地坡附近,村镇,1911,1911,,,,hvd_131940,35.000217,109.15752
9165,CN610203107,CN610203,胡家坊,陕西省铜川市何家坊,村镇,1911,1911,,,,hvd_133111,35.23232,109.01989
9166,CN610203107,CN610203,阿庄,陕西省蒲城县阿庄,村镇,1911,1911,,,,hvd_132580,35.129517,109.3353
9167,CN610203107,CN610203,雷家坡,陕西省铜川市雷家坡,村镇,1911,1911,,,,hvd_133113,35.07226,109.19239
9168,CN610203107,CN610203,高楼河,陕西省蒲城县高楼河,村镇,1911,1911,,,,hvd_132578,35.141827,109.39979
9169,CN610222,CN610222,宜君县,陕西宜君县,县,663,1911,,,,hvd_70232,35.39728,109.11311
9170,CN610222,CN610222,升平县,陕西省铜川市宜君县,县,753,761,,,,hvd_70243,35.50532,109.14041
9171,CN610222,CN610222,五里镇,,村镇,1820,1820,,,,hvd_19961,35.456272,109.30128
9172,CN610222,CN610222,偏桥镇,陕西宜君县北偏桥,村镇,1820,1820,,,,hvd_19969,35.50821,109.17634
9173,CN610222,CN610222,宜君县,陕西宜君县,县,1820,1820,,,,hvd_948,35.397278,109.113106
9174,CN610222,CN610222,雷远镇,陕西宜君县东南雷原镇,村镇,1820,1820,,,,hvd_19986,35.38356,109.39341
9175,CN610222,CN610222,三门寺,陕西省宜君县三门寺,村镇,1911,1911,,,,hvd_133115,35.195946,109.1666
9176,CN610222,CN610222,下姚村,陕西省宜君县下姚村,村镇,1911,1911,,,,hvd_132737,35.455616,109.45144
9177,CN610222,CN610222,云梦山,陕西省宜君县云梦山,村镇,1911,1911,,,,hvd_133117,35.275246,109.18794
9178,CN610222,CN610222,五里镇,,村镇,1911,1911,,,,hvd_132733,35.456272,109.30128
9179,CN610222,CN610222,偏桥镇,陕西省宜君县偏桥,村镇,1911,1911,,,,hvd_132734,35.50821,109.17634
9180,CN610222,CN610222,冯家河,陕西省宜君县冯家河,村镇,1911,1911,,,,hvd_132738,35.51305,109.34688
9181,CN610222,CN610222,塔泥河,陕西省宜君县淌泥河,村镇,1911,1911,,,,hvd_133116,35.27088,109.07502
9182,CN610222,CN610222,宜君县,陕西省宜君县,县,1911,1911,,,,hvd_121373,35.397278,109.113106
9183,CN610222,CN610222,彭村,陕西省宜君县彭村,村镇,1911,1911,,,,hvd_132740,35.49582,109.12013
9184,CN610222,CN610222,榆树湾,陕西省宜君县榆树湾,村镇,1911,1911,,,,hvd_132745,35.34171,109.037895
9185,CN610222,CN610222,焦家坪,陕西省宜君县焦坪,村镇,1911,1911,,,,hvd_132746,35.306755,108.95551
9186,CN610222,CN610222,牛庄,陕西省宜君县牛家庄,村镇,1911,1911,,,,hvd_132744,35.38957,109.205894
9187,CN610222,CN610222,白家原,陕西省宜君县白塬,村镇,1911,1911,,,,hvd_132739,35.490074,109.25993
9188,CN610222,CN610222,雷原镇,陕西省宜君县雷塬,村镇,1911,1911,,,,hvd_132731,35.38356,109.39341
9189,CN610222,CN610222,马庄,陕西省宜君县马庄,村镇,1911,1911,,,,hvd_132743,35.323524,109.23879
9190,CN6103,CN6103,宝鸡县,陕西省宝鸡市,县,757,1911,,,,hvd_70926,34.38187,107.14038
9191,CN6103,CN6103,宝鸡,陕西宝鸡市,村镇,1820,1820,,,,hvd_20119,34.38187,107.14038
9192,CN6103,CN6103,马营,陕西宝鸡市,村镇,1820,1820,,,,hvd_19855,34.336582,107.230576
9193,CN6103,CN6103,宝鸡县,陕西省宝鸡市,县,1911,1911,,,,hvd_121329,34.38187,107.14038
9194,CN610322,CN610322,凤翔府,陕西凤翔县,府,-687,1911,,,,hvd_115217,34.52252,107.38592
9195,CN610322,CN610322,岐州,陕西凤翔县,州,436,959,,,,hvd_115695,34.52252,107.38592
9196,CN610322,CN610322,平秦郡,陕西省宝鸡市凤翔区,郡,445,448,,,,hvd_115673,34.48268,107.25925
9197,CN610322,CN610322,横水县,陕西省宝鸡市凤翔区,县,449,560,,,,hvd_70899,34.47105,107.52285
9198,CN610322,CN610322,横水县,陕西省宝鸡市凤翔区,县,449,534,,,,hvd_70935,34.47105,107.52285
9199,CN610322,CN610322,岐州,陕西省宝鸡市凤翔区,州,484,606,,,,hvd_113304,34.47105,107.52285
9200,CN610322,CN610322,岐州,陕西凤翔县,州,487,582,,,,,34.52252,107.38592
9201,CN610322,CN610322,扶风郡,陕西凤翔县,郡,607,625,,,,,34.52252,107.38592
9202,CN610322,CN610322,扶风郡,陕西凤翔县,郡,607,617,,,,hvd_110235,34.52252,107.38592
9203,CN610322,CN610322,岐州,陕西凤翔县,州,618,741,,,,hvd_111041,34.52252,107.38592
9204,CN610322,CN610322,扶风郡,陕西凤翔县,郡,742,755,,,,hvd_111217,34.52252,107.38592
9205,CN610322,CN610322,凤翔郡,陕西凤翔县,郡,756,756,,,,,34.52252,107.38592
9206,CN610322,CN610322,凤翔府,陕西凤翔县,郡,757,1305,,,,,34.52252,107.38592
9207,CN610322,CN610322,天兴县,陕西省宝鸡市凤翔区,县,757,761,,,,hvd_70894,34.52252,107.38592
9208,CN610322,CN610322,兴凤陇节度使,陕西省宝鸡市凤翔区,防镇,760,782,,,,hvd_111492,34.52252,107.38592
9209,CN610322,CN610322,天兴县,陕西省宝鸡市凤翔区,县,762,1178,,,,hvd_70895,34.52252,107.38592
9210,CN610322,CN610322,保义节度使,陕西省宝鸡市凤翔区,防镇,783,786,,,,hvd_111521,34.52252,107.38592
9211,CN610322,CN610322,凤翔节度使,陕西省宝鸡市凤翔区,防镇,787,962,,,,hvd_111788,34.52252,107.38592
9212,CN610322,CN610322,五代岐,陕西省宝鸡市凤翔区,政权,887,922,,,,hvd_113629,34.52252,107.38592
9213,CN610322,CN610322,京师,陕西省宝鸡市凤翔区,京師,887,922,五代岐,,,hvd_113629,34.52252,107.38592
9214,CN610322,CN610322,凤翔县,陕西凤翔县,县,1179,1911,,,,hvd_70896,34.52252,107.38592
9215,CN610322,CN610322,凤翔县,陕西凤翔县,县,1820,1820,,,,hvd_951,34.52252,107.38592
9216,CN610322,CN610322,凤翔府,陕西凤翔县,府,1820,1820,,,,hvd_9663,34.52252,107.38592
9217,CN610322,CN610322,柳林铺,陕西凤翔县西北柳林,村镇,1820,1820,,,,hvd_19859,34.549023,107.3068
9218,CN610322,CN610322,横水镇,,村镇,1820,1820,,,,hvd_20120,34.471054,107.52285
9219,CN610322,CN610322,虢王村,陕西岐山县西南虢王,村镇,1820,1820,,,,hvd_19867,34.382717,107.52733
9220,CN610322,CN610322,陈村,陕西凤翔县西陈村,村镇,1820,1820,,,,hvd_20009,34.482677,107.25925
9221,CN610322,CN610322,亢家河,陕西省凤翔县亢家庄,村镇,1911,1911,,,,hvd_132013,34.59012,107.58631
9222,CN610322,CN610322,凤翔县,陕西省凤翔县,县,1911,1911,,,,hvd_121327,34.52252,107.38592
9223,CN610322,CN610322,凤翔府,陕西省凤翔县,府,1911,1911,,,,hvd_120135,34.52252,107.38592
9224,CN610322,CN610322,刘家河,陕西省凤翔县刘家河,村镇,1911,1911,,,,hvd_131952,34.61015,107.264496
9225,CN610322,CN610322,半坡铺,陕西省凤翔县半坡铺,村镇,1911,1911,,,,hvd_132011,34.571754,107.2525
9226,CN610322,CN610322,周家沟,陕西省凤翔县周家河,村镇,1911,1911,,,,hvd_132014,34.70422,107.57971
9227,CN610322,CN610322,小营堡,陕西省岐山县小营,村镇,1911,1911,,,,hvd_132019,34.387997,107.56388
9228,CN610322,CN610322,张家店,陕西省凤翔县北,村镇,1911,1911,,,,hvd_131953,34.720345,107.39908
9229,CN610322,CN610322,横水镇,,村镇,1911,1911,,,,hvd_131956,34.471054,107.52285
9230,CN610323,CN610323,周城县,陕西省宝鸡市岐山县,县,445,448,,,,hvd_70933,34.47827,107.79633
9231,CN610323,CN610323,周城县,陕西省宝鸡市岐山县,县,445,448,,,,hvd_70897,34.47827,107.79633
9232,CN610323,CN610323,周城县,陕西省宝鸡市岐山县,县,449,597,,,,hvd_70934,34.47827,107.79633
9233,CN610323,CN610323,周城县,陕西省宝鸡市岐山县,县,449,560,,,,hvd_70898,34.47827,107.79633
9234,CN610323,CN610323,岐山郡,陕西省宝鸡市岐山县,郡,554,606,,,,hvd_115694,34.47827,107.79633
9235,CN610323,CN610323,三龙县,陕西省宝鸡市岐山县,县,569,595,,,,hvd_70900,34.40101,107.62592
9236,CN610323,CN610323,岐山县,陕西省宝鸡市岐山县,县,596,612,,,,hvd_70901,34.40101,107.62592
9237,CN610323,CN610323,渭滨县,陕西省宝鸡市岐山县,县,598,605,,,,hvd_70937,34.47827,107.79633
9238,CN610323,CN610323,郿县,陕西省宝鸡市岐山县,县,606,1261,,,,hvd_70938,34.47827,107.79633
9239,CN610323,CN610323,岐山县,陕西省宝鸡市岐山县,县,613,617,,,,hvd_70902,34.49717,107.67789
9240,CN610323,CN610323,岐山县,陕西省宝鸡市岐山县,县,618,619,,,,hvd_70903,34.44436,107.84164
9241,CN610323,CN610323,岐山县,陕西省宝鸡市岐山县,县,620,632,,,,hvd_70904,34.44436,107.84164
9242,CN610323,CN610323,岐山县,陕西省宝鸡市岐山县,县,633,633,,,,hvd_70905,34.41646,107.71475
9243,CN610323,CN610323,岐阳县,陕西省宝鸡市岐山县,县,633,633,,,,hvd_70910,34.47827,107.79633
9244,CN610323,CN610323,岐山县,陕西省宝鸡市岐山县,县,634,653,,,,hvd_70906,34.50614,107.69602
9245,CN610323,CN610323,岐阳县,陕西省宝鸡市岐山县,县,634,646,,,,hvd_70911,34.47827,107.79633
9246,CN610323,CN610323,岐山县,陕西岐山县,县,654,1911,,,,hvd_70907,34.43964,107.62709
9247,CN610323,CN610323,岐阳县,陕西省宝鸡市岐山县,县,654,807,,,,hvd_70912,34.47827,107.79633
9248,CN610323,CN610323,郿州,陕西省宝鸡市岐山县,州,1262,1263,,,,hvd_70939,34.47827,107.79633
9249,CN610323,CN610323,岐山县,陕西岐山县,县,1820,1820,,,,hvd_922,34.439636,107.62709
9250,CN610323,CN610323,斜谷关,陕西眉县西南斜峪关,村镇,1820,1820,,,,hvd_19856,34.194805,107.66375
9251,CN610323,CN610323,涝川,陕西岐山县北,村镇,1820,1820,,,,hvd_20010,34.566685,107.64285
9252,CN610323,CN610323,龙尾镇,陕西岐山县东北龙尾,村镇,1820,1820,,,,hvd_19864,34.51323,107.74447
9253,CN610323,CN610323,万杨西窑村,陕西省扶风县万西窑,村镇,1911,1911,,,,hvd_132038,34.36862,107.760796
9254,CN610323,CN610323,北郭村,陕西省岐山县北郭,村镇,1911,1911,,,,hvd_132020,34.4751,107.59958
9255,CN610323,CN610323,周原,陕西省岐山县周原遗址,村镇,1911,1911,,,,hvd_131958,34.501034,107.81469
9256,CN610323,CN610323,太平庄,陕西省岐山县太平庄,村镇,1911,1911,,,,hvd_132017,34.387997,107.75783
9257,CN610323,CN610323,岐山县,陕西省岐山县,县,1911,1911,,,,hvd_121328,34.439636,107.62709
9258,CN610323,CN610323,强家沟,陕西省扶风县强家沟,村镇,1911,1911,,,,hvd_132036,34.323406,107.751564
9259,CN610323,CN610323,柳店铺,陕西省扶风县柳店铺,村镇,1911,1911,,,,hvd_132037,34.4024,107.787186
9260,CN610323,CN610323,棋盘山,陕西省岐山县南,村镇,1911,1911,,,,hvd_131957,34.2223,107.627335
9261,CN610323,CN610323,樊家村,陕西省岐山县樊村,村镇,1911,1911,,,,hvd_133131,34.492893,107.60646
9262,CN610323,CN610323,第五村,陕西省眉县第五村,村镇,1911,1911,,,,hvd_132049,34.267105,107.67629
9263,CN610323,CN610323,粉王村,陕西省岐山县粉王村,村镇,1911,1911,,,,hvd_133133,34.394268,107.62069
9264,CN610323,CN610323,罗局镇,陕西省岐山县罗局,村镇,1911,1911,,,,hvd_132018,34.328228,107.73804
9265,CN610324,CN610324,武功,陕西省宝鸡市扶风县,县,-350,24,,,,hvd_70858,34.22775,107.96592
9266,CN610324,CN610324,武功县,陕西省宝鸡市扶风县,县,-221,13,,,,hvd_70420,34.22775,107.96592
9267,CN610324,CN610324,武功,陕西省宝鸡市扶风县,县,65,0,,,,hvd_70859,34.22775,107.96592
9268,CN610324,CN610324,武亭,陕西省宝鸡市扶风县,县,1189,0,,,,hvd_70861,34.22775,107.96592
9269,CN610324,CN610324,崇正镇,,村镇,1820,1820,,,,hvd_19854,34.436256,107.897514
9270,CN610324,CN610324,扶风县,陕西扶风县,县,1820,1820,,,,hvd_1743,34.361824,107.86849
9271,CN610324,CN610324,杏林镇,陕西扶风县东南杏林,村镇,1820,1820,,,,hvd_19858,34.338566,107.98232
9272,CN610324,CN610324,上宋村,陕西省扶风县上宋,村镇,1911,1911,,,,hvd_133154,34.266655,107.87823
9273,CN610324,CN610324,上晁留西村,陕西省扶风县晁留,村镇,1911,1911,,,,hvd_132040,34.52219,107.993675
9274,CN610324,CN610324,东观山,陕西省扶风县东观山,村镇,1911,1911,,,,hvd_133153,34.56074,107.96588
9275,CN610324,CN610324,任家岭,陕西省扶风县任家岭,村镇,1911,1911,,,,hvd_132041,34.536327,107.85909
9276,CN610324,CN610324,南沟里,陕西省扶风县火石山南沟,村镇,1911,1911,,,,hvd_132042,34.605385,107.8967
9277,CN610324,CN610324,崇正镇,,村镇,1911,1911,,,,hvd_132039,34.436256,107.897514
9278,CN610324,CN610324,扶风县,陕西省扶风县,县,1911,1911,,,,hvd_121330,34.361824,107.86849
9279,CN610324,CN610324,永安镇,陕西省武功县永安村,村镇,1911,1911,,,,hvd_132289,34.24903,108.06003
9280,CN610324,CN610324,法喜村,陕西省扶风县法禧,村镇,1911,1911,,,,hvd_132033,34.250404,108.038536
9281,CN610324,CN610324,菊花村,陕西省扶风县菊花村,村镇,1911,1911,,,,hvd_132030,34.36372,108.02138
9282,CN610324,CN610324,董家堡,陕西省扶风县董家村,村镇,1911,1911,,,,hvd_132034,34.254215,107.9442
9283,CN610324,CN610324,黄堆北堡,陕西省扶风县黄堆,村镇,1911,1911,,,,hvd_133152,34.504417,107.86204
9284,CN610330,CN610330,凤州,陕西省宝鸡市凤县,州,265,1644,,,,hvd_115221,33.94525,106.62294
9285,CN610330,CN610330,凉泉县,陕西省宝鸡市凤县,县,477,478,,,,hvd_71075,33.94525,106.62294
9286,CN610330,CN610330,固道郡,陕西省宝鸡市凤县,郡,477,580,,,,hvd_115270,33.94525,106.62294
9287,CN610330,CN610330,梁泉县,陕西省宝鸡市凤县,县,479,1267,,,,hvd_71076,33.94525,106.62294
9288,CN610330,CN610330,凤州,陕西省宝鸡市凤县,州,554,606,,,,hvd_71061,33.94525,106.62294
9289,CN610330,CN610330,河池郡,陕西省宝鸡市凤县,郡,607,617,,,,hvd_71062,33.94525,106.62294
9290,CN610330,CN610330,凤州,陕西省宝鸡市凤县,州,618,741,,,,hvd_71063,33.94525,106.62294
9291,CN610330,CN610330,黄花县,陕西省宝鸡市凤县,县,618,825,,,,hvd_71077,34.20934,106.60774
9292,CN610330,CN610330,河池郡,陕西省宝鸡市凤县,郡,742,757,,,,hvd_71064,33.94525,106.62294
9293,CN610330,CN610330,凤州,陕西省宝鸡市凤县,州,758,824,,,,hvd_71065,33.94525,106.62294
9294,CN610330,CN610330,兴凤都团练守捉使,陕西省宝鸡市凤县,防镇,759,762,,,,hvd_111419,33.94525,106.62294
9295,CN610330,CN610330,凤州,陕西省宝鸡市凤县,州,825,971,,,,hvd_71066,33.94525,106.62294
9296,CN610330,CN610330,兴凤防御使,陕西省宝鸡市凤县,防镇,885,885,,,,hvd_111611,33.94525,106.62294
9297,CN610330,CN610330,感义军节度使,陕西省宝鸡市凤县,防镇,886,896,,,,hvd_111632,33.94525,106.62294
9298,CN610330,CN610330,昭武军节度使,陕西省宝鸡市凤县,防镇,897,906,,,,hvd_111665,33.94525,106.62294
9299,CN610330,CN610330,武兴军节度使,陕西省宝鸡市凤县,防镇,915,931,,,,hvd_111724,33.94525,106.62294
9300,CN610330,CN610330,武兴军防御使,陕西省宝鸡市凤县,防镇,932,951,,,,hvd_111760,33.94525,106.62294
9301,CN610330,CN610330,威武军节度使,陕西省宝鸡市凤县,防镇,952,952,,,,hvd_111762,33.94525,106.62294
9302,CN610330,CN610330,凤州,陕西省宝鸡市凤县,州,972,994,,,,hvd_71067,33.94525,106.62294
9303,CN610330,CN610330,凤州,陕西省宝鸡市凤县,州,995,1239,,,,hvd_71068,33.94525,106.62294
9304,CN610330,CN610330,凤州,陕西省宝鸡市凤县,州,1240,1267,,,,hvd_71069,33.94525,106.62294
9305,CN610330,CN610330,凤州,陕西省宝鸡市凤县,州,1268,1373,,,,hvd_71070,33.94525,106.62294
9306,CN610330,CN610330,凤县,,县,1374,1911,,,,hvd_71071,33.94525,106.62294
9307,CN610330,CN610330,三岔驿,陕西凤县东三岔,村镇,1820,1820,,,,hvd_20023,33.83934,106.67891
9308,CN610330,CN610330,凤县,,县,1820,1820,,,,hvd_1727,33.945248,106.62294
9309,CN610330,CN610330,南星,陕西凤县东南,村镇,1820,1820,,,,hvd_20026,33.768814,106.67938
9310,CN610330,CN610330,唐藏,,村镇,1820,1820,,,,hvd_19996,34.0832,106.579475
9311,CN610330,CN610330,松林驿,陕西凤县东南,村镇,1820,1820,,,,hvd_20032,33.74961,106.756065
9312,CN610330,CN610330,清风阁,陕西凤县东北清风寺,村镇,1820,1820,,,,hvd_19995,34.154488,106.69548
9313,CN610330,CN610330,草凉驿,陕西凤县东北,村镇,1820,1820,,,,hvd_19997,34.074696,106.7471
9314,CN610330,CN610330,黄牛堡,陕西凤县东北黄牛铺,村镇,1820,1820,,,,hvd_19998,34.18696,106.83392
9315,CN610330,CN610330,三岔,陕西省凤县三岔,村镇,1911,1911,,,,hvd_132107,33.83934,106.67891
9316,CN610330,CN610330,东河铺,陕西省凤县东河桥,村镇,1911,1911,,,,hvd_133144,34.234486,106.94606
9317,CN610330,CN610330,倒回沟,陕西省凤县倒回沟,村镇,1911,1911,,,,hvd_132101,34.170822,106.64732
9318,CN610330,CN610330,凤县,,县,1911,1911,,,,hvd_121336,33.945248,106.62294
9319,CN610330,CN610330,南星塘,陕西省凤县南星,村镇,1911,1911,,,,hvd_132116,33.768814,106.67938
9320,CN610330,CN610330,双石铺,陕西省凤县,村镇,1911,1911,,,,hvd_133215,33.918312,106.51279
9321,CN610330,CN610330,唐沟门,陕西省凤县唐沟门,村镇,1911,1911,,,,hvd_133219,33.984657,106.937836
9322,CN610330,CN610330,唐藏,,村镇,1911,1911,,,,hvd_132100,34.0832,106.579475
9323,CN610330,CN610330,岩湾,陕西省凤县岩湾,村镇,1911,1911,,,,hvd_133151,34.036465,106.98436
9324,CN610330,CN610330,松林驿,陕西省凤县松林驿,村镇,1911,1911,,,,hvd_133180,33.725002,106.76816
9325,CN610330,CN610330,榆林铺塘,陕西省凤县榆林铺,村镇,1911,1911,,,,hvd_132117,33.7578,106.72392
9326,CN610330,CN610330,清风寺,陕西省凤县清风寺,村镇,1911,1911,,,,hvd_132103,34.20801,106.742325
9327,CN610330,CN610330,瓦房坝,陕西省凤县瓦房坝,村镇,1911,1911,,,,hvd_132106,33.707584,106.640724
9328,CN610330,CN610330,石窑铺,陕西省凤县石窑铺,村镇,1911,1911,,,,hvd_133143,34.193447,106.86115
9329,CN610330,CN610330,草凉驿,陕西省凤县草凉驿,村镇,1911,1911,,,,hvd_133216,34.081596,106.73319
9330,CN610330,CN610330,隘口,陕西省凤县隘口,村镇,1911,1911,,,,hvd_132102,34.19598,106.67899
9331,CN6104,CN6104,咸阳县,陕西咸阳市,县,1820,1820,,,,hvd_931,34.339054,108.709946
9332,CN6104,CN6104,咸阳县,陕西省咸阳市,县,1911,1911,,,,hvd_121313,34.339054,108.709946
9333,CN610423,CN610423,池阳,陕西省咸阳市泾阳县,县,-191,533,,,,hvd_70671,34.53773,108.83005
9334,CN610423,CN610423,池阳县,陕西省咸阳市泾阳县,县,-191,534,,,,hvd_70763,34.53773,108.83005
9335,CN610423,CN610423,富平县,陕西省咸阳市泾阳县,县,111,220,,,,hvd_70523,34.6385,108.81562
9336,CN610423,CN610423,泾阳县,陕西省咸阳市泾阳县,县,350,445,,,,hvd_70693,34.46641,108.95403
9337,CN610423,CN610423,泾阳县,陕西泾阳县,县,352,1264,,,,hvd_70772,34.53334,108.83756
9338,CN610423,CN610423,云阳县,陕西省咸阳市泾阳县,县,424,626,,,,hvd_70216,34.6385,108.81562
9339,CN610423,CN610423,云阳县,陕西省咸阳市泾阳县,县,446,617,,,,hvd_70765,34.59552,108.75477
9340,CN610423,CN610423,泾阳县,陕西省咸阳市泾阳县,县,446,500,,,,hvd_70694,34.46641,108.95403
9341,CN610423,CN610423,泾阳县,陕西省咸阳市泾阳县,县,501,588,,,,hvd_70695,34.46641,108.95403
9342,CN610423,CN610423,云阳郡,陕西省咸阳市泾阳县,郡,557,617,,,,hvd_116155,34.6385,108.81562
9343,CN610423,CN610423,咸阳县,陕西省咸阳市泾阳县,县,589,590,,,,hvd_70696,34.53334,108.83756
9344,CN610423,CN610423,泾阳县,陕西泾阳县,县,591,606,,,,hvd_70698,34.53334,108.83756
9345,CN610423,CN610423,泾阳县,陕西泾阳县,县,607,618,,,,hvd_70699,34.53334,108.83756
9346,CN610423,CN610423,云阳县,陕西省咸阳市泾阳县,县,618,626,,,,hvd_70766,34.59552,108.75477
9347,CN610423,CN610423,泾阳县,陕西泾阳县,县,619,1911,,,,hvd_70700,34.53334,108.83756
9348,CN610423,CN610423,池阳县,陕西省咸阳市泾阳县,县,627,633,,,,hvd_70768,34.59552,108.75477
9349,CN610423,CN610423,池阳县,陕西省咸阳市泾阳县,县,627,633,,,,hvd_70217,34.6385,108.81562
9350,CN610423,CN610423,云阳县,陕西省咸阳市泾阳县,县,634,1263,,,,hvd_70769,34.59552,108.75477
9351,CN610423,CN610423,云阳县,陕西省咸阳市泾阳县,县,634,1263,,,,hvd_70218,34.6385,108.81562
9352,CN610423,CN610423,鼎州,陕西省咸阳市泾阳县,州,690,700,,,,hvd_115162,34.6385,108.81562
9353,CN610423,CN610423,泾阳县,陕西泾阳县,县,1266,1911,,,,hvd_70773,34.53334,108.83756
9354,CN610423,CN610423,云阳镇,,村镇,1820,1820,,,,hvd_19877,34.638504,108.81562
9355,CN610423,CN610423,冶峪镇,陕西泾阳县西北治峪,村镇,1820,1820,,,,hvd_19876,34.69197,108.71412
9356,CN610423,CN610423,永乐镇,,村镇,1820,1820,,,,hvd_19940,34.51516,108.93881
9357,CN610423,CN610423,泾阳县,陕西泾阳县,县,1820,1820,,,,hvd_929,34.533337,108.83756
9358,CN610423,CN610423,石桥镇,陕西泾阳县西北石桥,村镇,1820,1820,,,,hvd_19894,34.611557,108.69281
9359,CN610423,CN610423,东山庄,陕西省泾阳县东山庄,村镇,1911,1911,,,,hvd_131868,34.699703,108.78105
9360,CN610423,CN610423,云阳镇,,村镇,1911,1911,,,,hvd_131862,34.638504,108.81562
9361,CN610423,CN610423,同官张,陕西省泾阳县同管张,村镇,1911,1911,,,,hvd_131860,34.545788,108.95732
9362,CN610423,CN610423,寒水沟,陕西省三原县西北,村镇,1911,1911,,,,hvd_131884,34.72063,108.850685
9363,CN610423,CN610423,徐家山,陕西省泾阳县西北,村镇,1911,1911,,,,hvd_133089,34.720627,108.533615
9364,CN610423,CN610423,毕家原,陕西省泾阳县东南,村镇,1911,1911,,,,hvd_131858,34.459393,108.93846
9365,CN610423,CN610423,永乐镇,,村镇,1911,1911,,,,hvd_131857,34.51516,108.93881
9366,CN610423,CN610423,泾阳县,陕西省泾阳县,县,1911,1911,,,,hvd_121319,34.533337,108.83756
9367,CN610423,CN610423,白王村,陕西省泾阳县白王,村镇,1911,1911,,,,hvd_133087,34.66429,108.64989
9368,CN610423,CN610423,石桥镇,陕西省泾阳县石桥镇,村镇,1911,1911,,,,hvd_133088,34.611557,108.69281
9369,CN610423,CN610423,花阳庄,陕西省泾阳县东南,村镇,1911,1911,,,,hvd_131859,34.48699,108.95732
9370,CN610423,CN610423,马家坡,陕西省泾阳县北,村镇,1911,1911,,,,hvd_131869,34.71764,108.83691
9371,CN610423,CN610423,骆村,陕西省泾阳县骆村,村镇,1911,1911,,,,hvd_131864,34.496437,108.71939
9372,CN610424,CN610424,莫西县,陕西省咸阳市乾县,县,487,597,,,,hvd_70263,34.52034,108.20869
9373,CN610424,CN610424,乾州,陕西乾县,州,579,1267,,,,hvd_115705,34.5303,108.2356
9374,CN610424,CN610424,上宜县,陕西省咸阳市乾县,县,597,0,,,,hvd_70913,34.52971,108.24409
9375,CN610424,CN610424,奉天县,陕西省咸阳市乾县,县,684,1334,,,,hvd_70267,34.5303,108.2356
9376,CN610424,CN610424,威胜军节度使,陕西省咸阳市乾县,防镇,894,962,,,,hvd_111793,34.5303,108.2356
9377,CN610424,CN610424,乾州,陕西乾县,州,1264,1267,,,,hvd_70853,34.5303,108.2356
9378,CN610424,CN610424,乾州,陕西乾县,州,1268,1558,,,,hvd_70854,34.5303,108.2356
9379,CN610424,CN610424,奉天县,陕西省咸阳市乾县,县,1339,1367,,,,hvd_70268,34.5303,108.2356
9380,CN610424,CN610424,乾州,陕西乾县,州,1559,1724,,,,hvd_70855,34.5303,108.2356
9381,CN610424,CN610424,乾州直隶州,陕西省咸阳市乾县,直隶州,1725,1911,,,,hvd_70856,34.5303,108.2356
9382,CN610424,CN610424,临平镇,,村镇,1820,1820,,,,hvd_19874,34.464146,108.094955
9383,CN610424,CN610424,乾州,陕西乾县,直隶州,1820,1820,,,,hvd_9658,34.5303,108.2356
9384,CN610424,CN610424,冯市镇,陕西乾县北,村镇,1820,1820,,,,hvd_19875,34.63342,108.20245
9385,CN610424,CN610424,薛禄镇,陕西乾县东南薛禄,村镇,1820,1820,,,,hvd_19882,34.411236,108.34617
9386,CN610424,CN610424,陆柏镇,陕西乾县东上陆伯镇,村镇,1820,1820,,,,hvd_19878,34.550934,108.29367
9387,CN610424,CN610424,东注泔寨,陕西省乾县东注泔,村镇,1911,1911,,,,hvd_132307,34.64983,108.31266
9388,CN610424,CN610424,临平镇,,村镇,1911,1911,,,,hvd_133374,34.464146,108.094955
9389,CN610424,CN610424,乾州,陕西省乾县,直隶州,1911,1911,,,,hvd_120137,34.5303,108.2356
9390,CN610424,CN610424,云里坊,陕西省礼泉县云里坊,村镇,1911,1911,,,,hvd_131930,34.392933,108.384346
9391,CN610424,CN610424,关头镇,陕西省乾县关头镇,村镇,1911,1911,,,,hvd_132304,34.655354,108.07586
9392,CN610424,CN610424,南上官,陕西省乾县南上官,村镇,1911,1911,,,,hvd_132309,34.350353,108.34944
9393,CN610424,CN610424,吴店,陕西省乾县吴店,村镇,1911,1911,,,,hvd_132305,34.6559,108.1647
9394,CN610424,CN610424,周家河,陕西省乾县周家河,村镇,1911,1911,,,,hvd_132302,34.509533,108.04045
9395,CN610424,CN610424,坊里,陕西省乾县坊里,村镇,1911,1911,,,,hvd_132303,34.597893,108.15734
9396,CN610424,CN610424,大王镇,陕西省乾县大王,村镇,1911,1911,,,,hvd_132299,34.37868,108.17451
9397,CN610424,CN610424,小王村,陕西省武功县小王村,村镇,1911,1911,,,,hvd_132295,34.36112,108.18677
9398,CN610424,CN610424,新店子,陕西省乾县新店,村镇,1911,1911,,,,hvd_132301,34.4522,108.05843
9399,CN610424,CN610424,杨家,陕西省乾县杨家,村镇,1911,1911,,,,hvd_132306,34.691647,108.262794
9400,CN610424,CN610424,杨家庄,陕西省乾县杨庄镇,村镇,1911,1911,,,,hvd_132308,34.542583,108.344536
9401,CN610424,CN610424,薛禄镇,陕西省乾县薛禄镇,村镇,1911,1911,,,,hvd_132311,34.411236,108.34617
9402,CN610424,CN610424,阳汉镇,陕西省乾县杨汉,村镇,1911,1911,,,,hvd_133373,34.477573,108.26461
9403,CN610425,CN610425,醴泉县,陕西礼泉县,县,636,1911,,,,hvd_70819,34.48997,108.41656
9404,CN610425,CN610425,醴泉县,陕西礼泉县,县,1820,1820,,,,hvd_933,34.489967,108.416565
9405,CN610425,CN610425,上然村,陕西省泾阳县上然村,村镇,1911,1911,,,,hvd_131866,34.654865,108.57867
9406,CN610425,CN610425,临泾镇,陕西省泾阳县西,村镇,1911,1911,,,,hvd_131865,34.544865,108.69401
9407,CN610425,CN610425,北屯镇,陕西省礼泉县北屯,村镇,1911,1911,,,,hvd_131934,34.60457,108.61159
9408,CN610425,CN610425,北牌村,陕西省礼泉县北牌,村镇,1911,1911,,,,hvd_131937,34.78819,108.3679
9409,CN610425,CN610425,故县村,陕西省礼泉县故县村,村镇,1911,1911,,,,hvd_131932,34.48836,108.57961
9410,CN610425,CN610425,杨家寨,陕西省礼泉县东,村镇,1911,1911,,,,hvd_131935,34.484024,108.668015
9411,CN610425,CN610425,相虎桥,陕西省礼泉县相虎,村镇,1911,1911,,,,hvd_133105,34.73677,108.41554
9412,CN610425,CN610425,穆家寨,陕西省礼泉县穆家寨,村镇,1911,1911,,,,hvd_131931,34.426548,108.4701
9413,CN610425,CN610425,西店镇,陕西省礼泉县西店头,村镇,1911,1911,,,,hvd_131938,34.620663,108.3474
9414,CN610425,CN610425,醴泉县,陕西省礼泉县,县,1911,1911,,,,hvd_121324,34.489967,108.416565
9415,CN610427,CN610427,京师,陕西彬县,京師,-1000,-1160,,,,,35.041504,108.08762
9416,CN610427,CN610427,漆县,陕西省咸阳市彬州市,县,-221,13,,,,hvd_70436,35.03966,108.07799
9417,CN610427,CN610427,漆治县,陕西省咸阳市彬州市,县,14,22,,,,hvd_70202,35.03966,108.07799
9418,CN610427,CN610427,漆县,陕西省咸阳市彬州市,县,23,350,,,,hvd_70203,35.03966,108.07799
9419,CN610427,CN610427,新平郡,陕西省咸阳市彬州市,郡,386,604,,,,hvd_116003,35.03966,108.07799
9420,CN610427,CN610427,白土县,陕西省咸阳市彬州市,县,548,582,,,,hvd_70204,34.96666,107.99043
9421,CN610427,CN610427,邠州,陕西彬县,州,548,964,,,,hvd_115067,35.03966,108.07799
9422,CN610427,CN610427,豳州,陕西省咸阳市彬州市,州,554,606,,,,hvd_113295,35.03966,108.07799
9423,CN610427,CN610427,白土县,陕西省咸阳市彬州市,县,583,583,,,,hvd_70205,35.03966,108.07799
9424,CN610427,CN610427,新平县,陕西省咸阳市彬州市,县,584,1382,,,,hvd_70206,35.03966,108.07799
9425,CN610427,CN610427,新平郡,陕西省咸阳市彬州市,郡,618,618,,,,hvd_110284,35.03966,108.07799
9426,CN610427,CN610427,豳州,陕西省咸阳市彬州市,州,619,724,,,,hvd_110850,35.03966,108.07799
9427,CN610427,CN610427,邠州,陕西彬县,州,725,741,,,,hvd_111038,35.03966,108.07799
9428,CN610427,CN610427,新平郡,陕西省咸阳市彬州市,郡,742,757,,,,hvd_111316,35.03966,108.07799
9429,CN610427,CN610427,邠宁节度使,陕西省咸阳市彬州市,防镇,759,767,,,,hvd_111444,35.03966,108.07799
9430,CN610427,CN610427,邠宁节度使,陕西省咸阳市彬州市,防镇,779,884,,,,hvd_111609,35.03966,108.07799
9431,CN610427,CN610427,静难军节度使,陕西省咸阳市彬州市,防镇,885,962,,,,hvd_111787,35.03966,108.07799
9432,CN610427,CN610427,邠州新平郡,陕西省咸阳市彬州市,郡,960,1114,,,,hvd_115068,35.03966,108.07799
9433,CN610427,CN610427,邠州,陕西彬县,州,1115,1724,,,,hvd_70862,35.03966,108.07799
9434,CN610427,CN610427,邠州直隶州,陕西省咸阳市彬州市,直隶州,1725,1911,,,,hvd_70863,35.03966,108.07799
9435,CN610427,CN610427,大峪镇,陕西彬县南太峪,村镇,1820,1820,,,,hvd_19884,34.948006,108.06239
9436,CN610427,CN610427,水帘洞,陕西汾县西水帘洞,村镇,1820,1820,,,,hvd_19953,35.02421,108.003204
9437,CN610427,CN610427,永乐镇,陕西汾县北永乐,村镇,1820,1820,,,,hvd_19959,35.260742,108.138214
9438,CN610427,CN610427,白吉原,陕西汾县西北白吉镇,村镇,1820,1820,,,,hvd_19956,35.19663,108.013824
9439,CN610427,CN610427,邠州,陕西彬县,直隶州,1820,1820,,,,hvd_9661,35.039658,108.07799
9440,CN610427,CN610427,东高回,陕西省彬县东高辉,村镇,1911,1911,,,,hvd_132725,35.26002,108.090256
9441,CN610427,CN610427,元赵,陕西省彬县元朝,村镇,1911,1911,,,,hvd_132719,34.938015,107.85466
9442,CN610427,CN610427,南峪村,陕西省彬县南义子,村镇,1911,1911,,,,hvd_132724,35.150192,107.9883
9443,CN610427,CN610427,南村,陕西省彬县南村,村镇,1911,1911,,,,hvd_132714,34.887085,108.298195
9444,CN610427,CN610427,大佛寺,陕西省彬县大佛寺,村镇,1911,1911,,,,hvd_132722,35.0743,107.99521
9445,CN610427,CN610427,太宁,陕西省彬县太宁,村镇,1911,1911,,,,hvd_132729,34.97201,108.23772
9446,CN610427,CN610427,店子沟,陕西省彬县店子头,村镇,1911,1911,,,,hvd_132721,35.032818,107.983116
9447,CN610427,CN610427,拜家河,陕西省彬县拜家河,村镇,1911,1911,,,,hvd_132717,34.921036,108.00558
9448,CN610427,CN610427,曹店,陕西省彬县曹家店,村镇,1911,1911,,,,hvd_132726,35.178944,108.197395
9449,CN610427,CN610427,杜家底,陕西省长武县杜家咀,村镇,1911,1911,,,,hvd_132695,35.032585,107.90619
9450,CN610427,CN610427,炭店,陕西省彬县炭店,村镇,1911,1911,,,,hvd_132727,35.02339,108.13345
9451,CN610427,CN610427,蒙家岭,陕西省彬县蒙家岭,村镇,1911,1911,,,,hvd_132730,34.964466,108.16053
9452,CN610427,CN610427,西庙头,陕西省彬县西庙头,村镇,1911,1911,,,,hvd_132718,34.859734,107.9065
9453,CN610427,CN610427,赵寨,陕西省彬县赵寨,村镇,1911,1911,,,,,35.10211,108.13
9454,CN610427,CN610427,邠州,陕西省彬县,直隶州,1911,1911,,,,hvd_120140,35.039658,108.07799
9455,CN610427,CN610427,阎家堡,陕西省彬县阎家堡,村镇,1911,1911,,,,hvd_132720,35.010635,107.90189
9456,CN610427,CN610427,龙马镇,陕西省彬县龙马,村镇,1911,1911,,,,hvd_132715,34.956875,108.331604
9457,CN610428,CN610428,东阴盘县,陕西省咸阳市长武县南磵大道,县,517,551,,,,hvd_70438,35.20544,107.78932
9458,CN610428,CN610428,赵平郡,陕西省咸阳市长武县南磵大道,郡,517,556,,,,hvd_116172,35.20544,107.78932
9459,CN610428,CN610428,宜禄县,陕西省咸阳市长武县南磵大道,县,552,556,,,,hvd_70219,35.20544,107.78932
9460,CN610428,CN610428,宜禄县,陕西省咸阳市长武县南磵大道,县,626,1234,,,,hvd_70220,35.20544,107.78932
9461,CN610428,CN610428,长武县,陕西长武县,县,1583,1911,,,,hvd_70215,35.20544,107.78932
9462,CN610428,CN610428,亭口镇,,村镇,1820,1820,,,,hvd_19938,35.090897,107.94024
9463,CN610428,CN610428,冉店镇,陕西长武县东南冉店,村镇,1820,1820,,,,hvd_19939,35.146885,107.9002
9464,CN610428,CN610428,长武县,陕西长武县,县,1820,1820,,,,hvd_1745,35.20544,107.78932
9465,CN610428,CN610428,东府治,陕西省长武县东抚治,村镇,1911,1911,,,,hvd_132699,35.26617,107.76878
9466,CN610428,CN610428,亭口镇,,村镇,1911,1911,,,,hvd_132688,35.090897,107.94024
9467,CN610428,CN610428,冉店镇,陕西省长武县冉店,村镇,1911,1911,,,,hvd_132687,35.146885,107.9002
9468,CN610428,CN610428,司家河,陕西省长武县司家河,村镇,1911,1911,,,,hvd_132690,35.299385,107.75376
9469,CN610428,CN610428,杨家沟,陕西省长武县杨家沟,村镇,1911,1911,,,,hvd_132692,35.263283,107.942856
9470,CN610428,CN610428,枣园沟,陕西省长武县枣园,村镇,1911,1911,,,,hvd_133392,35.13817,107.74243
9471,CN610428,CN610428,洪家堡,陕西省长武县洪家堡,村镇,1911,1911,,,,hvd_132698,35.227924,107.72133
9472,CN610428,CN610428,石家河,陕西省长武县石家河,村镇,1911,1911,,,,hvd_132693,35.26942,107.82357
9473,CN610428,CN610428,胡家河,陕西省长武县胡家河,村镇,1911,1911,,,,hvd_132694,35.19577,107.936676
9474,CN610428,CN610428,路家堡,陕西省长武县路家堡,村镇,1911,1911,,,,hvd_132696,35.06905,107.86201
9475,CN610428,CN610428,长武县,陕西省长武县,县,1911,1911,,,,hvd_121371,35.20544,107.78932
9476,CN610481,CN610481,废丘县,陕西兴平市,县,-247,-206,,,,,34.30559,108.496796
9477,CN610481,CN610481,槐里县,陕西省咸阳市兴平市,县,-204,13,,,,hvd_70705,34.26251,108.50215
9478,CN610481,CN610481,茂陵县,陕西省咸阳市兴平市,县,-139,13,,,,hvd_70709,34.34693,108.58281
9479,CN610481,CN610481,平陵县,陕西省咸阳市兴平市,县,-86,13,,,,hvd_70712,34.37203,108.52646
9480,CN610481,CN610481,宣城县,陕西省咸阳市兴平市,县,14,22,,,,hvd_70710,34.34693,108.58281
9481,CN610481,CN610481,广利县,陕西省咸阳市兴平市,县,14,22,,,,hvd_70713,34.37203,108.52646
9482,CN610481,CN610481,槐治县,陕西省咸阳市兴平市,县,14,22,,,,hvd_70706,34.26251,108.50215
9483,CN610481,CN610481,右扶风郡,陕西省咸阳市兴平市,郡,23,265,,,,hvd_116126,34.26251,108.50215
9484,CN610481,CN610481,平陵县,陕西省咸阳市兴平市,县,23,219,,,,hvd_70714,34.37203,108.52646
9485,CN610481,CN610481,槐里县,陕西省咸阳市兴平市,县,23,445,,,,hvd_70707,34.26251,108.50215
9486,CN610481,CN610481,茂陵县,陕西省咸阳市兴平市,县,23,219,,,,hvd_70711,34.34693,108.58281
9487,CN610481,CN610481,右扶风,陕西省咸阳市兴平市,郡,24,0,,,,hvd_112130,34.26388,108.54966
9488,CN610481,CN610481,始平县,陕西省咸阳市兴平市,县,220,356,,,,hvd_70715,34.37203,108.52646
9489,CN610481,CN610481,始平郡,陕西省咸阳市兴平市,郡,220,445,,,,hvd_115799,34.26388,108.54966
9490,CN610481,CN610481,雍州始平郡,陕西省咸阳市兴平市,郡,265,445,,,,hvd_116111,34.34282,108.55077
9491,CN610481,CN610481,槐里县,陕西省咸阳市兴平市,县,446,582,,,,hvd_70708,34.29445,108.34801
9492,CN610481,CN610481,始平县,陕西省咸阳市兴平市,县,528,553,,,,hvd_70717,34.34282,108.55077
9493,CN610481,CN610481,始平县,陕西省咸阳市兴平市,县,554,579,,,,hvd_70718,34.39576,108.53751
9494,CN610481,CN610481,始平县,陕西省咸阳市兴平市,县,580,612,,,,hvd_70719,34.26388,108.54966
9495,CN610481,CN610481,始平县,陕西省咸阳市兴平市,县,613,709,,,,hvd_70720,34.29872,108.4826
9496,CN610481,CN610481,金城县,陕西省咸阳市兴平市,县,710,756,,,,hvd_70721,34.29872,108.4826
9497,CN610481,CN610481,兴平县,陕西兴平县,县,757,1911,,,,hvd_70722,34.29872,108.4826
9498,CN610481,CN610481,兴平县,陕西兴平县,县,1820,1820,,,,hvd_927,34.29872,108.482605
9499,CN610481,CN610481,店张镇,陕西兴平县东北店张,村镇,1820,1820,,,,hvd_19880,34.42988,108.54196
9500,CN610481,CN610481,马嵬堡,陕西兴平县西北马嵬坡,村镇,1820,1820,,,,hvd_19888,34.317665,108.368904
9501,CN610481,CN610481,中韩村,陕西省兴平县中韩,村镇,1911,1911,,,,hvd_133072,34.355007,108.50925
9502,CN610481,CN610481,尹家村,陕西省咸阳市尹家,村镇,1911,1911,,,,hvd_131808,34.266106,108.61929
9503,CN610481,CN610481,兴平县,陕西省兴平市,县,1911,1911,,,,hvd_121314,34.29872,108.482605
9504,CN610481,CN610481,定周镇,陕西省兴平市定周村,村镇,1911,1911,,,,hvd_131812,34.37292,108.56634
9505,CN610481,CN610481,新村,陕西省兴平县新村,村镇,1911,1911,,,,hvd_131987,34.382607,108.44322
9506,CN610481,CN610481,田阜村,陕西省兴平市田阜,村镇,1911,1911,,,,hvd_131814,34.259064,108.56706
9507,CN610481,CN610481,西城村,陕西省咸阳市西城村,村镇,1911,1911,,,,hvd_131807,34.40681,108.57504
9508,CN610481,CN610481,道张村,陕西省兴平县道张,村镇,1911,1911,,,,hvd_133070,34.340267,108.58738
9509,CN610481,CN610481,郭公镇,陕西省兴平县郭公,村镇,1911,1911,,,,hvd_133068,34.235847,108.41177
9510,CN610481,CN610481,马村,陕西省兴平市马村,村镇,1911,1911,,,,hvd_131813,34.296215,108.59825
9511,CN610502,CN610502,下邽县,陕西省渭南市临渭区,县,-688,24,,,,hvd_70795,34.62462,109.67983
9512,CN610502,CN610502,下邽县,陕西省渭南市临渭区,县,25,158,,,,hvd_70796,34.62462,109.67983
9513,CN610502,CN610502,下邽县,陕西省渭南市临渭区,县,159,385,,,,hvd_70797,34.62462,109.67983
9514,CN610502,CN610502,渭南县,陕西省渭南市临渭区,县,360,526,,,,hvd_70792,34.53249,109.50158
9515,CN610502,CN610502,夏封县,陕西省渭南市临渭区,县,386,596,,,,hvd_70798,34.62462,109.67983
9516,CN610502,CN610502,南新丰县,陕西省渭南市临渭区前进路辅路,县,527,552,,,,hvd_70793,34.503,109.50124
9517,CN610502,CN610502,夏封县,陕西省渭南市临渭区,县,597,605,,,,hvd_70799,34.64653,109.59222
9518,CN610502,CN610502,下邽县,陕西省渭南市临渭区,县,606,614,,,,hvd_70800,34.64653,109.59222
9519,CN610502,CN610502,下邽县,陕西省渭南市临渭区,县,615,1233,,,,hvd_70801,34.7291,109.50959
9520,CN610502,CN610502,鸿州,陕西省渭南市临渭区,州,691,700,,,,hvd_110758,34.53249,109.50158
9521,CN610502,CN610502,下邽镇,,村镇,1820,1820,,,,hvd_19900,34.729103,109.50959
9522,CN610502,CN610502,交斜,陕西渭南市东北交斜,村镇,1820,1820,,,,hvd_19904,34.66847,109.683685
9523,CN610502,CN610502,孝义镇,陕西滑南市东北孝义,村镇,1820,1820,,,,hvd_19917,34.620983,109.699394
9524,CN610502,CN610502,官底镇,陕西渭南市北,村镇,1820,1820,,,,hvd_19914,34.71446,109.43478
9525,CN610502,CN610502,故市镇,,村镇,1820,1820,,,,hvd_19925,34.64583,109.58581
9526,CN610502,CN610502,下邽镇,,村镇,1911,1911,,,,hvd_131908,34.729103,109.50959
9527,CN610502,CN610502,仓头镇,陕西省渭南市仓渡镇,村镇,1911,1911,,,,hvd_131897,34.608723,109.671585
9528,CN610502,CN610502,信义镇,陕西省渭南市信义镇,村镇,1911,1911,,,,hvd_133101,34.57305,109.60378
9529,CN610502,CN610502,大王镇,陕西省渭南市大王,村镇,1911,1911,,,,hvd_131900,34.313484,109.48152
9530,CN610502,CN610502,崇凝镇,陕西省渭南市崇凝镇,村镇,1911,1911,,,,hvd_131898,34.394,109.591156
9531,CN610502,CN610502,故市镇,,村镇,1911,1911,,,,hvd_133102,34.64583,109.58581
9532,CN610502,CN610502,燕子沟,陕西省渭南市南,村镇,1911,1911,,,,hvd_131899,34.27607,109.664986
9533,CN610502,CN610502,老牛坡,陕西省渭南市老牛坡,村镇,1911,1911,,,,hvd_133100,34.30423,109.539795
9534,CN610502,CN610502,蔺店镇,陕西省渭南市蔺店镇,村镇,1911,1911,,,,hvd_131909,34.740265,109.594734
9535,CN610502,CN610502,郧曲镇,陕西省临潼县东,村镇,1911,1911,,,,hvd_131901,34.40195,109.47134
9536,CN610521,CN610521,郑县,陕西省渭南市华州区,县,-221,556,,,,hvd_70427,34.53556,109.85004
9537,CN610521,CN610521,后秦华山郡,陕西省渭南市华州区,郡,384,416,,,,hvd_115357,34.53556,109.85004
9538,CN610521,CN610521,北魏华山郡,陕西省渭南市华州区,郡,431,534,,,,hvd_115055,34.53556,109.85004
9539,CN610521,CN610521,华州华山郡,陕西省渭南市华州区,郡,440,582,,,,hvd_115369,34.53556,109.85004
9540,CN610521,CN610521,华山郡,陕西省渭南市华州区,郡,487,582,,,,hvd_115364,34.53556,109.85004
9541,CN610521,CN610521,东雍州,陕西省渭南市华州区,州,526,553,,,,hvd_113281,34.51963,109.75989
9542,CN610521,CN610521,华州,陕西华县,州,554,605,,,,hvd_113282,34.51963,109.75989
9543,CN610521,CN610521,郑县,陕西省渭南市华州区,县,583,583,,,,hvd_70321,34.53556,109.85004
9544,CN610521,CN610521,郑县,陕西省渭南市华州区,县,584,1263,,,,hvd_70322,34.51963,109.75989
9545,CN610521,CN610521,华山郡,陕西省渭南市华州区,郡,617,617,,,,hvd_110238,34.51963,109.75989
9546,CN610521,CN610521,华州,陕西华县,州,618,685,,,,hvd_110744,34.519627,109.75989
9547,CN610521,CN610521,太州,陕西华县,州,686,704,,,,hvd_110766,34.519627,109.75989
9548,CN610521,CN610521,华州,陕西华县,州,699,1724,,,,hvd_115368,34.51963,109.75989
9549,CN610521,CN610521,华州,陕西华县,州,705,741,,,,hvd_111043,34.519627,109.75989
9550,CN610521,CN610521,华阴郡,陕西华县,郡,742,757,,,,,34.519627,109.75989
9551,CN610521,CN610521,华阴郡,陕西华县,郡,742,759,,,,hvd_111388,34.51963,109.75989
9552,CN610521,CN610521,华州,陕西华县,州,758,760,,,,,34.519627,109.75989
9553,CN610521,CN610521,镇国节度使,陕西省渭南市华州区,防镇,760,762,,,,hvd_111421,34.51963,109.75989
9554,CN610521,CN610521,太州,陕西华县,州,761,761,,,,,34.519627,109.75989
9555,CN610521,CN610521,华州,陕西华县,州,762,896,,,,,34.519627,109.75989
9556,CN610521,CN610521,潼关节度使,陕西省渭南市华州区,防镇,784,792,,,,hvd_111529,34.51963,109.75989
9557,CN610521,CN610521,镇国军节度使,陕西省渭南市华州区,防镇,898,899,,,,hvd_111640,34.51963,109.75989
9558,CN610521,CN610521,华州,陕西华县,州,906,1819,,,,,34.519627,109.75989
9559,CN610521,CN610521,感化军节度使,陕西省渭南市华州区,防镇,909,922,,,,hvd_111708,34.51963,109.75989
9560,CN610521,CN610521,镇国军节度使,陕西省渭南市华州区,防镇,923,954,,,,hvd_111767,34.51963,109.75989
9561,CN610521,CN610521,华阴郡,陕西华县,郡,1053,1214,,,,hvd_115366,34.51963,109.75989
9562,CN610521,CN610521,金安军,陕西省渭南市华州区,军,1215,1263,,,,hvd_115450,34.51963,109.75989
9563,CN610521,CN610521,华州直隶州,陕西省渭南市华州区,州,1725,1734,,,,hvd_115371,34.51963,109.75989
9564,CN610521,CN610521,华州,陕西华县,直隶州,1726,1734,,,,hvd_70880,34.51963,109.75989
9565,CN610521,CN610521,华州,陕西华县,州,1735,1911,,,,hvd_70323,34.51963,109.75989
9566,CN610521,CN610521,华州,陕西华县,州,1820,1820,,,,hvd_936,34.519627,109.75989
9567,CN610521,CN610521,柳子镇,,村镇,1820,1820,,,,hvd_19922,34.535557,109.85004
9568,CN610521,CN610521,三岔坪,陕西省华县三岔坪,村镇,1911,1911,,,,hvd_132554,34.33729,109.80248
9569,CN610521,CN610521,侯坊镇,陕西省华县侯坊,村镇,1911,1911,,,,hvd_132545,34.567314,109.70797
9570,CN610521,CN610521,华州,陕西省华县,州,1911,1911,,,,hvd_121360,34.519627,109.75989
9571,CN610521,CN610521,太山庙,陕西省华县泰山庙,村镇,1911,1911,,,,hvd_132550,34.454323,109.898315
9572,CN610521,CN610521,少华堡,陕西省华县少华镇,村镇,1911,1911,,,,hvd_132551,34.513878,109.79501
9573,CN610521,CN610521,柳子镇,,村镇,1911,1911,,,,hvd_132542,34.535557,109.85004
9574,CN610521,CN610521,王宿镇,陕西省华县毕家,村镇,1911,1911,,,,hvd_132543,34.584423,109.83878
9575,CN610521,CN610521,石门,陕西省华县石门底,村镇,1911,1911,,,,hvd_133366,34.309868,109.71319
9576,CN610521,CN610521,西川,陕西省华县西川,村镇,1911,1911,,,,hvd_132553,34.30735,109.94828
9577,CN610521001,CN610521,郑县,陕西省渭南市华州区,县,-221,556,,,,hvd_70427,34.53556,109.85004
9578,CN610521001,CN610521,后秦华山郡,陕西省渭南市华州区,郡,384,416,,,,hvd_115357,34.53556,109.85004
9579,CN610521001,CN610521,北魏华山郡,陕西省渭南市华州区,郡,431,534,,,,hvd_115055,34.53556,109.85004
9580,CN610521001,CN610521,华州华山郡,陕西省渭南市华州区,郡,440,582,,,,hvd_115369,34.53556,109.85004
9581,CN610521001,CN610521,华山郡,陕西省渭南市华州区,郡,487,582,,,,hvd_115364,34.53556,109.85004
9582,CN610521001,CN610521,东雍州,陕西省渭南市华州区,州,526,553,,,,hvd_113281,34.51963,109.75989
9583,CN610521001,CN610521,华州,陕西华县,州,554,605,,,,hvd_113282,34.51963,109.75989
9584,CN610521001,CN610521,郑县,陕西省渭南市华州区,县,583,583,,,,hvd_70321,34.53556,109.85004
9585,CN610521001,CN610521,郑县,陕西省渭南市华州区,县,584,1263,,,,hvd_70322,34.51963,109.75989
9586,CN610521001,CN610521,华山郡,陕西省渭南市华州区,郡,617,617,,,,hvd_110238,34.51963,109.75989
9587,CN610521001,CN610521,华州,陕西华县,州,618,685,,,,hvd_110744,34.519627,109.75989
9588,CN610521001,CN610521,太州,陕西华县,州,686,704,,,,hvd_110766,34.519627,109.75989
9589,CN610521001,CN610521,华州,陕西华县,州,699,1724,,,,hvd_115368,34.51963,109.75989
9590,CN610521001,CN610521,华州,陕西华县,州,705,741,,,,hvd_111043,34.519627,109.75989
9591,CN610521001,CN610521,华阴郡,陕西华县,郡,742,757,,,,,34.519627,109.75989
9592,CN610521001,CN610521,华阴郡,陕西华县,郡,742,759,,,,hvd_111388,34.51963,109.75989
9593,CN610521001,CN610521,华州,陕西华县,州,758,760,,,,,34.519627,109.75989
9594,CN610521001,CN610521,镇国节度使,陕西省渭南市华州区,防镇,760,762,,,,hvd_111421,34.51963,109.75989
9595,CN610521001,CN610521,太州,陕西华县,州,761,761,,,,,34.519627,109.75989
9596,CN610521001,CN610521,华州,陕西华县,州,762,896,,,,,34.519627,109.75989
9597,CN610521001,CN610521,潼关节度使,陕西省渭南市华州区,防镇,784,792,,,,hvd_111529,34.51963,109.75989
9598,CN610521001,CN610521,镇国军节度使,陕西省渭南市华州区,防镇,898,899,,,,hvd_111640,34.51963,109.75989
9599,CN610521001,CN610521,华州,陕西华县,州,906,1819,,,,,34.519627,109.75989
9600,CN610521001,CN610521,感化军节度使,陕西省渭南市华州区,防镇,909,922,,,,hvd_111708,34.51963,109.75989
9601,CN610521001,CN610521,镇国军节度使,陕西省渭南市华州区,防镇,923,954,,,,hvd_111767,34.51963,109.75989
9602,CN610521001,CN610521,华阴郡,陕西华县,郡,1053,1214,,,,hvd_115366,34.51963,109.75989
9603,CN610521001,CN610521,金安军,陕西省渭南市华州区,军,1215,1263,,,,hvd_115450,34.51963,109.75989
9604,CN610521001,CN610521,华州直隶州,陕西省渭南市华州区,州,1725,1734,,,,hvd_115371,34.51963,109.75989
9605,CN610521001,CN610521,华州,陕西华县,直隶州,1726,1734,,,,hvd_70880,34.51963,109.75989
9606,CN610521001,CN610521,华州,陕西华县,州,1735,1911,,,,hvd_70323,34.51963,109.75989
9607,CN610521001,CN610521,华州,陕西华县,州,1820,1820,,,,hvd_936,34.519627,109.75989
9608,CN610521001,CN610521,柳子镇,,村镇,1820,1820,,,,hvd_19922,34.535557,109.85004
9609,CN610521001,CN610521,三岔坪,陕西省华县三岔坪,村镇,1911,1911,,,,hvd_132554,34.33729,109.80248
9610,CN610521001,CN610521,侯坊镇,陕西省华县侯坊,村镇,1911,1911,,,,hvd_132545,34.567314,109.70797
9611,CN610521001,CN610521,华州,陕西省华县,州,1911,1911,,,,hvd_121360,34.519627,109.75989
9612,CN610521001,CN610521,太山庙,陕西省华县泰山庙,村镇,1911,1911,,,,hvd_132550,34.454323,109.898315
9613,CN610521001,CN610521,少华堡,陕西省华县少华镇,村镇,1911,1911,,,,hvd_132551,34.513878,109.79501
9614,CN610521001,CN610521,柳子镇,,村镇,1911,1911,,,,hvd_132542,34.535557,109.85004
9615,CN610521001,CN610521,王宿镇,陕西省华县毕家,村镇,1911,1911,,,,hvd_132543,34.584423,109.83878
9616,CN610521001,CN610521,石门,陕西省华县石门底,村镇,1911,1911,,,,hvd_133366,34.309868,109.71319
9617,CN610521001,CN610521,西川,陕西省华县西川,村镇,1911,1911,,,,hvd_132553,34.30735,109.94828
9618,CN610522,CN610522,船司空,陕西省渭南市潼关县,县,-202,13,,,,hvd_70429,34.59881,110.27365
9619,CN610522,CN610522,船利县,陕西省渭南市潼关县,县,14,22,,,,hvd_70331,34.59881,110.27365
9620,CN610522,CN610522,潼关,陕西渭南市潼关县,县,196,1911,,,,,34.608986,110.30284
9621,CN610522,CN610522,潼津县,陕西省渭南市潼关县,县,691,698,,,,hvd_70346,34.59881,110.27365
9622,CN610522,CN610522,潼津县,陕西省渭南市潼关县,县,691,698,,,,hvd_70348,34.59881,110.27365
9623,CN610522,CN610522,潼关卫,陕西省渭南市潼关县,卫,1376,1724,,,,hvd_70349,34.59881,110.27365
9624,CN610522,CN610522,潼关县,陕西省渭南市潼关县,县,1726,1746,,,,hvd_70350,34.59881,110.27365
9625,CN610522,CN610522,潼关厅,陕西潼关县东北潼关,厅,1747,1911,,,,hvd_70351,34.59881,110.27365
9626,CN610522,CN610522,太峪口,陕西潼关县南太峪口,村镇,1820,1820,,,,hvd_20017,34.501404,110.30883
9627,CN610522,CN610522,潼关厅,陕西潼关县东北潼关,厅,1820,1820,,,,hvd_955,34.59881,110.27365
9628,CN610522,CN610522,潼关厅,陕西省潼关县港口镇,厅,1911,1911,,,,hvd_121362,34.59881,110.27365
9629,CN610522,CN610522,蒿岔,陕西省潼关县蒿岔峪口,村镇,1911,1911,,,,hvd_133367,34.48448,110.24782
9630,CN610522,CN610522,高千堡,陕西省潼关县高桥,村镇,1911,1911,,,,hvd_132564,34.59454,110.20579
9631,CN610523,CN610523,临晋县,陕西省渭南市大荔县,县,-221,13,,,,hvd_70423,34.7793,110.11311
9632,CN610523,CN610523,河西郡,陕西省渭南市大荔县,郡,-190,757,,,,hvd_115338,34.7793,110.11311
9633,CN610523,CN610523,监晋县,陕西省渭南市大荔县,县,14,22,,,,hvd_70294,34.7793,110.11311
9634,CN610523,CN610523,临晋县,陕西省渭南市大荔县,县,23,199,,,,hvd_70295,34.7793,110.11311
9635,CN610523,CN610523,临晋县,陕西省渭南市大荔县,县,200,289,,,,hvd_70296,34.79725,109.93905
9636,CN610523,CN610523,大荔县,陕西大荔县,县,290,486,,,,hvd_70297,34.79725,109.93905
9637,CN610523,CN610523,豫州,陕西省渭南市大荔县西二环路南段,州,422,428,,,,hvd_112980,34.79724,109.93905
9638,CN610523,CN610523,华州,陕西省渭南市大荔县西二环路南段,州,484,499,,,,hvd_113296,34.79724,109.93905
9639,CN610523,CN610523,南五泉县,陕西省渭南市大荔县,县,487,553,,,,hvd_70303,34.78904,110.12251
9640,CN610523,CN610523,华州,陕西省渭南市大荔县西二环路南段,州,500,553,,,,hvd_113297,34.79724,109.93905
9641,CN610523,CN610523,华州,陕西大荔县,州,510,553,,,,,34.80179,109.94862
9642,CN610523,CN610523,华阴县,陕西省渭南市大荔县,县,510,525,,,,hvd_70299,34.79725,109.93905
9643,CN610523,CN610523,武乡县,陕西省渭南市大荔县,县,526,606,,,,hvd_70300,34.79725,109.93905
9644,CN610523,CN610523,同州,陕西省渭南市大荔县西二环路南段,州,554,606,,,,hvd_113298,34.79724,109.93905
9645,CN610523,CN610523,朝邑县,,县,554,757,,,,hvd_70304,34.78904,110.12251
9646,CN610523,CN610523,冯翊郡,陕西省渭南市大荔县西二环路南段,郡,607,617,,,,hvd_110232,34.79724,109.93905
9647,CN610523,CN610523,同州,陕西省渭南市大荔县西二环路南段,州,618,741,,,,hvd_111039,34.79724,109.93905
9648,CN610523,CN610523,河滨县,陕西省渭南市大荔县,县,620,626,,,,hvd_70353,34.78926,110.17913
9649,CN610523,CN610523,临沮县,陕西省渭南市大荔县,县,626,626,,,,hvd_70352,34.62415,109.75258
9650,CN610523,CN610523,冯翊郡,陕西省渭南市大荔县西二环路南段,郡,742,755,,,,hvd_111216,34.79724,109.93905
9651,CN610523,CN610523,河西县,陕西省渭南市大荔县,县,758,769,,,,hvd_70305,34.78926,110.17913
9652,CN610523,CN610523,朝邑县,,县,770,1911,,,,hvd_70306,34.78904,110.12251
9653,CN610523,CN610523,奉诚军节度使,陕西省渭南市大荔县西二环路南段,防镇,784,784,,,,hvd_111515,34.79724,109.93905
9654,CN610523,CN610523,匡国军节度使,陕西省渭南市大荔县西二环路南段,防镇,895,897,,,,hvd_111634,34.79724,109.93905
9655,CN610523,CN610523,忠武军节度使,陕西省渭南市大荔县西二环路南段,防镇,908,922,,,,hvd_111707,34.79724,109.93905
9656,CN610523,CN610523,匡国军节度使,陕西省渭南市大荔县西二环路南段,防镇,923,957,,,,hvd_111772,34.79724,109.93905
9657,CN610523,CN610523,同州直隶府,陕西省渭南市大荔县,州,1725,1734,,,,hvd_115883,34.79725,109.93905
9658,CN610523,CN610523,同州府,陕西大荔县,州,1732,1911,,,,hvd_115881,34.79725,109.93905
9659,CN610523,CN610523,大荔县,陕西大荔县,县,1735,1911,,,,hvd_70302,34.79725,109.93905
9660,CN610523,CN610523,伯士镇,陕西大荔县东伯仕,村镇,1820,1820,,,,hvd_20016,34.77457,110.04004
9661,CN610523,CN610523,同州府,陕西大荔县,府,1820,1820,,,,hvd_9660,34.797245,109.93905
9662,CN610523,CN610523,大荔县,陕西大荔县,县,1820,1820,,,,hvd_941,34.797245,109.93905
9663,CN610523,CN610523,新大庆关,陕西大荔县东北平民镇,村镇,1820,1820,,,,hvd_20018,34.838074,110.14965
9664,CN610523,CN610523,朝邑县,,县,1820,1820,,,,hvd_956,34.789036,110.12251
9665,CN610523,CN610523,羌白镇,,村镇,1820,1820,,,,hvd_19928,34.736958,109.788536
9666,CN610523,CN610523,苏村,陕西大荔县西南苏村,村镇,1820,1820,,,,hvd_19915,34.6494,109.82006
9667,CN610523,CN610523,许庄,,村镇,1820,1820,,,,hvd_19905,34.86324,109.94576
9668,CN610523,CN610523,赵渡镇,,村镇,1820,1820,,,,hvd_20021,34.723698,110.156624
9669,CN610523,CN610523,上沙洼,陕西省大荔县上沙洼,村镇,1911,1911,,,,hvd_133360,34.634506,109.78161
9670,CN610523,CN610523,上石曹,陕西省大荔县上石槽,村镇,1911,1911,,,,hvd_132597,34.881634,109.98718
9671,CN610523,CN610523,八女井,陕西省大荔县八鱼,村镇,1911,1911,,,,hvd_133358,34.729225,109.82722
9672,CN610523,CN610523,北丁家,陕西省大荔县北丁村,村镇,1911,1911,,,,hvd_133359,34.695827,109.91249
9673,CN610523,CN610523,南龙池,陕西省大荔县南龙池,村镇,1911,1911,,,,hvd_132605,34.915695,110.06146
9674,CN610523,CN610523,同州府,陕西省大荔县,府,1911,1911,,,,hvd_120139,34.797245,109.93908
9675,CN610523,CN610523,同提村,陕西省大荔县同提村,村镇,1911,1911,,,,hvd_133355,34.78743,109.83784
9676,CN610523,CN610523,大荔县,陕西省大荔县,县,1911,1911,,,,hvd_121364,34.797245,109.93908
9677,CN610523,CN610523,张家,陕西省大荔县张家,村镇,1911,1911,,,,hvd_132585,34.61896,109.73582
9678,CN610523,CN610523,方舍镇,陕西省大荔县坊镇,村镇,1911,1911,,,,hvd_132590,34.91796,109.842094
9679,CN610523,CN610523,朝邑县,,县,1911,1911,,,,hvd_121365,34.789036,110.12251
9680,CN610523,CN610523,步昌村,陕西省大荔县步昌,村镇,1911,1911,,,,hvd_132609,34.866917,110.12794
9681,CN610523,CN610523,沙底渡,陕西省大荔县沙底,村镇,1911,1911,,,,hvd_132610,34.755867,110.11465
9682,CN610523,CN610523,潘驿镇,陕西省大荔县南潘驿,村镇,1911,1911,,,,hvd_132584,34.713863,109.782234
9683,CN610523,CN610523,白市镇,陕西省大荔县伯士,村镇,1911,1911,,,,hvd_132598,34.772472,110.10008
9684,CN610523,CN610523,石曹,陕西省大荔县石槽,村镇,1911,1911,,,,hvd_132592,34.744354,109.94363
9685,CN610523,CN610523,羌白镇,,村镇,1911,1911,,,,hvd_132586,34.736958,109.788536
9686,CN610523,CN610523,老君寨,陕西省大荔县老君寨,村镇,1911,1911,,,,hvd_132588,34.875027,109.745865
9687,CN610523,CN610523,耿家园,陕西省大荔县耿家园,村镇,1911,1911,,,,hvd_132599,34.73511,110.03044
9688,CN610523,CN610523,船舍镇,陕西省大荔县船舍,村镇,1911,1911,,,,hvd_132587,34.824623,109.78829
9689,CN610523,CN610523,袁官营,陕西省大荔县袁官营,村镇,1911,1911,,,,hvd_132593,34.86445,110.01713
9690,CN610523,CN610523,西坊村,陕西省大荔县西坊村,村镇,1911,1911,,,,hvd_132594,34.825867,110.00879
9691,CN610523,CN610523,西汉村,陕西省大荔县西汉村,村镇,1911,1911,,,,hvd_132591,34.924183,109.92923
9692,CN610523,CN610523,西王寨,陕西省大荔县西寨,村镇,1911,1911,,,,hvd_133361,34.688725,110.05165
9693,CN610523,CN610523,见龙村,陕西省大荔县见龙村,村镇,1911,1911,,,,hvd_132607,34.945274,110.16909
9694,CN610523,CN610523,许庄,,村镇,1911,1911,,,,hvd_132596,34.86324,109.94576
9695,CN610523,CN610523,赵渡镇,,村镇,1911,1911,,,,hvd_132601,34.723698,110.156624
9696,CN610523,CN610523,陈村,陕西省大荔县陈村,村镇,1911,1911,,,,hvd_132582,34.65226,109.92468
9697,CN610523,CN610523,马坊头,陕西省大荔县马坊头,村镇,1911,1911,,,,hvd_132602,34.71487,110.09438
9698,CN610523,CN610523,黄家营,陕西省大荔县黄家营,村镇,1911,1911,,,,hvd_133357,34.81847,109.87102
9699,CN610526,CN610526,重泉县,陕西省渭南市蒲城县,县,-221,13,,,,hvd_70430,34.8136,109.71027
9700,CN610526,CN610526,徵县,陕西省渭南市蒲城县,县,-155,13,,,,hvd_70425,35.10679,109.8795
9701,CN610526,CN610526,泛爱县,陕西省渭南市蒲城县,县,14,22,,,,hvd_70309,35.10679,109.8795
9702,CN610526,CN610526,调泉县,陕西省渭南市蒲城县,县,14,22,,,,hvd_70332,34.8136,109.71027
9703,CN610526,CN610526,重泉县,陕西省渭南市蒲城县,县,23,386,,,,hvd_70333,34.8136,109.71027
9704,CN610526,CN610526,华州,陕西蒲城县,州,487,509,,,,,34.961235,109.59296
9705,CN610526,CN610526,南白水县,陕西省渭南市蒲城县,县,487,552,,,,hvd_70334,34.95594,109.58512
9706,CN610526,CN610526,蒲城县,陕西蒲城县,县,553,715,,,,hvd_70335,34.95594,109.58512
9707,CN610526,CN610526,奉先县,陕西省渭南市蒲城县,县,716,970,,,,hvd_70336,34.95594,109.58512
9708,CN610526,CN610526,蒲城县,陕西蒲城县,县,971,1911,,,,hvd_70337,34.95594,109.58512
9709,CN610526,CN610526,兴市镇,,村镇,1820,1820,,,,hvd_19908,34.933495,109.44765
9710,CN610526,CN610526,永丰镇,,村镇,1820,1820,,,,hvd_19958,35.00156,109.86305
9711,CN610526,CN610526,荆姚镇,,村镇,1820,1820,,,,hvd_19907,34.824127,109.45605
9712,CN610526,CN610526,蒲城县,陕西蒲城县,县,1820,1820,,,,hvd_939,34.955936,109.58512
9713,CN610526,CN610526,东安丰,陕西省蒲城县东安丰,村镇,1911,1911,,,,hvd_133370,34.897404,109.65483
9714,CN610526,CN610526,兴市镇,,村镇,1911,1911,,,,hvd_132567,34.933495,109.44765
9715,CN610526,CN610526,卿避村,陕西省大荔县卿避村,村镇,1911,1911,,,,hvd_132589,34.91174,109.80421
9716,CN610526,CN610526,唐家堡,陕西省蒲城县唐家堡,村镇,1911,1911,,,,hvd_132572,34.945347,109.86969
9717,CN610526,CN610526,坊里村,陕西省蒲城县坊里,村镇,1911,1911,,,,hvd_132581,35.008327,109.44473
9718,CN610526,CN610526,平路镇,陕西省蒲城县平路,村镇,1911,1911,,,,hvd_132570,34.90936,109.73499
9719,CN610526,CN610526,永丰镇,,村镇,1911,1911,,,,hvd_132571,35.00156,109.86305
9720,CN610526,CN610526,淘池镇,陕西省蒲城县陶池镇,村镇,1911,1911,,,,hvd_132575,35.04077,109.580956
9721,CN610526,CN610526,王家原,陕西省蒲城县王家塬,村镇,1911,1911,,,,hvd_132574,35.11234,109.87668
9722,CN610526,CN610526,荆姚镇,,村镇,1911,1911,,,,hvd_132565,34.824127,109.45605
9723,CN610526,CN610526,蒲城县,陕西省蒲城县,县,1911,1911,,,,hvd_121363,34.955936,109.58512
9724,CN610526,CN610526,蔡邓镇,陕西省蒲城县蔡邓,村镇,1911,1911,,,,hvd_132573,35.152416,109.77772
9725,CN610526,CN610526,马庄,陕西省蒲城县马湖,村镇,1911,1911,,,,hvd_133369,35.070652,109.76739
9726,CN610527,CN610527,衙县,陕西省渭南市白水县,县,-221,13,,,,hvd_70432,35.32087,109.65974
9727,CN610527,CN610527,粟邑县,陕西省渭南市白水县,县,-206,13,,,,hvd_70431,35.25216,109.61528
9728,CN610527,CN610527,粟城县,陕西省渭南市白水县,县,14,23,,,,hvd_70338,35.25216,109.61528
9729,CN610527,CN610527,达昌县,陕西省渭南市白水县,县,14,22,,,,hvd_70343,35.32087,109.65974
9730,CN610527,CN610527,衙县,陕西省渭南市白水县,县,23,110,,,,hvd_70344,35.32087,109.65974
9731,CN610527,CN610527,粟邑县,陕西省渭南市白水县,县,24,29,,,,hvd_70339,35.25216,109.61528
9732,CN610527,CN610527,粟邑县,陕西省渭南市白水县,县,97,430,,,,hvd_70340,35.25216,109.61528
9733,CN610527,CN610527,衙县,陕西省渭南市白水县,县,290,296,,,,hvd_70345,35.32087,109.65974
9734,CN610527,CN610527,姚谷县,陕西省渭南市白水县,县,478,606,,,,hvd_70357,35.19444,109.62404
9735,CN610527,CN610527,白水县,陕西省渭南市白水县,县,478,635,,,,hvd_70341,35.25216,109.61528
9736,CN610527,CN610527,白水县,陕西白水县,县,636,1911,,,,hvd_70342,35.18162,109.58706
9737,CN610527,CN610527,冯雷镇,陕西白水县东北冯雷镇,村镇,1820,1820,,,,hvd_19967,35.17897,109.66855
9738,CN610527,CN610527,太香村,陕西白水县北太香村,村镇,1820,1820,,,,hvd_19977,35.30806,109.61597
9739,CN610527,CN610527,白水县,陕西白水县,县,1820,1820,,,,hvd_961,35.18162,109.58706
9740,CN610527,CN610527,雷村镇,陕西白水县东南雷村,村镇,1820,1820,,,,hvd_19985,35.109035,109.7307
9741,CN610527,CN610527,雷衙镇,,村镇,1820,1820,,,,hvd_19987,35.261173,109.605
9742,CN610527,CN610527,马莲镇,陕西白水县西北马莲滩,村镇,1820,1820,,,,hvd_19981,35.311386,109.44003
9743,CN610527,CN610527,冯雷镇,陕西省白水县冯雷,村镇,1911,1911,,,,hvd_132611,35.17897,109.66855
9744,CN610527,CN610527,南彭衙,陕西省白水县南彭衙,村镇,1911,1911,,,,hvd_132618,35.3958,109.66499
9745,CN610527,CN610527,大杨村,陕西省白水县大杨,村镇,1911,1911,,,,hvd_132623,35.20087,109.48194
9746,CN610527,CN610527,收水镇,陕西省白水县收水,村镇,1911,1911,,,,hvd_132620,35.311386,109.44003
9747,CN610527,CN610527,段家原,陕西省白水县段家塬,村镇,1911,1911,,,,hvd_132624,35.17814,109.386116
9748,CN610527,CN610527,田家河,陕西省白水县田家河,村镇,1911,1911,,,,hvd_132616,35.226425,109.72024
9749,CN610527,CN610527,白水县,陕西省白水县,县,1911,1911,,,,hvd_121366,35.18162,109.58706
9750,CN610527,CN610527,秦家河,陕西省白水县秦家河,村镇,1911,1911,,,,hvd_132625,35.24156,109.35718
9751,CN610527,CN610527,窑背村,陕西省白水县窑背村,村镇,1911,1911,,,,hvd_132615,35.097412,109.74655
9752,CN610527,CN610527,阎家村,陕西省白水县阎家村,村镇,1911,1911,,,,hvd_132621,35.34751,109.57729
9753,CN610527,CN610527,雷村镇,陕西省白水县雷村,村镇,1911,1911,,,,hvd_132614,35.121918,109.7334
9754,CN610527,CN610527,雷衙镇,,村镇,1911,1911,,,,hvd_132612,35.261173,109.605
9755,CN610582,CN610582,宁秦县,陕西省渭南市华阴市,县,-333,-200,,,,hvd_70881,34.5677,110.0956
9756,CN610582,CN610582,华阴县,陕西省渭南市华阴市,县,-199,13,,,,hvd_70428,34.5677,110.0956
9757,CN610582,CN610582,华坛县,陕西省渭南市华阴市,县,14,22,,,,hvd_70437,34.5677,110.0956
9758,CN610582,CN610582,华阴县,陕西省渭南市华阴市,县,23,608,,,,hvd_70324,34.5677,110.0956
9759,CN610582,CN610582,敷西县,陕西省渭南市华阴市,县,487,580,,,,hvd_70330,34.54878,109.9562
9760,CN610582,CN610582,东雍州华山郡,陕西省渭南市华阴市,郡,526,553,,,,hvd_115197,34.5677,110.0956
9761,CN610582,CN610582,渭南郡,陕西省渭南市华阴市,郡,527,572,,,,hvd_115903,34.5677,110.0956
9762,CN610582,CN610582,华阴县,陕西华阴市,县,609,685,,,,hvd_70882,34.56831,110.08936
9763,CN610582,CN610582,仙掌县,陕西省渭南市华阴市,县,686,690,,,,hvd_70883,34.56831,110.08936
9764,CN610582,CN610582,仙掌县,陕西省渭南市华阴市,县,691,701,,,,hvd_70884,34.56831,110.08936
9765,CN610582,CN610582,仙掌县,陕西省渭南市华阴市,县,702,704,,,,hvd_70886,34.56831,110.08936
9766,CN610582,CN610582,华阴县,陕西华阴市,县,705,759,,,,hvd_70327,34.56831,110.08936
9767,CN610582,CN610582,太阴县,陕西省渭南市华阴市,县,760,761,,,,hvd_70328,34.56831,110.08936
9768,CN610582,CN610582,华阴县,陕西华阴市,县,762,1911,,,,hvd_70329,34.56831,110.08936
9769,CN610582,CN610582,三河口,陕西华阴市东北三河口,村镇,1820,1820,,,,hvd_20014,34.639545,110.134094
9770,CN610582,CN610582,华阴县,陕西华阴市,县,1820,1820,,,,hvd_954,34.56831,110.08936
9771,CN610582,CN610582,敷水镇,陕西华阴市西夫水,村镇,1820,1820,,,,hvd_19926,34.55037,109.95595
9772,CN610582,CN610582,五方村,陕西省华阴市五方,村镇,1911,1911,,,,hvd_132560,34.53785,110.031425
9773,CN610582,CN610582,傅家村,陕西省华阴市傅家,村镇,1911,1911,,,,hvd_132559,34.42756,109.97
9774,CN610582,CN610582,华阴县,陕西省华阴市县,县,1911,1911,,,,hvd_121361,34.56831,110.08936
9775,CN610582,CN610582,敷水镇,陕西省华阴市敷水镇,村镇,1911,1911,,,,hvd_132557,34.548782,109.9562
9776,CN610582,CN610582,焦镇,陕西省华阴市焦镇,村镇,1911,1911,,,,hvd_132556,34.600872,109.92944
9777,CN610582,CN610582,花家寨,陕西省华阴市花家寨,村镇,1911,1911,,,,hvd_132561,34.629044,110.154274
9778,CN610582,CN610582,西阳村,陕西省华阴市西阳村,村镇,1911,1911,,,,hvd_132558,34.63095,110.052864
9779,CN610582,CN610582,马村,陕西省华阴市马村,村镇,1911,1911,,,,hvd_132562,34.542625,110.18151
9780,CN610628,CN610628,幽州,陕西省延安市富县,州,319,329,,,,hvd_112888,35.99563,109.36716
9781,CN610628,CN610628,敷城郡,陕西省延安市富县,郡,445,582,,,,hvd_115230,35.99563,109.36716
9782,CN610628,CN610628,北雍州,陕西省延安市富县,州,528,553,,,,hvd_113283,35.80485,109.26162
9783,CN610628,CN610628,三川县,陕西省延安市富县,县,554,1073,,,,hvd_70235,35.80485,109.26161
9784,CN610628,CN610628,宜州,陕西省延安市富县,州,554,605,,,,hvd_113284,35.80485,109.26162
9785,CN610628,CN610628,洛交县,陕西省延安市富县,县,583,1337,,,,hvd_70233,35.99563,109.36716
9786,CN610628,CN610628,鄜城郡,陕西省延安市富县,郡,606,606,,,,hvd_115225,35.99563,109.36716
9787,CN610628,CN610628,上郡,陕西省延安市富县,郡,607,617,,,,hvd_110236,35.99563,109.36716
9788,CN610628,CN610628,鄜州,陕西富县,州,618,641,,,,hvd_110692,35.99563,109.36716
9789,CN610628,CN610628,直罗县,陕西省延安市富县,县,620,1266,,,,hvd_70236,35.95813,109.00661
9790,CN610628,CN610628,洛交郡,陕西省延安市富县,郡,642,757,,,,hvd_111318,35.99563,109.36716
9791,CN610628,CN610628,鄜州,陕西富县,州,758,758,,,,hvd_111374,35.99563,109.36716
9792,CN610628,CN610628,渭北都团练观察防御使,陕西省延安市富县,防镇,783,786,,,,hvd_111522,35.99563,109.36716
9793,CN610628,CN610628,渭北节度使,陕西省延安市富县,防镇,787,881,,,,hvd_111600,35.99563,109.36716
9794,CN610628,CN610628,保大军节度使,陕西省延安市富县,防镇,882,962,,,,hvd_111790,35.99563,109.36716
9795,CN610628,CN610628,鄜州洛交郡,陕西省延安市富县,郡,976,1114,,,,hvd_115228,35.99563,109.36716
9796,CN610628,CN610628,鄜州直隶州,陕西省延安市富县,州,1725,1911,,,,hvd_115229,35.99563,109.36716
9797,CN610628,CN610628,交道镇,陕西富县东交道,村镇,1820,1820,,,,hvd_19965,35.968243,109.442184
9798,CN610628,CN610628,吉子(0113),陕西富县南吉子现,村镇,1820,1820,,,,hvd_19974,35.933792,109.3523
9799,CN610628,CN610628,岔口村,陕西富县西北岔口,村镇,1820,1820,,,,hvd_19836,36.064487,109.3183
9800,CN610628,CN610628,槐树庄,陕西富县西南槐树庄,村镇,1820,1820,,,,hvd_19951,35.86578,108.71797
9801,CN610628,CN610628,牛武镇,,村镇,1820,1820,,,,hvd_19839,36.078842,109.49044
9802,CN610628,CN610628,王家角镇,陕西富县西王家角,村镇,1820,1820,,,,hvd_19824,36.034252,108.86354
9803,CN610628,CN610628,直罗关,陕西富县西南直罗,村镇,1820,1820,,,,hvd_19968,35.958126,109.00661
9804,CN610628,CN610628,道佐铺,陕西甘泉县南道佐埠,村镇,1820,1820,,,,hvd_19833,36.111153,109.36891
9805,CN610628,CN610628,鄜州,陕西富县,直隶州,1820,1820,,,,hvd_9662,35.99563,109.367165
9806,CN610628,CN610628,交道镇,陕西省富县交道镇,村镇,1911,1911,,,,hvd_132766,35.97415,109.44732
9807,CN610628,CN610628,吉子岘,陕西省富县吉子现,村镇,1911,1911,,,,hvd_132795,35.815517,109.28561
9808,CN610628,CN610628,大麦店,陕西省富县大麦楷,村镇,1911,1911,,,,hvd_132770,35.993607,108.67482
9809,CN610628,CN610628,寺庄,陕西省富县寺庄,村镇,1911,1911,,,,hvd_133384,36.124676,109.55093
9810,CN610628,CN610628,庙儿要险,陕西省富县庙儿崾险,村镇,1911,1911,,,,hvd_132775,36.305603,108.94995
9811,CN610628,CN610628,新窑窠,陕西省富县新窑科,村镇,1911,1911,,,,hvd_133386,36.042564,109.10219
9812,CN610628,CN610628,杨家河,陕西省富县杨家河,村镇,1911,1911,,,,hvd_132777,35.81559,109.24556
9813,CN610628,CN610628,槐树庄,陕西省富县槐树庄林场,村镇,1911,1911,,,,hvd_132769,35.86578,108.71797
9814,CN610628,CN610628,河上原,陕西省富县前和尚塬,村镇,1911,1911,,,,hvd_132772,36.0922,108.77828
9815,CN610628,CN610628,牛武镇,,村镇,1911,1911,,,,hvd_132765,36.078842,109.49044
9816,CN610628,CN610628,现头桥,陕西省富县现头,村镇,1911,1911,,,,hvd_132759,35.771202,109.123215
9817,CN610628,CN610628,碾沟,陕西省富县埝沟,村镇,1911,1911,,,,hvd_132774,36.177162,108.727745
9818,CN610628,CN610628,药铺头,陕西省富县药埠头,村镇,1911,1911,,,,hvd_132771,35.924168,108.92304
9819,CN610628,CN610628,郭家嘴,陕西省富县郭家庄,村镇,1911,1911,,,,hvd_132776,36.09748,109.30067
9820,CN610628,CN610628,鄜州,陕西省富县,直隶州,1911,1911,,,,hvd_120141,35.99563,109.367165
9821,CN610628,CN610628,黄甫镇,陕西省富县黄甫店,村镇,1911,1911,,,,hvd_132767,36.113632,109.38422
9822,CN610628,CN610628,黑水寺,陕西省富县黑水寺,村镇,1911,1911,,,,hvd_133385,36.009148,108.947334
9823,CN610632,CN610632,翟道县,陕西省延安市黄陵县,县,-202,24,,,,hvd_70670,35.65535,109.18746
9824,CN610632,CN610632,中部郡,陕西省延安市黄陵县,郡,0,588,,,,hvd_116195,35.58947,109.26382
9825,CN610632,CN610632,中部县,陕西省延安市黄陵县,县,394,542,,,,hvd_70221,35.54635,109.24882
9826,CN610632,CN610632,秦州,陕西省延安市黄陵县,州,415,415,,,,hvd_113374,35.54635,109.24882
9827,CN610632,CN610632,东秦州,陕西省延安市黄陵县,州,484,521,,,,hvd_113301,35.54635,109.24882
9828,CN610632,CN610632,北华州,陕西省延安市黄陵县,州,522,553,,,,hvd_113302,35.54635,109.24882
9829,CN610632,CN610632,中部县,陕西省延安市黄陵县,县,543,588,,,,hvd_70222,35.59464,109.23939
9830,CN610632,CN610632,鄜州,陕西省延安市黄陵县,州,554,606,,,,hvd_113303,35.54635,109.24882
9831,CN610632,CN610632,内部县,陕西省延安市黄陵县,县,589,606,,,,hvd_70223,35.59464,109.23939
9832,CN610632,CN610632,内部郡,陕西省延安市黄陵县,郡,589,606,,,,hvd_115621,35.58947,109.26382
9833,CN610632,CN610632,内部县,陕西省延安市黄陵县,县,607,618,,,,hvd_70224,35.58947,109.26382
9834,CN610632,CN610632,中部县,陕西黄陵县,县,619,1911,,,,hvd_70225,35.58947,109.26382
9835,CN610632,CN610632,鄜州,陕西省延安市黄陵县,州,742,1724,,,,hvd_115227,35.54635,109.24882
9836,CN610632,CN610632,中部县,陕西黄陵县,县,1820,1820,,,,hvd_944,35.589474,109.26382
9837,CN610632,CN610632,保安镇,陕西黄陵县西保安镇,村镇,1820,1820,,,,hvd_19941,35.646084,108.741455
9838,CN610632,CN610632,四圣村,陕西黄陵县北四圣村,村镇,1820,1820,,,,hvd_19978,35.67797,109.24482
9839,CN610632,CN610632,隆坊,陕西黄陵县西北隆坊,村镇,1820,1820,,,,hvd_19971,35.69573,109.181656
9840,CN610632,CN610632,中部县,陕西省黄陵县,县,1911,1911,,,,hvd_121374,35.589474,109.26382
9841,CN610632,CN610632,仓村,陕西省黄陵县仓村,村镇,1911,1911,,,,hvd_132758,35.681576,109.109665
9842,CN610632,CN610632,大贤镇,陕西省黄陵县太贤镇,村镇,1911,1911,,,,hvd_132752,35.642735,109.281334
9843,CN610632,CN610632,孟家镇,陕西省黄陵县孟寨镇,村镇,1911,1911,,,,hvd_132762,35.66835,108.66252
9844,CN610632,CN610632,寺湾里,陕西省黄陵县寺湾,村镇,1911,1911,,,,hvd_132760,35.666145,109.04011
9845,CN610632,CN610632,梁家河,陕西省黄陵县梁家河,村镇,1911,1911,,,,hvd_132753,35.752926,109.29014
9846,CN610632,CN610632,段家原,陕西省黄陵县段家塬,村镇,1911,1911,,,,hvd_133389,35.716343,109.23832
9847,CN610632,CN610632,沮源关,陕西省黄陵县沮源关,村镇,1911,1911,,,,hvd_132763,35.747814,108.54507
9848,CN610632,CN610632,百子桥,陕西省黄陵县百子桥,村镇,1911,1911,,,,hvd_132741,35.57431,109.08841
9849,CN610632,CN610632,红土窑,陕西省黄陵县红土窑,村镇,1911,1911,,,,hvd_133388,35.719135,108.79503
9850,CN610632,CN610632,红土角,陕西省黄陵县红土角,村镇,1911,1911,,,,hvd_133391,35.638767,108.79846
9851,CN610632,CN610632,艾蒿店,陕西省黄陵县艾蒿店,村镇,1911,1911,,,,hvd_132764,35.59121,108.58213
9852,CN610632,CN610632,芦芋村,陕西省黄陵县芦峪村,村镇,1911,1911,,,,hvd_132742,35.460403,108.86871
9853,CN610632,CN610632,香房村,陕西省黄陵县香房,村镇,1911,1911,,,,hvd_132756,35.62721,108.87209
9854,CN610632,CN610632,马家塔,陕西省黄陵县马家塔,村镇,1911,1911,,,,hvd_133390,35.76662,109.14124
9855,CN6107,CN6107,兴元府,陕西省汉中市,府,618,1367,,,,hvd_116021,33.07649,107.03519
9856,CN6107,CN6107,褒州,陕西南郑县,州,725,731,更名,更名,,hvd_110870,33.076485,107.03519
9857,CN6107,CN6107,汉中府,陕西汉中市,府,934,1911,,,,hvd_115311,33.07649,107.03519
9858,CN6107,CN6107,兴元府,陕西省汉中市,府,1127,1279,,,,,33.07382,107.0302
9859,CN6107,CN6107,南郑县,陕西汉中市,县,1219,1911,,,,hvd_70987,33.07648,107.03519
9860,CN6107,CN6107,南郑县,陕西汉中市,县,1820,1820,,,,hvd_962,33.076485,107.03519
9861,CN6107,CN6107,汉中府,陕西汉中市,府,1820,1820,,,,hvd_9664,33.07648,107.03519
9862,CN6107,CN6107,渔渡坝,陕西镇巴县东南渔渡,村镇,1820,1820,,,,hvd_20088,32.32573,107.9833
9863,CN6107,CN6107,瓦石坪,陕西镇巴县西南瓦石,村镇,1820,1820,,,,hvd_20091,32.47202,107.51524
9864,CN6107,CN6107,盐场关,陕西镇巴县南盐场坝,村镇,1820,1820,,,,hvd_20116,32.19268,107.947914
9865,CN6107,CN6107,简池坝,,村镇,1820,1820,,,,hvd_20093,32.43177,107.554985
9866,CN6107,CN6107,观音堂,陕西镇巴县东南,村镇,1820,1820,,,,hvd_20105,32.49787,108.09368
9867,CN6107,CN6107,黎坝,陕西镇巴县西南力坝,村镇,1820,1820,,,,hvd_20092,32.41029,107.766785
9868,CN6107,CN6107,两河口,陕西省镇巴县两河,村镇,1911,1911,,,,hvd_132256,32.792286,107.98759
9869,CN6107,CN6107,元滩子,陕西省镇巴县源滩,村镇,1911,1911,,,,hvd_132267,32.275593,108.05468
9870,CN6107,CN6107,南郑县,陕西省汉中市,县,1911,1911,,,,hvd_121335,33.076485,107.03519
9871,CN6107,CN6107,大市川,陕西省镇巴县大市,村镇,1911,1911,,,,hvd_132273,32.59813,108.10321
9872,CN6107,CN6107,大楮,陕西省镇巴县大楮,村镇,1911,1911,,,,hvd_132258,32.73643,107.78849
9873,CN6107,CN6107,小河口,陕西省镇巴县小河,村镇,1911,1911,,,,hvd_132272,32.512146,108.211136
9874,CN6107,CN6107,庙溪河,陕西省镇巴县庙溪,村镇,1911,1911,,,,hvd_132270,32.56947,108.22324
9875,CN6107,CN6107,松树坝,陕西省镇巴县松树,村镇,1911,1911,,,,hvd_132268,32.33833,108.0878
9876,CN6107,CN6107,汉中府,陕西省汉中市,府,1911,1911,,,,hvd_120136,33.076485,107.03519
9877,CN6107,CN6107,皮窝铺,陕西省镇巴县皮窝铺,村镇,1911,1911,,,,hvd_132259,32.727566,107.724396
9878,CN6107,CN6107,简池坝,,村镇,1911,1911,,,,hvd_132262,32.43177,107.554985
9879,CN6107,CN6107,节草坝,陕西省镇巴县节草坝,村镇,1911,1911,,,,hvd_133176,32.633595,107.92645
9880,CN6107,CN6107,草坝子,陕西省镇巴县草坝,村镇,1911,1911,,,,hvd_133177,32.547607,107.82209
9881,CN6107,CN6107,黎坝,陕西省镇巴县力坝,村镇,1911,1911,,,,hvd_132264,32.40305,107.74642
9882,CN610727,CN610727,沮县,陕西省汉中市略阳县,县,-111,488,,,,hvd_71110,33.27274,106.44959
9883,CN610727,CN610727,同亭郡,陕西省汉中市略阳县,郡,9,23,,,,hvd_112829,33.3324,106.16131
9884,CN610727,CN610727,宁州,陕西省汉中市略阳县,州,333,347,,,,hvd_113543,33.3324,106.16131
9885,CN610727,CN610727,安州,陕西省汉中市略阳县,州,338,342,,,,hvd_113546,33.3324,106.16131
9886,CN610727,CN610727,汉州,陕西省汉中市略阳县,州,343,347,,,,hvd_113545,33.3324,106.16131
9887,CN610727,CN610727,南梁州,陕西省汉中市略阳县,州,397,417,,,,hvd_113072,33.3324,106.16131
9888,CN610727,CN610727,修城郡,陕西省汉中市略阳县,郡,480,557,,,,hvd_116025,33.45654,106.01057
9889,CN610727,CN610727,广长县,陕西省汉中市略阳县,县,480,557,,,,hvd_71113,33.45654,106.01057
9890,CN610727,CN610727,东益州,陕西省汉中市略阳县,州,506,552,,,,hvd_112955,33.3324,106.16131
9891,CN610727,CN610727,兴州,陕西省汉中市略阳县,州,553,606,,,,hvd_112956,33.3324,106.16131
9892,CN610727,CN610727,汉曲县,陕西省汉中市略阳县,县,553,597,,,,hvd_71124,33.3324,106.16131
9893,CN610727,CN610727,广长县,陕西省汉中市略阳县,县,558,600,,,,hvd_71114,33.45654,106.01057
9894,CN610727,CN610727,顺政县,陕西省汉中市略阳县,县,598,605,,,,hvd_71135,33.3324,106.16131
9895,CN610727,CN610727,顺政郡,陕西省汉中市略阳县,郡,598,605,,,,hvd_115815,33.3324,106.16131
9896,CN610727,CN610727,修城县,陕西省汉中市略阳县,县,601,617,,,,hvd_71115,33.45654,106.01057
9897,CN610727,CN610727,顺政县,陕西省汉中市略阳县,县,606,1206,,,,hvd_71136,33.3324,106.16131
9898,CN610727,CN610727,顺政郡,陕西省汉中市略阳县,郡,607,617,,,,hvd_110240,33.3324,106.16131
9899,CN610727,CN610727,兴州,陕西省汉中市略阳县,州,758,758,,,,hvd_111376,33.3324,106.16131
9900,CN610727,CN610727,兴文节度使,陕西省汉中市略阳县,防镇,906,962,,,,hvd_111792,33.3324,106.16131
9901,CN610727,CN610727,沔州,陕西省汉中市略阳县,州,1127,1279,,,,,33.33312,106.16315
9902,CN610727,CN610727,利州西路,陕西省汉中市略阳县,州,1142,1376,,,,hvd_115533,33.3324,106.16131
9903,CN610727,CN610727,略阳县,陕西略阳县,县,1207,1282,,,,hvd_71137,33.3324,106.16131
9904,CN610727,CN610727,略阳县,陕西略阳县,县,1283,1377,,,,hvd_71138,33.3324,106.16131
9905,CN610727,CN610727,略阳县,陕西略阳县,县,1378,1911,,,,hvd_71139,33.3324,106.16131
9906,CN610727,CN610727,(0107)口关,陕西略阳县西北,村镇,1820,1820,,,,hvd_20025,33.406704,106.046585
9907,CN610727,CN610727,九股树,陕西略阳县北,村镇,1820,1820,,,,hvd_20024,33.527756,106.18049
9908,CN610727,CN610727,何家岩,陕西略阳县东南何家岩,村镇,1820,1820,,,,hvd_20027,33.259846,106.32928
9909,CN610727,CN610727,略阳县,陕西略阳县,县,1820,1820,,,,hvd_960,33.3324,106.16131
9910,CN610727,CN610727,白水,陕西略阳县西北,村镇,1820,1820,,,,hvd_19984,33.564358,106.07862
9911,CN610727,CN610727,上两河口集,陕西省略阳县上两河口,村镇,1911,1911,,,,hvd_133203,33.564674,106.36123
9912,CN610727,CN610727,上铁厂坝,陕西省略阳县上铁厂坝,村镇,1911,1911,,,,hvd_132132,33.588093,106.43209
9913,CN610727,CN610727,九股树,陕西省略阳县九股树,村镇,1911,1911,,,,hvd_132133,33.527756,106.18049
9914,CN610727,CN610727,双集垭集,陕西省略阳县双集垭,村镇,1911,1911,,,,hvd_132125,33.20065,106.0255
9915,CN610727,CN610727,史家院,陕西省略阳县史家院,村镇,1911,1911,,,,hvd_132126,33.290688,106.01897
9916,CN610727,CN610727,后沟村,陕西省略阳县后沟,村镇,1911,1911,,,,hvd_132131,33.36845,106.49496
9917,CN610727,CN610727,土地庙,陕西省略阳县土地庙,村镇,1911,1911,,,,hvd_132123,33.28182,105.862206
9918,CN610727,CN610727,大黄院集,陕西省略阳县大黄院,村镇,1911,1911,,,,hvd_132130,33.27051,106.42302
9919,CN610727,CN610727,峡口驿,陕西省略阳县峡口驿,村镇,1911,1911,,,,hvd_132127,33.20201,106.41005
9920,CN610727,CN610727,张家坝,陕西省略阳县张家坝,村镇,1911,1911,,,,hvd_133201,33.428123,106.32667
9921,CN610727,CN610727,挞铁坝村,陕西省略阳县大铁坝,村镇,1911,1911,,,,hvd_132128,33.175407,106.38065
9922,CN610727,CN610727,木瓜园村,陕西省略阳县木瓜园,村镇,1911,1911,,,,hvd_132137,33.40539,105.86057
9923,CN610727,CN610727,武家营,陕西省略阳县武家营,村镇,1911,1911,,,,hvd_132124,33.219067,105.94956
9924,CN610727,CN610727,略阳县,陕西省略阳县,县,1911,1911,,,,hvd_121338,33.3324,106.16131
9925,CN610727,CN610727,药木院村,陕西省略阳县药木院,村镇,1911,1911,,,,hvd_133206,33.429832,105.97923
9926,CN610727,CN610727,铁佛寺,陕西省略阳县铁佛寺,村镇,1911,1911,,,,hvd_132135,33.578857,105.95692
9927,CN6108,CN6108,叠溪守御所,四川茂县叠溪镇,千户,1387,1661,,,,,32.047104,103.68679
9928,CN6108,CN6108,叠溪守御千户所,四川茂县叠溪镇,千户,1387,1661,,,,,32.047104,103.68679
9929,CN6108,CN6108,榆林卫,陕西榆林市,府,1471,1723,,,,hvd_116134,38.29471,109.75387
9930,CN6108,CN6108,榆林县,陕西榆林市,县,1713,1911,,,,hvd_70397,38.29471,109.75387
9931,CN6108,CN6108,榆林府,陕西榆林市,府,1713,1911,,,,hvd_116134,38.29471,109.75387
9932,CN6108,CN6108,榆林县,陕西榆林市,县,1820,1820,,,,hvd_911,38.29471,109.75387
9933,CN6108,CN6108,榆林府,陕西榆林市,府,1820,1820,,,,hvd_9667,38.29471,109.75387
9934,CN6108,CN6108,榆林县,陕西省榆林市,县,1911,1911,,,,hvd_121393,38.29471,109.75387
9935,CN6108,CN6108,榆林府,陕西省榆林市,府,1911,1911,,,,hvd_120144,38.29471,109.75387
9936,CN610821,CN610821,圜阳县,陕西省榆林市神木市,县,-190,199,,,,hvd_70434,38.8145,110.28946
9937,CN610821,CN610821,圜阴县,陕西省榆林市神木市,县,-190,13,,,,hvd_70433,38.555,110.29407
9938,CN610821,CN610821,鸿门县,陕西省榆林市神木市,县,-190,29,,,,hvd_70435,38.80217,110.27951
9939,CN610821,CN610821,方阴县,陕西省榆林市神木市,县,14,22,,,,hvd_70413,38.555,110.29407
9940,CN610821,CN610821,圜阴县,陕西省榆林市神木市,县,23,199,,,,hvd_70414,38.555,110.29407
9941,CN610821,CN610821,麟州,陕西省榆林市神木市,州,724,725,,,,hvd_110852,38.95184,110.47215
9942,CN610821,CN610821,神木县,,县,1269,1367,,,,hvd_70401,38.82196,110.50092
9943,CN610821,CN610821,神木县,,县,1380,1439,,,,hvd_70402,38.82196,110.50092
9944,CN610821,CN610821,神木县,陕西省榆林市神木市,县,1440,1475,,,,hvd_70403,38.95184,110.47215
9945,CN610821,CN610821,神木县,,县,1476,1911,,,,hvd_70404,38.82196,110.50092
9946,CN610821,CN610821,大伯当,,村镇,1820,1820,,,,hvd_19682,38.63961,109.99254
9947,CN610821,CN610821,大柏油堡,陕西神木县西南,村镇,1820,1820,,,,hvd_19782,38.701675,110.342636
9948,CN610821,CN610821,柏林堡,陕西神木县西南,村镇,1820,1820,,,,hvd_19783,38.581932,110.34409
9949,CN610821,CN610821,永兴堡,陕西神木县东北,村镇,1820,1820,,,,hvd_19778,38.976368,110.59151
9950,CN610821,CN610821,神木县,,县,1820,1820,,,,hvd_913,38.82196,110.50092
9951,CN610821,CN610821,高家堡,,村镇,1820,1820,,,,hvd_19779,38.554996,110.29407
9952,CN610821,CN610821,万户塔,陕西省佳县万镇,村镇,1911,1911,,,,hvd_133317,38.304977,110.57372
9953,CN610821,CN610821,大圪塔,陕西省神木县大沟岔,村镇,1911,1911,,,,hvd_133303,38.567406,110.59723
9954,CN610821,CN610821,太和寨,陕西省神木县太和寨,村镇,1911,1911,,,,hvd_133351,38.524864,110.61467
9955,CN610821,CN610821,屈家寨,陕西省神木县屈家寨,村镇,1911,1911,,,,hvd_133352,38.601494,110.34084
9956,CN610821,CN610821,康家村,陕西省神木县康家沟,村镇,1911,1911,,,,hvd_133353,38.638798,110.65053
9957,CN610821,CN610821,张家川,陕西省神木县张家川,村镇,1911,1911,,,,hvd_133029,38.38115,110.730545
9958,CN610821,CN610821,杨家城,陕西省神木县杨城,村镇,1911,1911,,,,hvd_133026,38.94719,110.47406
9959,CN610821,CN610821,柏林堡,陕西省神木县柏林堡,村镇,1911,1911,,,,hvd_133025,38.738792,110.3254
9960,CN610821,CN610821,永兴堡,陕西省神木县永兴堡,村镇,1911,1911,,,,hvd_133023,38.976368,110.59151
9961,CN610821,CN610821,盘塘山渡,陕西省神木县盘塘,村镇,1911,1911,,,,hvd_133010,38.527634,110.89599
9962,CN610821,CN610821,石家沟,陕西省神木县石家沟,村镇,1911,1911,,,,hvd_133320,38.41548,110.53574
9963,CN610821,CN610821,神木县,,县,1911,1911,,,,hvd_121392,38.82196,110.50092
9964,CN610821,CN610821,苏泥家,陕西省神木县苏泥,村镇,1911,1911,,,,hvd_133004,38.436028,110.4202
9965,CN610821,CN610821,解家堡,陕西省神木县解家堡,村镇,1911,1911,,,,hvd_133354,38.709106,110.48831
9966,CN610821,CN610821,巡检司渡,山西兴县巡检司,村镇,1911,1911,,,,hvd_145110,38.466244,110.87998
9967,CN610821,CN610821,雷家墕,陕西省神木县南,村镇,1911,1911,,,,hvd_133318,38.56165,110.377335
9968,CN610821,CN610821,高家堡,,村镇,1911,1911,,,,hvd_133024,38.554996,110.29407
9969,CN610821,CN610821,高家塔,陕西省神木县高家塔,村镇,1911,1911,,,,hvd_133027,38.700222,110.60588
9970,CN610821,CN610821,黄虫圪塔,陕西省神木县黄虫塔,村镇,1911,1911,,,,hvd_133296,38.51673,110.285706
9971,CN611,CN611,三岔河,陕西镇安县东南三岔河,村镇,1820,1820,,,,hvd_20063,33.18928,109.337746
9972,CN611,CN611,杨泗庙,陕西镇安县西南杨泗庙,村镇,1820,1820,,,,hvd_20057,33.361088,108.73916
9973,CN611,CN611,程家川,陕西镇安县东南程家川,村镇,1820,1820,,,,hvd_20068,33.206177,109.40819
9974,CN611,CN611,穆王坪,陕西镇安县西南穆王坪,村镇,1820,1820,,,,hvd_20060,33.265564,108.881485
9975,CN611,CN611,米粮川,陕西镇安县东南米粮川,村镇,1820,1820,,,,hvd_20069,33.306843,109.470634
9976,CN611,CN611,贾家营,陕西镇安县西南贾家坪,村镇,1820,1820,,,,hvd_20059,33.400154,108.90113
9977,CN611,CN611,上茅坪,陕西省镇安县上茅坪,村镇,1911,1911,,,,hvd_132465,33.187103,109.44672
9978,CN611,CN611,东川街,陕西省镇安县东川镇,村镇,1911,1911,,,,hvd_131792,33.547367,108.858665
9979,CN611,CN611,岩屋河,陕西省镇安县岩屋,村镇,1911,1911,,,,hvd_132468,33.36061,109.445595
9980,CN611,CN611,沙沟口,陕西省镇安县沙沟口街,村镇,1911,1911,,,,hvd_132460,33.372005,108.94714
9981,CN611,CN611,湖北口关,湖北郧西县湖北口,村镇,1911,1911,,,,hvd_128308,33.196636,109.48012
9982,CN611,CN611,熨斗滩,陕西省镇安县熨斗,村镇,1911,1911,,,,hvd_132466,33.27004,109.480705
9983,CN611,CN611,甘岔河保,陕西省镇安县甘岔河脑,村镇,1911,1911,,,,hvd_132288,33.451225,108.612885
9984,CN611,CN611,白塔寨,陕西省镇安县白塔,村镇,1911,1911,,,,hvd_132467,33.31349,109.50928
9985,CN611,CN611,立扎坪,陕西省镇安县栗扎,村镇,1911,1911,,,,hvd_132462,33.340797,108.59698
9986,CN611,CN611,红庙,陕西省镇安县红庙,村镇,1911,1911,,,,hvd_133246,33.23245,108.97757
9987,CN611,CN611,结子村,陕西省镇安县结子,村镇,1911,1911,,,,hvd_132458,33.446365,109.089226
9988,CN611,CN611,老君山,陕西省镇安县老君山,村镇,1911,1911,,,,hvd_133053,33.45065,108.83866
9989,CN611,CN611,葛条沟梁,陕西省镇安县葛条沟口,村镇,1911,1911,,,,hvd_131981,33.495056,108.9601
9990,CN611,CN611,蒿坪岭,陕西省镇安县蒿坪,村镇,1911,1911,,,,hvd_132459,33.416473,109.01998
9991,CN611,CN611,蔡家庄,陕西省镇安县蔡家庄,村镇,1911,1911,,,,hvd_131796,33.636585,108.89563
9992,CN611,CN611,西沟口,陕西省镇安县西口,村镇,1911,1911,,,,hvd_132464,33.249714,109.32896
9993,CN611,CN611,贾家坪,陕西省镇安县贾家坪,村镇,1911,1911,,,,hvd_131982,33.41397,108.89281
9994,CN611,CN611,青铜关,陕西省镇安县青铜,村镇,1911,1911,,,,hvd_132463,33.232162,109.15779
9995,CN611002,CN611002,上雒县,陕西省商洛市商州区,县,-113,30,,,,hvd_71249,33.86989,109.93246
9996,CN611002,CN611002,上洛侯国,陕西省商洛市商州区,侯国,31,219,,,,hvd_71250,33.86989,109.93246
9997,CN611002,CN611002,上洛县,陕西省商洛市商州区,县,220,1234,,,,hvd_71251,33.86989,109.93246
9998,CN611002,CN611002,上洛郡,陕西省商洛市商州区,郡,266,577,,,,hvd_71252,33.86989,109.93246
9999,CN611002,CN611002,商州,陕西商州市,州,305,577,,,,hvd_115777,33.86989,109.93247
10000,CN611002,CN611002,荆州,陕西省商洛市商州区,州,397,317,,,,hvd_113145,33.86989,109.93246
10001,CN611002,CN611002,荆州,陕西省商洛市商州区,州,439,493,,,,hvd_113147,33.86989,109.93246
10002,CN611002,CN611002,洛州,陕西省商洛市商州区,州,494,577,,,,hvd_113148,33.86989,109.93246
10003,CN611002,CN611002,商州,陕西商州市,州,578,606,,,,hvd_113149,33.86989,109.93246
10004,CN611002,CN611002,商州,陕西商州市,州,578,580,,,,hvd_71253,33.86989,109.93246
10005,CN611002,CN611002,上洛郡,陕西省商洛市商州区,郡,607,617,,,,hvd_71254,33.86989,109.93246
10006,CN611002,CN611002,商州,陕西商州市,州,618,741,,,,hvd_71255,33.86989,109.93246
10007,CN611002,CN611002,上洛郡,陕西省商洛市商州区,郡,742,755,,,,hvd_111219,33.86989,109.93246
10008,CN611002,CN611002,上洛郡,陕西省商洛市商州区,郡,742,757,,,,hvd_71256,33.86989,109.93246
10009,CN611002,CN611002,兴平节度使,陕西省商洛市商州区,防镇,756,760,,,,hvd_111400,33.86989,109.93246
10010,CN611002,CN611002,商州,陕西商州市,州,758,1373,,,,hvd_71257,33.86989,109.93246
10011,CN611002,CN611002,武关内外四州防御观察使,陕西省商洛市商州区,防镇,761,761,,,,hvd_111408,33.86989,109.93246
10012,CN611002,CN611002,商县,陕西省商洛市商州区,县,1374,1476,,,,hvd_71258,33.86989,109.93246
10013,CN611002,CN611002,商州,陕西商州市,州,1477,1724,,,,hvd_71259,33.86989,109.93246
10014,CN611002,CN611002,商州直隶州,陕西省商洛市商州区,直隶州,1725,1911,,,,hvd_71260,33.86989,109.93246
10015,CN611002,CN611002,商州,陕西商州市,直隶州,1820,1820,,,,hvd_9665,33.869892,109.932465
10016,CN611002,CN611002,牧护关,陕西商州市西北牧护关,村镇,1820,1820,,,,hvd_19924,34.054092,109.58545
10017,CN611002,CN611002,上关坊塘,陕西省商州市上官坊,村镇,1911,1911,,,,hvd_132518,33.706703,109.889175
10018,CN611002,CN611002,东岳庙,陕西省商州市东岳庙,村镇,1911,1911,,,,hvd_133084,33.8542,109.54726
10019,CN611002,CN611002,商州,陕西省商州市市治,直隶州,1911,1911,,,,hvd_120138,33.869892,109.932465
10020,CN611002,CN611002,太阳坡,陕西省商州市大阳坡,村镇,1911,1911,,,,hvd_132279,33.77599,109.589935
10021,CN611002,CN611002,张村铺集,陕西省商州市张村,村镇,1911,1911,,,,hvd_132505,33.80025,110.05496
10022,CN611002,CN611002,林岔河,陕西省商州市林岔河,村镇,1911,1911,,,,hvd_132516,33.86677,109.642586
10023,CN611002,CN611002,海棠岔,陕西省商州市海棠岔,村镇,1911,1911,,,,hvd_131848,33.703575,109.62548
10024,CN611002,CN611002,秦岭口,陕西省商州市秦岭口,村镇,1911,1911,,,,hvd_131847,33.86677,109.60799
10025,CN611002,CN611002,韩峪川,陕西省商州市韩峪川,村镇,1911,1911,,,,hvd_132520,34.056667,109.742516
10026,CN611002,CN611002,麻子河街,陕西省商州市麻池河,村镇,1911,1911,,,,hvd_132514,33.843357,109.75011
10027,CN611002,CN611002,黑龙口街,陕西省商州市黑龙口,村镇,1911,1911,,,,hvd_132513,34.019894,109.730865
10028,CN611021,CN611021,拒阳县,陕西省商洛市洛南县,县,267,267,,,,hvd_71283,33.95681,110.53868
10029,CN611021,CN611021,拒阳县,陕西省商洛市洛南县,县,441,580,,,,hvd_71284,34.04975,110.3527
10030,CN611021,CN611021,洛南县,陕西省商洛市洛南县,县,581,614,,,,hvd_71285,34.04975,110.3527
10031,CN611021,CN611021,洛南县,陕西省洛南县,县,615,656,,,,hvd_71286,34.09576,110.13496
10032,CN611021,CN611021,洛南县,陕西省洛南县,县,657,1620,,,,hvd_71287,34.09576,110.13496
10033,CN611021,CN611021,雒南县,陕西洛南县,县,1621,1911,,,,hvd_71288,34.09576,110.13496
10034,CN611021,CN611021,三要镇,陕西洛南县东南三要,村镇,1820,1820,,,,hvd_20015,33.998066,110.48223
10035,CN611021,CN611021,石家坡,陕西洛南县东北石坡,村镇,1820,1820,,,,hvd_20020,34.217815,110.293304
10036,CN611021,CN611021,石门镇,陕西洛南县北石门,村镇,1820,1820,,,,hvd_20019,34.20275,110.16668
10037,CN611021,CN611021,雒南县,陕西洛南县,县,1820,1820,,,,hvd_957,34.095757,110.134964
10038,CN611021,CN611021,寺坡集,陕西省洛南县寺坡,村镇,1911,1911,,,,hvd_132537,34.014664,110.41782
10039,CN611021,CN611021,洛南县,陕西省洛南县,县,1911,1911,,,,hvd_121359,34.095757,110.134964
10040,CN611021,CN611021,灵官庙,陕西省洛南县灵官庙,村镇,1911,1911,,,,hvd_132530,33.91315,110.27375
10041,CN611021,CN611021,要店,陕西省洛南县腰庄,村镇,1911,1911,,,,hvd_132533,34.204205,109.8493
10042,CN611021,CN611021,陈儿沟街,陕西省洛南县陈耳,村镇,1911,1911,,,,hvd_132534,34.321384,110.398674
10043,CN611021,CN611021,高耀子,陕西省洛南县高耀子,村镇,1911,1911,,,,hvd_132539,33.90932,110.55382
10044,CN611021,CN611021,黄龙铺,陕西省洛南县黄龙,村镇,1911,1911,,,,hvd_132536,34.313267,110.07191
10045,CN611022,CN611022,商县,陕西省商洛市丹凤县,县,-350,266,,,,hvd_71245,33.69952,110.29559
10046,CN611022,CN611022,商县,陕西省商洛市丹凤县,县,267,583,,,,hvd_71246,33.69952,110.29559
10047,CN611022,CN611022,洛州上洛郡,陕西省商洛市丹凤县,郡,471,580,,,,hvd_115598,33.70886,110.26251
10048,CN611022,CN611022,商洛县,陕西省商洛市丹凤县,县,584,617,,,,hvd_71247,33.69952,110.29559
10049,CN611022,CN611022,商洛县,陕西省商洛市丹凤县,县,618,1153,,,,hvd_71248,33.70886,110.2625
10050,CN611022,CN611022,商洛镇,,村镇,1820,1820,,,,hvd_20070,33.70886,110.262505
10051,CN611022,CN611022,桃花驿,陕西商州市东南桃花铺,村镇,1820,1820,,,,hvd_20076,33.64826,110.44264
10052,CN611022,CN611022,武关,陕西丹凤县东南,村镇,1820,1820,,,,hvd_20078,33.604397,110.62529
10053,CN611022,CN611022,留仙坪,陕西丹凤县西北留仙坪,村镇,1820,1820,,,,hvd_20080,33.84057,110.25675
10054,CN611022,CN611022,竹林关,陕西丹凤县南竹林关,村镇,1820,1820,,,,hvd_20082,33.460903,110.433014
10055,CN611022,CN611022,双庙子,陕西省丹凤县双庙子,村镇,1911,1911,,,,hvd_132531,33.73598,110.66677
10056,CN611022,CN611022,商洛镇,,村镇,1911,1911,,,,hvd_132508,33.70886,110.262505
10057,CN611022,CN611022,庾家河街,陕西省丹凤县庾家河,村镇,1911,1911,,,,hvd_132528,33.879765,110.43465
10058,CN611022,CN611022,月儿沟,陕西省丹凤县月日,村镇,1911,1911,,,,hvd_133242,33.63348,110.33653
10059,CN611022,CN611022,桃花铺,陕西省丹凤县桃花铺,村镇,1911,1911,,,,hvd_133240,33.64826,110.44264
10060,CN611022,CN611022,梨园岔,陕西省丹凤县梨园岔,村镇,1911,1911,,,,hvd_132541,33.684277,110.644424
10061,CN611022,CN611022,留仙坪街,陕西省丹凤县留仙坪,村镇,1911,1911,,,,hvd_132522,33.84057,110.25675
10062,CN611022,CN611022,白庙子,陕西省丹凤县白庙,村镇,1911,1911,,,,hvd_133241,33.541714,110.529434
10063,CN611022,CN611022,石曹沟,陕西省丹凤县石曹沟,村镇,1911,1911,,,,hvd_133248,33.398327,110.437035
10064,CN611022,CN611022,竹林关,陕西省山阳县竹林关,村镇,1911,1911,,,,hvd_132487,33.460903,110.433014
10065,CN611022,CN611022,雷家洞,陕西省丹凤县雷家洞,村镇,1911,1911,,,,hvd_132523,33.467167,110.46366
10066,CN611022,CN611022,龙驹寨街,陕西省丹凤县,村镇,1911,1911,,,,hvd_132509,33.694244,110.328636
10067,CN6205,CN6205,天水郡,甘肃天水市,郡,265,757,,,,,34.587162,105.73128
10068,CN6205,CN6205,秦州,甘肃天水市,州,269,1819,,,,,34.585472,105.71696
10069,CN6205,CN6205,天水军,甘肃省天水市,军,1127,1279,,,,,34.587162,105.73128
10070,CN6205,CN6205,秦州,甘肃天水市,直隶州,1820,1820,,,,hvd_9540,34.585472,105.71696
10071,CN620521,CN620521,卦州,甘肃省天水市清水县,州,621,622,,,,hvd_110427,34.7463,106.13658
10072,CN620521,CN620521,山门镇,甘肃清水县东南山门,村镇,1820,1820,,,,hvd_16784,34.68693,106.35539
10073,CN620521,CN620521,清水县,甘肃清水县,县,1820,1820,,,,hvd_262,34.746304,106.13658
10074,CN620521,CN620521,王家河,甘肃秦安县西,村镇,1820,1820,,,,hvd_16872,34.90201,105.94542
10075,CN620521,CN620521,白沙镇,,村镇,1820,1820,,,,hvd_16857,34.71915,106.25513
10076,CN620521,CN620521,百家镇,甘肃清水县东北百家站,村镇,1820,1820,,,,hvd_16839,34.78453,106.380264
10077,CN620521,CN620521,盘龙关,甘肃清水县东北盘龙镇,村镇,1820,1820,,,,hvd_16785,34.808723,106.43259
10078,CN620521,CN620521,远门镇,,村镇,1820,1820,,,,hvd_16770,34.804573,105.89744
10079,CN620521,CN620521,任家庄,甘肃清水县任家大庄,村镇,1911,1911,,,,hvd_151611,34.788906,106.27749
10080,CN620521,CN620521,刘家庄,甘肃清水县刘家庄,村镇,1911,1911,,,,hvd_151595,34.656067,106.138115
10081,CN620521,CN620521,刘家沟门,甘肃清水县刘家沟,村镇,1911,1911,,,,hvd_151596,34.7723,106.03116
10082,CN620521,CN620521,史家沟,甘肃清水县史家沟,村镇,1911,1911,,,,hvd_151492,34.584106,106.27875
10083,CN620521,CN620521,对窝子,甘肃清水县对窝子山,村镇,1911,1911,,,,hvd_151593,34.707264,106.09601
10084,CN620521,CN620521,平套里,甘肃清水县平陶,村镇,1911,1911,,,,hvd_151608,34.80827,106.158745
10085,CN620521,CN620521,张家河,甘肃清水县张家河,村镇,1911,1911,,,,hvd_151610,34.83732,106.32297
10086,CN620521,CN620521,暖和湾,甘肃清水县暖和湾,村镇,1911,1911,,,,hvd_151594,34.74878,106.19201
10087,CN620521,CN620521,朱家湾,甘肃清水县朱家湾,村镇,1911,1911,,,,hvd_151494,34.63623,106.22064
10088,CN620521,CN620521,朱王家,甘肃清水县朱王,村镇,1911,1911,,,,hvd_151511,34.76799,105.907364
10089,CN620521,CN620521,杨坪里,甘肃清水县杨坪村,村镇,1911,1911,,,,hvd_151598,34.844948,105.95705
10090,CN620521,CN620521,杨家庙,甘肃清水县杨庙,村镇,1911,1911,,,,hvd_151609,34.78199,106.20675
10091,CN620521,CN620521,柳家峡,甘肃清水县柳林,村镇,1911,1911,,,,hvd_151603,34.739094,106.35202
10092,CN620521,CN620521,清水县,甘肃清水县,县,1911,1911,,,,hvd_122249,34.746304,106.13658
10093,CN620521,CN620521,湾儿里,甘肃清水县湾儿里,村镇,1911,1911,,,,hvd_151599,34.78683,106.10021
10094,CN620521,CN620521,王家河,甘肃清水县王家河,村镇,1911,1911,,,,hvd_151585,34.899963,105.94748
10095,CN620521,CN620521,王家湾,甘肃清水县王家湾,村镇,1911,1911,,,,hvd_151509,34.585625,106.05895
10096,CN620521,CN620521,白家堑,甘肃清水县百家,村镇,1911,1911,,,,hvd_151604,34.78453,106.380264
10097,CN620521,CN620521,白沙镇,,村镇,1911,1911,,,,hvd_151588,34.71915,106.25513
10098,CN620521,CN620521,秦子铺,甘肃清水县秦子铺,村镇,1911,1911,,,,hvd_151605,34.74255,106.3217
10099,CN620521,CN620521,纪家山,甘肃清水县吉家山,村镇,1911,1911,,,,hvd_151600,34.82696,106.093475
10100,CN620521,CN620521,背湾里,甘肃清水县阎家背湾,村镇,1911,1911,,,,hvd_151493,34.658466,106.369705
10101,CN620521,CN620521,胡家山,甘肃清水县胡家山,村镇,1911,1911,,,,hvd_151602,34.879543,106.16759
10102,CN620521,CN620521,范家湾,甘肃清水县樊家湾,村镇,1911,1911,,,,hvd_151606,34.77161,106.334335
10103,CN620521,CN620521,草川铺,甘肃清水县草川,村镇,1911,1911,,,,hvd_151502,34.65294,106.05933
10104,CN620521,CN620521,谢家沟,甘肃清水县谢家沟,村镇,1911,1911,,,,hvd_151501,34.587704,106.16254
10105,CN620521,CN620521,贾家塄干,甘肃张家川县塄坎,村镇,1911,1911,,,,hvd_151614,34.85668,106.37939
10106,CN620521,CN620521,贾家湾,甘肃清水县贾湾,村镇,1911,1911,,,,hvd_151592,34.75362,106.09516
10107,CN620521,CN620521,远门镇,,村镇,1911,1911,,,,hvd_151503,34.804573,105.89744
10108,CN620521,CN620521,高岭,甘肃清水县高岭,村镇,1911,1911,,,,hvd_151512,34.792953,105.94357
10109,CN620521,CN620521,魏家庙,甘肃清水县魏家庙,村镇,1911,1911,,,,hvd_151612,34.844234,106.209274
10110,CN620521,CN620521,鲁家沟,甘肃清水县鲁沟,村镇,1911,1911,,,,hvd_151607,34.75708,106.279594
10111,CN6206,CN6206,河西,甘肃省河西五市一带,州,-121,1031,,,,,37.934002,102.64855
10112,CN6206,CN6206,河西,甘肃省河西五市一带,州,1278,1819,,,,,37.934002,102.64855
10113,CN6206,CN6206,凉州卫,甘肃武威县,卫,1376,1724,,,,hvd_115538,37.92692,102.6347
10114,CN6206,CN6206,凉州府,甘肃武威县,州,1724,1911,,,,hvd_115538,37.92692,102.6347
10115,CN6206,CN6206,凉州府,甘肃武威县,府,1820,1820,,,,hvd_9534,37.926918,102.6347
10116,CN6206,CN6206,武威县,甘肃武威县,县,1820,1820,,,,hvd_225,37.926918,102.6347
10117,CN6206,CN6206,凉州府,甘肃武威市,府,1911,1911,,,,hvd_120322,37.926918,102.6347
10118,CN6206,CN6206,武威县,甘肃武威市,县,1911,1911,,,,hvd_122209,37.926918,102.6347
10119,CN620622,CN620622,双塔堡,甘肃古浪县北双塔,村镇,1820,1820,,,,hvd_16375,37.579155,102.87662
10120,CN620622,CN620622,古浪县,甘肃古浪县,县,1820,1820,,,,hvd_224,37.46399,102.88088
10121,CN620622,CN620622,土门堡,甘肃古浪县东北土门,村镇,1820,1820,,,,hvd_16544,37.60886,103.06681
10122,CN620622,CN620622,大靖堡,甘肃古浪县东大靖,村镇,1820,1820,,,,hvd_16545,37.470303,103.40414
10123,CN620622,CN620622,裴家堡,甘肃古浪县东裴家营,村镇,1820,1820,,,,hvd_16549,37.47268,103.52473
10124,CN620622,CN620622,阿坝堡,甘肃古浪县东北阿坝营,村镇,1820,1820,,,,hvd_16542,37.529377,103.673805
10125,CN620622,CN620622,隆贵铺,甘肃古浪县南龙沟堡,村镇,1820,1820,,,,hvd_16528,37.356186,102.90318
10126,CN620622,CN620622,黑松堡,甘肃古浪县南黑松驿,村镇,1820,1820,,,,hvd_16539,37.339783,102.8853
10127,CN620622,CN620622,二墩子,甘肃古浪县二墩子,村镇,1911,1911,,,,hvd_152659,37.672638,103.08729
10128,CN620622,CN620622,双塔堡,甘肃古浪县双塔,村镇,1911,1911,,,,hvd_150699,37.579155,102.87662
10129,CN620622,CN620622,古浪县,甘肃古浪县,县,1911,1911,,,,hvd_122210,37.46399,102.88088
10130,CN620622,CN620622,吴家井,甘肃古浪县吴家井,村镇,1911,1911,,,,hvd_150712,37.762,103.047485
10131,CN620622,CN620622,吴家湾,甘肃古浪县吴家湾,村镇,1911,1911,,,,hvd_150781,37.563015,103.39039
10132,CN620622,CN620622,小直沟,甘肃古浪县小直沟,村镇,1911,1911,,,,hvd_150778,37.280643,103.276276
10133,CN620622,CN620622,崖头,甘肃古浪县崖头,村镇,1911,1911,,,,hvd_152545,37.349487,103.62978
10134,CN620622,CN620622,朱家庄,甘肃古浪县朱家中庄,村镇,1911,1911,,,,hvd_150772,37.454426,102.80973
10135,CN620622,CN620622,杨家窝铺,甘肃古浪县杨家窝铺,村镇,1911,1911,,,,hvd_152558,37.22799,103.595894
10136,CN620622,CN620622,永丰台,甘肃古浪县永丰台,村镇,1911,1911,,,,hvd_152560,37.286854,103.47198
10137,CN620622,CN620622,王府营,甘肃古浪县王府营,村镇,1911,1911,,,,hvd_150783,37.63781,103.01226
10138,CN620622,CN620622,白家洼,甘肃古浪县白家洼,村镇,1911,1911,,,,hvd_152559,37.420116,103.64198
10139,CN620622,CN620622,石门山,甘肃古浪县石门山,村镇,1911,1911,,,,hvd_150774,37.37021,103.12469
10140,CN620622,CN620622,红凉山,甘肃古浪县横梁山,村镇,1911,1911,,,,hvd_150776,37.374218,103.20891
10141,CN620622,CN620622,花庄子,甘肃古浪县花庄,村镇,1911,1911,,,,hvd_152561,37.437878,103.447914
10142,CN620622,CN620622,西山堡,甘肃古浪县西山堡,村镇,1911,1911,,,,hvd_150771,37.422344,102.76762
10143,CN620622,CN620622,陆家台,甘肃古浪县路家台,村镇,1911,1911,,,,hvd_150779,37.26995,103.341965
10144,CN620622,CN620622,黄尼冈,甘肃古浪县黄泥岗,村镇,1911,1911,,,,hvd_150775,37.36085,102.99332
10145,CN620622,CN620622,黑松驿,甘肃古浪县龙沟,村镇,1911,1911,,,,hvd_150770,37.356186,102.90318
10146,CN620622,CN620622,龙沟铺,甘肃古浪县龙沟,村镇,1911,1911,,,,hvd_150769,37.31273,102.88552
10147,CN6207,CN6207,甘州卫,甘肃张掖市,卫,1663,1728,,,,hvd_120311,38.933113,100.44992
10148,CN6207,CN6207,张掖县,甘肃张掖县,县,1820,1820,,,,hvd_216,38.933113,100.44992
10149,CN6207,CN6207,甘州府,甘肃张掖县,府,1820,1820,,,,hvd_9532,38.933113,100.44992
10150,CN6207,CN6207,张掖县,甘肃张掖市,县,1911,1911,,,,hvd_122204,38.933113,100.44992
10151,CN6207,CN6207,甘州府,甘肃张掖市,府,1911,1911,,,,hvd_120311,38.933113,100.44992
10152,CN620725,CN620725,删丹县,甘肃省张掖市山丹县,县,-104,460,,,,hvd_70605,38.78111,101.08796
10153,CN620725,CN620725,日勒县,甘肃省张掖市山丹县,县,-104,460,,,,hvd_70604,38.44008,101.49866
10154,CN620725,CN620725,西郡,甘肃省张掖市山丹县,郡,205,546,,,,hvd_115962,38.78111,101.08796
10155,CN620725,CN620725,万岁县,甘肃省张掖市山丹县,县,290,611,,,,hvd_70510,38.78111,101.08796
10156,CN620725,CN620725,仙提县,甘肃省张掖市山丹县,县,290,611,,,,hvd_70511,38.77964,101.14809
10157,CN620725,CN620725,兰池县,甘肃省张掖市山丹县,县,290,611,,,,hvd_70509,38.78111,101.08796
10158,CN620725,CN620725,山丹县,甘肃山丹县,县,460,607,,,,hvd_70504,38.78111,101.08796
10159,CN620725,CN620725,永宁县,甘肃省张掖市山丹县,县,460,546,,,,hvd_70501,38.44008,101.49866
10160,CN620725,CN620725,弱水县,甘肃省张掖市山丹县,县,546,569,,,,hvd_70502,38.44008,101.49866
10161,CN620725,CN620725,金山县,甘肃省张掖市山丹县,县,575,576,,,,hvd_70503,38.71256,100.99398
10162,CN620725,CN620725,删丹县,甘肃省张掖市山丹县,县,607,851,,,,hvd_70505,38.78111,101.08796
10163,CN620725,CN620725,安北都护府,甘肃省张掖市山丹县,都护府,687,697,,,,hvd_110753,38.71256,100.99398
10164,CN620725,CN620725,山丹州,甘肃省张掖市山丹县,州,1285,1368,,,,hvd_70506,38.78111,101.08796
10165,CN620725,CN620725,山丹卫,甘肃省张掖市山丹县,卫,1390,1724,,,,hvd_70507,38.78111,101.08796
10166,CN620725,CN620725,山丹县,甘肃山丹县,县,1724,1911,,,,hvd_70508,38.78111,101.08796
10167,CN620725,CN620725,东乐堡,甘肃山丹县西北东乐,村镇,1820,1820,,,,hvd_16823,38.81716,100.81601
10168,CN620725,CN620725,丰乐铺,甘肃山丹县东南丰城铺,村镇,1820,1820,,,,hvd_16467,38.552063,101.36425
10169,CN620725,CN620725,大桥寨,甘肃山丹县西大桥寨,村镇,1820,1820,,,,hvd_16460,38.838333,100.90457
10170,CN620725,CN620725,大马营堡,甘肃山丹县东南大马营,村镇,1820,1820,,,,hvd_16471,38.33852,101.1897
10171,CN620725,CN620725,定羌庙,甘肃永昌县西北定羌庙,村镇,1820,1820,,,,hvd_16469,38.446682,101.48134
10172,CN620725,CN620725,山丹县,甘肃山丹县,县,1820,1820,,,,hvd_218,38.781105,101.08796
10173,CN620725,CN620725,新开坝,甘肃山丹县西南新开坝,村镇,1820,1820,,,,hvd_16476,38.6055,101.04806
10174,CN620725,CN620725,新河堡,甘肃山丹县东南新河,村镇,1820,1820,,,,hvd_16477,38.632446,101.26892
10175,CN620725,CN620725,红寺山关,甘肃山丹县北红寺湖,村镇,1820,1820,,,,hvd_16472,38.89708,101.1296
10176,CN620725,CN620725,花寨子,甘肃山丹县东南花寨子,村镇,1820,1820,,,,hvd_16470,38.469254,101.15921
10177,CN620725,CN620725,黑城堡,甘肃山丹县南黑城子,村镇,1820,1820,,,,hvd_16320,38.395844,101.048256
10178,CN620725,CN620725,丰成铺,甘肃山丹县丰城堡,村镇,1911,1911,,,,hvd_150664,38.552063,101.36425
10179,CN620725,CN620725,二十里铺,甘肃山丹县廿里铺,村镇,1911,1911,,,,hvd_150667,38.710835,101.193855
10180,CN620725,CN620725,十里铺,甘肃山丹县十里铺,村镇,1911,1911,,,,hvd_150666,38.74226,101.14846
10181,CN620725,CN620725,卢家铺,甘肃山丹县芦家堡,村镇,1911,1911,,,,hvd_150676,38.625767,101.075325
10182,CN620725,CN620725,大马营,甘肃山丹县马营,村镇,1911,1911,,,,hvd_150660,38.338524,101.18973
10183,CN620725,CN620725,山丹县,甘肃山丹县,县,1911,1911,,,,hvd_122205,38.781105,101.08796
10184,CN620725,CN620725,峡口驿,甘肃山丹县峡口,村镇,1911,1911,,,,hvd_150665,38.50788,101.41075
10185,CN620725,CN620725,新河,甘肃山丹县新河,村镇,1911,1911,,,,hvd_150668,38.627037,101.25943
10186,CN620725,CN620725,新河坝,甘肃山丹县新开村,村镇,1911,1911,,,,hvd_150677,38.6055,101.04806
10187,CN620725,CN620725,花寨子,甘肃山丹县花寨,村镇,1911,1911,,,,hvd_150661,38.469254,101.15921
10188,CN620725,CN620725,范家营,甘肃山丹县范营,村镇,1911,1911,,,,hvd_150662,38.55109,101.18881
10189,CN620725,CN620725,西山堡,甘肃山丹县下西山,村镇,1911,1911,,,,hvd_150675,38.444153,101.04842
10190,CN620821,CN620821,雍州,甘肃省平凉市泾川县,州,360,369,,,,hvd_113264,35.32881,107.36339
10191,CN620821,CN620821,雍州,甘肃省平凉市泾川县,州,384,417,,,,hvd_113266,35.32881,107.36339
10192,CN620821,CN620821,凉州,甘肃省平凉市泾川县,州,418,428,,,,hvd_113359,35.32881,107.36339
10193,CN620821,CN620821,泾州,甘肃泾川县,州,430,606,,,,hvd_113286,35.32881,107.36339
10194,CN620821,CN620821,安定郡,甘肃省平凉市泾川县,郡,607,617,,,,hvd_110178,35.32881,107.36339
10195,CN620821,CN620821,泾州,甘肃泾川县,州,618,741,,,,hvd_110896,35.32881,107.36339
10196,CN620821,CN620821,安定郡,甘肃省平凉市泾川县,郡,742,757,,,,hvd_111271,35.32881,107.36339
10197,CN620821,CN620821,泾州,甘肃泾川县,州,758,759,,,,hvd_111381,35.32881,107.36339
10198,CN620821,CN620821,泾原节度使,甘肃省平凉市泾川县,防镇,768,893,,,,hvd_111626,35.32881,107.36339
10199,CN620821,CN620821,彰义军节度使,甘肃省平凉市泾川县,防镇,894,962,,,,hvd_111776,35.32881,107.36339
10200,CN620821,CN620821,党原,甘肃泾川县西北党原,村镇,1820,1820,,,,hvd_16734,35.451065,107.22511
10201,CN620821,CN620821,合道街,甘肃泾川县西北合道镇,村镇,1820,1820,,,,hvd_16848,35.41165,107.29038
10202,CN620821,CN620821,泾州,甘肃泾川县,直隶州,1820,1820,,,,hvd_9539,35.328808,107.36339
10203,CN620821,CN620821,窑店镇堡,甘肃泾川县东南窑店,村镇,1820,1820,,,,hvd_16738,35.268604,107.668144
10204,CN620821,CN620821,荔家堡,甘肃泾川县东北荔堡,村镇,1820,1820,,,,hvd_16732,35.460632,107.55872
10205,CN620821,CN620821,五里铺,甘肃泾川县五里铺,村镇,1911,1911,,,,hvd_152059,35.336407,107.32996
10206,CN620821,CN620821,何家庄,甘肃泾川县何家庄,村镇,1911,1911,,,,hvd_152079,35.274258,107.39313
10207,CN620821,CN620821,合道镇,甘肃泾川县合道,村镇,1911,1911,,,,hvd_152061,35.41165,107.29038
10208,CN620821,CN620821,大寨子,甘肃泾川县大寨子,村镇,1911,1911,,,,hvd_152071,35.435207,107.5565
10209,CN620821,CN620821,川口景家,甘肃泾川县川口白家,村镇,1911,1911,,,,hvd_152072,35.382935,107.53461
10210,CN620821,CN620821,杜家,甘肃泾川县杜家,村镇,1911,1911,,,,hvd_152083,35.24193,107.55987
10211,CN620821,CN620821,枣林字,甘肃泾川县枣林子,村镇,1911,1911,,,,hvd_152077,35.3114,107.198586
10212,CN620821,CN620821,汤渠,陕西长武县汤渠,村镇,1911,1911,,,,hvd_152067,35.29999,107.73083
10213,CN620821,CN620821,泾州,甘肃泾川县,直隶州,1911,1911,,,,hvd_120317,35.328808,107.36339
10214,CN620821,CN620821,焦家会,甘肃泾川县焦家会,村镇,1911,1911,,,,hvd_152076,35.306583,107.298805
10215,CN620821,CN620821,盘口,甘肃泾川县盘口,村镇,1911,1911,,,,hvd_152078,35.22955,107.39649
10216,CN620821,CN620821,董家河,甘肃泾川县梁河,村镇,1911,1911,,,,hvd_152068,35.201977,107.62131
10217,CN6209,CN6209,肃州,甘肃酒泉市,州,602,605,,,,hvd_110026,39.74494,98.51125
10218,CN6209,CN6209,肃州,甘肃酒泉市,州,619,709,,,,hvd_110771,39.74494,98.51125
10219,CN6209,CN6209,肃州,甘肃酒泉市,州,758,766,,,,hvd_115833,39.74494,98.51125
10220,CN6209,CN6209,肃州,甘肃酒泉市,直隶州,1820,1820,,,,hvd_9531,39.74494,98.51125
10221,CN6209,CN6209,肃州,甘肃酒泉市,直隶州,1911,1911,,,,hvd_120321,39.74494,98.51125
10222,CN620982,CN620982,敦煌郡,甘肃省酒泉市敦煌市,郡,-111,8,,,,hvd_112766,40.14053,94.65088
10223,CN620982,CN620982,效谷县,甘肃省酒泉市敦煌市,县,-88,557,,,,hvd_70595,40.284,94.77997
10224,CN620982,CN620982,敦煌县,甘肃省酒泉市敦煌市,县,-88,557,,,,hvd_70594,40.13911,94.62009
10225,CN620982,CN620982,龙勒县,甘肃省酒泉市敦煌市,县,-88,557,,,,hvd_70596,39.90532,94.10114
10226,CN620982,CN620982,敦德郡,甘肃省酒泉市敦煌市,郡,9,23,,,,hvd_112767,40.14053,94.65088
10227,CN620982,CN620982,敦煌郡,甘肃省酒泉市敦煌市,郡,24,0,,,,hvd_112768,40.14053,94.65088
10228,CN620982,CN620982,沙州,甘肃省酒泉市敦煌市,州,320,376,,,,hvd_113364,40.14053,94.65088
10229,CN620982,CN620982,敦煌郡,甘肃省酒泉市敦煌市,郡,327,757,,,,hvd_115202,40.13911,94.62009
10230,CN620982,CN620982,敦煌镇,甘肃省酒泉市敦煌市,军镇,441,515,,,,hvd_115203,40.15135,94.6111
10231,CN620982,CN620982,东乡县,甘肃省酒泉市敦煌市,县,460,557,,,,hvd_70442,40.36767,95.19988
10232,CN620982,CN620982,寿昌郡,甘肃省酒泉市敦煌市,郡,460,557,,,,hvd_115800,39.90532,94.10114
10233,CN620982,CN620982,平康县,甘肃省酒泉市敦煌市,县,460,557,,,,hvd_70441,40.15135,94.6111
10234,CN620982,CN620982,阳关县,甘肃省酒泉市敦煌市,县,460,557,,,,hvd_70443,39.87817,94.10925
10235,CN620982,CN620982,鸣沙县,甘肃省酒泉市敦煌市,县,460,557,,,,hvd_70439,40.11315,94.67852
10236,CN620982,CN620982,瓜州,甘肃省酒泉市敦煌市,州,516,516,,,,hvd_113367,40.11315,94.67852
10237,CN620982,CN620982,义州,甘肃省酒泉市敦煌市,州,517,527,,,,hvd_113368,40.11315,94.67852
10238,CN620982,CN620982,瓜州,甘肃省酒泉市敦煌市,州,528,606,,,,hvd_113369,40.11315,94.67852
10239,CN620982,CN620982,鸣沙县,甘肃省酒泉市敦煌市,县,557,606,,,,hvd_70440,40.13911,94.62009
10240,CN620982,CN620982,敦煌县,甘肃省酒泉市敦煌市,县,606,781,,,,hvd_70444,40.13911,94.62009
10241,CN620982,CN620982,敦煌郡,甘肃省酒泉市敦煌市,郡,607,618,,,,hvd_110269,40.13911,94.62009
10242,CN620982,CN620982,瓜州,甘肃省酒泉市敦煌市,州,619,621,,,,hvd_110387,40.13911,94.62009
10243,CN620982,CN620982,西沙州,甘肃省酒泉市敦煌市,州,622,632,,,,hvd_110633,40.13911,94.62009
10244,CN620982,CN620982,沙州,甘肃省酒泉市敦煌市,州,633,709,,,,hvd_110769,40.13911,94.62009
10245,CN620982,CN620982,沙州,甘肃省酒泉市敦煌市,州,758,781,,,,hvd_115758,40.14053,94.65088
10246,CN620982,CN620982,河西节度使,甘肃省酒泉市敦煌市,防镇,766,862,,,,hvd_111585,40.13911,94.62009
10247,CN620982,CN620982,归义军节度使,甘肃省酒泉市敦煌市,防镇,851,906,,,,hvd_111657,40.13911,94.62009
10248,CN620982,CN620982,沙州,甘肃省酒泉市敦煌市,州,851,1227,,,,hvd_70445,40.13911,94.62009
10249,CN620982,CN620982,沙州,甘肃省酒泉市敦煌市,州,1277,1405,,,,hvd_70446,40.13911,94.62009
10250,CN620982,CN620982,沙州卫,甘肃省酒泉市敦煌市,卫,1405,1446,,,,hvd_70447,40.13911,94.62009
10251,CN620982,CN620982,罕东左卫,甘肃省酒泉市敦煌市,卫,1479,1528,,,,hvd_70448,40.13911,94.62009
10252,CN620982,CN620982,沙州所,甘肃省酒泉市敦煌市,所,1723,1725,,,,hvd_70472,40.14053,94.65088
10253,CN620982,CN620982,沙州卫,甘肃省酒泉市敦煌市,卫,1725,1759,,,,hvd_70473,40.14053,94.65088
10254,CN620982,CN620982,沙州卫,甘肃省酒泉市敦煌市,卫,1725,1760,,,,hvd_70450,40.14053,94.65088
10255,CN620982,CN620982,敦煌县,甘肃敦煌县,县,1759,1911,,,,hvd_70476,40.14053,94.65088
10256,CN620982,CN620982,敦煌县,甘肃敦煌县,县,1760,1911,,,,hvd_70451,40.14053,94.65088
10257,CN620982,CN620982,千佛洞,甘肃敦煌市东南千佛洞,村镇,1820,1820,,,,hvd_16347,40.022438,94.78173
10258,CN620982,CN620982,南湖,甘肃敦煌市西南南湖,村镇,1820,1820,,,,hvd_16404,39.905323,94.101135
10259,CN620982,CN620982,博罗图阿璊,,村镇,1820,1820,,,,hvd_22090,41.205105,94.78011
10260,CN620982,CN620982,圪塔井,甘肃敦煌市东北圪塔泉子,村镇,1820,1820,,,,hvd_16357,40.170475,94.988815
10261,CN620982,CN620982,大泉,甘肃敦煌市西北大泉,村镇,1820,1820,,,,hvd_16339,40.438095,94.21993
10262,CN620982,CN620982,巴颜布喇,甘肃敦煌市西巴扬布拉,村镇,1820,1820,,,,hvd_16351,40.116413,94.36844
10263,CN620982,CN620982,推莫兔,甘肃敦煌县西南赤莫土,村镇,1820,1820,,,,hvd_16401,39.902596,93.815956
10264,CN620982,CN620982,敦煌县,甘肃敦煌县,县,1820,1820,,,,hvd_212,40.140526,94.65088
10265,CN620982,CN620982,沙枣城,甘肃敦煌市西南沙枣,村镇,1820,1820,,,,hvd_16348,40.09537,94.51503
10266,CN620982,CN620982,甜水井,甘肃敦煌市东北甜水井,村镇,1820,1820,,,,hvd_16366,40.269016,95.29019
10267,CN620982,CN620982,砢砢沙石,甘肃敦煌县北哈哈沙而,村镇,1820,1820,,,,hvd_16352,40.49355,94.69021
10268,CN620982,CN620982,碱泉,甘肃敦煌市西北咸泉子,村镇,1820,1820,,,,hvd_16353,40.38351,94.387856
10269,CN620982,CN620982,芦草沟,甘肃敦煌县西南芦草沟,村镇,1820,1820,,,,hvd_16402,39.930473,93.87578
10270,CN620982,CN620982,西湖,甘肃敦煌县西北后坑子,村镇,1820,1820,,,,hvd_16346,40.344185,93.699234
10271,CN620982,CN620982,黄墩堡,甘肃敦煌市东北黄墩堡,村镇,1820,1820,,,,hvd_16349,40.328247,94.74368
10272,CN620982,CN620982,土窑子,甘肃敦煌市土窑墩,村镇,1911,1911,,,,hvd_150523,40.47742,94.62953
10273,CN620982,CN620982,大方盘,甘肃敦煌市大方盘,村镇,1911,1911,,,,hvd_150521,40.407406,93.986145
10274,CN620982,CN620982,小方盘,甘肃敦煌市玉门关,村镇,1911,1911,,,,hvd_150522,40.346523,93.8701
10275,CN620982,CN620982,敦煌县,甘肃敦煌市,县,1911,1911,,,,hvd_122200,40.140526,94.65088
10276,CN620982,CN620982,狄道坊,甘肃敦煌市下狄道,村镇,1911,1911,,,,hvd_150526,40.178528,94.7354
10277,CN620982,CN620982,甜水井驿,甘肃敦煌市甜水井,村镇,1911,1911,,,,hvd_150517,40.269016,95.29019
10278,CN620982,CN620982,疙瘩井,甘肃敦煌市疙瘩井,村镇,1911,1911,,,,hvd_150518,40.170475,94.988815
10279,CN620982,CN620982,碱泉,甘肃敦煌市碱泉子,村镇,1911,1911,,,,hvd_150524,40.381382,94.37678
10280,CN621122,CN621122,襄武县,甘肃省定西市陇西县,县,-205,13,,,,hvd_70007,35.00714,104.6356
10281,CN621122,CN621122,相桓县,甘肃省定西市陇西县,县,14,23,,,,hvd_70006,35.00714,104.6356
10282,CN621122,CN621122,襄武县,甘肃省定西市陇西县,县,23,763,,,,hvd_70005,34.9836,104.65988
10283,CN621122,CN621122,南安郡,甘肃省定西市陇西县,郡,188,214,,,,hvd_112743,34.9836,104.65988
10284,CN621122,CN621122,新兴县,甘肃省定西市陇西县,县,188,557,,,,hvd_70033,34.9341,104.56827
10285,CN621122,CN621122,西秦,甘肃省定西市陇西县,政权,385,430,,,,hvd_113672,34.9836,104.65988
10286,CN621122,CN621122,京师,甘肃省定西市陇西县,京師,385,430,西秦,,,hvd_113672,34.9836,104.65988
10287,CN621122,CN621122,东秦州,甘肃省定西市陇西县,州,386,400,,,,hvd_113376,34.9836,104.65988
10288,CN621122,CN621122,渭州,甘肃省定西市陇西县,州,530,606,,,,hvd_113285,34.9341,104.56827
10289,CN621122,CN621122,武阳县,甘肃省定西市陇西县,县,583,590,,,,hvd_70004,35.00714,104.6356
10290,CN621122,CN621122,陇西县,甘肃陇西县县巩昌镇,县,590,762,,,,hvd_70003,35.00714,104.6356
10291,CN621122,CN621122,陇西郡,甘肃省定西市陇西县,郡,607,617,,,,hvd_110181,34.9836,104.65988
10292,CN621122,CN621122,渭州,甘肃省定西市陇西县,州,618,716,,,,hvd_110798,34.9836,104.65988
10293,CN621122,CN621122,渭州,甘肃省定西市陇西县,州,758,880,,,,hvd_115905,34.9836,104.65988
10294,CN621122,CN621122,古渭砦,甘肃省定西市陇西县,砦,1052,1090,,,,hvd_70002,35.00714,104.6356
10295,CN621122,CN621122,巩州,甘肃省定西市陇西县,州,1081,1277,,,,hvd_115264,34.9836,104.65988
10296,CN621122,CN621122,陇西县,甘肃陇西县县巩昌镇,县,1090,1911,,,,hvd_70001,35.00714,104.6356
10297,CN621122,CN621122,巩昌府,甘肃陇西县,府,1820,1820,,,,hvd_9538,35.007137,104.635605
10298,CN621122,CN621122,通安驿,甘肃陇西县北通安驿,村镇,1820,1820,,,,hvd_16691,35.300167,104.677536
10299,CN621122,CN621122,陇西县,甘肃陇西县县巩昌镇,县,1820,1820,,,,hvd_239,35.007137,104.635605
10300,CN621122,CN621122,首阳镇,,村镇,1820,1820,,,,hvd_16831,35.078693,104.43689
10301,CN621122,CN621122,马家河,陇西县北马家河,村镇,1820,1820,,,,hvd_16643,35.366043,104.60831
10302,CN621122,CN621122,三十里铺,甘肃陇西县卅里铺,村镇,1911,1911,,,,hvd_151137,34.910946,104.7254
10303,CN621122,CN621122,三十里铺,甘肃陇西县三十里铺,村镇,1911,1911,,,,hvd_151161,35.067562,104.487076
10304,CN621122,CN621122,上河铺,甘肃陇西县上河蒲,村镇,1911,1911,,,,hvd_151141,35.027546,104.65972
10305,CN621122,CN621122,乔家坪,甘肃陇西县乔家坪,村镇,1911,1911,,,,hvd_151140,34.96752,104.66393
10306,CN621122,CN621122,二十里铺,甘肃陇西县二十里铺,村镇,1911,1911,,,,hvd_151156,34.995117,104.52918
10307,CN621122,CN621122,二十里铺,甘肃陇西县渭河,村镇,1911,1911,,,,hvd_151160,35.042973,104.55948
10308,CN621122,CN621122,二十里铺,甘肃陇西县二十里铺,村镇,1911,1911,,,,hvd_151143,35.074463,104.70267
10309,CN621122,CN621122,八十里铺,甘肃陇西县马河附近,村镇,1911,1911,,,,hvd_151147,35.366043,104.60831
10310,CN621122,CN621122,十里铺,甘肃陇西县十里铺,村镇,1911,1911,,,,hvd_151157,35.00616,104.57382
10311,CN621122,CN621122,四十里铺,甘肃陇西县四十里铺,村镇,1911,1911,,,,hvd_151136,34.886024,104.71118
10312,CN621122,CN621122,四店儿,甘肃陇西县四店儿,村镇,1911,1911,,,,hvd_151152,34.938545,104.40371
10313,CN621122,CN621122,安家门,甘肃陇西县安家门,村镇,1911,1911,,,,hvd_151138,34.934406,104.71109
10314,CN621122,CN621122,彭家崖湾,甘肃陇西县昌谷,村镇,1911,1911,,,,hvd_151154,34.97787,104.57887
10315,CN621122,CN621122,牛家川,甘肃陇西县牛家川,村镇,1911,1911,,,,hvd_150904,35.249416,104.43339
10316,CN621122,CN621122,白杨林,甘肃陇西县白杨林,村镇,1911,1911,,,,hvd_151155,34.94958,104.5435
10317,CN621122,CN621122,穆家河,甘肃陇西县牟河,村镇,1911,1911,,,,hvd_151159,34.98615,104.425606
10318,CN621122,CN621122,董家岘,甘肃陇西县董家岔,村镇,1911,1911,,,,hvd_151148,35.35251,104.81636
10319,CN621122,CN621122,贾家洼,甘肃陇西县贾家岔,村镇,1911,1911,,,,hvd_151146,35.273857,104.79783
10320,CN621122,CN621122,赵家庙儿,甘肃陇西县赵家庙,村镇,1911,1911,,,,hvd_151158,34.943375,104.37844
10321,CN621122,CN621122,通安驿,甘肃陇西县通安,村镇,1911,1911,,,,hvd_151150,35.300167,104.677536
10322,CN621122,CN621122,郭家铺,甘肃陇西县郭家铺,村镇,1911,1911,,,,hvd_151153,34.900597,104.518234
10323,CN621122,CN621122,金家门,甘肃陇西县小金家门,村镇,1911,1911,,,,hvd_151142,34.98822,104.70183
10324,CN621122,CN621122,陇西县,甘肃陇西县县巩昌镇,县,1911,1911,,,,hvd_122254,35.007137,104.635605
10325,CN621122,CN621122,陈家川,甘肃陇西县陈家川,村镇,1911,1911,,,,hvd_151144,35.079292,104.78857
10326,CN621122,CN621122,首阳镇,,村镇,1911,1911,,,,hvd_151162,35.078693,104.43689
10327,CN621122,CN621122,马家河,甘肃陇西县上马河,村镇,1911,1911,,,,hvd_151164,35.36976,104.58224
10328,CN621122,CN621122,鹿獐岘,甘肃陇西县鹿獐里,村镇,1911,1911,,,,hvd_151163,35.22487,104.55445
10329,CN621221,CN621221,武都郡,甘肃省陇南市成县,郡,-111,8,,,,hvd_112799,33.78718,105.78284
10330,CN621221,CN621221,乐平郡,甘肃省陇南市成县,郡,9,23,,,,hvd_112800,33.78718,105.78284
10331,CN621221,CN621221,武都郡,甘肃省陇南市成县,郡,24,139,,,,hvd_112801,33.78718,105.78284
10332,CN621221,CN621221,仇池县,甘肃省陇南市成县,县,553,597,,,,hvd_71125,33.78718,105.78284
10333,CN621221,CN621221,灵道县,甘肃省陇南市成县,县,598,605,,,,hvd_71126,33.78718,105.78284
10334,CN621221,CN621221,同庆府,甘肃省陇南市成县,府,1127,1279,,,,,33.756752,105.748695
10335,CN621221,CN621221,小川驿,甘肃成县西南小川,村镇,1820,1820,,,,hvd_16807,33.680492,105.556786
10336,CN621221,CN621221,成县,甘肃成县,县,1820,1820,,,,hvd_263,33.743565,105.730316
10337,CN621221,CN621221,黄渚关,,村镇,1820,1820,,,,hvd_16806,33.965157,105.67268
10338,CN621221,CN621221,下店子,甘肃成县下店子,村镇,1911,1911,,,,hvd_151828,33.753883,105.84694
10339,CN621221,CN621221,两河口,甘肃成县两河,村镇,1911,1911,,,,hvd_151831,33.600433,105.6368
10340,CN621221,CN621221,关子沟门下,甘肃成县关子沟,村镇,1911,1911,,,,hvd_151849,33.89538,105.69114
10341,CN621221,CN621221,刘家沟,甘肃成县刘家沟,村镇,1911,1911,,,,hvd_151793,33.609413,105.56061
10342,CN621221,CN621221,剪子牙,甘肃徽县剪子垭,村镇,1911,1911,,,,hvd_151661,33.823334,105.877464
10343,CN621221,CN621221,唐家山,甘肃成县唐家山,村镇,1911,1911,,,,hvd_151796,33.617836,105.53029
10344,CN621221,CN621221,土蒿坪,甘肃成县土蒿坪,村镇,1911,1911,,,,hvd_151833,33.567554,105.7122
10345,CN621221,CN621221,大地坝,甘肃徽县大地坝,村镇,1911,1911,,,,hvd_151628,33.657547,105.97179
10346,CN621221,CN621221,姬家垭,甘肃成县姬家垭,村镇,1911,1911,,,,hvd_151826,33.68874,105.76778
10347,CN621221,CN621221,寺儿沟,甘肃成县寺儿沟,村镇,1911,1911,,,,hvd_151839,33.937443,105.54584
10348,CN621221,CN621221,店子上,甘肃成县店子上,村镇,1911,1911,,,,hvd_151840,33.827435,105.6204
10349,CN621221,CN621221,成县,甘肃成县,县,1911,1911,,,,hvd_122224,33.743565,105.730316
10350,CN621221,CN621221,支旗寨,甘肃成县支旗,村镇,1911,1911,,,,hvd_151824,33.74688,105.75262
10351,CN621221,CN621221,潭家河,甘肃成县谭家河,村镇,1911,1911,,,,hvd_151843,33.808674,105.56466
10352,CN621221,CN621221,猫儿川,甘肃成县毛儿川,村镇,1911,1911,,,,hvd_151827,33.699947,105.82673
10353,CN621221,CN621221,王家磨,甘肃成县王家磨,村镇,1911,1911,,,,hvd_151846,33.854584,105.67523
10354,CN621221,CN621221,白家村,甘肃成县水泉,村镇,1911,1911,,,,hvd_151850,33.81167,105.733
10355,CN621221,CN621221,白马寺,甘肃成县白马寺,村镇,1911,1911,,,,hvd_151845,33.7826,105.67683
10356,CN621221,CN621221,赵家坝,甘肃成县赵家坝,村镇,1911,1911,,,,hvd_151841,33.732166,105.537025
10357,CN621221,CN621221,赵家河坝,甘肃成县赵家河坝,村镇,1911,1911,,,,hvd_151848,33.980137,105.673454
10358,CN621221,CN621221,镡家坝,甘肃成县镡坝,村镇,1911,1911,,,,hvd_151829,33.586933,105.76743
10359,CN621221,CN621221,香潭儿,甘肃成县晌潭下,村镇,1911,1911,,,,hvd_151844,33.89398,105.52355
10360,CN621221,CN621221,黄渚关,,村镇,1911,1911,,,,hvd_151838,33.965157,105.67268
10361,CN621221,CN621221,黄羊坡,甘肃成县黄羊坡,村镇,1911,1911,,,,hvd_151842,33.765793,105.526924
10362,CN621221,CN621221,齐家坝,甘肃成县祁家坝,村镇,1911,1911,,,,hvd_151847,33.87086,105.617874
10363,CN621225,CN621225,武都郡,甘肃省陇南市西和县,郡,140,219,,,,hvd_112802,33.95291,105.21498
10364,CN621225,CN621225,益州,甘肃省陇南市西和县,州,319,329,,,,hvd_112953,33.95291,105.21498
10365,CN621225,CN621225,南秦州,甘肃省陇南市西和县,州,372,383,,,,hvd_113372,33.95291,105.21498
10366,CN621225,CN621225,水南县,甘肃省陇南市西和县,县,441,556,,,,hvd_70058,33.95292,105.21497
10367,CN621225,CN621225,梁州,甘肃省陇南市西和县,州,484,503,,,,hvd_113322,33.95291,105.21498
10368,CN621225,CN621225,南秦州,甘肃省陇南市西和县,州,504,553,,,,hvd_113323,33.95291,105.21498
10369,CN621225,CN621225,汉阳县,甘肃省陇南市西和县,县,552,597,,,,hvd_70056,34.0642,105.26213
10370,CN621225,CN621225,成州,甘肃省陇南市西和县,州,554,606,,,,hvd_113324,33.95291,105.21498
10371,CN621225,CN621225,长道县,甘肃省陇南市西和县,县,598,755,,,,hvd_70055,34.0642,105.26213
10372,CN621225,CN621225,汉源县,甘肃省陇南市西和县,县,756,761,,,,hvd_70054,34.05649,105.28448
10373,CN621225,CN621225,长道县,甘肃省陇南市西和县,县,872,1269,,,,hvd_70052,34.02036,105.28257
10374,CN621225,CN621225,大潭县,甘肃省陇南市西和县,县,962,1234,,,,hvd_70070,33.70993,105.09776
10375,CN621225,CN621225,西和州,甘肃省陇南市西和县,州,1142,1376,,,,hvd_70053,34.02036,105.28257
10376,CN621225,CN621225,西和县,甘肃西和县,县,1377,1911,,,,hvd_70051,34.01193,105.29073
10377,CN621225,CN621225,西和县,甘肃西和县,县,1820,1820,,,,hvd_260,34.01193,105.290726
10378,CN621225,CN621225,三渡水,甘肃成县三渡水,村镇,1911,1911,,,,hvd_151652,34.004868,105.647415
10379,CN621225,CN621225,下寨子,甘肃西和县下寨,村镇,1911,1911,,,,hvd_151462,34.06891,105.31112
10380,CN621225,CN621225,十里铺,甘肃西和县十里铺,村镇,1911,1911,,,,hvd_151463,33.97816,105.28081
10381,CN621225,CN621225,大寨,甘肃西和县大寨子,村镇,1911,1911,,,,hvd_151458,34.16909,105.396965
10382,CN621225,CN621225,大庄,甘肃西和县大庄里,村镇,1911,1911,,,,hvd_151460,33.990726,105.489655
10383,CN621225,CN621225,张家坪,甘肃西和县张家坪,村镇,1911,1911,,,,hvd_152606,33.741856,105.26071
10384,CN621225,CN621225,曹家庄,甘肃西和县曹庄,村镇,1911,1911,,,,hvd_151465,33.888805,105.237854
10385,CN621225,CN621225,朱家河,甘肃西和县朱家河,村镇,1911,1911,,,,hvd_151468,33.701717,105.413025
10386,CN621225,CN621225,杨家湾,甘肃西和县杨家湾,村镇,1911,1911,,,,hvd_151467,33.778503,105.44418
10387,CN621225,CN621225,炮家河,甘肃西和县鲍家河,村镇,1911,1911,,,,hvd_151459,34.072647,105.46539
10388,CN621225,CN621225,瓦窑坪,甘肃西和县瓦窑村,村镇,1911,1911,,,,hvd_151466,33.757565,105.33554
10389,CN621225,CN621225,蒋家川,甘肃西和县姜川,村镇,1911,1911,,,,hvd_151469,34.001198,105.22943
10390,CN621225,CN621225,西和县,甘肃西和县,县,1911,1911,,,,hvd_122223,34.01193,105.290726
10391,CN621225,CN621225,郭家山,甘肃西和县郭家山,村镇,1911,1911,,,,hvd_151461,34.067513,105.3347
10392,CN621225,CN621225,页水河,甘肃西和县页水河,村镇,1911,1911,,,,hvd_151450,33.856895,105.35515
10393,CN621225,CN621225,马家寨,甘肃西和县马家寨,村镇,1911,1911,,,,hvd_151464,33.94605,105.226906
10394,CN621225,CN621225,马家河,甘肃礼县马家河,村镇,1911,1911,,,,hvd_151703,34.113064,105.42102
10395,CN621226,CN621226,长道郡,甘肃省陇南市礼县,郡,552,582,,,,hvd_115088,34.26407,105.4626
10396,CN621226,CN621226,汉阳郡,甘肃省陇南市礼县,郡,607,617,,,,hvd_110179,34.19136,105.17829
10397,CN621226,CN621226,成州,甘肃省陇南市礼县,州,618,741,,,,hvd_110897,34.19136,105.17829
10398,CN621226,CN621226,同谷郡,甘肃省陇南市礼县,郡,742,757,,,,hvd_111272,34.19136,105.17829
10399,CN621226,CN621226,成州,甘肃省陇南市礼县,州,758,848,,,,hvd_111575,34.19136,105.17829
10400,CN621226,CN621226,大木树关,甘肃礼县西北大树关,村镇,1820,1820,,,,hvd_16772,34.44603,105.073364
10401,CN621226,CN621226,永平镇,甘肃礼县东北永坪镇,村镇,1820,1820,,,,hvd_16765,34.293854,105.272606
10402,CN621226,CN621226,漩水镇,甘肃礼县西南漩水,村镇,1820,1820,,,,hvd_16792,33.82601,104.8017
10403,CN621226,CN621226,盐关,礼县东北盐官,村镇,1820,1820,,,,hvd_16779,34.264072,105.4626
10404,CN621226,CN621226,礼县,甘肃礼县,县,1820,1820,,,,hvd_268,34.191364,105.17829
10405,CN621226,CN621226,祁山堡,,村镇,1820,1820,,,,hvd_16776,34.23525,105.39158
10406,CN621226,CN621226,高楼庄,礼县东北高楼子,村镇,1820,1820,,,,hvd_16768,34.25577,105.52912
10407,CN621226,CN621226,下草坝,甘肃礼县下草坝,村镇,1911,1911,,,,hvd_151702,34.17786,104.78014
10408,CN621226,CN621226,东庄子,甘肃礼县东庄,村镇,1911,1911,,,,hvd_151455,34.26158,105.503975
10409,CN621226,CN621226,了家寺,甘肃礼县廖家寺,村镇,1911,1911,,,,hvd_151454,34.135925,105.519135
10410,CN621226,CN621226,大安坝,甘肃礼县安家坝,村镇,1911,1911,,,,hvd_151708,33.805805,105.1288
10411,CN621226,CN621226,张天坝,甘肃礼县张铁坝,村镇,1911,1911,,,,hvd_151710,33.72568,104.80541
10412,CN621226,CN621226,张家寺,甘肃礼县张家寺,村镇,1911,1911,,,,hvd_151456,34.206432,105.46102
10413,CN621226,CN621226,木树关,甘肃礼县木树关,村镇,1911,1911,,,,hvd_151700,34.434956,105.09258
10414,CN621226,CN621226,朱家磨,甘肃礼县朱磨庄,村镇,1911,1911,,,,hvd_151694,34.41266,105.24417
10415,CN621226,CN621226,杜家川,甘肃礼县独家川,村镇,1911,1911,,,,hvd_151457,34.23436,105.413864
10416,CN621226,CN621226,杨家坝,甘肃礼县杨家坝,村镇,1911,1911,,,,hvd_151711,33.755642,104.77593
10417,CN621226,CN621226,杨家沟,甘肃礼县杨家沟,村镇,1911,1911,,,,hvd_151709,33.760517,104.98395
10418,CN621226,CN621226,格子沟,甘肃礼县格子沟,村镇,1911,1911,,,,hvd_151706,34.031075,104.92672
10419,CN621226,CN621226,桃林寺,甘肃礼县桃林寺,村镇,1911,1911,,,,hvd_152605,33.809555,105.14079
10420,CN621226,CN621226,梁家坪,甘肃礼县梁坪庄,村镇,1911,1911,,,,hvd_151699,34.284462,105.1229
10421,CN621226,CN621226,洮平镇,甘肃礼县洮平镇,村镇,1911,1911,,,,hvd_151698,34.16718,104.95517
10422,CN621226,CN621226,牛毛关,甘肃礼县下牛尾关,村镇,1911,1911,,,,hvd_151712,33.949333,104.82225
10423,CN621226,CN621226,王家庄,甘肃礼县王家庄,村镇,1911,1911,,,,hvd_151453,34.220394,105.51661
10424,CN621226,CN621226,盐关镇,甘肃礼县盐关县,村镇,1911,1911,,,,hvd_151447,34.264072,105.4626
10425,CN621226,CN621226,礼县,甘肃礼县,县,1911,1911,,,,hvd_122222,34.191364,105.17829
10426,CN621226,CN621226,祁山堡,,村镇,1911,1911,,,,hvd_151691,34.23525,105.39158
10427,CN621226,CN621226,远门庄,甘肃礼县远门,村镇,1911,1911,,,,hvd_151695,34.359013,105.26017
10428,CN621226,CN621226,青水沟,甘肃礼县清水,村镇,1911,1911,,,,hvd_151707,34.101917,105.12795
10429,CN621226,CN621226,高家湾,甘肃礼县高家湾,村镇,1911,1911,,,,hvd_151713,33.893593,104.86352
10430,CN623021,CN623021,洮州,甘肃省甘南藏族自治州临潭县后术段,州,557,741,,,,hvd_115867,34.68872,103.35958
10431,CN623021,CN623021,洮州防,甘肃省甘南藏族自治州临潭县,州,557,560,,,,hvd_70087,34.66898,103.5472
10432,CN623021,CN623021,岷州洪和郡,甘肃省甘南藏族自治州临潭县,郡,559,683,,,,hvd_115612,34.66898,103.5472
10433,CN623021,CN623021,美相县,甘肃省甘南藏族自治州临潭县,县,561,630,,,,hvd_70086,34.66898,103.5472
10434,CN623021,CN623021,临洮郡,甘肃省甘南藏族自治州临潭县后术段,郡,607,618,,,,hvd_110271,34.68872,103.35958
10435,CN623021,CN623021,洮州,甘肃省甘南藏族自治州临潭县后术段,州,619,716,,,,hvd_110794,34.68872,103.35958
10436,CN623021,CN623021,临潭县,甘肃省甘南藏族自治州临潭县,县,631,763,,,,hvd_70084,34.67124,103.55643
10437,CN623021,CN623021,美相县,甘肃省甘南藏族自治州临潭县,县,634,748,,,,hvd_70085,34.66898,103.5472
10438,CN623021,CN623021,洮州,甘肃省甘南藏族自治州临潭县,州,1108,1370,,,,hvd_70083,34.66898,103.5472
10439,CN623021,CN623021,洮州千户所,甘肃省甘南藏族自治州临潭县,千户,1371,1378,,,,hvd_70082,34.66898,103.5472
10440,CN623021,CN623021,洮州卫,甘肃省甘南藏族自治州临潭县,卫,1379,1747,,,,hvd_70081,34.66898,103.5472
10441,CN623021,CN623021,洮州厅,甘肃省甘南藏族自治州临潭县,厅,1748,1911,,,,hvd_70080,34.66898,103.5472
10442,CN623021,CN623021,旧洮州堡,临潭县,村镇,1820,1820,,,,hvd_16752,34.688717,103.35958
10443,CN623021,CN623021,洮州厅,甘肃临潭县东新城,厅,1820,1820,,,,hvd_254,34.676853,103.669266
10444,CN623021,CN623021,羊撒寨,临潭县东北羊沙,村镇,1820,1820,,,,hvd_16753,34.837074,103.66616
10445,CN623021,CN623021,冷地口,甘肃岷县冷地口,村镇,1911,1911,,,,hvd_151276,34.50984,103.792725
10446,CN623021,CN623021,卓洛,甘肃临潭县卓洛,村镇,1911,1911,,,,hvd_151243,34.738358,103.33544
10447,CN623021,CN623021,古占川,甘肃临潭县古战,村镇,1911,1911,,,,hvd_151244,34.696983,103.283615
10448,CN623021,CN623021,太平寨,甘肃临潭县太平寨,村镇,1911,1911,,,,hvd_151241,34.703735,103.439026
10449,CN623021,CN623021,新堡,甘肃临潭县新堡,村镇,1911,1911,,,,hvd_151236,34.581013,103.622055
10450,CN623021,CN623021,高楼子,甘肃临潭县高楼子,村镇,1911,1911,,,,hvd_151277,34.548023,103.7902
10451,CN630202,CN630202,破羌县,青海省海东市乐都区,县,-60,240,,,,hvd_70618,36.48724,102.39441
10452,CN630202,CN630202,乐都郡,青海省海东市乐都区,郡,392,386,,,,hvd_115524,36.46431,102.40215
10453,CN630202,CN630202,乐都,青海海东市乐都区,县,399,525,,,,,36.50789,102.429726
10454,CN630202,CN630202,凉州,青海省海东市乐都区,州,414,417,,,,hvd_113357,36.48724,102.39441
10455,CN630202,CN630202,沙州,青海省海东市乐都区,州,418,426,,,,hvd_113365,36.48724,102.39441
10456,CN630202,CN630202,西都县,青海省海东市乐都区,县,526,598,,,,hvd_70571,36.48724,102.39441
10457,CN630202,CN630202,西都县,青海海东市乐都区,县,526,597,,,,,36.50789,102.429726
10458,CN630202,CN630202,鄯州,青海省海东市乐都区,州,526,606,,,,hvd_113080,36.46208,102.39564
10459,CN630202,CN630202,鄯州,青海海东市乐都区,州,526,606,,,,,36.50789,102.429726
10460,CN630202,CN630202,湟水县,青海省海东市乐都区,县,598,761,,,,hvd_70572,36.48724,102.39441
10461,CN630202,CN630202,湟水县,青海海东市乐都区,县,598,760,,,,,36.50789,102.429726
10462,CN630202,CN630202,西平郡,青海省海东市乐都区,郡,607,618,,,,hvd_110282,36.48724,102.39441
10463,CN630202,CN630202,西平郡,青海海东市乐都区,郡,607,617,,,,,36.50789,102.429726
10464,CN630202,CN630202,鄯州,青海海东市乐都区,州,618,741,,,,,36.50789,102.429726
10465,CN630202,CN630202,鄯州,青海省海东市乐都区,州,619,716,,,,hvd_110803,36.48724,102.39441
10466,CN630202,CN630202,鄯州下都督府,青海省海东市乐都区,州,638,741,,,,hvd_115776,36.48724,102.39441
10467,CN630202,CN630202,陇右节度使,青海省海东市乐都区,防镇,717,761,,,,hvd_111405,36.48724,102.39441
10468,CN630202,CN630202,西平郡,青海海东市乐都区,郡,742,756,,,,,36.50789,102.429726
10469,CN630202,CN630202,鄯州,青海海东市乐都区,州,757,1103,,,,,36.50789,102.429726
10470,CN630202,CN630202,鄯州,青海省海东市乐都区,州,758,761,,,,hvd_115775,36.48724,102.39441
10471,CN630202,CN630202,乐县,青海省海东市乐都区,县,1104,1108,,,,hvd_70576,36.46208,102.39564
10472,CN630202,CN630202,乐州,青海省海东市乐都区,州,1104,1108,,,,hvd_115528,36.46208,102.39564
10473,CN630202,CN630202,庄浪分卫,青海省海东市乐都区,卫,1378,1378,,,,hvd_70577,36.48724,102.39441
10474,CN630202,CN630202,碾北卫,青海省海东市乐都区,卫,1378,1449,,,,hvd_70578,36.48724,102.39441
10475,CN630202,CN630202,西宁卫右千户所,青海省海东市乐都区,千户,1450,1476,,,,hvd_70579,36.48724,102.39441
10476,CN630202,CN630202,碾伯守御千户所,青海省海东市乐都区,千户,1476,1724,,,,hvd_70580,36.48724,102.39441
10477,CN632521,CN632521,西海郡,青海省海南藏族自治州共和县,郡,609,617,,,,hvd_110214,36.28009,100.61626
10478,CN632521,CN632521,和尔,,村镇,1820,1820,,,,hvd_23169,36.397053,100.96265
10479,CN632521,CN632521,察汉托洛亥,,村镇,1820,1820,,,,hvd_23166,36.544193,100.84515
10480,CN632521,CN632521,巴颜布拉克,,村镇,1820,1820,,,,hvd_23167,36.35535,100.68201
10481,CN632521,CN632521,恰卜恰,,村镇,1820,1820,,,,hvd_23165,36.28009,100.616264
10482,CN632521,CN632521,阿什汉,,村镇,1820,1820,,,,hvd_23170,36.44333,101.07886
10483,CN632521,CN632521,和硕特南右翼末旗,青海省海南藏族自治州共和县,旗,1911,1911,,,,hvd_123165,35.92521,100.62267
10484,CN632521,CN632521,和硕特南左翼后旗,青海省海南藏族自治州共和县,旗,1911,1911,,,,hvd_123153,36.9,99.6
10485,CN632521,CN632521,和硕特南左翼次旗,青海省海南藏族自治州共和县,旗,1911,1911,,,,hvd_123163,36.3,100.1
10486,CN632521,CN632521,和硕特西后旗,青海省海南藏族自治州共和县,旗,1911,1911,,,,hvd_123151,36.3,99.7
10487,CN632521,CN632521,喀尔喀南右旗,青海省海南藏族自治州共和县,旗,1911,1911,,,,hvd_123175,36.6,99.5
10488,CN632521,CN632521,绰罗斯南右翼头旗,青海省海南藏族自治州共和县,旗,1911,1911,,,,hvd_123168,36.5,100.7
10489,CN632523,CN632523,汝南郡,青海省海南藏族自治州贵德县,郡,607,620,,,,hvd_110339,36.05329,101.4482
10490,CN632523,CN632523,归德所,青海省海南藏族自治州贵德县,所,1375,1791,,,,hvd_70587,36.0533,101.4482
10491,CN632523,CN632523,亦杂石营,青海贵德县东北杂石,村镇,1820,1820,,,,hvd_16590,36.227894,101.47903
10492,CN632523,CN632523,千户庄堡,青海贵德县东北千户庄,村镇,1820,1820,,,,hvd_16592,36.30566,101.54077
10493,CN632523,CN632523,工巴寺,青海贵德县东南工巴,村镇,1820,1820,,,,hvd_16596,36.003803,101.50673
10494,CN632523,CN632523,贵德厅,,厅,1820,1820,,,,hvd_227,36.053295,101.448204
10495,CN632523,CN632523,千户城,青海贵德县千户,村镇,1911,1911,,,,hvd_152384,36.3038,101.52861
10496,CN632523,CN632523,坐拉,青海贵德县昨那,村镇,1911,1911,,,,hvd_152388,36.0805,101.22038
10497,CN632523,CN632523,瓦家堡,青海贵德县瓦家,村镇,1911,1911,,,,hvd_152474,35.90811,101.39061
10498,CN632523,CN632523,芦汗埫,青海贵德县罗汉堂,村镇,1911,1911,,,,hvd_152389,36.11547,101.202866
10499,CN632523,CN632523,贵德厅,,厅,1911,1911,,,,hvd_122215,36.053295,101.448204
10500,CN632523,CN632523,贺尔加,青海贵德县贺尔加,村镇,1911,1911,,,,hvd_152387,36.052166,101.39976
10501,CN632523,CN632523,辉特南旗,青海省海南藏族自治州贵德县,旗,1911,1911,,,,hvd_123174,36.11547,101.20287
10502,CN632523,CN632523,都雷仓,青海贵德县多勒仓,村镇,1911,1911,,,,hvd_152390,36.11963,101.39639
10503,CN632523,CN632523,阿什工,青海贵德县阿什贡,村镇,1911,1911,,,,hvd_152386,36.13533,101.57083
10504,CN6501,CN6501,迪化州,新疆乌鲁木齐市,州,1773,1885,,,,hvd_115156,43.79072,87.60407
10505,CN6501,CN6501,乌噜木齐,新疆乌鲁木齐市,府级,1820,1820,,,,hvd_9743,43.79072,87.604065
10506,CN6501,CN6501,迪化州,新疆乌鲁木齐市,直隶州,1820,1820,,,,hvd_9742,43.79072,87.604065
10507,CN6504,CN6504,吐鲁番,新疆吐鲁番市,府级,1820,1820,,,,hvd_9738,42.9403,89.181175
10508,CN650421,CN650421,镇西府,新疆维吾尔自治区吐鲁番市鄯善县,府,1773,1855,,,,hvd_116184,42.86079,90.21436
10509,CN650421,CN650421,辟展,新疆维吾尔自治区吐鲁番市鄯善县,县级,1820,1820,,,,hvd_1428,42.873196,90.26952
10510,CN650421,CN650421,鲁克察克,新疆维吾尔自治区吐鲁番市鄯善县,县级,1820,1820,,,,hvd_1427,42.742584,89.75939
10511,CN650421,CN650421,鄯善县,新疆维吾尔自治区吐鲁番市鄯善县,县,1911,1911,,,,hvd_123346,42.86079,90.21436
10512,CN652201,CN652201,伊吾郡,新疆维吾尔自治区哈密市伊州区,郡,610,629,,,,hvd_110623,42.81906,93.51872
10513,CN652201,CN652201,西伊州,新疆维吾尔自治区哈密市伊州区,州,630,631,,,,hvd_110632,42.81906,93.51872
10514,CN652201,CN652201,伊州,新疆维吾尔自治区哈密市伊州区,州,632,709,,,,hvd_110774,42.81906,93.51872
10515,CN652201,CN652201,哈密卫,新疆维吾尔自治区哈密市伊州区,卫,1406,1477,,,,hvd_70465,42.81906,93.51872
10516,CN652201,CN652201,哈密,新疆哈密市,府级,1820,1820,,,,hvd_9740,42.81906,93.51872
10517,CN652201,CN652201,塔勒纳沁,新疆维吾尔自治区哈密市伊州区,县级,1820,1820,,,,hvd_1429,42.761993,94.56381
10518,CN652201,CN652201,哈密厅,新疆维吾尔自治区哈密市伊州区,直隶厅,1911,1911,,,,hvd_120503,42.81906,93.51872
10519,CN652325,CN652325,奇台厅,新疆维吾尔自治区昌吉回族自治州奇台县,厅,1772,1777,,,,hvd_70592,44.01913,89.58203
10520,CN652325,CN652325,奇台县,新疆维吾尔自治区昌吉回族自治州奇台县,县,1777,1911,,,,hvd_70593,43.812,89.90378
10521,CN652325,CN652325,古城,新疆奇台县,府级,1820,1820,,,,hvd_9741,44.021523,89.57947
10522,CN652325,CN652325,奇台,新疆维吾尔自治区昌吉回族自治州奇台县,县级,1820,1820,,,,hvd_1430,43.812,89.90378
10523,CN652325,CN652325,奇台县,新疆维吾尔自治区昌吉回族自治州奇台县,县,1855,1889,,,,hvd_70487,43.812,89.90378
10524,CN652325,CN652325,奇台县,新疆维吾尔自治区昌吉回族自治州奇台县,县,1889,1911,,,,hvd_70489,44.01913,89.58203
10525,CN652327,CN652327,庭州,新疆维吾尔自治区昌吉回族自治州吉木萨尔县,州,646,701,,,,hvd_110762,44.00093,89.18653
10526,CN652327,CN652327,北庭都护府,新疆维吾尔自治区昌吉回族自治州吉木萨尔县,都护府,702,726,,,,hvd_110853,44.00093,89.18653
10527,CN652327,CN652327,北庭节度使,新疆维吾尔自治区昌吉回族自治州吉木萨尔县,防镇,727,730,,,,hvd_110857,44.00093,89.18653
10528,CN652327,CN652327,安西四镇北庭经略节度使,新疆维吾尔自治区昌吉回族自治州吉木萨尔县,防镇,731,740,,,,hvd_110883,44.00093,89.18653
10529,CN652327,CN652327,北庭伊西节度使,新疆维吾尔自治区昌吉回族自治州吉木萨尔县,防镇,741,789,,,,hvd_111527,44.00093,89.18653
10530,CN652327,CN652327,济木萨,新疆维吾尔自治区昌吉回族自治州吉木萨尔县,县级,1820,1820,,,,hvd_1432,44.06355,89.21064
10531,CN652327,CN652327,孚远县,新疆维吾尔自治区昌吉回族自治州吉木萨尔县,县,1902,1911,,,,hvd_70488,44.00093,89.18653
10532,CN652327,CN652327,孚远县,新疆维吾尔自治区昌吉回族自治州吉木萨尔县,县,1911,1911,,,,hvd_123345,43.99619,89.17685
10533,CN652801,CN652801,库陇勒,新疆维吾尔自治区巴音郭楞蒙古自治州库尔勒市,县级,1820,1820,,,,hvd_1426,41.756794,86.13626
10534,CN652826,CN652826,喀喇沙尔,新疆焉耆回族自治县,府级,1820,1820,,,,hvd_9737,42.08126,86.615715
10535,CN652826,CN652826,焉耆府,新疆维吾尔自治区巴音郭楞蒙古自治州焉耆回族自治县,府,1911,1911,,,,hvd_120509,42.05857,86.56077
10536,CN652923,CN652923,安西都护府,新疆维吾尔自治区阿克苏地区库车市,都护府,648,656,,,,hvd_110708,41.71554,82.9649
10537,CN652923,CN652923,安西大都护府,新疆维吾尔自治区阿克苏地区库车市,都护府,658,709,,,,hvd_110775,41.71554,82.9649
10538,CN652923,CN652923,安西都护四镇经略大使,新疆维吾尔自治区阿克苏地区库车市,防镇,710,715,,,,hvd_110791,41.71554,82.9649
10539,CN652923,CN652923,四镇诸蕃落大使,新疆维吾尔自治区阿克苏地区库车市,防镇,716,717,,,,hvd_110804,41.71554,82.9649
10540,CN652923,CN652923,四镇节度支度经略使,新疆维吾尔自治区阿克苏地区库车市,防镇,718,726,,,,hvd_110854,41.71554,82.9649
10541,CN652923,CN652923,伊西节度使,新疆维吾尔自治区阿克苏地区库车市,防镇,727,730,,,,hvd_110858,41.71554,82.9649
10542,CN652923,CN652923,安西四镇节度使,新疆维吾尔自治区阿克苏地区库车市,防镇,741,756,,,,hvd_111261,41.71554,82.9649
10543,CN652923,CN652923,镇西四镇节度使,新疆维吾尔自治区阿克苏地区库车市,防镇,757,766,,,,hvd_111443,41.71554,82.9649
10544,CN652923,CN652923,安西四镇节度使,新疆维吾尔自治区阿克苏地区库车市,防镇,767,789,,,,hvd_111528,41.71554,82.9649
10545,CN652923,CN652923,库车,新疆库车县,府级,1820,1820,,,,hvd_9736,41.68918,82.95547
10546,CN652923,CN652923,库车州,新疆维吾尔自治区阿克苏地区库车市,直隶州,1911,1911,,,,hvd_120510,41.71554,82.9649
