id,writing_id,allusion_index,allusion_key,sentence_index
1,3426,,,1
2,3426,,,2
3,3426,,,3
4,3430,,,3
5,3437,,,3
6,3408,,,2
7,3408,,,0
8,3408,,,2
9,3442,,,3
10,3404,,,3
11,3477,,,9
12,3477,,,5
13,3477,,,1
14,3459,,,3
15,3459,,,3
16,3459,,,9
17,3459,,,9
18,3410,,,3
19,3410,,,6
20,3452,,,3
21,3456,,,3
22,3456,,,4
23,3456,,,3
24,3454,,,1
25,3454,,,4
26,3454,,,4
27,3448,,,3
28,3448,,,4
29,3448,,,4
30,3455,,,7
31,3455,,,8
32,3455,,,8
33,3447,,,7
34,3447,,,2
35,3460,,,5
36,3460,,,1
37,3472,,,16
38,3472,,,4
39,3472,,,4
40,3470,,,0
41,3478,,,6
42,3478,,,4
43,3466,,,4
44,3466,,,5
45,3466,,,5
46,3482,,,10
47,3487,,,3
48,3480,,,9
49,42083,,,2
50,42083,,,0
51,42114,,,3
52,42063,,,2
53,42063,,,2
54,42093,,,1
55,42093,,,1
56,42168,,,3
57,42116,,,1
58,42116,,,2
59,42118,,,3
60,42058,,,1
61,42121,,,1
62,42121,,,3
63,42074,,,0
64,42074,,,1
65,42074,,,3
66,42075,,,1
67,42077,,,1
68,42077,,,1
69,42094,,,0
70,42094,,,0
71,42094,,,3
72,42110,,,3
73,42110,,,0
74,42111,,,3
75,42097,,,0
76,42097,,,0
77,42095,,,0
78,42095,,,0
79,42098,,,2
80,42086,,,0
81,42086,,,3
82,42086,,,3
83,42085,,,3
84,42071,,,0
85,42071,,,1
86,42071,,,1
87,42090,,,3
88,42090,,,0
89,42092,,,1
90,42112,,,0
91,42070,,,3
92,42108,,,0
93,42079,,,0
94,42089,,,3
95,42073,,,3
96,42091,,,3
97,42088,,,1
98,42088,,,3
99,42088,,,2
100,42088,,,1
101,42081,,,1
102,42105,,,1
103,42106,,,3
104,42177,,,3
105,42100,,,2
106,42103,,,3
107,42103,,,3
108,42104,,,1
109,42065,,,3
110,42066,,,3
111,42068,,,1
112,42068,,,3
113,42069,,,3
114,42060,,,3
115,42060,,,3
116,42061,,,0
117,42061,,,1
118,42061,,,1
119,42062,,,1
120,42115,,,3
121,42117,,,3
122,42050,,,0
123,42056,,,1
124,42053,,,1
125,42051,,,1
126,42158,,,6
127,42161,,,5
128,42161,,,4
129,42161,,,4
130,42144,,,3
131,42144,,,1
132,42162,,,3
133,42162,,,3
134,42152,,,1
135,42152,,,3
136,42163,,,4
137,42141,,,4
138,42141,,,3
139,42141,,,0
140,42141,,,3
141,42141,,,4
142,42157,,,5
143,42156,,,4
144,42156,,,4
145,42125,,,4
146,42125,,,5
147,42138,,,1
148,42138,,,1
149,42132,,,4
150,42135,,,1
151,42135,,,3
152,42135,,,3
153,42139,,,5
154,42150,,,1
155,42160,,,2
156,42160,,,1
157,42160,,,2
158,42131,,,2
159,42131,,,0
160,42131,,,2
161,42148,,,7
162,42148,,,6
163,42148,,,5
164,42148,,,7
165,42154,,,4
166,42154,,,0
167,42154,,,6
168,42151,,,5
169,42151,,,3
170,42155,,,6
171,42133,,,6
172,42133,,,1
173,42129,,,6
174,42129,,,6
175,42129,,,2
176,42129,,,1
177,42153,,,6
178,42137,,,2
179,42137,,,3
180,42137,,,1
181,42137,,,1
182,42137,,,3
183,42128,,,5
184,42128,,,6
185,42128,,,6
186,42128,,,1
187,42130,,,3
188,42130,,,3
189,42140,,,8
190,42143,,,1
191,42143,,,5
192,42143,,,8
193,42143,,,9
194,42143,,,6
195,42143,,,4
196,42143,,,7
197,42143,,,5
198,42142,,,10
199,42142,,,2
200,42142,,,2
201,42146,,,9
202,42146,,,9
203,42146,,,4
204,42146,,,8
205,42146,,,7
206,42146,,,2
207,42165,,,7
208,42165,,,4
209,42165,,,2
210,42165,,,8
211,42165,,,10
212,42165,,,2
213,42165,,,10
214,42165,,,1
215,42165,,,7
216,42165,,,4
217,42134,,,11
218,42134,,,13
219,42134,,,13
220,42134,,,5
221,42134,,,8
222,42134,,,1
223,42134,,,8
224,42145,,,16
225,42145,,,14
226,42145,,,4
227,42145,,,5
228,42145,,,17
229,42145,,,13
230,42145,,,13
231,42145,,,4
232,42145,,,0
233,42145,,,9
234,42145,,,0
235,42145,,,15
236,42145,,,5
237,42145,,,14
238,42145,,,15
239,42145,,,6
240,42145,,,16
241,42164,,,10
242,42164,,,5
243,42164,,,8
244,42164,,,27
245,42164,,,6
246,42164,,,5
247,42164,,,31
248,42178,,,10
249,42178,,,43
250,42178,,,23
251,42178,,,23
252,42178,,,27
253,42178,,,13
254,42178,,,27
255,42178,,,7
256,42178,,,8
257,42178,,,3
258,42178,,,-1
259,42178,,,41
260,42178,,,10
261,42178,,,42
262,42178,,,45
263,42178,,,18
264,42178,,,8
265,42178,,,44
266,42178,,,-1
267,42178,,,25
268,42178,,,25
269,42178,,,13
270,42178,,,45
271,42178,,,41
272,42178,,,7
273,42178,,,14
274,42178,,,21
275,42178,,,22
276,42171,,,30
277,42171,,,-1
278,42171,,,10
279,42171,,,26
280,42171,,,34
281,42171,,,33
282,42171,,,26
283,42171,,,-1
284,42171,,,9
285,42171,,,34
286,42174,,,0
287,42174,,,7
288,42174,,,3
289,42174,,,7
290,42174,,,4
291,42174,,,12
292,42174,,,12
293,42174,,,1
294,42174,,,2
295,42176,,,32
296,42176,,,34
297,42176,,,36
298,42176,,,43
299,42176,,,43
300,42176,,,45
301,42176,,,36
302,42176,,,47
303,42176,,,21
304,42176,,,7
305,42176,,,39
306,42176,,,19
307,42176,,,29
308,42176,,,4
309,42176,,,47
310,42176,,,5
311,42176,,,39
312,42176,,,31
313,42176,,,20
314,42176,,,12
315,42176,,,24
316,42176,,,31
317,42176,,,30
318,42176,,,30
319,42176,,,19
320,42176,,,32
321,42176,,,20
322,42181,,,99
323,42181,,,70
324,42181,,,90
325,42181,,,71
326,42181,,,81
327,42181,,,79
328,42181,,,97
329,42181,,,19
330,42181,,,82
331,42181,,,39
332,42181,,,70
333,42181,,,86
334,42181,,,14
335,42181,,,14
336,42181,,,87
337,42181,,,39
338,42181,,,34
339,42181,,,51
340,42181,,,90
341,42181,,,19
342,42181,,,33
343,42181,,,33
344,42181,,,-1
345,42181,,,86
346,42181,,,97
347,42181,,,79
348,42181,,,65
349,42181,,,66
350,42181,,,66
351,42181,,,80
352,42181,,,82
353,42179,,,11
354,42179,,,30
355,42179,,,24
356,42179,,,9
357,42179,,,11
358,42179,,,30
359,42179,,,13
360,42179,,,14
361,42179,,,31
362,42179,,,3
363,42179,,,17
364,42179,,,31
365,42169,,,46
366,42169,,,23
367,42169,,,45
368,42169,,,1
369,42169,,,24
370,42169,,,3
371,42169,,,41
372,42169,,,25
373,42169,,,45
374,42169,,,24
375,42169,,,41
376,42180,,,1
377,42172,,,15
378,42173,,,8
379,42173,,,1
380,27423,,,3
381,27365,,,3
382,27434,,,2
383,27372,,,3
384,27445,,,3
385,27445,,,3
386,27348,,,2
387,27348,,,3
388,27348,,,2
389,27362,,,3
390,27362,,,1
391,27384,,,1
392,27387,,,0
393,27387,,,0
394,27387,,,2
395,27387,,,2
396,27387,,,3
397,27333,,,3
398,27333,,,0
399,27321,,,3
400,27449,,,3
401,27449,,,0
402,27382,,,1
403,27343,,,0
404,27397,,,3
405,27397,,,0
406,27397,,,0
407,27429,,,3
408,27342,,,3
409,27342,,,0
410,27342,,,0
411,27404,,,1
412,27391,,,2
413,27391,,,2
414,27385,,,2
415,27314,,,3
416,27314,,,3
417,27337,,,1
418,27337,,,3
419,27337,,,1
420,27323,,,3
421,27349,,,3
422,27349,,,2
423,27349,,,2
424,27349,,,1
425,27349,,,0
426,27351,,,0
427,27442,,,2
428,27442,,,3
429,27403,,,0
430,27403,,,0
431,27403,,,3
432,27335,,,2
433,27380,,,1
434,27380,,,2
435,27380,,,0
436,27320,,,0
437,27462,,,2
438,27462,,,3
439,27357,,,0
440,27357,,,3
441,27357,,,0
442,27408,,,2
443,27392,,,0
444,27392,,,3
445,27392,,,0
446,27457,,,3
447,27498,,,1
448,27373,,,3
449,27373,,,0
450,27328,,,2
451,27435,,,3
452,27435,,,-1
453,27444,,,0
454,27444,,,0
455,27455,,,0
456,27455,,,0
457,27453,,,1
458,27453,,,2
459,27453,,,1
460,27453,,,3
461,27456,,,0
462,27456,,,3
463,27407,,,1
464,27339,,,3
465,27339,,,0
466,27381,,,3
467,27415,,,2
468,27415,,,2
469,27447,,,2
470,27447,,,3
471,27338,,,2
472,27354,,,3
473,27332,,,2
474,27332,,,2
475,27416,,,0
476,27416,,,3
477,27416,,,0
478,27412,,,0
479,27412,,,2
480,27412,,,3
481,27412,,,2
482,27446,,,3
483,27405,,,3
484,27414,,,2
485,27414,,,3
486,27414,,,0
487,27334,,,0
488,27352,,,3
489,27463,,,1
490,27438,,,3
491,27438,,,3
492,27379,,,0
493,27379,,,2
494,27410,,,3
495,27340,,,0
496,27402,,,3
497,27401,,,0
498,27356,,,0
499,27356,,,0
500,27421,,,-1
501,27420,,,3
502,27460,,,1
503,27460,,,1
504,27325,,,2
505,27325,,,3
506,27325,,,-1
507,27450,,,2
508,27450,,,2
509,27450,,,0
510,27448,,,1
511,27448,,,1
512,27448,,,2
513,27448,,,2
514,27431,,,1
515,27465,,,0
516,27465,,,2
517,27428,,,2
518,27428,,,2
519,27315,,,0
520,27315,,,0
521,27331,,,0
522,27331,,,2
523,27331,,,3
524,27331,,,0
525,27331,,,1
526,27413,,,1
527,27454,,,1
528,27454,,,2
529,27353,,,1
530,27353,,,1
531,27305,,,0
532,27368,,,3
533,27327,,,2
534,27300,,,0
535,27474,,,5
536,27472,,,3
537,27470,,,5
538,27483,,,4
539,27483,,,4
540,27478,,,5
541,27482,,,5
542,27467,,,4
543,27467,,,7
544,27484,,,6
545,27484,,,6
546,27484,,,2
547,27488,,,3
548,27485,,,18
549,27485,,,4
550,27485,,,4
551,27494,,,4
552,27499,,,14
553,27499,,,7
554,27499,,,1
555,27499,,,12
556,27499,,,23
557,27499,,,14
558,27489,,,10
559,27489,,,3
560,27489,,,11
561,27487,,,3
562,27492,,,0
563,27492,,,0
564,27492,,,1
565,27493,,,3
566,27493,,,14
567,27295,,,1
568,27297,,,1
569,31889,,,3
570,31887,,,3
571,31877,,,3
572,31881,,,0
573,31879,,,1
574,31885,,,3
575,31875,,,1
576,31857,,,1
577,31894,,,5
578,31894,,,5
579,31890,,,1
580,31898,,,14
581,31898,,,9
582,31898,,,14
583,31898,,,9
584,31898,,,15
585,31898,,,3
586,31898,,,3
587,31891,,,22
588,31891,,,17
589,31891,,,17
590,31897,,,5
591,31888,,,3
592,31888,,,0
593,8835,,,1
594,8835,,,1
595,8835,,,3
596,8816,,,3
597,8827,,,3
598,8819,,,0
599,8817,,,3
600,8797,,,1
601,8807,,,0
602,8807,,,1
603,8807,,,1
604,8789,,,0
605,8799,,,1
606,8804,,,1
607,8842,,,4
608,8839,,,8
609,8839,,,8
610,8840,,,4
611,8840,,,0
612,8840,,,5
613,8840,,,1
614,8840,,,1
615,8853,,,12
616,8844,,,2
617,8828,,,0
618,8848,,,3
619,8848,,,0
620,8849,,,0
621,8849,,,1
622,22153,,,0
623,22130,,,1
624,22163,,,0
625,22105,,,3
626,22137,,,0
627,22142,,,3
628,22139,,,3
629,22139,,,2
630,22140,,,0
631,22140,,,3
632,22141,,,2
633,22141,,,2
634,22156,,,3
635,22156,,,0
636,22167,,,2
637,22167,,,2
638,22124,,,3
639,22125,,,2
640,22125,,,3
641,22128,,,0
642,22128,,,3
643,22129,,,2
644,22146,,,2
645,22146,,,1
646,22113,,,2
647,22091,,,0
648,22087,,,0
649,22178,,,4
650,22178,,,6
651,22178,,,4
652,22195,,,4
653,22195,,,2
654,22192,,,5
655,22192,,,0
656,22192,,,7
657,22192,,,1
658,22201,,,3
659,22201,,,3
660,22187,,,2
661,22182,,,5
662,22199,,,3
663,22200,,,1
664,22196,,,3
665,22210,,,4
666,22209,,,7
667,22208,,,5
668,22181,,,1
669,22181,,,4
670,22260,,,7
671,22216,,,2
672,22216,,,2
673,22244,,,1
674,22240,,,10
675,22240,,,0
676,22239,,,11
677,33423,,,3
678,33361,,,1
679,33417,,,1
680,33417,,,1
681,33405,,,3
682,33398,,,1
683,33398,,,1
684,33395,,,2
685,33395,,,3
686,33395,,,2
687,33396,,,2
688,33411,,,0
689,33407,,,1
690,33407,,,1
691,33364,,,1
692,33387,,,0
693,33409,,,2
694,33409,,,3
695,33378,,,2
696,33378,,,3
697,33378,,,0
698,33418,,,1
699,33471,,,1
700,33471,,,1
701,33399,,,3
702,33401,,,1
703,33376,,,3
704,33373,,,2
705,33373,,,0
706,33351,,,1
707,33354,,,0
708,33358,,,1
709,33458,,,1
710,33459,,,10
711,33442,,,2
712,33442,,,7
713,33449,,,4
714,33449,,,0
715,33448,,,4
716,33448,,,4
717,33439,,,7
718,33466,,,5
719,33445,,,3
720,33440,,,8
721,33440,,,3
722,33465,,,2
723,33465,,,0
724,33432,,,7
725,33464,,,7
726,33464,,,7
727,33464,,,4
728,33457,,,2
729,33457,,,0
730,33457,,,0
731,33457,,,2
732,33453,,,2
733,33453,,,5
734,33460,,,23
735,33460,,,4
736,33460,,,7
737,33460,,,7
738,33434,,,5
739,33434,,,8
740,33434,,,5
741,33435,,,13
742,33435,,,13
743,33461,,,17
744,33461,,,17
745,33461,,,22
746,33461,,,3
747,33461,,,7
748,33461,,,3
749,33463,,,17
750,33463,,,20
751,33463,,,41
752,33463,,,30
753,33450,,,2
754,33454,,,15
755,33454,,,15
756,33454,,,8
757,33454,,,4
758,33454,,,4
759,33455,,,2
760,33455,,,3
761,33455,,,2
762,33480,,,3
763,33475,,,14
764,33475,,,6
765,33475,,,4
766,33475,,,11
767,33475,,,11
768,33475,,,14
769,33441,,,0
770,33486,,,0
771,33487,,,-1
772,33474,,,14
773,33474,,,6
774,33474,,,6
775,33470,,,3
776,33470,,,3
777,33468,,,11
778,33469,,,4
779,33483,,,8
780,33483,,,2
781,33483,,,3
782,33495,,,3
783,33498,,,0
784,33467,,,4
785,33499,,,1
786,33491,,,-1
787,41547,,,4
788,41549,,,6
789,41551,,,8
790,41551,,,3
791,34665,,,2
792,34668,,,2
793,34668,,,2
794,34697,,,2
795,34697,,,2
796,34678,,,3
797,34678,,,0
798,34687,,,3
799,34687,,,0
800,34676,,,2
801,34676,,,3
802,34676,,,0
803,34679,,,3
804,34677,,,3
805,34677,,,3
806,34673,,,1
807,22884,,,1
808,22797,,,0
809,22752,,,3
810,22752,,,3
811,22747,,,2
812,22747,,,2
813,22809,,,2
814,22809,,,1
815,22808,,,3
816,22807,,,2
817,22807,,,0
818,22807,,,3
819,22807,,,0
820,22745,,,2
821,22792,,,0
822,22765,,,3
823,22765,,,1
824,22766,,,3
825,22788,,,0
826,22791,,,3
827,22794,,,2
828,22794,,,2
829,22738,,,3
830,22768,,,3
831,22768,,,1
832,22795,,,3
833,22770,,,0
834,22733,,,2
835,22742,,,3
836,22777,,,0
837,22778,,,0
838,22778,,,3
839,22778,,,0
840,22774,,,3
841,22776,,,3
842,22782,,,1
843,22782,,,1
844,22828,,,2
845,22830,,,7
846,22830,,,4
847,22826,,,5
848,22831,,,5
849,22831,,,7
850,22831,,,7
851,22827,,,1
852,22827,,,0
853,22827,,,7
854,22833,,,2
855,22833,,,2
856,22852,,,2
857,22893,,,2
858,22893,,,0
859,22893,,,2
860,22834,,,11
861,22834,,,8
862,22819,,,3
863,22865,,,3
864,22931,,,4
865,22729,,,1
866,22729,,,0
867,22729,,,0
868,22729,,,4
869,22867,,,5
870,22867,,,1
871,22867,,,0
872,22835,,,4
873,22835,,,4
874,22864,,,3
875,22864,,,8
876,22864,,,3
877,22864,,,7
878,22864,,,2
879,22864,,,12
880,22837,,,7
881,22837,,,4
882,22837,,,4
883,22837,,,0
884,22837,,,0
885,22837,,,9
886,22846,,,2
887,22846,,,5
888,22846,,,5
889,22824,,,0
890,22859,,,2
891,22843,,,1
892,22836,,,9
893,22836,,,5
894,22836,,,9
895,22862,,,2
896,22862,,,2
897,22861,,,10
898,22861,,,12
899,22861,,,12
900,22851,,,4
901,22851,,,4
902,22851,,,6
903,22853,,,5
904,22853,,,8
905,22853,,,9
906,22840,,,4
907,22840,,,4
908,22855,,,0
909,22855,,,6
910,22855,,,6
911,22855,,,2
912,22839,,,7
913,22839,,,7
914,22839,,,4
915,22839,,,7
916,22888,,,14
917,22888,,,4
918,22888,,,11
919,22814,,,6
920,22813,,,1
921,22847,,,5
922,22823,,,1
923,22821,,,2
924,22821,,,5
925,22821,,,2
926,22821,,,5
927,22821,,,3
928,22821,,,1
929,22894,,,3
930,22894,,,8
931,22894,,,9
932,22894,,,9
933,22898,,,1
934,22898,,,1
935,22895,,,2
936,22895,,,2
937,22895,,,3
938,22891,,,6
939,22891,,,3
940,22891,,,3
941,22930,,,5
942,22930,,,10
943,22918,,,7
944,22868,,,11
945,22868,,,12
946,22872,,,2
947,22872,,,2
948,22849,,,5
949,22849,,,5
950,22902,,,8
951,22900,,,6
952,22900,,,3
953,22892,,,2
954,22892,,,3
955,22913,,,6
956,22913,,,8
957,22913,,,6
958,22913,,,9
959,22882,,,3
960,22885,,,0
961,22885,,,1
962,22886,,,6
963,22886,,,1
964,22886,,,0
965,22886,,,0
966,22805,,,0
967,22923,,,4
968,22874,,,7
969,22910,,,8
970,22910,,,8
971,22910,,,6
972,22877,,,5
973,22878,,,6
974,22878,,,4
975,22878,,,4
976,22901,,,4
977,22901,,,0
978,22901,,,1
979,22901,,,1
980,22905,,,1
981,22906,,,2
982,22932,,,8
983,22932,,,8
984,22916,,,8
985,22916,,,8
986,9443,,,0
987,9443,,,9
988,9443,,,8
989,9440,,,14
990,9440,,,13
991,9441,,,2
992,9441,,,2
993,9441,,,5
994,36876,,,2
995,36876,,,2
996,36876,,,3
997,36883,,,2
998,36883,,,2
999,36880,,,0
1000,36875,,,1
1001,36912,,,6
1002,36912,,,2
1003,36897,,,5
1004,36897,,,5
1005,36910,,,1
1006,36910,,,0
1007,36409,,,-1
1008,36409,,,3
1009,36409,,,0
1010,36378,,,3
1011,36385,,,3
1012,36386,,,3
1013,36386,,,1
1014,36384,,,2
1015,36384,,,2
1016,36387,,,3
1017,36451,,,3
1018,36470,,,3
1019,36468,,,3
1020,36447,,,2
1021,36400,,,3
1022,36436,,,0
1023,36342,,,3
1024,36424,,,0
1025,36369,,,3
1026,36394,,,3
1027,36446,,,3
1028,36427,,,2
1029,36422,,,2
1030,36338,,,3
1031,36375,,,3
1032,36358,,,2
1033,36358,,,2
1034,36412,,,1
1035,36412,,,2
1036,36412,,,2
1037,36413,,,0
1038,36408,,,1
1039,36416,,,2
1040,36416,,,3
1041,36416,,,2
1042,36416,,,1
1043,36367,,,1
1044,36410,,,0
1045,36548,,,1
1046,36548,,,3
1047,36420,,,1
1048,36417,,,0
1049,36417,,,0
1050,36418,,,1
1051,36439,,,1
1052,36439,,,1
1053,36439,,,3
1054,36407,,,3
1055,36414,,,0
1056,36414,,,1
1057,36414,,,0
1058,36448,,,-1
1059,36357,,,2
1060,36357,,,0
1061,36357,,,0
1062,36432,,,1
1063,36432,,,3
1064,36432,,,0
1065,36432,,,1
1066,36428,,,2
1067,36453,,,1
1068,36347,,,3
1069,36346,,,2
1070,36359,,,0
1071,36359,,,2
1072,36449,,,2
1073,36395,,,3
1074,36395,,,3
1075,36344,,,2
1076,36402,,,3
1077,36402,,,2
1078,36442,,,3
1079,36403,,,2
1080,36452,,,0
1081,36440,,,0
1082,36460,,,3
1083,36345,,,0
1084,36345,,,0
1085,36443,,,0
1086,36443,,,3
1087,36363,,,0
1088,36363,,,3
1089,36364,,,0
1090,36364,,,2
1091,36450,,,2
1092,36450,,,0
1093,36571,,,3
1094,36362,,,1
1095,36362,,,2
1096,36381,,,3
1097,36381,,,2
1098,36381,,,2
1099,36379,,,0
1100,36393,,,3
1101,36393,,,3
1102,36349,,,3
1103,36433,,,3
1104,36438,,,2
1105,36464,,,3
1106,36404,,,0
1107,36404,,,2
1108,36462,,,1
1109,36334,,,0
1110,36335,,,1
1111,36333,,,1
1112,36323,,,0
1113,36319,,,1
1114,36329,,,1
1115,36328,,,1
1116,36553,,,3
1117,36472,,,3
1118,36472,,,1
1119,36472,,,6
1120,36472,,,5
1121,36493,,,3
1122,36493,,,1
1123,36493,,,3
1124,36493,,,7
1125,36501,,,2
1126,36499,,,6
1127,36499,,,5
1128,36499,,,4
1129,36478,,,1
1130,36478,,,2
1131,36478,,,5
1132,36473,,,0
1133,36473,,,4
1134,36496,,,2
1135,36496,,,1
1136,36495,,,4
1137,36494,,,1
1138,36494,,,1
1139,36490,,,3
1140,36497,,,1
1141,36497,,,0
1142,36498,,,5
1143,36476,,,5
1144,36476,,,4
1145,36476,,,8
1146,36476,,,9
1147,36476,,,8
1148,36489,,,4
1149,36489,,,4
1150,36477,,,0
1151,36477,,,0
1152,36475,,,5
1153,36509,,,5
1154,36509,,,0
1155,36509,,,0
1156,36509,,,3
1157,36509,,,3
1158,36471,,,1
1159,36481,,,5
1160,36510,,,0
1161,36510,,,1
1162,36510,,,1
1163,36517,,,3
1164,36566,,,2
1165,36563,,,8
1166,36563,,,8
1167,36512,,,3
1168,36565,,,2
1169,36570,,,8
1170,36474,,,7
1171,36474,,,3
1172,36474,,,6
1173,36534,,,9
1174,36534,,,2
1175,36541,,,0
1176,36545,,,1
1177,36545,,,1
1178,36552,,,2
1179,36552,,,2
1180,36343,,,1
1181,36574,,,6
1182,36574,,,6
1183,36559,,,1
1184,36572,,,7
1185,36504,,,5
1186,36556,,,6
1187,36542,,,1
1188,36542,,,2
1189,36515,,,2
1190,36515,,,9
1191,36555,,,3
1192,36522,,,5
1193,36522,,,5
1194,36520,,,1
1195,36520,,,8
1196,36520,,,6
1197,36532,,,3
1198,36532,,,3
1199,36532,,,4
1200,36532,,,4
1201,36537,,,2
1202,36537,,,2
1203,36528,,,3
1204,36540,,,5
1205,36376,,,0
1206,36535,,,1
1207,36558,,,7
1208,36558,,,7
1209,36558,,,0
1210,36523,,,1
1211,36523,,,3
1212,36514,,,1
1213,36514,,,1
1214,28446,,,3
1215,28431,,,3
1216,28444,,,3
1217,28444,,,1
1218,28445,,,2
1219,28451,,,0
1220,28451,,,3
1221,28425,,,1
1222,28473,,,0
1223,28474,,,3
1224,28474,,,2
1225,28474,,,3
1226,28474,,,0
1227,28454,,,5
1228,28467,,,9
1229,28467,,,9
1230,28460,,,5
1231,28460,,,1
1232,28505,,,5
1233,28505,,,9
1234,28505,,,3
1235,28505,,,3
1236,28472,,,4
1237,28525,,,7
1238,28480,,,0
1239,28480,,,4
1240,28480,,,0
1241,28480,,,7
1242,28541,,,11
1243,28541,,,6
1244,28542,,,2
1245,28542,,,9
1246,28526,,,13
1247,28526,,,3
1248,28526,,,4
1249,28526,,,-1
1250,28515,,,5
1251,28508,,,6
1252,28508,,,7
1253,28508,,,7
1254,28513,,,1
1255,28539,,,3
1256,28539,,,12
1257,28520,,,5
1258,28540,,,5
1259,28538,,,2
1260,28528,,,0
1261,28496,,,2
1262,28496,,,5
1263,28479,,,6
1264,28484,,,1
1265,28484,,,1
1266,28484,,,3
1267,28501,,,1
1268,28501,,,8
1269,28501,,,3
1270,28501,,,8
1271,28501,,,1
1272,28514,,,1
1273,28506,,,7
1274,28506,,,5
1275,28503,,,1
1276,28490,,,13
1277,28490,,,11
1278,28490,,,5
1279,28490,,,-1
1280,28490,,,13
1281,50596,,,3
1282,50595,,,1
1283,50591,,,3
1284,50593,,,3
1285,50589,,,2
1286,50600,,,2
1287,50600,,,3
1288,41268,,,3
1289,41260,,,3
1290,41267,,,3
1291,41267,,,0
1292,41263,,,3
1293,41263,,,3
1294,41272,,,5
1295,41274,,,1
1296,41274,,,1
1297,41275,,,1
1298,41275,,,3
1299,41275,,,3
1300,41275,,,1
1301,41277,,,0
1302,41278,,,3
1303,41280,,,0
1304,46486,,,0
1305,46484,,,2
1306,46483,,,3
1307,46476,,,1
1308,46473,,,1
1309,46477,,,0
1310,46514,,,3
1311,46514,,,3
1312,46514,,,2
1313,46522,,,1
1314,46517,,,5
1315,46510,,,2
1316,46524,,,6
1317,46498,,,1
1318,46519,,,1
1319,46508,,,10
1320,46490,,,10
1321,46500,,,2
1322,46492,,,1
1323,46523,,,3
1324,8645,,,0
1325,8636,,,0
1326,8627,,,3
1327,8621,,,1
1328,8622,,,1
1329,8562,,,1
1330,8555,,,1
1331,8571,,,1
1332,8594,,,0
1333,8615,,,1
1334,8599,,,1
1335,8687,,,8
1336,8688,,,14
1337,8727,,,5
1338,8658,,,-1
1339,8666,,,12
1340,8722,,,11
1341,8722,,,5
1342,8722,,,9
1343,8673,,,5
1344,8665,,,3
1345,8665,,,15
1346,8715,,,6
1347,8699,,,10
1348,8649,,,2
1349,8716,,,4
1350,8716,,,4
1351,8716,,,7
1352,8684,,,6
1353,8676,,,-1
1354,8676,,,1
1355,8674,,,6
1356,8696,,,4
1357,8696,,,4
1358,8696,,,1
1359,8737,,,0
1360,8685,,,3
1361,8708,,,7
1362,8581,,,1
1363,8659,,,5
1364,8659,,,5
1365,8630,,,3
1366,8730,,,-1
1367,46393,,,3
1368,46393,,,2
1369,46393,,,2
1370,46400,,,1
1371,46400,,,2
1372,46404,,,0
1373,45549,,,3
1374,45541,,,3
1375,45541,,,3
1376,45545,,,2
1377,45523,,,3
1378,45523,,,3
1379,45528,,,3
1380,45511,,,3
1381,45525,,,3
1382,45508,,,1
1383,45532,,,3
1384,45537,,,2
1385,45497,,,3
1386,45514,,,0
1387,45527,,,3
1388,45538,,,3
1389,45548,,,3
1390,45548,,,1
1391,45548,,,1
1392,45530,,,0
1393,45500,,,0
1394,45500,,,3
1395,45500,,,0
1396,45504,,,2
1397,45504,,,0
1398,45504,,,0
1399,45495,,,3
1400,45519,,,3
1401,45577,,,2
1402,45498,,,3
1403,45524,,,2
1404,45524,,,2
1405,45482,,,-1
1406,45476,,,1
1407,45483,,,1
1408,45474,,,1
1409,45475,,,1
1410,45551,,,2
1411,45551,,,4
1412,45551,,,5
1413,45551,,,2
1414,45551,,,9
1415,45558,,,17
1416,45558,,,17
1417,45567,,,8
1418,45567,,,7
1419,45567,,,10
1420,45567,,,15
1421,45567,,,4
1422,45561,,,11
1423,45561,,,27
1424,45561,,,27
1425,45561,,,5
1426,45561,,,11
1427,45561,,,5
1428,45561,,,28
1429,45561,,,28
1430,45550,,,10
1431,45550,,,5
1432,45550,,,17
1433,45550,,,5
1434,45550,,,15
1435,45550,,,17
1436,45550,,,6
1437,45550,,,10
1438,45568,,,1
1439,45568,,,26
1440,45568,,,6
1441,45568,,,23
1442,45568,,,7
1443,45568,,,27
1444,45568,,,3
1445,45568,,,6
1446,45568,,,3
1447,45568,,,23
1448,45576,,,8
1449,45576,,,7
1450,45576,,,7
1451,45576,,,6
1452,45559,,,7
1453,45559,,,5
1454,45559,,,5
1455,45658,,,7
1456,45658,,,5
1457,45658,,,29
1458,45658,,,25
1459,45658,,,16
1460,45658,,,9
1461,45658,,,16
1462,45658,,,29
1463,45658,,,9
1464,45569,,,6
1465,45569,,,7
1466,45560,,,8
1467,45560,,,12
1468,45570,,,4
1469,45570,,,4
1470,45557,,,5
1471,45554,,,3
1472,45554,,,5
1473,45554,,,2
1474,8729,,,8
1475,45704,,,7
1476,45703,,,-1
1477,45685,,,10
1478,45629,,,12
1479,45664,,,12
1480,45664,,,16
1481,45664,,,16
1482,45664,,,14
1483,45652,,,10
1484,45652,,,13
1485,45652,,,9
1486,45653,,,7
1487,45653,,,9
1488,45720,,,2
1489,45720,,,2
1490,45657,,,13
1491,45657,,,4
1492,45657,,,13
1493,45657,,,4
1494,45657,,,6
1495,45719,,,17
1496,45719,,,13
1497,45719,,,21
1498,45719,,,43
1499,45719,,,37
1500,45719,,,45
1501,45719,,,19
1502,45719,,,34
1503,45719,,,13
1504,45719,,,9
1505,45719,,,8
1506,45719,,,45
1507,45717,,,10
1508,45593,,,8
1509,45718,,,25
1510,45718,,,25
1511,45718,,,21
1512,45718,,,16
1513,45718,,,4
1514,45718,,,16
1515,8723,,,5
1516,8723,,,12
1517,8723,,,17
1518,8723,,,3
1519,45697,,,14
1520,45697,,,14
1521,45645,,,4
1522,45645,,,3
1523,45645,,,12
1524,45644,,,1
1525,45644,,,6
1526,45631,,,7
1527,45631,,,3
1528,45724,,,13
1529,45724,,,25
1530,45724,,,12
1531,45724,,,12
1532,45691,,,5
1533,45679,,,10
1534,45706,,,1
1535,45706,,,16
1536,45599,,,7
1537,45607,,,7
1538,45574,,,0
1539,45574,,,0
1540,45602,,,9
1541,45597,,,8
1542,45597,,,8
1543,45597,,,5
1544,45591,,,9
1545,45592,,,9
1546,45722,,,0
1547,45628,,,3
1548,45628,,,10
1549,45634,,,0
1550,45639,,,-1
1551,45640,,,0
1552,45642,,,-1
1553,45643,,,-1
1554,45711,,,4
1555,45622,,,5
1556,45623,,,4
1557,45625,,,8
1558,45648,,,0
1559,45702,,,1
1560,45699,,,9
1561,45701,,,1
1562,45701,,,1
1563,45584,,,6
1564,45666,,,0
1565,45666,,,0
1566,45668,,,2
1567,45682,,,9
1568,45682,,,1
1569,45588,,,7
1570,45588,,,1
1571,45589,,,3
1572,45589,,,2
1573,45578,,,4
1574,45578,,,5
1575,45688,,,8
1576,45675,,,4
1577,45675,,,11
1578,45675,,,4
1579,45675,,,11
1580,45680,,,4
1581,45680,,,4
1582,45670,,,7
1583,45721,,,1
1584,45721,,,1
1585,45632,,,4
1586,45672,,,4
1587,45606,,,6
1588,45606,,,-1
1589,45606,,,2
1590,45655,,,0
1591,45654,,,1
1592,45627,,,4
1593,45610,,,1
1594,45650,,,3
1595,45723,,,13
1596,45552,,,1
1597,45552,,,9
1598,45552,,,-1
1599,45552,,,5
1600,45552,,,9
1601,45552,,,11
1602,45552,,,5
1603,45708,,,2
1604,25812,,,2
1605,25820,,,2
1606,25788,,,1
1607,25684,,,-1
1608,25684,,,0
1609,25809,,,3
1610,25817,,,0
1611,25818,,,1
1612,25819,,,3
1613,25819,,,3
1614,25819,,,0
1615,25810,,,3
1616,25813,,,1
1617,25782,,,1
1618,25785,,,3
1619,25681,,,0
1620,25777,,,2
1621,25773,,,1
1622,25773,,,1
1623,25758,,,0
1624,25733,,,3
1625,25755,,,0
1626,25730,,,2
1627,25767,,,1
1628,25750,,,3
1629,25750,,,0
1630,25759,,,3
1631,25757,,,3
1632,25757,,,3
1633,25756,,,2
1634,25769,,,3
1635,25769,,,2
1636,25746,,,1
1637,25700,,,0
1638,25772,,,3
1639,25748,,,3
1640,26140,,,3
1641,25714,,,2
1642,25775,,,3
1643,25774,,,1
1644,25774,,,2
1645,25776,,,3
1646,25689,,,3
1647,25699,,,3
1648,25713,,,1
1649,25713,,,2
1650,25713,,,3
1651,25739,,,1
1652,25784,,,2
1653,25784,,,2
1654,25718,,,3
1655,25806,,,3
1656,25740,,,0
1657,25704,,,3
1658,25706,,,3
1659,25781,,,0
1660,25781,,,2
1661,25804,,,1
1662,25804,,,3
1663,25804,,,1
1664,25537,,,1
1665,25545,,,0
1666,25654,,,1
1667,25581,,,1
1668,25627,,,0
1669,25643,,,1
1670,25644,,,1
1671,25646,,,0
1672,25516,,,1
1673,25591,,,0
1674,25591,,,0
1675,25592,,,0
1676,25593,,,1
1677,25593,,,0
1678,25536,,,0
1679,25557,,,0
1680,25557,,,0
1681,25557,,,1
1682,25577,,,0
1683,25678,,,-1
1684,25547,,,1
1685,25547,,,0
1686,25549,,,0
1687,25553,,,1
1688,25554,,,0
1689,25554,,,0
1690,25521,,,0
1691,25534,,,-1
1692,25628,,,1
1693,25624,,,1
1694,25624,,,1
1695,25624,,,0
1696,25625,,,0
1697,25630,,,0
1698,25670,,,-1
1699,25539,,,1
1700,25649,,,1
1701,25651,,,0
1702,25529,,,1
1703,25609,,,1
1704,25609,,,0
1705,25584,,,0
1706,25640,,,0
1707,25596,,,0
1708,25531,,,1
1709,25578,,,1
1710,25579,,,1
1711,25858,,,8
1712,25858,,,1
1713,25823,,,5
1714,25823,,,1
1715,25823,,,5
1716,25823,,,0
1717,25823,,,1
1718,25823,,,7
1719,26524,,,4
1720,26524,,,6
1721,26524,,,-1
1722,25854,,,3
1723,25854,,,3
1724,25828,,,3
1725,25828,,,5
1726,25836,,,7
1727,25835,,,1
1728,25848,,,0
1729,25848,,,7
1730,25831,,,1
1731,25843,,,4
1732,25843,,,0
1733,25843,,,-1
1734,25847,,,4
1735,25847,,,4
1736,25845,,,5
1737,25833,,,5
1738,25833,,,5
1739,25833,,,0
1740,25844,,,2
1741,25842,,,0
1742,25842,,,1
1743,25842,,,4
1744,25846,,,5
1745,25846,,,-1
1746,25827,,,3
1747,25827,,,3
1748,25834,,,4
1749,25840,,,0
1750,25840,,,3
1751,25840,,,5
1752,25840,,,5
1753,25840,,,2
1754,25824,,,5
1755,25850,,,3
1756,25850,,,0
1757,25850,,,3
1758,25930,,,11
1759,25931,,,4
1760,25932,,,4
1761,25932,,,11
1762,25932,,,-1
1763,25932,,,10
1764,25933,,,10
1765,25935,,,6
1766,25936,,,1
1767,25937,,,4
1768,25937,,,1
1769,25937,,,6
1770,25938,,,-1
1771,25938,,,3
1772,25939,,,-1
1773,25940,,,1
1774,25942,,,-1
1775,25943,,,10
1776,25944,,,-1
1777,25945,,,-1
1778,25945,,,3
1779,25946,,,0
1780,25947,,,14
1781,25947,,,15
1782,25948,,,3
1783,25949,,,-1
1784,25950,,,2
1785,25952,,,4
1786,25952,,,3
1787,25953,,,4
1788,25953,,,4
1789,25954,,,4
1790,25957,,,4
1791,25957,,,5
1792,25958,,,3
1793,25959,,,2
1794,25963,,,0
1795,25964,,,0
1796,25964,,,1
1797,25964,,,3
1798,25965,,,-1
1799,25965,,,-1
1800,25965,,,5
1801,25966,,,0
1802,25966,,,1
1803,25969,,,4
1804,25971,,,-1
1805,25972,,,0
1806,25975,,,6
1807,25977,,,1
1808,25979,,,-1
1809,25979,,,-1
1810,25980,,,2
1811,25980,,,2
1812,25980,,,3
1813,25980,,,4
1814,25982,,,1
1815,25982,,,1
1816,25982,,,3
1817,25987,,,2
1818,25988,,,6
1819,25988,,,3
1820,25988,,,6
1821,26435,,,-1
1822,26435,,,4
1823,26360,,,19
1824,26360,,,-1
1825,26360,,,16
1826,26360,,,4
1827,26360,,,17
1828,25900,,,13
1829,25900,,,11
1830,25900,,,15
1831,25867,,,17
1832,25867,,,17
1833,25867,,,-1
1834,26399,,,7
1835,26399,,,4
1836,26002,,,0
1837,25920,,,3
1838,25920,,,0
1839,25920,,,13
1840,25920,,,15
1841,25920,,,12
1842,25920,,,-1
1843,26187,,,3
1844,26187,,,6
1845,26416,,,3
1846,25919,,,16
1847,25919,,,9
1848,25919,,,12
1849,26311,,,12
1850,25917,,,3
1851,26173,,,6
1852,26173,,,9
1853,26173,,,4
1854,26173,,,5
1855,26062,,,2
1856,26132,,,4
1857,25995,,,6
1858,25995,,,5
1859,25995,,,0
1860,25995,,,3
1861,25995,,,2
1862,26539,,,9
1863,26087,,,3
1864,26087,,,7
1865,26087,,,2
1866,26103,,,6
1867,26103,,,6
1868,26103,,,-1
1869,26011,,,0
1870,26004,,,7
1871,26004,,,0
1872,26359,,,8
1873,26359,,,-1
1874,26359,,,3
1875,26359,,,9
1876,26167,,,-1
1877,26167,,,20
1878,26167,,,22
1879,26167,,,21
1880,26167,,,10
1881,26167,,,20
1882,26166,,,2
1883,26097,,,3
1884,26097,,,2
1885,26160,,,3
1886,25918,,,0
1887,25918,,,2
1888,26455,,,0
1889,26163,,,3
1890,26163,,,7
1891,26163,,,7
1892,26328,,,9
1893,26328,,,3
1894,26328,,,5
1895,26328,,,9
1896,26328,,,3
1897,26328,,,15
1898,26328,,,15
1899,26328,,,1
1900,25613,,,1
1901,25613,,,0
1902,26024,,,14
1903,26124,,,1
1904,26102,,,2
1905,25998,,,3
1906,26443,,,12
1907,26443,,,12
1908,26443,,,-1
1909,26170,,,2
1910,26266,,,10
1911,26266,,,10
1912,26134,,,12
1913,26134,,,13
1914,26482,,,4
1915,26482,,,1
1916,26482,,,5
1917,26482,,,1
1918,26364,,,3
1919,26364,,,2
1920,26364,,,2
1921,26519,,,5
1922,26519,,,8
1923,26519,,,1
1924,26500,,,-1
1925,26030,,,3
1926,26030,,,6
1927,26513,,,8
1928,26513,,,7
1929,26513,,,9
1930,26513,,,2
1931,26513,,,7
1932,26513,,,8
1933,26513,,,5
1934,26514,,,0
1935,26529,,,2
1936,26529,,,1
1937,26481,,,6
1938,26481,,,6
1939,25996,,,6
1940,25996,,,0
1941,25997,,,13
1942,25997,,,6
1943,25997,,,12
1944,25997,,,10
1945,25997,,,11
1946,26496,,,0
1947,26496,,,5
1948,26496,,,5
1949,26496,,,5
1950,26497,,,2
1951,26497,,,4
1952,26497,,,2
1953,26495,,,0
1954,26503,,,7
1955,26503,,,3
1956,26503,,,6
1957,26329,,,-1
1958,26329,,,2
1959,26165,,,1
1960,26533,,,0
1961,26533,,,2
1962,26152,,,3
1963,26152,,,3
1964,26367,,,-1
1965,26367,,,14
1966,26367,,,24
1967,26367,,,-1
1968,26367,,,14
1969,26367,,,-1
1970,26511,,,7
1971,26511,,,5
1972,25857,,,1
1973,25857,,,3
1974,25857,,,6
1975,25857,,,2
1976,25857,,,8
1977,26525,,,15
1978,26525,,,13
1979,26525,,,4
1980,26515,,,1
1981,26515,,,0
1982,26130,,,9
1983,26502,,,1
1984,25853,,,3
1985,25853,,,2
1986,25853,,,2
1987,26527,,,-1
1988,26125,,,5
1989,26125,,,2
1990,26526,,,10
1991,26526,,,10
1992,26526,,,1
1993,25869,,,0
1994,25869,,,3
1995,26508,,,5
1996,26508,,,0
1997,26245,,,5
1998,25892,,,21
1999,25892,,,-1
2000,25892,,,15
2001,25892,,,21
2002,25892,,,12
2003,25892,,,17
2004,25892,,,6
2005,25892,,,12
2006,25907,,,7
2007,26522,,,8
2008,26522,,,7
2009,26504,,,2
2010,26176,,,-1
2011,26176,,,0
2012,26483,,,4
2013,26483,,,13
2014,26483,,,6
2015,26483,,,10
2016,26483,,,11
2017,26267,,,15
2018,26520,,,5
2019,26528,,,3
2020,26528,,,0
2021,26528,,,1
2022,26026,,,0
2023,26026,,,1
2024,26026,,,0
2025,26531,,,17
2026,26386,,,10
2027,26386,,,9
2028,26470,,,1
2029,26470,,,6
2030,26470,,,8
2031,26493,,,7
2032,26493,,,7
2033,26493,,,9
2034,26013,,,8
2035,26013,,,14
2036,26512,,,4
2037,26512,,,5
2038,26512,,,1
2039,26518,,,6
2040,26518,,,-1
2041,26518,,,6
2042,26318,,,2
2043,26318,,,6
2044,26318,,,0
2045,26318,,,0
2046,26501,,,0
2047,26150,,,25
2048,26150,,,-1
2049,26150,,,72
2050,26150,,,76
2051,26150,,,77
2052,26150,,,77
2053,26150,,,20
2054,26150,,,24
2055,26150,,,66
2056,26150,,,78
2057,26150,,,22
2058,26150,,,55
2059,26150,,,9
2060,26150,,,78
2061,26150,,,67
2062,26150,,,82
2063,26369,,,4
2064,26369,,,10
2065,26369,,,9
2066,26369,,,3
2067,26369,,,2
2068,26369,,,1
2069,26068,,,0
2070,26068,,,0
2071,26492,,,-1
2072,26492,,,2
2073,26492,,,-1
2074,26499,,,2
2075,26075,,,16
2076,26075,,,12
2077,26075,,,6
2078,26498,,,2
2079,26485,,,14
2080,26485,,,1
2081,26485,,,4
2082,26485,,,15
2083,26485,,,7
2084,26485,,,15
2085,26486,,,-1
2086,26486,,,1
2087,26535,,,3
2088,26535,,,0
2089,26535,,,2
2090,26535,,,0
2091,26535,,,0
2092,26535,,,0
2093,26315,,,3
2094,26315,,,7
2095,26315,,,-1
2096,26315,,,16
2097,26509,,,15
2098,26509,,,22
2099,26509,,,13
2100,26509,,,23
2101,26509,,,23
2102,26509,,,14
2103,26509,,,5
2104,26509,,,7
2105,26509,,,14
2106,26509,,,21
2107,26509,,,11
2108,26510,,,17
2109,26510,,,5
2110,26510,,,6
2111,26510,,,10
2112,25586,,,0
2113,26121,,,-1
2114,26121,,,0
2115,26122,,,-1
2116,26506,,,8
2117,26506,,,9
2118,26488,,,1
2119,25994,,,1
2120,25994,,,5
2121,25994,,,2
2122,26516,,,28
2123,26516,,,2
2124,26516,,,3
2125,26516,,,13
2126,26516,,,42
2127,26516,,,41
2128,26516,,,3
2129,26516,,,37
2130,26516,,,4
2131,26516,,,-1
2132,26516,,,-1
2133,26516,,,37
2134,26516,,,31
2135,26516,,,20
2136,26517,,,8
2137,26517,,,16
2138,26517,,,21
2139,26517,,,17
2140,26517,,,13
2141,26517,,,15
2142,26517,,,20
2143,26517,,,1
2144,26517,,,14
2145,26517,,,7
2146,25884,,,12
2147,25884,,,8
2148,26082,,,18
2149,26082,,,13
2150,26490,,,-1
2151,26491,,,5
2152,26491,,,10
2153,26491,,,8
2154,26491,,,8
2155,26491,,,3
2156,26491,,,5
2157,26131,,,21
2158,26131,,,4
2159,26484,,,-1
2160,26484,,,9
2161,26484,,,9
2162,25855,,,5
2163,26532,,,3
2164,26530,,,0
2165,26530,,,0
2166,26402,,,3
2167,26149,,,0
2168,26149,,,0
2169,26149,,,14
2170,26149,,,-1
2171,26434,,,7
2172,26434,,,7
2173,25890,,,-1
2174,25890,,,2
2175,25890,,,13
2176,25890,,,13
2177,25890,,,0
2178,25890,,,20
2179,26363,,,4
2180,26363,,,4
2181,26363,,,6
2182,26363,,,6
2183,26339,,,5
2184,26339,,,-1
2185,25745,,,2
2186,26246,,,6
2187,26307,,,4
2188,26307,,,18
2189,26307,,,18
2190,26307,,,9
2191,26362,,,-1
2192,26336,,,1
2193,25904,,,4
2194,26431,,,8
2195,26337,,,7
2196,26337,,,3
2197,26337,,,9
2198,25928,,,0
2199,26338,,,0
2200,26205,,,3
2201,26101,,,0
2202,25891,,,-1
2203,26080,,,-1
2204,26074,,,3
2205,26074,,,3
2206,26074,,,8
2207,26074,,,5
2208,26066,,,-1
2209,26065,,,8
2210,26177,,,3
2211,26335,,,1
2212,26335,,,3
2213,26096,,,1
2214,26096,,,-1
2215,26361,,,20
2216,26361,,,-1
2217,26325,,,11
2218,26325,,,21
2219,26325,,,2
2220,26319,,,11
2221,26319,,,5
2222,26319,,,0
2223,26319,,,-1
2224,26319,,,4
2225,26541,,,-1
2226,26321,,,9
2227,26321,,,2
2228,26320,,,3
2229,26320,,,11
2230,26320,,,1
2231,26426,,,24
2232,26426,,,22
2233,26426,,,6
2234,26322,,,5
2235,26406,,,1
2236,26406,,,2
2237,26406,,,6
2238,26406,,,3
2239,26406,,,6
2240,26507,,,0
2241,26182,,,1
2242,26182,,,0
2243,26182,,,4
2244,26323,,,6
2245,26323,,,9
2246,26324,,,3
2247,26324,,,2
2248,26308,,,12
2249,26308,,,6
2250,26308,,,10
2251,26308,,,6
2252,26175,,,4
2253,25830,,,3
2254,25830,,,3
2255,26274,,,39
2256,26274,,,5
2257,26274,,,21
2258,26274,,,38
2259,26275,,,1
2260,25768,,,2
2261,25768,,,3
2262,26272,,,3
2263,26282,,,4
2264,26282,,,5
2265,26297,,,4
2266,26273,,,0
2267,26273,,,2
2268,26283,,,9
2269,26283,,,12
2270,26283,,,12
2271,26283,,,6
2272,25993,,,7
2273,25993,,,4
2274,25993,,,11
2275,26415,,,11
2276,26415,,,19
2277,26415,,,14
2278,26415,,,20
2279,26304,,,10
2280,26304,,,-1
2281,26304,,,15
2282,26304,,,11
2283,26304,,,0
2284,26304,,,-1
2285,26304,,,9
2286,26304,,,0
2287,26133,,,10
2288,26133,,,10
2289,26133,,,11
2290,26133,,,1
2291,26133,,,1
2292,26133,,,12
2293,26413,,,2
2294,26413,,,3
2295,26300,,,12
2296,26300,,,11
2297,26300,,,10
2298,25852,,,3
2299,25852,,,3
2300,25852,,,2
2301,26542,,,4
2302,26542,,,2
2303,26542,,,3
2304,26276,,,2
2305,26298,,,1
2306,26281,,,1
2307,26281,,,4
2308,26302,,,4
2309,26303,,,3
2310,26303,,,-1
2311,26008,,,3
2312,26294,,,3
2313,26279,,,3
2314,26279,,,6
2315,26288,,,5
2316,25761,,,-1
2317,25761,,,0
2318,25851,,,2
2319,25753,,,1
2320,26284,,,1
2321,26301,,,3
2322,26301,,,2
2323,26296,,,5
2324,26296,,,0
2325,26296,,,3
2326,26296,,,3
2327,26278,,,0
2328,26278,,,10
2329,26278,,,7
2330,26278,,,-1
2331,26278,,,9
2332,26278,,,1
2333,26278,,,11
2334,26064,,,1
2335,26285,,,1
2336,26280,,,2
2337,26280,,,1
2338,26280,,,11
2339,26280,,,0
2340,26280,,,3
2341,26020,,,5
2342,26020,,,1
2343,26010,,,0
2344,25882,,,3
2345,26289,,,4
2346,26289,,,3
2347,26289,,,6
2348,26289,,,5
2349,26179,,,2
2350,26179,,,2
2351,26181,,,13
2352,26181,,,0
2353,26181,,,4
2354,26143,,,8
2355,26143,,,8
2356,26444,,,0
2357,26444,,,1
2358,26260,,,13
2359,26446,,,13
2360,25895,,,0
2361,26154,,,12
2362,26154,,,4
2363,26154,,,13
2364,26439,,,2
2365,26439,,,2
2366,26442,,,7
2367,26442,,,8
2368,26437,,,0
2369,26437,,,7
2370,26447,,,5
2371,26447,,,6
2372,26447,,,1
2373,26146,,,2
2374,26146,,,6
2375,26146,,,4
2376,26407,,,8
2377,26407,,,8
2378,26448,,,1
2379,26448,,,0
2380,25723,,,3
2381,25723,,,0
2382,25723,,,2
2383,26469,,,4
2384,26263,,,6
2385,26262,,,-1
2386,26262,,,7
2387,26261,,,12
2388,26261,,,8
2389,26261,,,9
2390,26261,,,9
2391,26261,,,6
2392,26085,,,8
2393,26085,,,4
2394,26085,,,11
2395,26085,,,0
2396,26085,,,6
2397,26445,,,3
2398,26259,,,15
2399,26259,,,17
2400,26259,,,0
2401,26259,,,24
2402,26259,,,21
2403,26259,,,19
2404,26259,,,17
2405,26259,,,21
2406,26259,,,11
2407,26379,,,1
2408,26382,,,6
2409,26430,,,1
2410,26430,,,-1
2411,26007,,,0
2412,26007,,,7
2413,26128,,,5
2414,26198,,,4
2415,26198,,,5
2416,26385,,,4
2417,26104,,,4
2418,26155,,,4
2419,25880,,,-1
2420,25881,,,-1
2421,25861,,,2
2422,25861,,,15
2423,25860,,,4
2424,26330,,,10
2425,26330,,,9
2426,26330,,,10
2427,26330,,,12
2428,26398,,,7
2429,25703,,,3
2430,26395,,,3
2431,26395,,,3
2432,26395,,,6
2433,26397,,,16
2434,26397,,,11
2435,26397,,,6
2436,25862,,,9
2437,26254,,,8
2438,26393,,,2
2439,26393,,,-1
2440,26393,,,8
2441,26016,,,8
2442,25883,,,0
2443,25876,,,17
2444,25876,,,3
2445,26139,,,3
2446,26331,,,4
2447,26099,,,2
2448,25839,,,5
2449,26076,,,-1
2450,26076,,,-1
2451,26076,,,10
2452,26076,,,8
2453,26076,,,4
2454,25911,,,-1
2455,25911,,,0
2456,25911,,,6
2457,25913,,,-1
2458,25913,,,-1
2459,25913,,,2
2460,25913,,,5
2461,25927,,,-1
2462,25927,,,-1
2463,26019,,,4
2464,26094,,,0
2465,26193,,,0
2466,25908,,,5
2467,26461,,,1
2468,25906,,,6
2469,26353,,,3
2470,26199,,,3
2471,26313,,,-1
2472,26313,,,0
2473,26313,,,4
2474,26313,,,2
2475,26108,,,0
2476,26110,,,6
2477,26110,,,4
2478,26112,,,5
2479,26115,,,1
2480,26117,,,6
2481,26421,,,0
2482,26424,,,1
2483,26371,,,2
2484,26371,,,2
2485,26371,,,3
2486,26427,,,0
2487,26428,,,-1
2488,26429,,,1
2489,26429,,,3
2490,26429,,,0
2491,26480,,,3
2492,26480,,,0
2493,26480,,,-1
2494,26021,,,3
2495,26021,,,4
2496,26021,,,7
2497,26242,,,2
2498,26536,,,0
2499,26536,,,-1
2500,26536,,,10
2501,25865,,,4
2502,26092,,,2
2503,25832,,,0
2504,26172,,,14
2505,26172,,,1
2506,26172,,,5
2507,26172,,,1
2508,26172,,,2
2509,26172,,,-1
2510,26172,,,14
2511,26476,,,1
2512,26476,,,0
2513,26472,,,0
2514,26474,,,3
2515,26475,,,1
2516,26475,,,1
2517,26475,,,3
2518,26478,,,2
2519,26462,,,5
2520,26352,,,4
2521,26352,,,0
2522,26352,,,-1
2523,26419,,,-1
2524,26159,,,2
2525,26340,,,0
2526,26343,,,4
2527,26343,,,1
2528,26344,,,0
2529,26345,,,0
2530,26347,,,1
2531,25926,,,8
2532,26306,,,3
2533,25991,,,0
2534,26186,,,3
2535,26387,,,3
2536,25925,,,5
2537,25923,,,0
2538,25924,,,3
2539,25924,,,2
2540,25924,,,2
2541,26247,,,1
2542,26079,,,14
2543,26014,,,1
2544,26005,,,3
2545,25541,,,0
2546,25541,,,1
2547,25542,,,0
2548,26083,,,-1
2549,26083,,,7
2550,26540,,,5
2551,26540,,,3
2552,26540,,,-1
2553,26540,,,4
2554,26056,,,1
2555,26077,,,17
2556,26077,,,-1
2557,26077,,,9
2558,26077,,,5
2559,26077,,,8
2560,26077,,,19
2561,26077,,,4
2562,25567,,,0
2563,25567,,,1
2564,26543,,,13
2565,26543,,,5
2566,26456,,,8
2567,26456,,,3
2568,26456,,,1
2569,26456,,,2
2570,26456,,,2
2571,25915,,,6
2572,25915,,,6
2573,25989,,,5
2574,26098,,,9
2575,26098,,,10
2576,26098,,,6
2577,26098,,,6
2578,25797,,,3
2579,25798,,,3
2580,25798,,,3
2581,25800,,,1
2582,26417,,,2
2583,26326,,,8
2584,26327,,,2
2585,26327,,,2
2586,26147,,,4
2587,25902,,,3
2588,25902,,,0
2589,25902,,,2
2590,26411,,,0
2591,26450,,,6
2592,26450,,,6
2593,26450,,,5
2594,26450,,,7
2595,26453,,,9
2596,26453,,,9
2597,26452,,,4
2598,26454,,,5
2599,26454,,,5
2600,25826,,,2
2601,26216,,,2
2602,26221,,,-1
2603,26221,,,-1
2604,26222,,,4
2605,26222,,,4
2606,26231,,,5
2607,26231,,,1
2608,26219,,,6
2609,26237,,,2
2610,26234,,,14
2611,26234,,,-1
2612,26234,,,11
2613,26234,,,17
2614,25744,,,0
2615,26238,,,1
2616,26238,,,6
2617,26238,,,3
2618,26238,,,4
2619,26239,,,5
2620,26240,,,8
2621,26232,,,13
2622,26232,,,0
2623,26228,,,9
2624,26208,,,7
2625,26208,,,11
2626,26208,,,-1
2627,26000,,,3
2628,26000,,,6
2629,26000,,,4
2630,26000,,,13
2631,26000,,,14
2632,26211,,,2
2633,26213,,,-1
2634,26207,,,1
2635,26544,,,1
2636,26217,,,7
2637,26225,,,3
2638,26225,,,3
2639,26227,,,2
2640,26227,,,2
2641,26458,,,1
2642,26389,,,0
2643,26389,,,8
2644,26036,,,9
2645,26055,,,14
2646,26055,,,15
2647,26055,,,17
2648,26055,,,12
2649,26055,,,17
2650,26055,,,12
2651,26047,,,0
2652,26047,,,3
2653,26047,,,4
2654,26047,,,4
2655,26039,,,5
2656,26039,,,9
2657,26039,,,8
2658,26255,,,7
2659,26255,,,7
2660,26255,,,2
2661,26255,,,5
2662,26255,,,3
2663,26255,,,9
2664,26035,,,0
2665,26035,,,3
2666,26035,,,1
2667,26045,,,5
2668,26045,,,8
2669,26045,,,4
2670,26045,,,5
2671,26034,,,3
2672,26034,,,-1
2673,26041,,,5
2674,26042,,,2
2675,26042,,,3
2676,26042,,,-1
2677,26042,,,3
2678,26043,,,3
2679,26043,,,5
2680,26043,,,-1
2681,26043,,,6
2682,26043,,,3
2683,26043,,,-1
2684,26043,,,-1
2685,26032,,,1
2686,26033,,,-1
2687,26033,,,3
2688,26052,,,0
2689,26052,,,4
2690,26038,,,2
2691,26038,,,2
2692,26038,,,5
2693,26038,,,4
2694,25564,,,0
2695,25564,,,0
2696,26044,,,2
2697,26044,,,0
2698,26058,,,4
2699,26058,,,5
2700,26059,,,6
2701,26059,,,3
2702,26538,,,6
2703,26538,,,1
2704,26538,,,8
2705,26538,,,12
2706,26538,,,2
2707,26538,,,9
2708,25570,,,0
2709,25572,,,1
2710,25572,,,0
2711,25572,,,0
2712,9165,,,2
2713,9164,,,1
2714,9164,,,3
2715,9146,,,1
2716,9146,,,0
2717,9127,,,2
2718,9127,,,2
2719,9127,,,3
2720,9221,,,3
2721,9221,,,3
2722,9118,,,3
2723,9143,,,3
2724,9147,,,1
2725,9147,,,3
2726,9225,,,1
2727,9404,,,1
2728,9184,,,3
2729,9178,,,3
2730,9178,,,1
2731,9182,,,1
2732,9182,,,1
2733,9179,,,1
2734,9183,,,3
2735,9192,,,1
2736,9192,,,0
2737,9192,,,1
2738,9171,,,3
2739,9167,,,1
2740,9173,,,0
2741,9173,,,3
2742,9174,,,2
2743,9185,,,1
2744,9185,,,0
2745,9196,,,3
2746,9168,,,3
2747,9168,,,3
2748,9177,,,3
2749,9177,,,3
2750,9176,,,1
2751,9175,,,1
2752,9194,,,3
2753,9194,,,1
2754,9194,,,1
2755,9194,,,3
2756,9188,,,3
2757,9215,,,2
2758,9136,,,2
2759,9136,,,3
2760,9136,,,3
2761,9232,,,3
2762,9232,,,2
2763,9231,,,1
2764,9150,,,1
2765,9150,,,1
2766,9150,,,3
2767,9220,,,3
2768,9130,,,2
2769,9161,,,1
2770,9122,,,3
2771,9216,,,0
2772,9125,,,1
2773,9125,,,0
2774,9230,,,3
2775,9200,,,0
2776,9200,,,0
2777,9200,,,1
2778,9200,,,1
2779,9200,,,3
2780,9200,,,3
2781,9201,,,0
2782,9201,,,3
2783,9202,,,3
2784,9202,,,3
2785,9203,,,0
2786,9203,,,1
2787,9203,,,0
2788,9204,,,3
2789,9204,,,1
2790,9152,,,1
2791,9152,,,3
2792,9153,,,3
2793,9153,,,1
2794,9153,,,2
2795,9154,,,3
2796,9154,,,1
2797,9156,,,3
2798,9157,,,3
2799,9157,,,0
2800,9159,,,1
2801,9131,,,2
2802,9112,,,0
2803,9112,,,0
2804,9144,,,3
2805,9142,,,3
2806,9149,,,2
2807,9197,,,2
2808,9197,,,3
2809,9197,,,3
2810,9119,,,3
2811,9160,,,0
2812,9170,,,3
2813,9186,,,3
2814,9162,,,1
2815,9162,,,3
2816,9162,,,0
2817,9162,,,1
2818,9207,,,1
2819,9207,,,1
2820,9219,,,3
2821,9219,,,2
2822,9126,,,1
2823,9126,,,1
2824,9108,,,0
2825,9087,,,1
2826,9074,,,1
2827,9051,,,1
2828,9088,,,1
2829,9238,,,4
2830,9382,,,5
2831,9240,,,3
2832,9256,,,1
2833,9256,,,1
2834,9255,,,2
2835,9255,,,2
2836,9255,,,3
2837,9259,,,2
2838,9258,,,5
2839,9257,,,4
2840,9257,,,5
2841,9323,,,3
2842,9323,,,8
2843,9323,,,3
2844,9323,,,9
2845,9252,,,-1
2846,9252,,,5
2847,9253,,,7
2848,9253,,,5
2849,9253,,,5
2850,9253,,,6
2851,9235,,,8
2852,9235,,,2
2853,9235,,,8
2854,9235,,,1
2855,9235,,,7
2856,9282,,,0
2857,9282,,,3
2858,9282,,,3
2859,9282,,,1
2860,9282,,,2
2861,9281,,,1
2862,9281,,,2
2863,9281,,,3
2864,9281,,,2
2865,9281,,,6
2866,9281,,,1
2867,9268,,,5
2868,9268,,,5
2869,9272,,,4
2870,9272,,,-1
2871,9239,,,4
2872,9239,,,1
2873,9239,,,1
2874,9264,,,3
2875,9264,,,5
2876,9264,,,3
2877,9264,,,1
2878,9248,,,0
2879,9248,,,2
2880,9261,,,9
2881,9278,,,11
2882,9278,,,9
2883,9278,,,10
2884,9278,,,10
2885,9278,,,9
2886,9278,,,1
2887,9236,,,1
2888,9276,,,4
2889,9276,,,4
2890,9280,,,4
2891,9280,,,4
2892,9274,,,4
2893,9274,,,1
2894,9274,,,5
2895,9274,,,1
2896,9274,,,4
2897,9249,,,6
2898,9249,,,5
2899,9249,,,0
2900,9249,,,5
2901,9249,,,0
2902,9273,,,6
2903,9273,,,29
2904,9273,,,29
2905,9273,,,6
2906,9273,,,26
2907,9273,,,7
2908,9273,,,7
2909,9273,,,4
2910,9273,,,4
2911,9273,,,25
2912,9273,,,16
2913,9273,,,30
2914,9273,,,26
2915,9328,,,2
2916,9286,,,3
2917,9402,,,5
2918,9408,,,6
2919,9368,,,3
2920,9368,,,3
2921,9411,,,2
2922,9412,,,9
2923,9242,,,0
2924,9243,,,1
2925,9243,,,0
2926,9243,,,4
2927,9243,,,1
2928,9244,,,7
2929,9349,,,3
2930,9331,,,5
2931,9331,,,4
2932,9365,,,9
2933,9365,,,9
2934,9330,,,0
2935,9266,,,6
2936,9266,,,6
2937,9266,,,2
2938,9360,,,7
2939,9360,,,3
2940,9360,,,16
2941,9360,,,10
2942,9360,,,5
2943,9364,,,1
2944,9364,,,7
2945,9364,,,7
2946,9357,,,7
2947,9357,,,7
2948,9357,,,1
2949,9354,,,1
2950,9309,,,3
2951,9309,,,1
2952,9309,,,1
2953,9288,,,6
2954,9292,,,3
2955,9294,,,5
2956,9294,,,4
2957,9403,,,11
2958,9283,,,5
2959,9283,,,6
2960,9391,,,4
2961,9305,,,4
2962,9386,,,7
2963,9386,,,8
2964,9290,,,1
2965,9301,,,0
2966,9344,,,5
2967,9344,,,6
2968,9344,,,0
2969,9406,,,3
2970,9406,,,8
2971,9372,,,4
2972,9372,,,3
2973,9372,,,-1
2974,9374,,,5
2975,9375,,,8
2976,9376,,,3
2977,9277,,,0
2978,9289,,,3
2979,9320,,,4
2980,9300,,,1
2981,9300,,,4
2982,9300,,,9
2983,9300,,,7
2984,9300,,,7
2985,9300,,,1
2986,9300,,,6
2987,9300,,,4
2988,9300,,,9
2989,9300,,,13
2990,9300,,,14
2991,9407,,,5
2992,9407,,,2
2993,9407,,,3
2994,9407,,,5
2995,9407,,,3
2996,9407,,,9
2997,9343,,,9
2998,9343,,,8
2999,9295,,,4
3000,9295,,,7
3001,9295,,,0
3002,9295,,,5
3003,9295,,,5
3004,9295,,,2
3005,9295,,,4
3006,9339,,,4
3007,9339,,,1
3008,9339,,,3
3009,9339,,,3
3010,9361,,,5
3011,9361,,,7
3012,9361,,,6
3013,9285,,,1
3014,9285,,,1
3015,9293,,,4
3016,9392,,,4
3017,9392,,,5
3018,9392,,,5
3019,9392,,,4
3020,9352,,,5
3021,9352,,,5
3022,9352,,,1
3023,9352,,,4
3024,9395,,,1
3025,9398,,,0
3026,9345,,,1
3027,9417,,,8
3028,9420,,,1
3029,9422,,,1
3030,9313,,,2
3031,9313,,,1
3032,9315,,,0
3033,10661,,,6
3034,10666,,,3
3035,10668,,,3
3036,30790,,,3
3037,30790,,,1
3038,31242,,,2
3039,31242,,,2
3040,30565,,,3
3041,30677,,,2
3042,30648,,,1
3043,30576,,,3
3044,30576,,,3
3045,30759,,,3
3046,30919,,,1
3047,31261,,,2
3048,31261,,,1
3049,31001,,,2
3050,31001,,,2
3051,30979,,,2
3052,31087,,,2
3053,31087,,,2
3054,31090,,,3
3055,31094,,,1
3056,31008,,,3
3057,30638,,,3
3058,30638,,,1
3059,30638,,,3
3060,30793,,,0
3061,31121,,,0
3062,31121,,,0
3063,31121,,,2
3064,30534,,,3
3065,30534,,,0
3066,30534,,,0
3067,30984,,,2
3068,30984,,,2
3069,30984,,,3
3070,30984,,,0
3071,31262,,,2
3072,30916,,,0
3073,30918,,,3
3074,30854,,,0
3075,30649,,,3
3076,31161,,,2
3077,30844,,,1
3078,30614,,,1
3079,30614,,,1
3080,31129,,,3
3081,30942,,,0
3082,30692,,,2
3083,30692,,,2
3084,30692,,,1
3085,30692,,,0
3086,30693,,,1
3087,30693,,,2
3088,30693,,,2
3089,30694,,,1
3090,30931,,,3
3091,31004,,,3
3092,31128,,,3
3093,30997,,,3
3094,31258,,,3
3095,31258,,,3
3096,30843,,,1
3097,30843,,,1
3098,30738,,,1
3099,31116,,,-1
3100,31123,,,3
3101,31124,,,1
3102,31124,,,1
3103,31124,,,1
3104,31053,,,2
3105,31053,,,2
3106,31054,,,0
3107,31060,,,-1
3108,31061,,,2
3109,31061,,,3
3110,31061,,,2
3111,31065,,,3
3112,31065,,,3
3113,31066,,,3
3114,31066,,,1
3115,31066,,,3
3116,30637,,,3
3117,30574,,,1
3118,30890,,,1
3119,31147,,,1
3120,31147,,,0
3121,30961,,,3
3122,30755,,,2
3123,30579,,,2
3124,30600,,,1
3125,30600,,,3
3126,30612,,,3
3127,30870,,,3
3128,31046,,,1
3129,31239,,,2
3130,31239,,,0
3131,30753,,,2
3132,30672,,,3
3133,30672,,,1
3134,30585,,,3
3135,30587,,,1
3136,30642,,,2
3137,30642,,,3
3138,30642,,,2
3139,31113,,,3
3140,31172,,,0
3141,31172,,,0
3142,30684,,,2
3143,31119,,,2
3144,31171,,,3
3145,31232,,,2
3146,31232,,,3
3147,31233,,,3
3148,30927,,,0
3149,31036,,,3
3150,31036,,,2
3151,30671,,,3
3152,30671,,,0
3153,31185,,,3
3154,31183,,,1
3155,31179,,,2
3156,31002,,,3
3157,30839,,,1
3158,31219,,,3
3159,31266,,,0
3160,31266,,,3
3161,30627,,,3
3162,30627,,,2
3163,30757,,,2
3164,30757,,,2
3165,31260,,,3
3166,30577,,,2
3167,30577,,,0
3168,30577,,,0
3169,31122,,,2
3170,30784,,,2
3171,31240,,,2
3172,31240,,,3
3173,30926,,,1
3174,30564,,,2
3175,30564,,,3
3176,30564,,,2
3177,31199,,,3
3178,30983,,,2
3179,30688,,,2
3180,30688,,,2
3181,30688,,,0
3182,30689,,,3
3183,30689,,,3
3184,30690,,,2
3185,30690,,,3
3186,30690,,,2
3187,30690,,,3
3188,30626,,,2
3189,30626,,,2
3190,30626,,,3
3191,30704,,,3
3192,30704,,,2
3193,30704,,,3
3194,30705,,,3
3195,30706,,,2
3196,30707,,,1
3197,30707,,,2
3198,30708,,,1
3199,31142,,,3
3200,31142,,,2
3201,30868,,,3
3202,31212,,,2
3203,30747,,,3
3204,30987,,,3
3205,30987,,,3
3206,30987,,,0
3207,30894,,,2
3208,30871,,,2
3209,30567,,,3
3210,30567,,,2
3211,30567,,,2
3212,30928,,,3
3213,30681,,,2
3214,30681,,,2
3215,31182,,,3
3216,31182,,,2
3217,31182,,,2
3218,30653,,,3
3219,30719,,,2
3220,30719,,,2
3221,30719,,,3
3222,30661,,,3
3223,30661,,,1
3224,30661,,,1
3225,30774,,,2
3226,30774,,,2
3227,30744,,,2
3228,30762,,,1
3229,30762,,,1
3230,30763,,,2
3231,30763,,,2
3232,30773,,,2
3233,30773,,,2
3234,30920,,,2
3235,30921,,,2
3236,30922,,,2
3237,30922,,,2
3238,30924,,,1
3239,30924,,,0
3240,30924,,,0
3241,31024,,,2
3242,31180,,,0
3243,31014,,,2
3244,31014,,,1
3245,31031,,,3
3246,31031,,,1
3247,30861,,,2
3248,30861,,,2
3249,30727,,,3
3250,30749,,,3
3251,30749,,,0
3252,31413,,,0
3253,31413,,,0
3254,31225,,,1
3255,31225,,,0
3256,31228,,,0
3257,31228,,,1
3258,30965,,,3
3259,30965,,,3
3260,30966,,,0
3261,30966,,,3
3262,30966,,,0
3263,30934,,,3
3264,31074,,,2
3265,30732,,,3
3266,30735,,,1
3267,30735,,,3
3268,30590,,,1
3269,30590,,,1
3270,30563,,,1
3271,30563,,,3
3272,30563,,,1
3273,30667,,,2
3274,31268,,,3
3275,31268,,,2
3276,31108,,,2
3277,31108,,,2
3278,31067,,,0
3279,31067,,,0
3280,31067,,,1
3281,30597,,,3
3282,30935,,,3
3283,31102,,,2
3284,31102,,,2
3285,31270,,,1
3286,31270,,,2
3287,31270,,,2
3288,31270,,,0
3289,31270,,,1
3290,31270,,,0
3291,30815,,,0
3292,30815,,,3
3293,30815,,,0
3294,30711,,,3
3295,31530,,,3
3296,30670,,,2
3297,30670,,,3
3298,30846,,,3
3299,30846,,,2
3300,30640,,,2
3301,30640,,,2
3302,30582,,,3
3303,30959,,,3
3304,31197,,,2
3305,31197,,,2
3306,30728,,,0
3307,30728,,,0
3308,30939,,,2
3309,30939,,,2
3310,31589,,,3
3311,31589,,,2
3312,31174,,,3
3313,31174,,,3
3314,30881,,,2
3315,30881,,,3
3316,30615,,,2
3317,30883,,,2
3318,30820,,,3
3319,30788,,,2
3320,30547,,,0
3321,30548,,,2
3322,30792,,,1
3323,30889,,,2
3324,30613,,,3
3325,30613,,,2
3326,30613,,,2
3327,30888,,,2
3328,30888,,,2
3329,30816,,,2
3330,31039,,,3
3331,31220,,,3
3332,30882,,,3
3333,30882,,,0
3334,31127,,,0
3335,30818,,,2
3336,30819,,,3
3337,30797,,,3
3338,30798,,,0
3339,30798,,,3
3340,30569,,,1
3341,30971,,,2
3342,30971,,,0
3343,30971,,,2
3344,31159,,,0
3345,31159,,,0
3346,30873,,,3
3347,31144,,,1
3348,31097,,,2
3349,31098,,,3
3350,31098,,,2
3351,30850,,,2
3352,31245,,,0
3353,31246,,,3
3354,30687,,,0
3355,30687,,,0
3356,30947,,,1
3357,30947,,,1
3358,30948,,,2
3359,30948,,,2
3360,30948,,,0
3361,30949,,,1
3362,30949,,,0
3363,30775,,,1
3364,30783,,,2
3365,30783,,,2
3366,30783,,,3
3367,30783,,,2
3368,30783,,,1
3369,30828,,,2
3370,30982,,,3
3371,30830,,,0
3372,30830,,,2
3373,30836,,,0
3374,30836,,,3
3375,30829,,,3
3376,30829,,,0
3377,30829,,,0
3378,30990,,,3
3379,30990,,,0
3380,30806,,,2
3381,30805,,,0
3382,30662,,,3
3383,30929,,,3
3384,30867,,,3
3385,30561,,,3
3386,31223,,,3
3387,31027,,,0
3388,31027,,,3
3389,31027,,,0
3390,31027,,,0
3391,30807,,,2
3392,30807,,,0
3393,30807,,,0
3394,30716,,,2
3395,30739,,,3
3396,30855,,,0
3397,30855,,,3
3398,31011,,,3
3399,30593,,,3
3400,30593,,,0
3401,30595,,,3
3402,31028,,,0
3403,31028,,,0
3404,31193,,,3
3405,31101,,,3
3406,31101,,,1
3407,31101,,,1
3408,31105,,,2
3409,30543,,,3
3410,31532,,,3
3411,31216,,,1
3412,31216,,,3
3413,31130,,,1
3414,31229,,,1
3415,31229,,,3
3416,31025,,,0
3417,31025,,,0
3418,30740,,,3
3419,30996,,,0
3420,30655,,,3
3421,30655,,,0
3422,30644,,,2
3423,30842,,,1
3424,30842,,,3
3425,31254,,,0
3426,31254,,,0
3427,31016,,,3
3428,31016,,,-1
3429,30789,,,3
3430,31267,,,3
3431,31267,,,1
3432,31117,,,0
3433,30604,,,1
3434,30604,,,1
3435,31442,,,2
3436,30606,,,1
3437,30799,,,2
3438,30799,,,2
3439,30933,,,3
3440,30823,,,2
3441,31249,,,1
3442,31249,,,2
3443,31249,,,1
3444,31156,,,3
3445,30636,,,3
3446,31078,,,1
3447,31209,,,2
3448,31241,,,3
3449,31241,,,2
3450,31241,,,2
3451,30895,,,2
3452,31257,,,2
3453,31263,,,3
3454,30539,,,0
3455,30539,,,1
3456,30539,,,1
3457,31192,,,3
3458,30700,,,3
3459,30700,,,0
3460,30824,,,3
3461,30899,,,0
3462,31247,,,3
3463,30701,,,3
3464,30994,,,0
3465,30736,,,2
3466,30736,,,3
3467,30736,,,0
3468,30555,,,3
3469,31104,,,3
3470,30809,,,0
3471,30809,,,0
3472,30998,,,0
3473,30623,,,2
3474,30623,,,3
3475,30623,,,3
3476,30623,,,2
3477,31083,,,2
3478,31083,,,2
3479,31083,,,1
3480,31083,,,3
3481,30764,,,2
3482,30764,,,3
3483,30764,,,2
3484,30840,,,2
3485,30840,,,2
3486,30958,,,1
3487,30958,,,1
3488,30958,,,1
3489,30976,,,0
3490,30976,,,1
3491,30976,,,1
3492,31143,,,3
3493,30837,,,1
3494,30837,,,2
3495,30837,,,2
3496,30838,,,2
3497,30838,,,2
3498,30905,,,1
3499,30905,,,3
3500,30905,,,1
3501,30834,,,0
3502,31236,,,1
3503,30660,,,1
3504,30660,,,1
3505,30900,,,2
3506,30900,,,3
3507,30900,,,0
3508,30900,,,3
3509,31191,,,3
3510,30551,,,2
3511,30551,,,2
3512,30884,,,2
3513,30884,,,2
3514,31017,,,3
3515,31017,,,3
3516,30951,,,1
3517,30951,,,2
3518,30951,,,1
3519,30952,,,2
3520,30952,,,2
3521,30954,,,1
3522,30954,,,0
3523,30954,,,1
3524,30957,,,2
3525,30812,,,3
3526,30814,,,2
3527,30814,,,2
3528,31068,,,1
3529,31069,,,0
3530,31070,,,0
3531,31071,,,3
3532,30800,,,3
3533,30530,,,2
3534,30639,,,2
3535,30571,,,1
3536,30571,,,1
3537,30777,,,2
3538,30777,,,2
3539,30777,,,3
3540,30874,,,1
3541,30874,,,1
3542,30875,,,2
3543,30876,,,2
3544,30876,,,2
3545,30528,,,1
3546,30529,,,2
3547,30529,,,0
3548,30529,,,3
3549,30529,,,0
3550,31789,,,0
3551,31789,,,0
3552,30852,,,0
3553,30852,,,3
3554,30780,,,2
3555,30628,,,3
3556,30629,,,1
3557,30831,,,0
3558,30831,,,3
3559,30683,,,3
3560,30683,,,3
3561,30682,,,3
3562,30682,,,3
3563,30724,,,3
3564,30724,,,2
3565,30724,,,2
3566,30557,,,2
3567,30557,,,2
3568,30557,,,3
3569,31044,,,0
3570,30634,,,1
3571,30634,,,3
3572,30573,,,0
3573,31255,,,1
3574,31255,,,3
3575,31218,,,2
3576,31218,,,2
3577,30392,,,-1
3578,30392,,,0
3579,30456,,,0
3580,30457,,,1
3581,30457,,,1
3582,30459,,,0
3583,30460,,,1
3584,30514,,,1
3585,30514,,,0
3586,30429,,,1
3587,30490,,,1
3588,30413,,,1
3589,30413,,,1
3590,30417,,,0
3591,30418,,,0
3592,30418,,,1
3593,30418,,,0
3594,30489,,,1
3595,30489,,,1
3596,30486,,,1
3597,30442,,,1
3598,30442,,,1
3599,30409,,,1
3600,30410,,,1
3601,31283,,,7
3602,31284,,,3
3603,31284,,,3
3604,31286,,,7
3605,31385,,,7
3606,31385,,,7
3607,31385,,,5
3608,31293,,,13
3609,31293,,,12
3610,31293,,,4
3611,31844,,,6
3612,31844,,,3
3613,31844,,,5
3614,31844,,,8
3615,31844,,,5
3616,31844,,,3
3617,31312,,,19
3618,31312,,,11
3619,31312,,,16
3620,31312,,,11
3621,31312,,,15
3622,31312,,,0
3623,31312,,,-1
3624,31312,,,5
3625,31312,,,18
3626,31312,,,18
3627,31312,,,5
3628,31276,,,1
3629,31276,,,8
3630,31276,,,15
3631,31276,,,15
3632,31276,,,11
3633,31276,,,12
3634,31276,,,5
3635,31276,,,2
3636,31276,,,10
3637,31276,,,4
3638,31276,,,5
3639,31276,,,9
3640,31276,,,11
3641,31276,,,4
3642,31276,,,17
3643,31276,,,12
3644,31276,,,3
3645,31276,,,7
3646,31328,,,19
3647,31328,,,13
3648,31328,,,18
3649,31328,,,7
3650,31328,,,5
3651,31328,,,19
3652,31328,,,0
3653,31328,,,13
3654,31328,,,7
3655,31382,,,9
3656,31382,,,8
3657,31382,,,7
3658,31382,,,7
3659,31609,,,6
3660,31609,,,6
3661,31609,,,12
3662,31609,,,18
3663,31609,,,8
3664,31609,,,8
3665,31609,,,8
3666,31609,,,12
3667,31609,,,19
3668,31609,,,2
3669,31394,,,11
3670,31394,,,18
3671,31394,,,18
3672,31394,,,12
3673,31394,,,7
3674,31394,,,20
3675,31394,,,21
3676,31394,,,21
3677,31394,,,14
3678,31394,,,19
3679,31394,,,12
3680,31327,,,4
3681,31327,,,0
3682,31327,,,7
3683,31327,,,4
3684,31327,,,1
3685,31327,,,7
3686,31327,,,9
3687,31327,,,1
3688,31280,,,3
3689,31280,,,0
3690,31334,,,10
3691,31334,,,5
3692,31334,,,10
3693,31334,,,2
3694,31348,,,9
3695,31398,,,5
3696,31398,,,1
3697,31842,,,4
3698,31842,,,8
3699,31842,,,8
3700,31842,,,2
3701,31332,,,9
3702,31332,,,1
3703,31332,,,3
3704,31326,,,7
3705,31326,,,3
3706,31326,,,3
3707,31326,,,2
3708,31386,,,3
3709,31325,,,19
3710,31325,,,22
3711,31325,,,2
3712,31325,,,10
3713,31325,,,13
3714,31325,,,-1
3715,31325,,,24
3716,31325,,,12
3717,31325,,,24
3718,31344,,,11
3719,31344,,,6
3720,31344,,,6
3721,31344,,,5
3722,31307,,,8
3723,31307,,,7
3724,31307,,,1
3725,31307,,,3
3726,31307,,,9
3727,31350,,,1
3728,31380,,,9
3729,31380,,,9
3730,31380,,,8
3731,31380,,,1
3732,31380,,,1
3733,31333,,,4
3734,31333,,,1
3735,31333,,,0
3736,31342,,,0
3737,31720,,,5
3738,31720,,,9
3739,31720,,,20
3740,31720,,,21
3741,31720,,,20
3742,31720,,,28
3743,31720,,,14
3744,31720,,,10
3745,31720,,,27
3746,31720,,,9
3747,31720,,,27
3748,31720,,,21
3749,31372,,,8
3750,31372,,,4
3751,31372,,,1
3752,31372,,,28
3753,31372,,,17
3754,31372,,,17
3755,31372,,,12
3756,31371,,,41
3757,31371,,,36
3758,31371,,,5
3759,31371,,,3
3760,31371,,,43
3761,31371,,,3
3762,31371,,,29
3763,31371,,,9
3764,31371,,,11
3765,31371,,,15
3766,31371,,,34
3767,31371,,,7
3768,31371,,,10
3769,31371,,,30
3770,31371,,,30
3771,31371,,,13
3772,31371,,,9
3773,31371,,,10
3774,31371,,,21
3775,31371,,,6
3776,31368,,,8
3777,31368,,,4
3778,31368,,,11
3779,31368,,,28
3780,31368,,,2
3781,31368,,,19
3782,31368,,,4
3783,31368,,,19
3784,31368,,,2
3785,31368,,,20
3786,31368,,,18
3787,31368,,,16
3788,31368,,,14
3789,31368,,,16
3790,31368,,,20
3791,31369,,,15
3792,31369,,,19
3793,31369,,,15
3794,31369,,,14
3795,31369,,,16
3796,31369,,,12
3797,31369,,,11
3798,31369,,,16
3799,31369,,,11
3800,31369,,,14
3801,31369,,,13
3802,31611,,,11
3803,31611,,,7
3804,31611,,,7
3805,31611,,,1
3806,31611,,,6
3807,31611,,,6
3808,31319,,,8
3809,31319,,,6
3810,31319,,,0
3811,31319,,,0
3812,31319,,,9
3813,31323,,,4
3814,31323,,,0
3815,31346,,,0
3816,31346,,,4
3817,31346,,,2
3818,31362,,,7
3819,31362,,,2
3820,31362,,,1
3821,31345,,,3
3822,31345,,,1
3823,31299,,,5
3824,31299,,,2
3825,31299,,,0
3826,31299,,,5
3827,31299,,,0
3828,31300,,,2
3829,31300,,,3
3830,31301,,,1
3831,31301,,,3
3832,31301,,,3
3833,31843,,,12
3834,31843,,,14
3835,31843,,,39
3836,31843,,,14
3837,31843,,,3
3838,31843,,,9
3839,31843,,,5
3840,31843,,,33
3841,31843,,,3
3842,31843,,,9
3843,31843,,,25
3844,31843,,,26
3845,31843,,,37
3846,31843,,,25
3847,31373,,,4
3848,31373,,,7
3849,31373,,,7
3850,31373,,,8
3851,31373,,,5
3852,31373,,,9
3853,31366,,,9
3854,31366,,,3
3855,31366,,,2
3856,31366,,,3
3857,31370,,,0
3858,31370,,,0
3859,31296,,,7
3860,31296,,,2
3861,31315,,,1
3862,31388,,,8
3863,31388,,,18
3864,31388,,,9
3865,31388,,,19
3866,31318,,,9
3867,31389,,,5
3868,31316,,,9
3869,31316,,,9
3870,31316,,,12
3871,31316,,,8
3872,31316,,,8
3873,31395,,,14
3874,31395,,,10
3875,31395,,,10
3876,31395,,,18
3877,31395,,,17
3878,31395,,,15
3879,31395,,,9
3880,31395,,,0
3881,31308,,,5
3882,31309,,,5
3883,31309,,,3
3884,31309,,,1
3885,31309,,,1
3886,31292,,,2
3887,31292,,,1
3888,31379,,,12
3889,31361,,,4
3890,31357,,,0
3891,31289,,,6
3892,31289,,,7
3893,31289,,,9
3894,31289,,,7
3895,31363,,,9
3896,31363,,,18
3897,31363,,,9
3898,31363,,,8
3899,31674,,,87
3900,31674,,,86
3901,31674,,,87
3902,31674,,,56
3903,31674,,,35
3904,31674,,,60
3905,31674,,,90
3906,31674,,,59
3907,31674,,,60
3908,31674,,,41
3909,31674,,,41
3910,31674,,,42
3911,31674,,,59
3912,31674,,,94
3913,31674,,,78
3914,31674,,,26
3915,31674,,,47
3916,31674,,,35
3917,31674,,,47
3918,31674,,,66
3919,31674,,,78
3920,31674,,,40
3921,31674,,,65
3922,31674,,,65
3923,31674,,,46
3924,31674,,,45
3925,31674,,,92
3926,31674,,,26
3927,31674,,,27
3928,31674,,,39
3929,31674,,,81
3930,31674,,,40
3931,31674,,,42
3932,31393,,,8
3933,31393,,,16
3934,31393,,,6
3935,31393,,,10
3936,31393,,,13
3937,31393,,,8
3938,31393,,,6
3939,31393,,,10
3940,31393,,,1
3941,31393,,,4
3942,31367,,,25
3943,31367,,,33
3944,31367,,,39
3945,31367,,,11
3946,31367,,,38
3947,31367,,,15
3948,31367,,,20
3949,31367,,,25
3950,31367,,,37
3951,31367,,,24
3952,31367,,,31
3953,31367,,,4
3954,31367,,,33
3955,31367,,,2
3956,31852,,,28
3957,31852,,,34
3958,31852,,,37
3959,31852,,,34
3960,31852,,,32
3961,31852,,,21
3962,31852,,,20
3963,31852,,,16
3964,31852,,,-1
3965,31852,,,27
3966,31852,,,35
3967,31852,,,22
3968,31852,,,7
3969,31852,,,31
3970,31852,,,35
3971,31852,,,31
3972,31852,,,27
3973,31852,,,4
3974,31302,,,2
3975,31335,,,5
3976,31331,,,3
3977,31331,,,5
3978,31275,,,1
3979,31275,,,5
3980,31275,,,5
3981,31275,,,1
3982,31365,,,1
3983,31338,,,2
3984,31347,,,3
3985,31347,,,0
3986,31311,,,9
3987,31311,,,4
3988,31311,,,9
3989,31317,,,2
3990,31317,,,4
3991,31352,,,3
3992,31352,,,18
3993,31352,,,7
3994,31352,,,3
3995,31352,,,1
3996,31352,,,9
3997,31352,,,11
3998,31352,,,19
3999,31352,,,16
4000,31352,,,1
4001,31290,,,3
4002,31290,,,4
4003,31288,,,3
4004,31288,,,3
4005,31378,,,1
4006,31378,,,7
4007,31378,,,5
4008,31340,,,0
4009,31340,,,0
4010,31340,,,4
4011,31340,,,0
4012,31340,,,0
4013,31340,,,4
4014,31340,,,1
4015,31340,,,6
4016,31287,,,39
4017,31287,,,27
4018,31287,,,10
4019,31287,,,37
4020,31287,,,37
4021,31287,,,7
4022,31287,,,34
4023,31324,,,0
4024,31324,,,3
4025,31324,,,1
4026,31391,,,7
4027,31391,,,6
4028,31391,,,1
4029,31391,,,4
4030,31391,,,4
4031,31391,,,7
4032,31451,,,16
4033,31451,,,18
4034,31451,,,12
4035,31451,,,12
4036,31451,,,6
4037,31451,,,18
4038,31320,,,6
4039,31320,,,5
4040,31320,,,0
4041,31320,,,6
4042,31320,,,5
4043,31320,,,9
4044,31320,,,0
4045,31305,,,5
4046,31305,,,3
4047,31305,,,0
4048,31305,,,5
4049,31305,,,3
4050,31306,,,10
4051,31306,,,7
4052,31306,,,9
4053,31306,,,9
4054,31306,,,10
4055,31306,,,7
4056,31306,,,1
4057,31306,,,11
4058,31339,,,14
4059,31339,,,4
4060,31339,,,12
4061,31339,,,7
4062,31339,,,20
4063,31339,,,25
4064,31339,,,2
4065,31339,,,27
4066,31339,,,14
4067,31339,,,25
4068,31339,,,24
4069,31339,,,28
4070,31339,,,10
4071,31339,,,27
4072,31339,,,26
4073,31339,,,11
4074,31339,,,12
4075,31339,,,7
4076,31339,,,25
4077,31339,,,12
4078,31339,,,28
4079,31673,,,26
4080,31673,,,25
4081,31673,,,1
4082,31673,,,11
4083,31673,,,2
4084,31673,,,28
4085,31673,,,10
4086,31673,,,29
4087,31673,,,18
4088,31673,,,15
4089,31673,,,18
4090,31673,,,25
4091,31673,,,16
4092,31673,,,11
4093,31673,,,10
4094,31673,,,16
4095,31355,,,1
4096,31355,,,1
4097,31355,,,4
4098,31355,,,3
4099,31355,,,4
4100,31355,,,8
4101,31355,,,0
4102,31355,,,9
4103,31396,,,9
4104,31310,,,10
4105,31310,,,9
4106,31310,,,10
4107,31310,,,9
4108,31295,,,1
4109,31295,,,8
4110,31322,,,8
4111,31322,,,7
4112,31322,,,4
4113,31322,,,6
4114,31322,,,6
4115,31322,,,12
4116,31322,,,12
4117,31281,,,2
4118,31281,,,5
4119,31282,,,1
4120,31383,,,3
4121,31351,,,2
4122,31351,,,3
4123,31351,,,3
4124,31351,,,0
4125,31329,,,6
4126,31329,,,14
4127,31329,,,12
4128,31329,,,12
4129,31329,,,1
4130,31329,,,1
4131,31341,,,6
4132,31341,,,16
4133,31341,,,16
4134,31341,,,4
4135,31341,,,6
4136,31341,,,11
4137,31353,,,7
4138,31353,,,7
4139,31353,,,4
4140,31353,,,4
4141,31353,,,2
4142,31353,,,13
4143,31353,,,6
4144,31353,,,6
4145,31353,,,13
4146,31294,,,2
4147,31294,,,0
4148,31390,,,3
4149,31390,,,0
4150,31390,,,4
4151,31390,,,3
4152,31390,,,2
4153,31291,,,16
4154,31291,,,1
4155,31291,,,11
4156,31291,,,21
4157,31291,,,16
4158,31291,,,4
4159,31291,,,15
4160,31291,,,23
4161,31291,,,34
4162,31291,,,30
4163,31291,,,24
4164,31291,,,30
4165,31291,,,18
4166,31291,,,14
4167,31291,,,19
4168,31291,,,23
4169,31291,,,12
4170,31291,,,20
4171,31291,,,25
4172,31291,,,12
4173,31291,,,34
4174,31291,,,14
4175,31291,,,4
4176,31291,,,25
4177,31330,,,2
4178,31330,,,13
4179,31330,,,16
4180,31330,,,17
4181,31330,,,4
4182,31330,,,8
4183,31330,,,14
4184,31330,,,9
4185,31330,,,6
4186,31330,,,8
4187,31330,,,16
4188,31330,,,5
4189,31330,,,1
4190,31330,,,4
4191,31330,,,3
4192,31330,,,11
4193,31330,,,6
4194,31321,,,7
4195,31321,,,6
4196,31321,,,8
4197,31321,,,1
4198,31321,,,1
4199,31321,,,2
4200,31349,,,3
4201,31349,,,3
4202,31303,,,4
4203,31303,,,4
4204,31303,,,2
4205,31303,,,5
4206,31303,,,2
4207,31303,,,5
4208,31303,,,0
4209,31303,,,0
4210,31304,,,12
4211,31304,,,11
4212,31304,,,12
4213,31304,,,11
4214,31279,,,2
4215,31397,,,3
4216,31397,,,1
4217,31397,,,0
4218,31397,,,0
4219,31397,,,2
4220,31397,,,4
4221,31397,,,2
4222,31397,,,1
4223,31360,,,9
4224,31360,,,5
4225,31354,,,11
4226,31354,,,11
4227,31354,,,7
4228,31354,,,2
4229,31392,,,7
4230,31392,,,4
4231,31392,,,6
4232,31392,,,4
4233,31392,,,6
4234,31381,,,7
4235,31381,,,2
4236,31375,,,4
4237,31375,,,2
4238,31375,,,4
4239,31376,,,1
4240,31376,,,3
4241,31606,,,16
4242,31606,,,2
4243,31606,,,11
4244,31606,,,20
4245,31606,,,16
4246,31606,,,8
4247,31606,,,4
4248,31606,,,6
4249,31606,,,7
4250,31606,,,4
4251,31847,,,4
4252,31847,,,2
4253,31475,,,3
4254,31436,,,0
4255,31436,,,4
4256,30448,,,1
4257,30448,,,0
4258,31439,,,9
4259,31439,,,9
4260,31439,,,0
4261,31439,,,9
4262,31439,,,9
4263,31678,,,3
4264,31679,,,1
4265,31835,,,11
4266,31835,,,10
4267,31835,,,10
4268,31836,,,5
4269,31836,,,10
4270,31836,,,2
4271,31836,,,0
4272,31841,,,1
4273,31499,,,9
4274,31401,,,5
4275,31401,,,5
4276,31689,,,3
4277,31689,,,2
4278,31689,,,7
4279,31689,,,8
4280,31689,,,3
4281,31592,,,6
4282,31592,,,-1
4283,31592,,,6
4284,31592,,,-1
4285,31783,,,11
4286,31783,,,10
4287,31783,,,10
4288,31783,,,13
4289,31784,,,3
4290,31784,,,7
4291,31784,,,6
4292,31784,,,6
4293,31511,,,2
4294,31603,,,16
4295,31603,,,13
4296,31603,,,4
4297,31603,,,13
4298,31603,,,4
4299,31603,,,18
4300,31603,,,9
4301,31600,,,5
4302,31600,,,3
4303,31600,,,8
4304,31712,,,22
4305,31712,,,21
4306,31712,,,2
4307,31712,,,27
4308,31712,,,21
4309,31712,,,17
4310,31712,,,8
4311,31575,,,1
4312,31833,,,9
4313,31833,,,4
4314,31833,,,4
4315,31833,,,0
4316,31535,,,14
4317,31535,,,20
4318,31535,,,7
4319,31535,,,1
4320,31535,,,9
4321,31535,,,37
4322,31535,,,29
4323,31535,,,21
4324,31479,,,23
4325,31479,,,11
4326,31652,,,13
4327,31652,,,6
4328,31583,,,8
4329,31583,,,8
4330,31758,,,14
4331,31758,,,14
4332,31758,,,15
4333,31758,,,0
4334,31758,,,16
4335,31634,,,0
4336,31774,,,8
4337,31774,,,12
4338,31774,,,13
4339,31774,,,-1
4340,31774,,,12
4341,31698,,,4
4342,31698,,,8
4343,31690,,,-1
4344,31690,,,10
4345,31690,,,13
4346,31690,,,1
4347,31700,,,11
4348,31700,,,18
4349,31700,,,7
4350,31700,,,8
4351,31700,,,0
4352,31688,,,12
4353,31688,,,18
4354,31691,,,3
4355,31691,,,15
4356,31464,,,21
4357,31464,,,67
4358,31464,,,67
4359,31464,,,65
4360,31753,,,3
4361,31753,,,-1
4362,31707,,,5
4363,31402,,,11
4364,31402,,,9
4365,31791,,,7
4366,31693,,,11
4367,31693,,,9
4368,31693,,,14
4369,31693,,,10
4370,31693,,,1
4371,31693,,,1
4372,31670,,,20
4373,31670,,,19
4374,31670,,,9
4375,31670,,,1
4376,31670,,,12
4377,31670,,,6
4378,31670,,,20
4379,31670,,,1
4380,31670,,,3
4381,31670,,,17
4382,31670,,,23
4383,31670,,,14
4384,31670,,,19
4385,31670,,,14
4386,31714,,,6
4387,31714,,,0
4388,31714,,,6
4389,31715,,,0
4390,31715,,,12
4391,31770,,,2
4392,31770,,,1
4393,31569,,,7
4394,31830,,,5
4395,31830,,,6
4396,31832,,,8
4397,31832,,,7
4398,31705,,,9
4399,31493,,,2
4400,31686,,,7
4401,31686,,,6
4402,31686,,,3
4403,31808,,,3
4404,31808,,,5
4405,31613,,,1
4406,31613,,,7
4407,31661,,,9
4408,31594,,,0
4409,31586,,,3
4410,31540,,,2
4411,31541,,,6
4412,31541,,,6
4413,31751,,,9
4414,31762,,,4
4415,31763,,,0
4416,31525,,,9
4417,31525,,,7
4418,31525,,,6
4419,31525,,,9
4420,31811,,,2
4421,31811,,,2
4422,31814,,,4
4423,31814,,,0
4424,31817,,,0
4425,31812,,,0
4426,31816,,,0
4427,31816,,,3
4428,31818,,,2
4429,31549,,,3
4430,31549,,,3
4431,31549,,,12
4432,31469,,,1
4433,31637,,,4
4434,31721,,,3
4435,31437,,,10
4436,31437,,,11
4437,31437,,,4
4438,31437,,,-1
4439,31437,,,1
4440,31437,,,10
4441,31736,,,0
4442,31738,,,3
4443,31435,,,2
4444,31486,,,-1
4445,31486,,,-1
4446,31650,,,3
4447,31771,,,8
4448,31771,,,10
4449,31771,,,4
4450,31771,,,6
4451,31516,,,6
4452,31490,,,3
4453,31490,,,0
4454,31572,,,4
4455,31572,,,0
4456,31850,,,8
4457,31850,,,8
4458,31850,,,3
4459,31839,,,1
4460,31838,,,7
4461,31567,,,2
4462,31567,,,2
4463,31567,,,2
4464,31706,,,1
4465,31706,,,3
4466,31716,,,6
4467,31717,,,10
4468,31666,,,3
4469,31417,,,3
4470,31417,,,0
4471,31510,,,1
4472,31403,,,11
4473,31403,,,1
4474,31403,,,0
4475,31403,,,10
4476,31799,,,5
4477,31765,,,3
4478,31765,,,0
4479,31466,,,2
4480,31623,,,0
4481,31624,,,1
4482,31625,,,4
4483,31625,,,4
4484,31625,,,3
4485,31625,,,1
4486,31625,,,5
4487,31713,,,3
4488,31672,,,3
4489,31672,,,6
4490,31672,,,10
4491,31672,,,5
4492,31496,,,2
4493,31591,,,4
4494,31767,,,8
4495,31767,,,3
4496,31608,,,0
4497,31519,,,9
4498,31519,,,9
4499,31726,,,6
4500,31726,,,6
4501,31548,,,9
4502,31545,,,4
4503,31358,,,0
4504,31731,,,1
4505,31731,,,0
4506,31731,,,5
4507,31662,,,1
4508,31732,,,0
4509,31660,,,15
4510,31660,,,11
4511,31660,,,14
4512,31660,,,4
4513,31660,,,15
4514,31710,,,8
4515,31749,,,3
4516,31749,,,13
4517,31456,,,1
4518,31456,,,15
4519,31456,,,15
4520,31434,,,18
4521,31434,,,3
4522,31434,,,11
4523,31434,,,15
4524,31434,,,2
4525,31747,,,6
4526,31747,,,9
4527,31747,,,9
4528,31747,,,6
4529,31444,,,1
4530,31444,,,6
4531,31444,,,6
4532,31445,,,4
4533,31445,,,3
4534,31445,,,5
4535,31445,,,4
4536,31462,,,7
4537,31462,,,7
4538,31534,,,3
4539,31792,,,1
4540,31845,,,6
4541,31845,,,6
4542,31557,,,4
4543,31557,,,12
4544,31683,,,26
4545,31683,,,14
4546,31683,,,11
4547,31683,,,11
4548,31683,,,6
4549,31452,,,7
4550,31452,,,3
4551,31517,,,9
4552,31517,,,11
4553,31440,,,15
4554,31559,,,11
4555,31658,,,12
4556,31849,,,5
4557,31849,,,7
4558,31849,,,11
4559,31849,,,11
4560,31849,,,3
4561,31849,,,7
4562,31636,,,2
4563,31636,,,0
4564,31568,,,1
4565,31568,,,0
4566,31471,,,2
4567,31748,,,3
4568,31748,,,0
4569,31748,,,3
4570,31748,,,5
4571,31627,,,14
4572,31627,,,16
4573,31627,,,2
4574,31627,,,13
4575,31709,,,4
4576,31685,,,11
4577,31685,,,6
4578,31685,,,13
4579,31685,,,17
4580,31826,,,6
4581,31826,,,3
4582,31826,,,10
4583,31399,,,20
4584,31399,,,5
4585,31399,,,8
4586,31399,,,5
4587,31671,,,17
4588,31669,,,12
4589,31669,,,12
4590,31801,,,5
4591,31801,,,10
4592,31801,,,5
4593,31574,,,3
4594,31699,,,6
4595,31846,,,17
4596,31846,,,15
4597,31846,,,14
4598,31846,,,15
4599,31846,,,8
4600,31846,,,8
4601,31542,,,1
4602,31542,,,1
4603,31565,,,2
4604,31638,,,8
4605,31793,,,4
4606,31793,,,15
4607,31793,,,17
4608,31566,,,11
4609,31566,,,5
4610,31426,,,11
4611,31426,,,11
4612,31593,,,7
4613,31629,,,7
4614,31629,,,5
4615,31757,,,8
4616,31757,,,8
4617,31414,,,3
4618,31631,,,13
4619,31631,,,13
4620,31630,,,9
4621,31410,,,28
4622,31410,,,1
4623,31410,,,10
4624,31410,,,24
4625,31410,,,31
4626,31410,,,7
4627,31410,,,9
4628,31410,,,28
4629,31410,,,30
4630,31410,,,19
4631,31406,,,10
4632,31406,,,5
4633,31406,,,13
4634,31406,,,0
4635,31406,,,16
4636,31406,,,8
4637,31406,,,10
4638,31411,,,19
4639,31411,,,19
4640,31411,,,32
4641,31411,,,30
4642,31411,,,29
4643,31411,,,18
4644,31411,,,22
4645,31411,,,27
4646,31411,,,0
4647,31411,,,30
4648,31411,,,16
4649,31411,,,32
4650,31411,,,20
4651,31411,,,16
4652,31411,,,20
4653,31411,,,10
4654,31411,,,22
4655,31409,,,17
4656,31409,,,13
4657,31409,,,0
4658,31412,,,18
4659,31412,,,26
4660,31412,,,15
4661,31412,,,18
4662,31412,,,17
4663,31412,,,27
4664,31412,,,5
4665,31412,,,15
4666,31412,,,26
4667,31412,,,27
4668,31412,,,10
4669,31407,,,13
4670,31407,,,17
4671,31407,,,17
4672,31407,,,3
4673,31407,,,12
4674,31407,,,18
4675,31407,,,5
4676,31407,,,4
4677,31407,,,15
4678,31407,,,12
4679,31407,,,21
4680,31408,,,22
4681,31408,,,5
4682,31408,,,21
4683,31408,,,9
4684,31408,,,31
4685,31408,,,5
4686,31408,,,29
4687,31408,,,9
4688,31408,,,4
4689,31408,,,0
4690,31405,,,9
4691,31405,,,13
4692,31405,,,3
4693,31405,,,19
4694,31405,,,6
4695,31405,,,11
4696,31405,,,9
4697,31405,,,11
4698,31405,,,4
4699,31405,,,17
4700,31405,,,5
4701,31405,,,17
4702,31459,,,10
4703,31460,,,8
4704,31460,,,7
4705,31472,,,9
4706,31472,,,16
4707,31472,,,15
4708,31472,,,5
4709,31472,,,14
4710,31472,,,13
4711,31472,,,13
4712,31472,,,4
4713,31543,,,10
4714,31543,,,2
4715,31612,,,23
4716,31612,,,17
4717,31612,,,15
4718,31614,,,14
4719,31614,,,13
4720,31614,,,15
4721,31614,,,17
4722,31614,,,15
4723,31507,,,1
4724,31507,,,52
4725,31507,,,30
4726,31507,,,18
4727,31507,,,27
4728,31507,,,18
4729,31507,,,54
4730,31507,,,14
4731,31507,,,27
4732,31507,,,24
4733,31507,,,13
4734,31507,,,9
4735,31507,,,45
4736,31507,,,42
4737,31507,,,27
4738,31507,,,6
4739,31507,,,39
4740,31823,,,6
4741,31823,,,19
4742,31497,,,17
4743,31497,,,16
4744,31497,,,16
4745,31497,,,10
4746,31497,,,11
4747,31497,,,7
4748,31497,,,7
4749,31684,,,5
4750,31684,,,5
4751,31684,,,8
4752,31684,,,13
4753,31562,,,7
4754,31562,,,0
4755,31562,,,0
4756,31682,,,13
4757,31454,,,6
4758,31579,,,4
4759,31579,,,9
4760,31579,,,10
4761,31427,,,10
4762,31427,,,1
4763,31427,,,10
4764,31427,,,8
4765,31825,,,4
4766,31587,,,2
4767,31587,,,4
4768,31587,,,3
4769,31587,,,3
4770,31756,,,4
4771,31654,,,3
4772,31746,,,4
4773,31364,,,2
4774,31364,,,1
4775,31364,,,2
4776,31364,,,1
4777,31605,,,11
4778,31605,,,21
4779,31605,,,5
4780,31605,,,21
4781,31605,,,10
4782,31605,,,6
4783,31605,,,29
4784,31605,,,9
4785,31605,,,6
4786,31605,,,8
4787,31605,,,23
4788,31605,,,16
4789,31605,,,20
4790,31605,,,11
4791,31605,,,14
4792,31834,,,10
4793,31834,,,6
4794,31834,,,13
4795,31555,,,7
4796,31555,,,7
4797,31697,,,6
4798,31697,,,6
4799,31697,,,0
4800,31697,,,1
4801,31697,,,17
4802,31561,,,-1
4803,31561,,,-1
4804,31848,,,8
4805,31750,,,23
4806,31750,,,23
4807,31750,,,13
4808,31431,,,3
4809,31431,,,2
4810,31779,,,6
4811,31779,,,6
4812,31851,,,1
4813,31656,,,0
4814,31481,,,3
4815,31755,,,7
4816,31755,,,3
4817,31837,,,0
4818,31837,,,0
4819,31558,,,5
4820,31558,,,2
4821,31694,,,19
4822,31694,,,7
4823,31596,,,14
4824,31597,,,13
4825,31597,,,19
4826,31597,,,13
4827,31695,,,16
4828,31695,,,12
4829,31695,,,15
4830,31425,,,10
4831,31425,,,11
4832,31425,,,16
4833,31425,,,8
4834,31425,,,6
4835,31824,,,0
4836,31518,,,10
4837,31764,,,3
4838,31764,,,3
4839,31610,,,9
4840,31610,,,5
4841,31610,,,6
4842,31610,,,5
4843,31610,,,8
4844,31610,,,13
4845,31604,,,9
4846,31604,,,7
4847,31604,,,10
4848,31604,,,17
4849,31604,,,23
4850,31604,,,3
4851,31554,,,12
4852,31554,,,17
4853,31554,,,14
4854,31554,,,12
4855,31554,,,14
4856,31829,,,2
4857,31829,,,11
4858,31829,,,2
4859,31829,,,18
4860,31829,,,12
4861,31829,,,4
4862,31829,,,15
4863,31829,,,18
4864,31829,,,12
4865,31829,,,11
4866,31829,,,8
4867,31607,,,12
4868,31607,,,7
4869,31607,,,12
4870,31607,,,1
4871,31687,,,9
4872,31687,,,10
4873,31687,,,9
4874,31687,,,11
4875,31687,,,10
4876,31313,,,5
4877,31313,,,0
4878,31313,,,2
4879,31313,,,3
4880,31840,,,18
4881,31840,,,1
4882,31840,,,12
4883,31840,,,15
4884,31840,,,4
4885,31840,,,17
4886,31840,,,0
4887,31404,,,40
4888,31404,,,33
4889,31404,,,32
4890,31404,,,29
4891,31404,,,6
4892,31404,,,42
4893,31404,,,40
4894,31404,,,3
4895,31404,,,36
4896,31404,,,32
4897,31404,,,33
4898,31404,,,30
4899,31404,,,28
4900,31404,,,42
4901,31537,,,5
4902,31722,,,9
4903,31722,,,9
4904,31628,,,3
4905,31628,,,3
4906,30480,,,1
4907,30910,,,3
4908,31744,,,3
4909,31744,,,3
4910,31584,,,1
4911,31584,,,1
4912,30518,,,1
4913,30521,,,1
4914,30522,,,0
4915,30523,,,1
4916,30525,,,0
4917,30525,,,0
4918,30503,,,1
4919,30503,,,0
4920,30503,,,0
4921,30506,,,1
4922,30506,,,1
4923,31531,,,3
4924,31668,,,0
4925,31668,,,1
4926,31573,,,7
4927,31754,,,8
4928,31578,,,1
4929,31809,,,0
4930,31809,,,1
4931,31809,,,0
4932,31813,,,0
4933,31813,,,2
4934,31500,,,0
4935,31501,,,5
4936,31649,,,3
4937,31649,,,3
4938,31788,,,4
4939,31788,,,1
4940,46422,,,1
4941,46430,,,-1
4942,46430,,,0
4943,46416,,,1
4944,46438,,,4
4945,46437,,,4
4946,46458,,,11
4947,46458,,,31
4948,46452,,,-1
4949,46451,,,2
4950,46451,,,13
4951,46451,,,14
4952,46451,,,10
4953,46445,,,2
4954,46445,,,0
4955,46441,,,3
4956,46444,,,0
4957,46454,,,2
4958,41065,,,2
4959,41065,,,2
4960,41065,,,1
4961,40987,,,3
4962,41030,,,3
4963,41133,,,3
4964,41085,,,0
4965,41085,,,0
4966,40993,,,3
4967,40993,,,1
4968,41044,,,3
4969,41060,,,3
4970,40982,,,2
4971,40991,,,3
4972,40991,,,3
4973,41019,,,1
4974,41019,,,-1
4975,41150,,,0
4976,40985,,,1
4977,40985,,,1
4978,41051,,,3
4979,41069,,,3
4980,41005,,,1
4981,41005,,,1
4982,41036,,,3
4983,41057,,,3
4984,41018,,,-1
4985,41078,,,3
4986,41014,,,1
4987,41014,,,1
4988,41084,,,1
4989,41084,,,3
4990,41084,,,2
4991,41062,,,2
4992,41062,,,3
4993,41040,,,3
4994,41040,,,3
4995,41046,,,3
4996,41025,,,3
4997,41071,,,3
4998,41021,,,3
4999,41021,,,2
5000,41076,,,3
5001,41048,,,3
5002,41003,,,0
5003,41004,,,3
5004,41004,,,2
5005,40989,,,2
5006,41033,,,0
5007,41033,,,2
5008,40984,,,2
5009,40984,,,2
5010,41035,,,3
5011,41043,,,0
5012,41043,,,3
5013,41043,,,3
5014,41077,,,1
5015,40994,,,3
5016,41079,,,0
5017,41079,,,1
5018,41079,,,1
5019,41079,,,2
5020,41045,,,1
5021,41045,,,1
5022,41045,,,0
5023,41066,,,1
5024,41066,,,1
5025,41067,,,3
5026,41067,,,1
5027,41031,,,1
5028,41031,,,2
5029,41031,,,3
5030,41023,,,3
5031,41015,,,2
5032,41015,,,3
5033,40955,,,0
5034,41119,,,0
5035,41119,,,0
5036,40977,,,0
5037,40942,,,0
5038,40980,,,1
5039,40963,,,1
5040,40967,,,0
5041,40967,,,1
5042,40943,,,1
5043,41112,,,5
5044,41109,,,2
5045,41109,,,5
5046,41113,,,1
5047,41113,,,1
5048,41098,,,1
5049,41108,,,5
5050,41094,,,3
5051,41094,,,3
5052,41094,,,7
5053,41107,,,2
5054,41107,,,3
5055,41099,,,3
5056,41099,,,1
5057,41099,,,4
5058,41099,,,3
5059,41110,,,4
5060,41110,,,2
5061,41087,,,5
5062,41086,,,0
5063,41086,,,1
5064,41086,,,5
5065,41086,,,5
5066,41086,,,2
5067,41120,,,4
5068,41120,,,3
5069,41120,,,0
5070,41120,,,1
5071,41103,,,1
5072,41103,,,1
5073,41103,,,5
5074,41091,,,0
5075,41091,,,0
5076,41091,,,1
5077,41101,,,4
5078,41092,,,8
5079,41092,,,5
5080,41092,,,3
5081,41092,,,8
5082,41092,,,0
5083,41092,,,2
5084,41095,,,0
5085,41095,,,2
5086,41095,,,2
5087,41104,,,8
5088,41104,,,8
5089,41104,,,9
5090,41104,,,3
5091,41104,,,3
5092,41100,,,0
5093,41100,,,0
5094,41127,,,5
5095,41128,,,8
5096,41130,,,3
5097,41144,,,2
5098,41144,,,2
5099,41147,,,14
5100,41146,,,2
5101,41136,,,0
5102,41136,,,1
5103,41140,,,4
5104,41159,,,4
5105,41159,,,3
5106,41042,,,1
5107,41042,,,1
5108,22522,,,3
5109,22483,,,0
5110,22491,,,2
5111,22491,,,2
5112,22359,,,3
5113,22385,,,2
5114,22430,,,0
5115,22668,,,3
5116,22668,,,2
5117,22445,,,0
5118,22523,,,2
5119,22488,,,0
5120,22372,,,3
5121,22372,,,0
5122,22457,,,1
5123,22423,,,3
5124,22423,,,1
5125,22464,,,1
5126,22464,,,1
5127,22464,,,3
5128,22473,,,2
5129,22473,,,2
5130,22448,,,0
5131,22439,,,0
5132,22524,,,3
5133,22438,,,3
5134,22438,,,1
5135,22479,,,1
5136,22479,,,3
5137,22479,,,1
5138,22354,,,3
5139,22469,,,1
5140,22469,,,1
5141,22462,,,1
5142,22462,,,3
5143,22475,,,1
5144,22475,,,1
5145,22426,,,1
5146,22426,,,1
5147,22444,,,3
5148,22441,,,3
5149,22474,,,0
5150,22476,,,0
5151,22417,,,0
5152,22435,,,3
5153,22435,,,1
5154,22435,,,1
5155,22461,,,1
5156,22516,,,3
5157,22466,,,3
5158,22466,,,1
5159,22480,,,3
5160,22480,,,2
5161,22480,,,2
5162,22465,,,3
5163,22472,,,2
5164,22472,,,0
5165,22472,,,3
5166,22460,,,0
5167,22410,,,0
5168,22502,,,1
5169,22513,,,3
5170,22396,,,3
5171,22353,,,3
5172,22505,,,2
5173,22505,,,3
5174,22492,,,3
5175,22492,,,3
5176,22414,,,1
5177,22412,,,1
5178,22412,,,1
5179,22362,,,1
5180,22362,,,1
5181,22515,,,2
5182,22411,,,3
5183,22482,,,3
5184,22376,,,3
5185,22521,,,1
5186,22611,,,3
5187,22366,,,3
5188,22405,,,3
5189,22391,,,0
5190,22391,,,2
5191,22392,,,2
5192,22409,,,3
5193,22506,,,3
5194,22507,,,0
5195,22384,,,3
5196,22384,,,3
5197,22381,,,3
5198,22386,,,1
5199,22415,,,3
5200,22351,,,3
5201,22351,,,3
5202,22416,,,2
5203,22416,,,2
5204,22345,,,1
5205,22317,,,0
5206,22346,,,1
5207,22334,,,1
5208,22330,,,0
5209,22341,,,1
5210,22320,,,0
5211,22347,,,0
5212,22536,,,3
5213,22542,,,3
5214,22529,,,7
5215,22535,,,3
5216,22530,,,3
5217,22530,,,4
5218,22530,,,4
5219,22533,,,1
5220,22531,,,2
5221,22531,,,2
5222,22540,,,5
5223,22538,,,2
5224,22538,,,1
5225,22534,,,3
5226,22537,,,4
5227,22537,,,7
5228,22570,,,11
5229,22570,,,15
5230,22570,,,8
5231,22570,,,5
5232,22605,,,7
5233,22601,,,25
5234,22676,,,0
5235,22567,,,4
5236,22567,,,2
5237,22692,,,7
5238,22625,,,9
5239,22669,,,8
5240,22691,,,6
5241,22595,,,1
5242,22599,,,14
5243,22547,,,14
5244,22547,,,15
5245,22544,,,5
5246,22588,,,2
5247,22588,,,3
5248,22701,,,3
5249,22620,,,8
5250,22620,,,8
5251,22686,,,15
5252,22686,,,18
5253,22686,,,16
5254,22686,,,6
5255,22693,,,5
5256,22642,,,5
5257,22642,,,4
5258,22642,,,2
5259,22642,,,4
5260,22617,,,13
5261,22639,,,11
5262,22572,,,2
5263,22572,,,3
5264,22643,,,0
5265,22643,,,3
5266,22644,,,8
5267,22644,,,6
5268,22644,,,3
5269,22644,,,13
5270,22568,,,7
5271,22652,,,13
5272,22652,,,13
5273,22652,,,14
5274,22550,,,10
5275,22602,,,4
5276,22679,,,10
5277,22594,,,-1
5278,22594,,,4
5279,22586,,,2
5280,22565,,,4
5281,22565,,,4
5282,22556,,,8
5283,22556,,,6
5284,22556,,,9
5285,22616,,,3
5286,22566,,,1
5287,22566,,,3
5288,22566,,,4
5289,22614,,,4
5290,22614,,,9
5291,22552,,,9
5292,22657,,,2
5293,22564,,,11
5294,22655,,,0
5295,22655,,,2
5296,22685,,,1
5297,22634,,,8
5298,22634,,,6
5299,22634,,,11
5300,22559,,,3
5301,22559,,,13
5302,22585,,,11
5303,22585,,,3
5304,22613,,,11
5305,22613,,,10
5306,22690,,,7
5307,22690,,,0
5308,22690,,,5
5309,22626,,,3
5310,22626,,,8
5311,22626,,,3
5312,22670,,,7
5313,22615,,,3
5314,22615,,,6
5315,22615,,,3
5316,22549,,,3
5317,22651,,,2
5318,22651,,,3
5319,22651,,,3
5320,22672,,,2
5321,22682,,,3
5322,22682,,,1
5323,22682,,,2
5324,22695,,,2
5325,22577,,,9
5326,22645,,,6
5327,22653,,,5
5328,22598,,,2
5329,22590,,,-1
5330,22603,,,1
5331,22696,,,1
5332,22335,,,1
5333,22335,,,1
5334,22336,,,0
5335,22337,,,1
5336,44770,,,1
5337,44770,,,1
5338,44770,,,3
5339,44693,,,3
5340,44693,,,0
5341,44693,,,0
5342,44647,,,1
5343,44777,,,1
5344,44777,,,1
5345,44677,,,1
5346,44677,,,1
5347,44677,,,2
5348,44992,,,1
5349,44992,,,3
5350,44660,,,3
5351,44669,,,1
5352,44675,,,3
5353,44803,,,3
5354,44809,,,1
5355,44978,,,2
5356,44978,,,3
5357,44978,,,2
5358,44695,,,0
5359,44642,,,2
5360,44642,,,3
5361,44674,,,2
5362,44689,,,3
5363,44689,,,0
5364,44791,,,2
5365,44791,,,1
5366,44791,,,3
5367,44791,,,3
5368,44767,,,3
5369,44767,,,3
5370,44767,,,2
5371,44663,,,3
5372,44761,,,0
5373,44664,,,1
5374,44696,,,1
5375,44696,,,1
5376,44670,,,2
5377,44670,,,2
5378,44670,,,3
5379,44679,,,0
5380,44679,,,3
5381,44650,,,2
5382,44650,,,3
5383,44807,,,1
5384,44799,,,1
5385,44698,,,3
5386,44635,,,3
5387,44635,,,1
5388,44694,,,3
5389,44793,,,1
5390,44662,,,3
5391,44654,,,3
5392,44654,,,0
5393,44789,,,0
5394,44789,,,3
5395,44727,,,1
5396,44747,,,3
5397,44747,,,1
5398,44735,,,1
5399,44733,,,1
5400,44733,,,3
5401,44733,,,1
5402,44711,,,1
5403,44745,,,0
5404,44718,,,1
5405,44718,,,1
5406,44732,,,3
5407,44732,,,3
5408,44732,,,3
5409,44709,,,2
5410,44709,,,0
5411,44709,,,1
5412,44736,,,0
5413,44702,,,1
5414,44702,,,3
5415,44702,,,3
5416,44704,,,3
5417,44704,,,0
5418,44969,,,3
5419,44728,,,2
5420,44728,,,3
5421,44728,,,2
5422,44714,,,1
5423,44714,,,1
5424,44749,,,1
5425,44749,,,1
5426,44740,,,3
5427,44729,,,1
5428,44710,,,1
5429,44710,,,1
5430,44720,,,3
5431,44746,,,3
5432,44725,,,3
5433,44725,,,1
5434,44725,,,0
5435,44725,,,1
5436,44739,,,2
5437,44739,,,3
5438,44739,,,1
5439,44730,,,0
5440,44754,,,1
5441,44754,,,3
5442,44731,,,3
5443,44957,,,3
5444,44957,,,1
5445,44723,,,0
5446,44778,,,3
5447,44781,,,1
5448,44782,,,3
5449,44783,,,0
5450,44659,,,1
5451,44659,,,1
5452,44753,,,1
5453,44717,,,1
5454,44726,,,0
5455,44742,,,3
5456,44738,,,0
5457,44738,,,0
5458,44764,,,3
5459,44668,,,3
5460,44668,,,1
5461,44760,,,3
5462,44655,,,3
5463,44655,,,0
5464,44690,,,1
5465,44690,,,3
5466,44768,,,3
5467,44775,,,0
5468,44775,,,2
5469,44775,,,1
5470,44652,,,0
5471,44652,,,1
5472,44649,,,3
5473,44649,,,3
5474,44649,,,0
5475,44801,,,3
5476,44678,,,2
5477,44678,,,0
5478,44678,,,3
5479,44645,,,0
5480,44737,,,0
5481,44722,,,2
5482,44751,,,1
5483,44751,,,1
5484,44751,,,3
5485,44708,,,1
5486,44708,,,3
5487,44708,,,3
5488,44712,,,3
5489,44712,,,1
5490,44719,,,0
5491,44719,,,0
5492,44719,,,3
5493,44713,,,1
5494,44713,,,2
5495,44741,,,1
5496,44715,,,1
5497,44715,,,1
5498,44703,,,1
5499,44703,,,2
5500,44703,,,0
5501,44703,,,0
5502,44716,,,0
5503,44716,,,2
5504,44716,,,0
5505,44716,,,2
5506,44716,,,0
5507,44676,,,3
5508,44676,,,0
5509,44810,,,2
5510,44810,,,3
5511,44658,,,0
5512,44804,,,2
5513,44804,,,3
5514,44774,,,2
5515,44665,,,1
5516,44665,,,1
5517,44665,,,0
5518,44665,,,3
5519,44792,,,0
5520,44792,,,2
5521,44766,,,1
5522,44634,,,0
5523,44794,,,1
5524,44638,,,3
5525,44653,,,2
5526,44653,,,2
5527,44653,,,3
5528,44808,,,0
5529,44786,,,3
5530,44648,,,2
5531,44648,,,2
5532,44759,,,3
5533,44755,,,2
5534,44755,,,1
5535,44755,,,3
5536,44755,,,2
5537,45024,,,3
5538,44776,,,1
5539,44776,,,1
5540,44776,,,3
5541,44639,,,3
5542,44613,,,0
5543,44613,,,1
5544,44611,,,0
5545,44611,,,1
5546,44618,,,0
5547,44602,,,1
5548,44633,,,1
5549,44624,,,1
5550,45012,,,1
5551,44630,,,1
5552,44612,,,1
5553,44621,,,1
5554,44506,,,0
5555,44832,,,5
5556,44832,,,4
5557,44859,,,1
5558,44834,,,2
5559,44834,,,3
5560,44862,,,7
5561,44862,,,-1
5562,44822,,,2
5563,44822,,,6
5564,44815,,,6
5565,44875,,,1
5566,44875,,,0
5567,44866,,,4
5568,44836,,,0
5569,44853,,,2
5570,44853,,,3
5571,44853,,,3
5572,44824,,,3
5573,44824,,,0
5574,44821,,,0
5575,44823,,,0
5576,44823,,,4
5577,44825,,,2
5578,44825,,,2
5579,44888,,,1
5580,44888,,,2
5581,44888,,,0
5582,44849,,,4
5583,44854,,,1
5584,44827,,,0
5585,44827,,,0
5586,44827,,,4
5587,44897,,,5
5588,44897,,,0
5589,44897,,,5
5590,44897,,,0
5591,44833,,,5
5592,44814,,,4
5593,44814,,,4
5594,44814,,,0
5595,44814,,,1
5596,44872,,,0
5597,44873,,,5
5598,44873,,,0
5599,44911,,,5
5600,44911,,,4
5601,44911,,,2
5602,44893,,,3
5603,44893,,,4
5604,44855,,,5
5605,44855,,,5
5606,44879,,,1
5607,44879,,,2
5608,44879,,,2
5609,44876,,,1
5610,44876,,,1
5611,44876,,,2
5612,44846,,,1
5613,44846,,,2
5614,44846,,,2
5615,44869,,,0
5616,44869,,,1
5617,44869,,,1
5618,44847,,,5
5619,44847,,,2
5620,44847,,,2
5621,44885,,,4
5622,44885,,,2
5623,44844,,,4
5624,44844,,,5
5625,44828,,,1
5626,44870,,,5
5627,44870,,,0
5628,44894,,,0
5629,44986,,,0
5630,44986,,,1
5631,44986,,,0
5632,44986,,,3
5633,44986,,,2
5634,44816,,,5
5635,44816,,,4
5636,44816,,,1
5637,44816,,,4
5638,44816,,,3
5639,44816,,,3
5640,44884,,,4
5641,44884,,,5
5642,44851,,,0
5643,44883,,,5
5644,44883,,,2
5645,44818,,,1
5646,44818,,,4
5647,44818,,,5
5648,44848,,,1
5649,44899,,,3
5650,44820,,,2
5651,44820,,,4
5652,44856,,,4
5653,44857,,,4
5654,44857,,,0
5655,44858,,,1
5656,44858,,,1
5657,44858,,,4
5658,44858,,,0
5659,44858,,,4
5660,44858,,,2
5661,44835,,,3
5662,44835,,,3
5663,44835,,,4
5664,44835,,,1
5665,44835,,,1
5666,44837,,,5
5667,44841,,,4
5668,44830,,,5
5669,44830,,,1
5670,44864,,,0
5671,44864,,,0
5672,44898,,,0
5673,44898,,,2
5674,44898,,,2
5675,44829,,,2
5676,44829,,,3
5677,44829,,,1
5678,44871,,,3
5679,44871,,,3
5680,44871,,,1
5681,44871,,,2
5682,44838,,,6
5683,44842,,,3
5684,44843,,,3
5685,44843,,,7
5686,44843,,,0
5687,44863,,,1
5688,44863,,,4
5689,44863,,,7
5690,44865,,,6
5691,44865,,,7
5692,44865,,,6
5693,44865,,,2
5694,44865,,,3
5695,44865,,,1
5696,44865,,,1
5697,44860,,,2
5698,44860,,,3
5699,44860,,,2
5700,44874,,,2
5701,44874,,,4
5702,44874,,,4
5703,44874,,,0
5704,44868,,,7
5705,44881,,,2
5706,44881,,,6
5707,44826,,,5
5708,44826,,,1
5709,44826,,,7
5710,44891,,,0
5711,44891,,,3
5712,44891,,,6
5713,44891,,,6
5714,44811,,,1
5715,44811,,,7
5716,44811,,,7
5717,44811,,,5
5718,44882,,,7
5719,44882,,,6
5720,44852,,,6
5721,44852,,,3
5722,44852,,,4
5723,44900,,,7
5724,44900,,,2
5725,44900,,,3
5726,44896,,,8
5727,44896,,,5
5728,44817,,,8
5729,44817,,,3
5730,44817,,,9
5731,44817,,,5
5732,44877,,,0
5733,44845,,,10
5734,44845,,,0
5735,44845,,,3
5736,44845,,,10
5737,44845,,,5
5738,44845,,,9
5739,44845,,,1
5740,44845,,,2
5741,44840,,,11
5742,44840,,,6
5743,44840,,,3
5744,44839,,,10
5745,44997,,,5
5746,44997,,,5
5747,45001,,,7
5748,44947,,,1
5749,44947,,,3
5750,44955,,,4
5751,44955,,,8
5752,44955,,,0
5753,44955,,,0
5754,44955,,,6
5755,44955,,,5
5756,44920,,,5
5757,44999,,,3
5758,44999,,,3
5759,44964,,,15
5760,44964,,,14
5761,44964,,,12
5762,44964,,,6
5763,44964,,,11
5764,44973,,,0
5765,44973,,,2
5766,44973,,,0
5767,44963,,,5
5768,44970,,,1
5769,44970,,,1
5770,44972,,,2
5771,44961,,,5
5772,44958,,,1
5773,44958,,,0
5774,44960,,,6
5775,44960,,,2
5776,44960,,,5
5777,44960,,,4
5778,44960,,,4
5779,44975,,,9
5780,44975,,,1
5781,44975,,,2
5782,44975,,,5
5783,44975,,,8
5784,44975,,,5
5785,44975,,,3
5786,44974,,,0
5787,44974,,,0
5788,44974,,,5
5789,44974,,,5
5790,44974,,,1
5791,45018,,,1
5792,44904,,,0
5793,44965,,,1
5794,44965,,,9
5795,44965,,,5
5796,44965,,,9
5797,44965,,,4
5798,44965,,,3
5799,44965,,,5
5800,44965,,,2
5801,44965,,,4
5802,44977,,,3
5803,44977,,,5
5804,44977,,,2
5805,44990,,,3
5806,44990,,,2
5807,44990,,,2
5808,44990,,,3
5809,44941,,,3
5810,44941,,,3
5811,44910,,,1
5812,44910,,,3
5813,44927,,,3
5814,44949,,,4
5815,44949,,,3
5816,44949,,,2
5817,44905,,,4
5818,44905,,,5
5819,44951,,,5
5820,44951,,,0
5821,44950,,,2
5822,44950,,,5
5823,44948,,,4
5824,44987,,,2
5825,44907,,,4
5826,45017,,,5
5827,45017,,,1
5828,45017,,,4
5829,44889,,,3
5830,44889,,,5
5831,44983,,,1
5832,44983,,,2
5833,44983,,,4
5834,44902,,,2
5835,44902,,,5
5836,44932,,,4
5837,44981,,,3
5838,44981,,,3
5839,44981,,,1
5840,44981,,,2
5841,44981,,,1
5842,44981,,,2
5843,44939,,,6
5844,44939,,,3
5845,44939,,,6
5846,44940,,,6
5847,44929,,,6
5848,44929,,,5
5849,44945,,,6
5850,44895,,,2
5851,44895,,,6
5852,44895,,,7
5853,44895,,,4
5854,44944,,,5
5855,44944,,,6
5856,44922,,,0
5857,44930,,,6
5858,44930,,,7
5859,44976,,,7
5860,44938,,,7
5861,44938,,,3
5862,44921,,,6
5863,44921,,,7
5864,44921,,,1
5865,45022,,,7
5866,44984,,,0
5867,44984,,,5
5868,44985,,,6
5869,44985,,,7
5870,44995,,,6
5871,44995,,,1
5872,44996,,,3
5873,44996,,,4
5874,44924,,,1
5875,44924,,,3
5876,44924,,,8
5877,44991,,,1
5878,44991,,,1
5879,44956,,,6
5880,44956,,,1
5881,44956,,,0
5882,44956,,,10
5883,44934,,,3
5884,44934,,,8
5885,44934,,,3
5886,44934,,,0
5887,44934,,,5
5888,44918,,,3
5889,44886,,,4
5890,44886,,,2
5891,44886,,,0
5892,44886,,,5
5893,44933,,,6
5894,44933,,,1
5895,44959,,,5
5896,44959,,,6
5897,44959,,,1
5898,44966,,,0
5899,44954,,,2
5900,45020,,,2
5901,44511,,,0
5902,6050,,,3
5903,6101,,,5
5904,6114,,,22
5905,6125,,,4
5906,6108,,,2
5907,6108,,,12
5908,6104,,,9
5909,6075,,,5
5910,4356,,,3
5911,4325,,,1
5912,4321,,,1
5913,4224,,,0
5914,4257,,,3
5915,4210,,,2
5916,4218,,,3
5917,4253,,,1
5918,4253,,,1
5919,4181,,,3
5920,4280,,,3
5921,4246,,,3
5922,4178,,,1
5923,4305,,,3
5924,4497,,,-1
5925,4281,,,0
5926,4281,,,0
5927,4179,,,3
5928,4235,,,1
5929,4249,,,3
5930,4243,,,0
5931,4275,,,1
5932,4233,,,1
5933,4255,,,1
5934,4227,,,3
5935,4245,,,3
5936,4164,,,0
5937,4165,,,1
5938,4166,,,0
5939,4167,,,0
5940,4286,,,1
5941,4327,,,3
5942,4176,,,3
5943,4293,,,3
5944,4192,,,1
5945,4211,,,0
5946,4277,,,0
5947,4242,,,1
5948,4151,,,0
5949,4153,,,1
5950,4076,,,0
5951,4088,,,1
5952,4147,,,1
5953,4126,,,0
5954,4126,,,0
5955,4354,,,5
5956,4342,,,15
5957,4342,,,30
5958,4342,,,19
5959,4342,,,30
5960,4342,,,13
5961,4341,,,8
5962,4377,,,7
5963,4377,,,2
5964,4338,,,1
5965,4348,,,0
5966,4442,,,9
5967,4553,,,1
5968,4452,,,4
5969,4452,,,8
5970,4435,,,3
5971,4435,,,8
5972,4479,,,16
5973,4475,,,9
5974,4475,,,9
5975,4475,,,13
5976,4530,,,3
5977,4407,,,-1
5978,4379,,,6
5979,4378,,,7
5980,4400,,,2
5981,4540,,,2
5982,4540,,,4
5983,4431,,,6
5984,4447,,,6
5985,4371,,,8
5986,4443,,,-1
5987,4454,,,42
5988,4454,,,-1
5989,4478,,,4
5990,4478,,,-1
5991,4478,,,3
5992,4478,,,18
5993,4478,,,3
5994,4397,,,3
5995,4345,,,1
5996,4345,,,6
5997,4345,,,1
5998,4398,,,3
5999,4440,,,3
6000,4433,,,5
6001,4493,,,4
6002,4476,,,7
6003,4496,,,0
6004,4496,,,6
6005,4436,,,1
6006,4445,,,2
6007,4490,,,0
6008,4423,,,3
6009,4508,,,11
6010,4508,,,14
6011,4508,,,11
6012,4504,,,-1
6013,4504,,,1
6014,4499,,,26
6015,4386,,,-1
6016,4434,,,5
6017,4373,,,6
6018,4532,,,6
6019,4395,,,-1
6020,4401,,,-1
6021,4453,,,13
6022,4453,,,15
6023,4555,,,-1
6024,12255,,,2
6025,12255,,,3
6026,12250,,,3
6027,12250,,,0
6028,12196,,,0
6029,12214,,,3
6030,12198,,,3
6031,12219,,,3
6032,12219,,,0
6033,12213,,,1
6034,12213,,,0
6035,12235,,,0
6036,12235,,,3
6037,12235,,,0
6038,12243,,,2
6039,12243,,,3
6040,12275,,,3
6041,12277,,,2
6042,12224,,,1
6043,12224,,,0
6044,12224,,,1
6045,12246,,,2
6046,12246,,,2
6047,12208,,,1
6048,12245,,,1
6049,12245,,,1
6050,12203,,,2
6051,12203,,,3
6052,12231,,,3
6053,12223,,,0
6054,12244,,,3
6055,12212,,,3
6056,12216,,,0
6057,12253,,,0
6058,12253,,,1
6059,12253,,,1
6060,12233,,,3
6061,12263,,,3
6062,12228,,,1
6063,12240,,,3
6064,12237,,,2
6065,12237,,,3
6066,12229,,,1
6067,12229,,,0
6068,12227,,,3
6069,12314,,,1
6070,12314,,,3
6071,12314,,,1
6072,12238,,,3
6073,12249,,,1
6074,12251,,,2
6075,12251,,,2
6076,12254,,,3
6077,12187,,,3
6078,12188,,,0
6079,12256,,,0
6080,12256,,,3
6081,12256,,,0
6082,12267,,,3
6083,12217,,,3
6084,12262,,,3
6085,12236,,,3
6086,12272,,,3
6087,12209,,,2
6088,12209,,,2
6089,12194,,,3
6090,12190,,,1
6091,12190,,,1
6092,12201,,,3
6093,12234,,,3
6094,12234,,,0
6095,12273,,,1
6096,12273,,,0
6097,12273,,,3
6098,12218,,,2
6099,12218,,,0
6100,12204,,,2
6101,12204,,,0
6102,12204,,,3
6103,12276,,,3
6104,12276,,,1
6105,12225,,,3
6106,38962,,,1
6107,12169,,,1
6108,12180,,,0
6109,12164,,,0
6110,12164,,,0
6111,12175,,,1
6112,12185,,,1
6113,12177,,,1
6114,12174,,,0
6115,12165,,,1
6116,12298,,,2
6117,12298,,,4
6118,12291,,,6
6119,12295,,,5
6120,12295,,,1
6121,12295,,,0
6122,12295,,,5
6123,12294,,,0
6124,12288,,,4
6125,12296,,,4
6126,12296,,,5
6127,12292,,,5
6128,12292,,,5
6129,12297,,,0
6130,12297,,,0
6131,12297,,,5
6132,12297,,,5
6133,12308,,,8
6134,12311,,,5
6135,12311,,,5
6136,12311,,,9
6137,12300,,,0
6138,48847,,,2
6139,48847,,,2
6140,48938,,,1
6141,48923,,,2
6142,48923,,,1
6143,48923,,,1
6144,48940,,,1
6145,48904,,,1
6146,48895,,,3
6147,48906,,,2
6148,48908,,,3
6149,48941,,,0
6150,48903,,,1
6151,48898,,,1
6152,48898,,,1
6153,48880,,,1
6154,48913,,,1
6155,48913,,,1
6156,48942,,,0
6157,48874,,,3
6158,48846,,,0
6159,48846,,,3
6160,48935,,,2
6161,48935,,,2
6162,48911,,,1
6163,48848,,,2
6164,48848,,,2
6165,48918,,,3
6166,48918,,,1
6167,48916,,,3
6168,48916,,,0
6169,48900,,,0
6170,48852,,,1
6171,48852,,,1
6172,48879,,,1
6173,48845,,,2
6174,48882,,,1
6175,48882,,,0
6176,48882,,,1
6177,48867,,,0
6178,48867,,,1
6179,48867,,,1
6180,48885,,,1
6181,48885,,,1
6182,48875,,,3
6183,48865,,,3
6184,48939,,,2
6185,48939,,,2
6186,48939,,,3
6187,48912,,,3
6188,48927,,,0
6189,48902,,,1
6190,48862,,,2
6191,48862,,,2
6192,48861,,,1
6193,48896,,,3
6194,48854,,,3
6195,48890,,,3
6196,48869,,,3
6197,48869,,,1
6198,48869,,,2
6199,48869,,,1
6200,48869,,,2
6201,48884,,,3
6202,48924,,,1
6203,48924,,,0
6204,48924,,,1
6205,48924,,,0
6206,48917,,,3
6207,48856,,,1
6208,48856,,,1
6209,48849,,,3
6210,48851,,,1
6211,48851,,,1
6212,48866,,,0
6213,48866,,,1
6214,48866,,,0
6215,48872,,,0
6216,48907,,,0
6217,48907,,,3
6218,48910,,,1
6219,48922,,,1
6220,48922,,,1
6221,48922,,,2
6222,48857,,,3
6223,48919,,,2
6224,48919,,,2
6225,48891,,,3
6226,48972,,,3
6227,48972,,,1
6228,48972,,,1
6229,48926,,,2
6230,48926,,,1
6231,48921,,,1
6232,48864,,,1
6233,48920,,,0
6234,48831,,,0
6235,48831,,,0
6236,48839,,,1
6237,48946,,,16
6238,48946,,,0
6239,48946,,,15
6240,48946,,,5
6241,48946,,,14
6242,48946,,,11
6243,48946,,,16
6244,48946,,,14
6245,48946,,,18
6246,48946,,,1
6247,48946,,,11
6248,48946,,,1
6249,48943,,,0
6250,48943,,,1
6251,48947,,,4
6252,48945,,,1
6253,48945,,,0
6254,48945,,,1
6255,48976,,,2
6256,48964,,,3
6257,48963,,,2
6258,48975,,,1
6259,48975,,,2
6260,48983,,,6
6261,48944,,,6
6262,48944,,,8
6263,48967,,,5
6264,48957,,,7
6265,48957,,,8
6266,48957,,,9
6267,48957,,,6
6268,48954,,,7
6269,48954,,,-1
6270,48954,,,5
6271,48982,,,5
6272,48961,,,5
6273,48969,,,4
6274,48969,,,1
6275,48969,,,1
6276,48965,,,0
6277,48965,,,11
6278,48965,,,9
6279,48965,,,9
6280,48971,,,6
6281,48971,,,0
6282,48977,,,7
6283,48977,,,3
6284,48978,,,0
6285,48978,,,0
6286,48951,,,3
6287,48951,,,3
6288,48951,,,8
6289,48958,,,9
6290,48956,,,1
6291,48956,,,1
6292,48956,,,0
6293,48956,,,0
6294,48959,,,4
6295,48960,,,5
6296,48960,,,9
6297,48974,,,8
6298,48974,,,2
6299,48984,,,8
6300,48984,,,0
6301,48984,,,3
6302,48984,,,3
6303,48962,,,4
6304,48962,,,2
6305,48962,,,3
6306,48962,,,5
6307,48980,,,1
6308,48979,,,0
6309,48979,,,3
6310,48979,,,3
6311,48979,,,1
6312,48973,,,2
6313,48973,,,9
6314,48973,,,7
6315,48973,,,2
6316,48981,,,5
6317,48981,,,3
6318,48970,,,6
6319,48970,,,5
6320,48824,,,1
6321,45156,,,2
6322,45156,,,3
6323,45169,,,0
6324,45169,,,0
6325,45170,,,0
6326,45170,,,1
6327,45170,,,1
6328,45170,,,3
6329,45154,,,1
6330,45154,,,1
6331,45162,,,0
6332,45181,,,3
6333,45166,,,0
6334,45173,,,1
6335,45173,,,0
6336,45173,,,0
6337,45150,,,1
6338,45150,,,0
6339,45150,,,0
6340,45168,,,3
6341,45168,,,1
6342,45158,,,2
6343,45158,,,1
6344,45158,,,0
6345,45158,,,1
6346,45158,,,2
6347,45285,,,1
6348,45140,,,1
6349,45111,,,0
6350,45118,,,1
6351,45060,,,0
6352,45144,,,1
6353,45073,,,1
6354,45123,,,1
6355,45083,,,1
6356,45254,,,23
6357,45254,,,5
6358,45254,,,6
6359,45254,,,9
6360,45254,,,21
6361,45254,,,9
6362,45254,,,7
6363,45254,,,6
6364,45254,,,5
6365,45254,,,21
6366,45254,,,7
6367,45182,,,5
6368,45233,,,1
6369,45233,,,0
6370,45233,,,2
6371,45203,,,5
6372,45203,,,0
6373,45225,,,4
6374,45225,,,2
6375,45225,,,3
6376,45204,,,9
6377,45204,,,2
6378,45204,,,12
6379,45204,,,2
6380,45261,,,14
6381,45277,,,0
6382,45277,,,5
6383,45277,,,4
6384,45290,,,5
6385,45259,,,4
6386,45259,,,5
6387,45216,,,5
6388,45209,,,0
6389,45209,,,1
6390,45197,,,2
6391,45197,,,2
6392,45263,,,0
6393,45263,,,0
6394,45263,,,1
6395,45272,,,0
6396,45217,,,2
6397,45217,,,2
6398,45291,,,21
6399,45291,,,19
6400,45291,,,19
6401,45291,,,9
6402,45284,,,6
6403,45284,,,1
6404,45284,,,1
6405,45266,,,3
6406,45215,,,4
6407,45215,,,2
6408,45244,,,1
6409,45260,,,-1
6410,45249,,,2
6411,45249,,,2
6412,45229,,,-1
6413,45274,,,6
6414,45274,,,14
6415,45274,,,10
6416,45288,,,0
6417,45227,,,0
6418,45292,,,5
6419,45275,,,1
6420,45223,,,3
6421,45224,,,3
6422,45224,,,2
6423,45224,,,3
6424,45208,,,0
6425,45213,,,1
6426,45213,,,0
6427,51874,,,1
6428,51874,,,2
6429,51874,,,1
6430,51837,,,2
6431,51883,,,3
6432,51914,,,0
6433,51835,,,3
6434,51865,,,3
6435,51842,,,3
6436,51935,,,1
6437,51907,,,2
6438,51843,,,0
6439,51843,,,1
6440,51916,,,3
6441,51933,,,1
6442,51869,,,2
6443,51830,,,3
6444,51839,,,3
6445,51823,,,1
6446,51851,,,1
6447,51825,,,2
6448,51854,,,3
6449,51876,,,3
6450,51877,,,0
6451,51877,,,0
6452,51867,,,3
6453,51875,,,1
6454,51882,,,0
6455,51847,,,2
6456,51859,,,2
6457,51872,,,0
6458,51819,,,3
6459,51871,,,1
6460,51871,,,3
6461,51848,,,3
6462,51822,,,1
6463,51822,,,1
6464,51834,,,0
6465,51860,,,2
6466,51860,,,1
6467,51821,,,1
6468,51821,,,3
6469,51821,,,2
6470,51809,,,1
6471,51809,,,2
6472,51890,,,2
6473,51890,,,2
6474,51923,,,2
6475,51938,,,3
6476,51814,,,3
6477,51746,,,0
6478,51727,,,1
6479,51718,,,1
6480,51709,,,0
6481,51804,,,1
6482,51777,,,1
6483,51750,,,1
6484,51753,,,1
6485,51753,,,1
6486,51743,,,0
6487,51790,,,1
6488,51791,,,1
6489,51737,,,1
6490,51752,,,1
6491,51733,,,0
6492,51735,,,1
6493,51723,,,1
6494,51745,,,1
6495,51799,,,0
6496,51726,,,0
6497,51738,,,1
6498,51731,,,0
6499,51945,,,1
6500,51945,,,5
6501,51943,,,7
6502,51943,,,1
6503,51943,,,7
6504,51944,,,4
6505,51944,,,2
6506,51947,,,0
6507,51986,,,11
6508,51986,,,3
6509,51955,,,4
6510,51955,,,4
6511,51989,,,4
6512,51977,,,9
6513,51977,,,7
6514,51952,,,3
6515,51952,,,6
6516,51952,,,5
6517,51975,,,20
6518,51975,,,20
6519,51975,,,16
6520,51976,,,2
6521,51985,,,7
6522,51985,,,2
6523,51992,,,1
6524,51756,,,0
6525,51957,,,0
6526,51963,,,0
6527,51784,,,0
6528,51784,,,1
6529,51785,,,1
6530,51785,,,1
6531,51993,,,4
6532,51993,,,11
6533,51993,,,1
6534,51993,,,2
6535,51962,,,9
6536,51971,,,11
6537,51971,,,14
6538,51967,,,1
6539,51967,,,1
6540,51967,,,2
6541,51967,,,6
6542,51965,,,3
6543,30023,,,1
6544,30023,,,1
6545,30014,,,3
6546,30014,,,3
6547,30011,,,2
6548,30011,,,2
6549,29964,,,3
6550,30109,,,0
6551,30109,,,2
6552,30031,,,3
6553,29983,,,0
6554,30029,,,1
6555,30029,,,3
6556,29969,,,3
6557,30098,,,3
6558,29989,,,0
6559,29970,,,0
6560,29970,,,0
6561,29977,,,3
6562,29981,,,2
6563,30090,,,0
6564,30079,,,2
6565,30079,,,3
6566,30018,,,1
6567,30018,,,1
6568,30053,,,3
6569,30054,,,3
6570,30091,,,3
6571,30034,,,3
6572,30002,,,3
6573,30111,,,0
6574,30111,,,3
6575,30038,,,3
6576,30046,,,1
6577,30046,,,1
6578,30102,,,0
6579,30084,,,3
6580,30117,,,3
6581,30085,,,3
6582,30022,,,1
6583,29967,,,3
6584,30094,,,2
6585,30019,,,3
6586,30061,,,0
6587,30061,,,0
6588,30051,,,0
6589,30059,,,2
6590,30059,,,2
6591,30059,,,1
6592,30032,,,0
6593,30032,,,1
6594,30041,,,3
6595,30041,,,1
6596,30041,,,1
6597,29980,,,3
6598,30071,,,0
6599,30071,,,2
6600,30071,,,2
6601,30043,,,3
6602,30105,,,2
6603,30105,,,3
6604,30039,,,2
6605,30096,,,3
6606,30040,,,3
6607,30027,,,3
6608,30024,,,3
6609,30072,,,1
6610,30072,,,1
6611,30058,,,2
6612,30058,,,3
6613,30058,,,3
6614,29999,,,3
6615,30056,,,3
6616,30005,,,3
6617,30005,,,2
6618,29978,,,1
6619,29978,,,1
6620,30013,,,3
6621,30055,,,3
6622,30045,,,3
6623,30063,,,1
6624,30063,,,2
6625,30063,,,2
6626,30063,,,3
6627,30057,,,1
6628,30057,,,1
6629,30057,,,3
6630,30049,,,2
6631,30049,,,1
6632,30049,,,1
6633,30069,,,3
6634,30070,,,1
6635,30070,,,1
6636,30092,,,3
6637,30116,,,3
6638,30104,,,1
6639,30104,,,1
6640,30066,,,3
6641,30100,,,3
6642,30100,,,1
6643,30073,,,2
6644,30033,,,1
6645,30030,,,3
6646,29976,,,3
6647,29997,,,0
6648,30012,,,2
6649,30006,,,3
6650,30118,,,3
6651,30118,,,0
6652,30118,,,2
6653,30118,,,2
6654,30119,,,3
6655,30119,,,1
6656,30021,,,3
6657,30110,,,0
6658,30120,,,3
6659,30120,,,2
6660,30120,,,2
6661,29965,,,3
6662,29971,,,0
6663,29998,,,2
6664,30004,,,3
6665,30004,,,1
6666,30004,,,1
6667,30004,,,3
6668,30001,,,1
6669,29985,,,3
6670,30112,,,1
6671,30112,,,3
6672,29955,,,0
6673,29955,,,0
6674,29949,,,0
6675,29949,,,0
6676,29951,,,1
6677,29951,,,1
6678,29948,,,1
6679,29961,,,0
6680,29945,,,0
6681,30146,,,1
6682,30146,,,0
6683,29947,,,1
6684,29957,,,1
6685,29953,,,1
6686,29956,,,1
6687,29942,,,0
6688,29942,,,0
6689,29943,,,1
6690,30126,,,1
6691,30126,,,4
6692,30131,,,2
6693,30131,,,2
6694,30131,,,0
6695,30131,,,1
6696,30131,,,1
6697,30131,,,4
6698,30132,,,3
6699,30132,,,3
6700,30132,,,4
6701,30132,,,4
6702,30122,,,1
6703,30122,,,4
6704,30122,,,7
6705,30122,,,4
6706,30124,,,6
6707,30124,,,1
6708,30124,,,1
6709,30176,,,0
6710,30130,,,7
6711,30130,,,5
6712,30129,,,5
6713,30129,,,4
6714,30129,,,9
6715,30129,,,4
6716,30128,,,9
6717,30128,,,12
6718,30128,,,11
6719,30128,,,13
6720,30128,,,11
6721,30128,,,12
6722,30161,,,5
6723,30170,,,1
6724,30170,,,5
6725,30170,,,3
6726,30170,,,7
6727,30170,,,8
6728,30170,,,2
6729,30170,,,5
6730,30170,,,7
6731,30170,,,12
6732,30170,,,11
6733,30170,,,1
6734,30127,,,3
6735,30127,,,4
6736,30127,,,4
6737,30127,,,3
6738,30137,,,3
6739,30137,,,3
6740,30137,,,16
6741,30137,,,12
6742,30137,,,0
6743,30137,,,2
6744,30137,,,19
6745,30137,,,5
6746,30137,,,13
6747,30137,,,13
6748,30137,,,15
6749,30137,,,5
6750,30137,,,14
6751,30137,,,11
6752,30137,,,9
6753,30137,,,17
6754,30137,,,12
6755,30172,,,8
6756,30172,,,1
6757,30123,,,6
6758,30151,,,8
6759,30166,,,0
6760,30162,,,1
6761,30162,,,9
6762,30162,,,1
6763,30165,,,1
6764,30165,,,9
6765,30165,,,1
6766,30154,,,1
6767,30136,,,6
6768,30178,,,0
6769,30175,,,21
6770,30175,,,5
6771,30175,,,8
6772,30175,,,2
6773,30175,,,16
6774,30175,,,21
6775,30175,,,2
6776,30175,,,8
6777,30175,,,16
6778,30175,,,12
6779,30175,,,18
6780,30181,,,3
6781,30181,,,11
6782,30181,,,11
6783,30179,,,9
6784,30179,,,6
6785,30179,,,3
6786,30179,,,3
6787,30148,,,7
6788,30148,,,8
6789,30148,,,8
6790,30148,,,0
6791,30147,,,6
6792,30147,,,6
6793,30147,,,11
6794,30147,,,7
6795,30147,,,12
6796,30147,,,5
6797,30147,,,11
6798,30147,,,10
6799,30147,,,4
6800,30147,,,10
6801,30147,,,12
6802,30159,,,8
6803,30159,,,8
6804,30037,,,3
6805,30015,,,3
6806,29944,,,0
6807,30157,,,4
6808,30145,,,2
6809,30145,,,7
6810,30145,,,2
6811,30135,,,2
6812,30140,,,4
6813,30144,,,10
6814,40543,,,0
6815,40542,,,3
6816,40545,,,3
6817,40544,,,2
6818,10108,,,3
6819,10183,,,1
6820,10183,,,1
6821,10090,,,2
6822,10090,,,2
6823,10097,,,3
6824,10153,,,0
6825,10159,,,1
6826,10159,,,2
6827,10176,,,0
6828,10103,,,1
6829,10103,,,0
6830,10103,,,2
6831,10100,,,1
6832,10135,,,3
6833,10171,,,0
6834,10127,,,3
6835,10125,,,1
6836,10162,,,0
6837,10177,,,1
6838,10111,,,3
6839,10111,,,0
6840,10167,,,0
6841,10168,,,1
6842,10168,,,1
6843,10109,,,3
6844,10109,,,0
6845,10178,,,3
6846,10117,,,3
6847,10524,,,3
6848,10524,,,0
6849,10121,,,3
6850,10147,,,3
6851,10105,,,0
6852,10148,,,1
6853,10181,,,3
6854,10181,,,3
6855,10098,,,3
6856,10150,,,3
6857,10150,,,3
6858,10013,,,0
6859,10040,,,0
6860,10039,,,1
6861,10039,,,1
6862,10054,,,1
6863,10033,,,1
6864,10305,,,5
6865,10310,,,3
6866,10208,,,0
6867,10299,,,0
6868,10244,,,3
6869,10317,,,4
6870,10317,,,4
6871,10370,,,0
6872,10322,,,-1
6873,10449,,,4
6874,10231,,,0
6875,10415,,,2
6876,10415,,,0
6877,10456,,,5
6878,10545,,,1
6879,10445,,,1
6880,10395,,,9
6881,10394,,,10
6882,10548,,,7
6883,10548,,,7
6884,10508,,,9
6885,10195,,,1
6886,10282,,,7
6887,10455,,,0
6888,10392,,,4
6889,10392,,,5
6890,10194,,,5
6891,10402,,,2
6892,10402,,,5
6893,10402,,,2
6894,10401,,,6
6895,10409,,,6
6896,10526,,,3
6897,10530,,,7
6898,10315,,,6
6899,10192,,,6
6900,10472,,,0
6901,10377,,,5
6902,10501,,,2
6903,10213,,,-1
6904,10217,,,1
6905,10340,,,9
6906,10227,,,7
6907,10227,,,7
6908,10519,,,5
6909,10499,,,1
6910,10294,,,2
6911,10361,,,3
6912,10552,,,7
6913,10228,,,5
6914,10368,,,3
6915,10285,,,4
6916,10540,,,8
6917,10540,,,9
6918,10253,,,2
6919,10191,,,0
6920,10372,,,0
6921,10329,,,5
6922,10329,,,0
6923,10345,,,5
6924,10489,,,8
6925,10331,,,2
6926,10212,,,1
6927,10215,,,-1
6928,10250,,,6
6929,10333,,,7
6930,10464,,,5
6931,10408,,,6
6932,10408,,,7
6933,10408,,,9
6934,10408,,,4
6935,10408,,,4
6936,10443,,,5
6937,10246,,,1
6938,10248,,,5
6939,10510,,,15
6940,10510,,,12
6941,10226,,,4
6942,24253,,,2
6943,24268,,,1
6944,24260,,,2
6945,24260,,,2
6946,24262,,,1
6947,24262,,,2
6948,24262,,,2
6949,24267,,,1
6950,24257,,,3
6951,24240,,,0
6952,24270,,,5
6953,24270,,,1
6954,24271,,,4
6955,24271,,,3
6956,24271,,,3
6957,24271,,,5
6958,24271,,,4
6959,24274,,,3
6960,11300,,,3
6961,11247,,,3
6962,11247,,,2
6963,11264,,,3
6964,11269,,,1
6965,11269,,,3
6966,11269,,,3
6967,11249,,,1
6968,11249,,,0
6969,11303,,,2
6970,11303,,,0
6971,11303,,,2
6972,11242,,,2
6973,11274,,,1
6974,11274,,,0
6975,11266,,,0
6976,11266,,,3
6977,11403,,,3
6978,11278,,,3
6979,11251,,,3
6980,11245,,,2
6981,11245,,,1
6982,11245,,,1
6983,11245,,,3
6984,11246,,,0
6985,11246,,,3
6986,11246,,,3
6987,11283,,,2
6988,11283,,,2
6989,11289,,,3
6990,11284,,,3
6991,11244,,,3
6992,11244,,,2
6993,11253,,,3
6994,11323,,,2
6995,11297,,,3
6996,11297,,,0
6997,11262,,,2
6998,11240,,,0
6999,11243,,,1
7000,11243,,,1
7001,11206,,,3
7002,11201,,,0
7003,11180,,,1
7004,11180,,,1
7005,11214,,,1
7006,11214,,,3
7007,11202,,,2
7008,11179,,,0
7009,11179,,,0
7010,11294,,,0
7011,11210,,,3
7012,11186,,,1
7013,11186,,,1
7014,11340,,,3
7015,11197,,,3
7016,11197,,,3
7017,11341,,,1
7018,11223,,,2
7019,11223,,,2
7020,11165,,,1
7021,11163,,,3
7022,11163,,,0
7023,11225,,,3
7024,11308,,,3
7025,11233,,,0
7026,11195,,,3
7027,11177,,,0
7028,11259,,,2
7029,11259,,,2
7030,11287,,,0
7031,11271,,,3
7032,11286,,,3
7033,11286,,,1
7034,11257,,,3
7035,11257,,,3
7036,11257,,,3
7037,11257,,,0
7038,11255,,,2
7039,11255,,,3
7040,11267,,,3
7041,11267,,,0
7042,11254,,,3
7043,11281,,,3
7044,11169,,,2
7045,11170,,,3
7046,11170,,,0
7047,11260,,,3
7048,11256,,,3
7049,11261,,,2
7050,11261,,,2
7051,11261,,,2
7052,11270,,,0
7053,11270,,,0
7054,11171,,,2
7055,11174,,,3
7056,11290,,,1
7057,11290,,,1
7058,11258,,,3
7059,11332,,,1
7060,11332,,,0
7061,11332,,,3
7062,11336,,,0
7063,11336,,,2
7064,11336,,,0
7065,11336,,,3
7066,11336,,,1
7067,11336,,,0
7068,11336,,,1
7069,11336,,,3
7070,11336,,,2
7071,11203,,,1
7072,11203,,,0
7073,11203,,,1
7074,11334,,,1
7075,11334,,,3
7076,11204,,,3
7077,11204,,,0
7078,11204,,,1
7079,11208,,,1
7080,11335,,,0
7081,11335,,,1
7082,11321,,,3
7083,11321,,,2
7084,11321,,,3
7085,11321,,,0
7086,11313,,,3
7087,11313,,,3
7088,11230,,,3
7089,11232,,,3
7090,11226,,,3
7091,11338,,,2
7092,11272,,,2
7093,11291,,,0
7094,11213,,,3
7095,11329,,,0
7096,11329,,,3
7097,11118,,,0
7098,11118,,,0
7099,11097,,,0
7100,11097,,,0
7101,11094,,,0
7102,11086,,,0
7103,11150,,,1
7104,11102,,,0
7105,11102,,,0
7106,11105,,,1
7107,11145,,,1
7108,11145,,,1
7109,11134,,,1
7110,11134,,,0
7111,11126,,,1
7112,11091,,,1
7113,11147,,,1
7114,11147,,,0
7115,11137,,,1
7116,11366,,,1
7117,11366,,,9
7118,11366,,,0
7119,11366,,,7
7120,11366,,,2
7121,11366,,,3
7122,11376,,,8
7123,11376,,,8
7124,11360,,,4
7125,11360,,,4
7126,11355,,,0
7127,11378,,,2
7128,11358,,,4
7129,11358,,,5
7130,11358,,,5
7131,11354,,,7
7132,11354,,,0
7133,11357,,,5
7134,11359,,,4
7135,11359,,,4
7136,11359,,,5
7137,11356,,,7
7138,11379,,,1
7139,11377,,,7
7140,11345,,,5
7141,11375,,,5
7142,11375,,,1
7143,11353,,,2
7144,11353,,,12
7145,11353,,,10
7146,11353,,,2
7147,11344,,,4
7148,11344,,,4
7149,11372,,,2
7150,11372,,,8
7151,11372,,,3
7152,11348,,,3
7153,11348,,,3
7154,11381,,,2
7155,11381,,,3
7156,11381,,,0
7157,11352,,,4
7158,11352,,,1
7159,11352,,,3
7160,11382,,,4
7161,11349,,,6
7162,11349,,,7
7163,11370,,,4
7164,11370,,,5
7165,11370,,,4
7166,11361,,,7
7167,11361,,,1
7168,11363,,,5
7169,11368,,,2
7170,11369,,,1
7171,11374,,,1
7172,11374,,,2
7173,11405,,,21
7174,11404,,,7
7175,11420,,,2
7176,11408,,,11
7177,11408,,,2
7178,11408,,,12
7179,11392,,,46
7180,11392,,,14
7181,11392,,,44
7182,11392,,,33
7183,11392,,,45
7184,11392,,,29
7185,11392,,,47
7186,11392,,,27
7187,11392,,,45
7188,11394,,,-1
7189,11419,,,1
7190,11419,,,4
7191,11393,,,4
7192,11411,,,4
7193,11412,,,3
7194,11417,,,12
7195,11418,,,6
7196,11385,,,14
7197,11402,,,11
7198,11401,,,10
7199,11396,,,10
7200,11396,,,8
7201,11396,,,8
7202,11396,,,10
7203,11386,,,8
7204,11386,,,8
7205,11386,,,8
7206,11386,,,8
7207,11383,,,4
7208,11383,,,5
7209,11414,,,5
7210,11421,,,5
7211,11421,,,1
7212,11421,,,0
7213,11115,,,1
7214,11115,,,0
7215,11188,,,0
7216,28305,,,3
7217,28305,,,0
7218,28326,,,2
7219,28309,,,3
7220,28308,,,0
7221,28324,,,3
7222,28324,,,3
7223,28315,,,3
7224,28333,,,3
7225,28333,,,0
7226,28306,,,2
7227,28306,,,3
7228,28306,,,1
7229,28319,,,0
7230,28323,,,0
7231,28307,,,1
7232,28314,,,3
7233,28325,,,3
7234,28330,,,1
7235,28340,,,1
7236,28237,,,1
7237,28299,,,1
7238,28255,,,0
7239,28269,,,0
7240,28269,,,1
7241,28267,,,1
7242,28236,,,0
7243,28236,,,1
7244,28230,,,1
7245,28230,,,0
7246,28230,,,0
7247,28292,,,0
7248,28293,,,1
7249,28293,,,1
7250,28294,,,1
7251,28288,,,0
7252,28266,,,1
7253,28271,,,1
7254,28242,,,0
7255,28277,,,1
7256,28301,,,1
7257,28278,,,1
7258,28283,,,0
7259,28290,,,0
7260,28290,,,0
7261,28290,,,0
7262,28290,,,1
7263,28232,,,1
7264,28349,,,4
7265,28349,,,3
7266,28350,,,5
7267,28348,,,6
7268,28348,,,6
7269,28348,,,7
7270,28342,,,5
7271,28342,,,6
7272,28342,,,4
7273,24436,,,10
7274,28364,,,1
7275,28364,,,17
7276,28364,,,25
7277,28364,,,26
7278,28359,,,3
7279,28363,,,9
7280,28363,,,4
7281,28381,,,1
7282,28381,,,-1
7283,28369,,,16
7284,28369,,,12
7285,28369,,,2
7286,28369,,,13
7287,28345,,,0
7288,28345,,,0
7289,28357,,,-1
7290,28390,,,0
7291,28390,,,1
7292,28361,,,3
7293,28361,,,6
7294,28361,,,6
7295,28251,,,0
7296,22168,,,3
7297,16063,,,3
7298,16063,,,3
7299,16024,,,3
7300,16040,,,1
7301,16189,,,3
7302,16242,,,3
7303,16014,,,3
7304,16142,,,2
7305,16142,,,2
7306,16113,,,3
7307,16160,,,3
7308,16237,,,2
7309,16230,,,0
7310,16016,,,1
7311,16243,,,0
7312,16175,,,3
7313,16206,,,1
7314,16206,,,1
7315,16100,,,1
7316,16351,,,1
7317,16143,,,0
7318,16035,,,0
7319,16244,,,1
7320,16076,,,0
7321,16147,,,0
7322,16147,,,0
7323,16080,,,3
7324,16210,,,0
7325,16052,,,1
7326,16211,,,3
7327,16201,,,0
7328,16201,,,0
7329,16166,,,3
7330,16166,,,3
7331,16117,,,3
7332,16251,,,1
7333,16251,,,3
7334,16220,,,3
7335,16131,,,3
7336,16192,,,3
7337,16068,,,2
7338,16151,,,3
7339,16095,,,3
7340,16187,,,3
7341,16214,,,0
7342,16178,,,0
7343,16056,,,1
7344,16056,,,3
7345,16157,,,1
7346,16130,,,3
7347,16055,,,0
7348,16213,,,0
7349,16205,,,3
7350,16109,,,3
7351,16164,,,3
7352,16168,,,0
7353,16094,,,2
7354,16116,,,3
7355,16144,,,3
7356,16233,,,1
7357,16233,,,1
7358,16149,,,2
7359,16149,,,2
7360,16048,,,2
7361,16048,,,2
7362,16037,,,3
7363,16137,,,1
7364,16137,,,2
7365,16174,,,1
7366,16081,,,3
7367,16081,,,1
7368,16081,,,1
7369,16129,,,3
7370,16124,,,3
7371,16120,,,3
7372,16120,,,2
7373,16009,,,3
7374,16136,,,0
7375,16051,,,3
7376,16409,,,1
7377,35513,,,3
7378,16118,,,3
7379,16118,,,3
7380,16108,,,0
7381,16156,,,0
7382,16167,,,1
7383,16167,,,3
7384,16235,,,0
7385,16032,,,1
7386,16154,,,0
7387,16077,,,3
7388,16087,,,3
7389,16247,,,2
7390,16030,,,0
7391,16050,,,1
7392,16050,,,3
7393,16169,,,1
7394,16026,,,2
7395,16026,,,2
7396,16082,,,3
7397,16046,,,3
7398,16071,,,2
7399,16071,,,3
7400,16195,,,3
7401,16253,,,2
7402,16253,,,2
7403,16119,,,0
7404,16119,,,1
7405,16097,,,3
7406,16219,,,3
7407,16110,,,2
7408,16176,,,3
7409,16125,,,2
7410,16125,,,2
7411,16215,,,3
7412,16215,,,0
7413,16215,,,0
7414,16191,,,2
7415,16007,,,0
7416,15995,,,0
7417,15995,,,0
7418,15962,,,1
7419,15980,,,1
7420,16380,,,1
7421,15952,,,0
7422,15954,,,1
7423,15993,,,1
7424,15958,,,1
7425,16006,,,1
7426,15988,,,1
7427,15992,,,0
7428,15982,,,1
7429,15964,,,0
7430,15956,,,1
7431,15970,,,0
7432,16003,,,0
7433,16308,,,4
7434,16289,,,4
7435,16289,,,5
7436,16286,,,5
7437,16306,,,5
7438,16306,,,4
7439,16275,,,5
7440,16267,,,5
7441,16417,,,5
7442,16257,,,5
7443,16264,,,5
7444,16273,,,4
7445,16273,,,5
7446,16265,,,1
7447,16279,,,5
7448,16279,,,1
7449,16279,,,1
7450,16262,,,5
7451,16291,,,4
7452,16277,,,2
7453,16277,,,4
7454,16277,,,1
7455,16256,,,4
7456,16256,,,4
7457,16287,,,1
7458,16270,,,4
7459,16270,,,4
7460,16261,,,6
7461,16261,,,4
7462,16261,,,7
7463,16311,,,5
7464,16274,,,6
7465,16274,,,6
7466,16274,,,5
7467,16274,,,1
7468,16263,,,0
7469,16263,,,7
7470,16283,,,2
7471,16283,,,9
7472,16283,,,2
7473,16280,,,7
7474,16280,,,7
7475,16295,,,1
7476,16268,,,9
7477,16268,,,4
7478,16304,,,4
7479,16304,,,0
7480,16299,,,8
7481,16299,,,0
7482,16285,,,3
7483,16285,,,8
7484,16285,,,3
7485,16294,,,10
7486,16294,,,1
7487,16294,,,11
7488,16294,,,10
7489,16278,,,1
7490,16278,,,6
7491,16305,,,9
7492,16305,,,4
7493,16305,,,6
7494,16305,,,4
7495,16305,,,9
7496,16395,,,15
7497,16395,,,20
7498,16395,,,20
7499,16395,,,17
7500,16395,,,6
7501,16259,,,21
7502,16259,,,21
7503,16259,,,9
7504,16259,,,23
7505,16259,,,7
7506,16259,,,26
7507,16259,,,4
7508,16266,,,24
7509,16266,,,36
7510,16266,,,37
7511,16266,,,43
7512,16266,,,31
7513,16266,,,26
7514,16266,,,25
7515,16266,,,31
7516,16266,,,43
7517,16266,,,25
7518,16266,,,3
7519,16272,,,5
7520,16410,,,3
7521,16041,,,3
7522,16345,,,-1
7523,16400,,,2
7524,16334,,,2
7525,16324,,,3
7526,16350,,,7
7527,16384,,,0
7528,16426,,,4
7529,16426,,,0
7530,16426,,,5
7531,16271,,,6
7532,16421,,,1
7533,16301,,,3
7534,16301,,,3
7535,16301,,,4
7536,16347,,,5
7537,16347,,,6
7538,16312,,,6
7539,16367,,,9
7540,16367,,,2
7541,16362,,,9
7542,16325,,,4
7543,16361,,,6
7544,16361,,,3
7545,16358,,,8
7546,16415,,,5
7547,16366,,,2
7548,16366,,,2
7549,16390,,,2
7550,16390,,,1
7551,16392,,,9
7552,16392,,,6
7553,16372,,,4
7554,16372,,,3
7555,16372,,,3
7556,16378,,,2
7557,16427,,,2
7558,16427,,,4
7559,16427,,,6
7560,16391,,,9
7561,16391,,,1
7562,16391,,,-1
7563,16391,,,5
7564,16391,,,9
7565,16391,,,13
7566,16341,,,17
7567,16341,,,1
7568,16341,,,2
7569,16341,,,7
7570,16341,,,7
7571,16363,,,11
7572,16363,,,11
7573,16348,,,0
7574,16387,,,5
7575,16419,,,3
7576,16419,,,1
7577,16357,,,0
7578,16360,,,0
7579,16316,,,-1
7580,16418,,,4
7581,16418,,,2
7582,16418,,,2
7583,16418,,,3
7584,16428,,,1
7585,16388,,,7
7586,16321,,,2
7587,16431,,,1
7588,16432,,,3
7589,16365,,,13
7590,16365,,,5
7591,16365,,,8
7592,16365,,,14
7593,16365,,,14
7594,16365,,,15
7595,16365,,,12
7596,16374,,,2
7597,35831,,,3
7598,38415,,,1
7599,35806,,,0
7600,35837,,,0
7601,35837,,,6
7602,35838,,,4
7603,35838,,,4
7604,35844,,,1
7605,35843,,,7
7606,35842,,,15
7607,35842,,,14
7608,35840,,,8
7609,35840,,,6
7610,35833,,,2
7611,35833,,,5
7612,35833,,,2
7613,35833,,,3
7614,35833,,,0
7615,35833,,,1
7616,35833,,,3
7617,35875,,,1
7618,35863,,,3
7619,36187,,,2
7620,36187,,,0
7621,36247,,,2
7622,36020,,,0
7623,36169,,,4
7624,36169,,,5
7625,35868,,,9
7626,36036,,,3
7627,35970,,,4
7628,35970,,,0
7629,36099,,,2
7630,36188,,,10
7631,36188,,,10
7632,35915,,,5
7633,35915,,,5
7634,36252,,,3
7635,36252,,,5
7636,36252,,,3
7637,36234,,,2
7638,36239,,,3
7639,36241,,,0
7640,36242,,,0
7641,36242,,,1
7642,36263,,,3
7643,35881,,,1
7644,35865,,,2
7645,35865,,,2
7646,35985,,,2
7647,35985,,,2
7648,35988,,,4
7649,35997,,,3
7650,35980,,,-1
7651,36229,,,2
7652,35851,,,1
7653,35889,,,-1
7654,35889,,,2
7655,35852,,,1
7656,35873,,,2
7657,35845,,,7
7658,36092,,,7
7659,36094,,,2
7660,36095,,,6
7661,36189,,,9
7662,36048,,,10
7663,36048,,,6
7664,36048,,,10
7665,35896,,,5
7666,35966,,,2
7667,35966,,,6
7668,36031,,,0
7669,35947,,,3
7670,35855,,,8
7671,35855,,,14
7672,36273,,,0
7673,36271,,,5
7674,36244,,,3
7675,36244,,,0
7676,35904,,,4
7677,35905,,,1
7678,35911,,,4
7679,36013,,,2
7680,36141,,,8
7681,35973,,,2
7682,36185,,,3
7683,36150,,,6
7684,36150,,,4
7685,36281,,,3
7686,36281,,,6
7687,36281,,,0
7688,36281,,,3
7689,35848,,,5
7690,35846,,,3
7691,36279,,,-1
7692,36279,,,-1
7693,35984,,,3
7694,36280,,,6
7695,36280,,,3
7696,36282,,,7
7697,36282,,,6
7698,36275,,,3
7699,36296,,,14
7700,36277,,,3
7701,36251,,,1
7702,36283,,,4
7703,36290,,,3
7704,36173,,,5
7705,36067,,,2
7706,36175,,,6
7707,36176,,,3
7708,36012,,,5
7709,36174,,,2
7710,36174,,,1
7711,36221,,,5
7712,36228,,,2
7713,36228,,,9
7714,36228,,,9
7715,36226,,,2
7716,36226,,,3
7717,36226,,,4
7718,36225,,,6
7719,35946,,,3
7720,35946,,,0
7721,36107,,,2
7722,36102,,,7
7723,36105,,,3
7724,36105,,,0
7725,36131,,,2
7726,36065,,,6
7727,36065,,,6
7728,36138,,,7
7729,36138,,,7
7730,35948,,,3
7731,36103,,,1
7732,36103,,,0
7733,36118,,,2
7734,35995,,,5
7735,36134,,,0
7736,36134,,,5
7737,36112,,,3
7738,36111,,,7
7739,36111,,,3
7740,36119,,,7
7741,36121,,,3
7742,35987,,,0
7743,35987,,,1
7744,36286,,,4
7745,36287,,,4
7746,36026,,,13
7747,36026,,,12
7748,36051,,,1
7749,36161,,,5
7750,35969,,,7
7751,36191,,,3
7752,36162,,,10
7753,35926,,,2
7754,35929,,,7
7755,36146,,,2
7756,36146,,,1
7757,35999,,,1
7758,36179,,,3
7759,36163,,,5
7760,36147,,,3
7761,36147,,,0
7762,36178,,,0
7763,36177,,,1
7764,36177,,,1
7765,36177,,,2
7766,36177,,,1
7767,36057,,,2
7768,36145,,,1
7769,36145,,,1
7770,35938,,,7
7771,43911,,,3
7772,43923,,,1
7773,43923,,,1
7774,36262,,,3
7775,35994,,,0
7776,35964,,,1
7777,35965,,,-1
7778,19457,,,0
7779,19396,,,1
7780,19405,,,3
7781,19389,,,1
7782,19389,,,1
7783,19389,,,3
7784,19389,,,2
7785,19389,,,3
7786,19475,,,0
7787,19399,,,3
7788,19400,,,1
7789,19391,,,3
7790,19418,,,1
7791,19418,,,1
7792,19425,,,3
7793,19425,,,0
7794,19425,,,2
7795,19423,,,0
7796,19423,,,2
7797,19427,,,3
7798,19427,,,1
7799,19450,,,3
7800,19419,,,2
7801,19419,,,1
7802,19419,,,3
7803,19426,,,3
7804,19426,,,0
7805,19430,,,2
7806,19436,,,3
7807,19420,,,3
7808,19420,,,1
7809,19420,,,1
7810,19428,,,1
7811,19428,,,0
7812,19428,,,1
7813,19428,,,3
7814,19617,,,2
7815,19617,,,3
7816,19432,,,3
7817,19433,,,2
7818,19433,,,-1
7819,19429,,,1
7820,19422,,,1
7821,19443,,,3
7822,19443,,,3
7823,19446,,,0
7824,19447,,,1
7825,19447,,,3
7826,19437,,,3
7827,19437,,,0
7828,19440,,,2
7829,19440,,,3
7830,19431,,,3
7831,19438,,,0
7832,19421,,,2
7833,19421,,,3
7834,19421,,,0
7835,19445,,,3
7836,19476,,,3
7837,19398,,,1
7838,19409,,,3
7839,19466,,,0
7840,19462,,,3
7841,19404,,,0
7842,19404,,,1
7843,19404,,,1
7844,19404,,,0
7845,19473,,,3
7846,19473,,,1
7847,19473,,,1
7848,19390,,,1
7849,19390,,,2
7850,19390,,,1
7851,19390,,,0
7852,19390,,,3
7853,19414,,,0
7854,19375,,,1
7855,19375,,,1
7856,19375,,,0
7857,19481,,,0
7858,19481,,,3
7859,19479,,,3
7860,19479,,,1
7861,19479,,,1
7862,19451,,,2
7863,19452,,,0
7864,19453,,,3
7865,19372,,,2
7866,19374,,,2
7867,19464,,,2
7868,19464,,,0
7869,19483,,,3
7870,19484,,,3
7871,19484,,,1
7872,19486,,,0
7873,19490,,,0
7874,19490,,,3
7875,19487,,,3
7876,19487,,,2
7877,19488,,,1
7878,19412,,,2
7879,19413,,,2
7880,19413,,,3
7881,19413,,,2
7882,19381,,,0
7883,19417,,,0
7884,19417,,,2
7885,19376,,,3
7886,19395,,,3
7887,19395,,,2
7888,19401,,,2
7889,19468,,,0
7890,19468,,,1
7891,19468,,,1
7892,19468,,,2
7893,19469,,,1
7894,19469,,,1
7895,19469,,,3
7896,19469,,,2
7897,19482,,,3
7898,19378,,,3
7899,19408,,,3
7900,19397,,,0
7901,19471,,,2
7902,19402,,,0
7903,19402,,,2
7904,19474,,,2
7905,19474,,,3
7906,19410,,,2
7907,19442,,,0
7908,19442,,,1
7909,19442,,,1
7910,19463,,,3
7911,19463,,,1
7912,19435,,,3
7913,19444,,,1
7914,19444,,,1
7915,19444,,,3
7916,19369,,,1
7917,19369,,,1
7918,19403,,,1
7919,19403,,,2
7920,19403,,,1
7921,19454,,,2
7922,19454,,,3
7923,19392,,,3
7924,19359,,,0
7925,19358,,,0
7926,19306,,,1
7927,19295,,,1
7928,19297,,,1
7929,19297,,,0
7930,19542,,,0
7931,19282,,,0
7932,19282,,,0
7933,19321,,,1
7934,19300,,,1
7935,19300,,,1
7936,19300,,,0
7937,19300,,,0
7938,19302,,,0
7939,19334,,,1
7940,19345,,,0
7941,19345,,,1
7942,19305,,,1
7943,19360,,,0
7944,19277,,,0
7945,19331,,,0
7946,19338,,,1
7947,19354,,,1
7948,19337,,,1
7949,19341,,,1
7950,19341,,,0
7951,19341,,,0
7952,19307,,,0
7953,19324,,,0
7954,19324,,,0
7955,19278,,,0
7956,19278,,,0
7957,19352,,,1
7958,19352,,,0
7959,19564,,,1
7960,19365,,,1
7961,19308,,,0
7962,19308,,,1
7963,19308,,,1
7964,19311,,,1
7965,19312,,,0
7966,19328,,,1
7967,19284,,,0
7968,19351,,,1
7969,19351,,,1
7970,19283,,,1
7971,19344,,,1
7972,19288,,,1
7973,19503,,,2
7974,19517,,,10
7975,19517,,,10
7976,19499,,,9
7977,19499,,,9
7978,19499,,,7
7979,19497,,,9
7980,19497,,,1
7981,19501,,,6
7982,19501,,,11
7983,19501,,,11
7984,19501,,,6
7985,19498,,,23
7986,19498,,,0
7987,19498,,,11
7988,19498,,,1
7989,19498,,,4
7990,19498,,,18
7991,19498,,,9
7992,19498,,,22
7993,19498,,,29
7994,19498,,,28
7995,19498,,,2
7996,19498,,,11
7997,19498,,,22
7998,19502,,,2
7999,19502,,,2
8000,19502,,,3
8001,19502,,,3
8002,19513,,,5
8003,19507,,,2
8004,19507,,,5
8005,19507,,,0
8006,19505,,,4
8007,19505,,,2
8008,19505,,,3
8009,19505,,,0
8010,19505,,,2
8011,19505,,,0
8012,19510,,,2
8013,19510,,,1
8014,19510,,,0
8015,19504,,,7
8016,19504,,,4
8017,19506,,,5
8018,19509,,,3
8019,19508,,,2
8020,19508,,,1
8021,19500,,,9
8022,19500,,,8
8023,19514,,,6
8024,19514,,,6
8025,19516,,,1
8026,19494,,,1
8027,19512,,,2
8028,19512,,,2
8029,19492,,,11
8030,19492,,,8
8031,19493,,,4
8032,19493,,,4
8033,19511,,,7
8034,19511,,,3
8035,19511,,,8
8036,19511,,,9
8037,19511,,,7
8038,19511,,,2
8039,19592,,,11
8040,19592,,,4
8041,19592,,,3
8042,19592,,,4
8043,19515,,,1
8044,19515,,,3
8045,19515,,,3
8046,19579,,,6
8047,19579,,,5
8048,19580,,,5
8049,19459,,,1
8050,19460,,,0
8051,19546,,,5
8052,19566,,,6
8053,19548,,,3
8054,19597,,,0
8055,19596,,,5
8056,19596,,,15
8057,19596,,,13
8058,19596,,,15
8059,19596,,,17
8060,19596,,,3
8061,19596,,,17
8062,19636,,,4
8063,19521,,,13
8064,19535,,,9
8065,19604,,,1
8066,19588,,,5
8067,19588,,,9
8068,19588,,,5
8069,19588,,,1
8070,19532,,,11
8071,19532,,,7
8072,19532,,,4
8073,19532,,,10
8074,19568,,,1
8075,19586,,,7
8076,19586,,,6
8077,19586,,,10
8078,19586,,,1
8079,19586,,,1
8080,19586,,,11
8081,19586,,,12
8082,19586,,,6
8083,19586,,,11
8084,19591,,,11
8085,19591,,,14
8086,19591,,,6
8087,19648,,,9
8088,19648,,,5
8089,19649,,,1
8090,19550,,,0
8091,19550,,,0
8092,19550,,,2
8093,19632,,,3
8094,19545,,,12
8095,19545,,,11
8096,19545,,,3
8097,19545,,,24
8098,19545,,,14
8099,19545,,,3
8100,19645,,,19
8101,19646,,,7
8102,19646,,,12
8103,19650,,,18
8104,19650,,,13
8105,19650,,,18
8106,19650,,,15
8107,19650,,,17
8108,19584,,,3
8109,19584,,,5
8110,19584,,,6
8111,19584,,,3
8112,19533,,,17
8113,19533,,,12
8114,19533,,,6
8115,19533,,,11
8116,19533,,,12
8117,19533,,,4
8118,19533,,,7
8119,19533,,,3
8120,19533,,,11
8121,19533,,,4
8122,19533,,,1
8123,19533,,,1
8124,19533,,,2
8125,19621,,,8
8126,19621,,,18
8127,19621,,,17
8128,19621,,,4
8129,19621,,,3
8130,19621,,,18
8131,19601,,,1
8132,19601,,,1
8133,19600,,,9
8134,19600,,,2
8135,19600,,,1
8136,19600,,,9
8137,19631,,,0
8138,19551,,,8
8139,19590,,,2
8140,19590,,,15
8141,19590,,,12
8142,19590,,,3
8143,19590,,,7
8144,19589,,,3
8145,19589,,,2
8146,19589,,,7
8147,19615,,,0
8148,19614,,,4
8149,19614,,,0
8150,19614,,,2
8151,19606,,,1
8152,19611,,,5
8153,19611,,,1
8154,19608,,,1
8155,19608,,,3
8156,19608,,,1
8157,19616,,,1
8158,19644,,,3
8159,19644,,,9
8160,19644,,,9
8161,19644,,,0
8162,19644,,,1
8163,19613,,,2
8164,19613,,,2
8165,19618,,,1
8166,19553,,,4
8167,19552,,,13
8168,19552,,,2
8169,19544,,,5
8170,19544,,,7
8171,19544,,,3
8172,19587,,,2
8173,19625,,,-1
8174,19526,,,1
8175,19595,,,1
8176,19595,,,0
8177,19595,,,0
8178,19642,,,3
8179,19642,,,2
8180,19529,,,3
8181,19529,,,3
8182,19529,,,-1
8183,19529,,,6
8184,19620,,,2
8185,19620,,,2
8186,19620,,,3
8187,19620,,,3
8188,19465,,,1
8189,19465,,,1
8190,19581,,,12
8191,19581,,,7
8192,19581,,,11
8193,19581,,,2
8194,19582,,,4
8195,19582,,,17
8196,19582,,,7
8197,19582,,,16
8198,19582,,,6
8199,19582,,,3
8200,19582,,,13
8201,19582,,,5
8202,19582,,,8
8203,19569,,,7
8204,19525,,,1
8205,19525,,,0
8206,19525,,,3
8207,19525,,,9
8208,19628,,,4
8209,19628,,,5
8210,19640,,,1
8211,19640,,,2
8212,19640,,,0
8213,19598,,,5
8214,19519,,,1
8215,19519,,,7
8216,19519,,,3
8217,19520,,,1
8218,19549,,,1
8219,19522,,,1
8220,19558,,,0
8221,19558,,,3
8222,19559,,,-1
8223,19560,,,2
8224,19562,,,2
8225,19524,,,6
8226,19652,,,3
8227,19652,,,6
8228,19652,,,3
8229,19652,,,3
8230,19593,,,17
8231,19593,,,10
8232,19603,,,12
8233,19603,,,9
8234,19603,,,2
8235,19603,,,28
8236,19603,,,7
8237,19603,,,11
8238,19567,,,1
8239,19626,,,7
8240,19626,,,7
8241,19641,,,4
8242,19641,,,7
8243,19530,,,2
8244,19530,,,3
8245,19647,,,2
8246,19647,,,7
8247,19647,,,11
8248,19647,,,12
8249,19647,,,2
8250,19647,,,7
8251,19647,,,11
8252,19647,,,13
8253,23181,,,1
8254,23113,,,0
8255,23134,,,3
8256,23160,,,3
8257,23178,,,3
8258,23156,,,1
8259,23145,,,2
8260,23155,,,3
8261,23207,,,3
8262,23234,,,3
8263,23101,,,1
8264,23101,,,1
8265,23147,,,1
8266,23147,,,1
8267,23077,,,1
8268,23088,,,1
8269,23072,,,1
8270,19112,,,1
8271,19139,,,3
8272,19158,,,3
8273,19134,,,0
8274,19160,,,3
8275,19152,,,2
8276,19178,,,3
8277,19155,,,3
8278,19105,,,-1
8279,19069,,,3
8280,19069,,,0
8281,19036,,,1
8282,19187,,,4
8283,19185,,,9
8284,19189,,,1
8285,9514,,,0
8286,9514,,,1
8287,9521,,,1
8288,9521,,,9
8289,9521,,,9
8290,9523,,,12
8291,9523,,,14
8292,9523,,,9
8293,9526,,,13
8294,9526,,,12
8295,9526,,,0
8296,9524,,,13
8297,9524,,,5
8298,24605,,,3
8299,24590,,,3
8300,24779,,,4
8301,24785,,,13
8302,24785,,,12
8303,24785,,,21
8304,24785,,,12
8305,24777,,,1
8306,24822,,,4
8307,49534,,,3
8308,49522,,,3
8309,49522,,,3
8310,49525,,,1
8311,49525,,,1
8312,49526,,,2
8313,49526,,,2
8314,49527,,,1
8315,49527,,,0
8316,49527,,,0
8317,49527,,,1
8318,49527,,,3
8319,49476,,,0
8320,49476,,,2
8321,49477,,,2
8322,49477,,,3
8323,49477,,,2
8324,49478,,,3
8325,49507,,,3
8326,49507,,,2
8327,49502,,,0
8328,49502,,,1
8329,49502,,,1
8330,49519,,,0
8331,49501,,,3
8332,49518,,,1
8333,49486,,,3
8334,49486,,,0
8335,49486,,,1
8336,49486,,,1
8337,49486,,,3
8338,49533,,,3
8339,49503,,,3
8340,49521,,,3
8341,49521,,,1
8342,49521,,,2
8343,49521,,,2
8344,49484,,,0
8345,49489,,,3
8346,49489,,,1
8347,49532,,,1
8348,49532,,,1
8349,49481,,,2
8350,49481,,,3
8351,49523,,,1
8352,49523,,,0
8353,49483,,,2
8354,49464,,,0
8355,49464,,,0
8356,49455,,,0
8357,49369,,,0
8358,49459,,,1
8359,49753,,,0
8360,49753,,,0
8361,49434,,,0
8362,49439,,,0
8363,49439,,,0
8364,49462,,,0
8365,49462,,,1
8366,49535,,,14
8367,49535,,,14
8368,49535,,,9
8369,49535,,,9
8370,49535,,,4
8371,49535,,,17
8372,49535,,,10
8373,49546,,,18
8374,49546,,,15
8375,49546,,,18
8376,49546,,,15
8377,49546,,,13
8378,49546,,,19
8379,49546,,,13
8380,49542,,,8
8381,49795,,,8
8382,49538,,,-1
8383,49538,,,19
8384,49538,,,19
8385,49540,,,5
8386,49543,,,6
8387,49543,,,6
8388,49537,,,10
8389,49537,,,6
8390,49537,,,6
8391,49614,,,11
8392,49544,,,3
8393,49544,,,3
8394,49539,,,13
8395,49539,,,2
8396,49547,,,9
8397,49642,,,34
8398,49642,,,67
8399,49642,,,34
8400,49736,,,22
8401,49736,,,33
8402,49736,,,16
8403,49654,,,5
8404,49656,,,5
8405,49656,,,1
8406,49656,,,-1
8407,49658,,,3
8408,49660,,,8
8409,49662,,,-1
8410,49663,,,5
8411,49667,,,69
8412,49667,,,67
8413,49667,,,46
8414,49667,,,1
8415,49667,,,53
8416,49667,,,27
8417,49667,,,66
8418,49667,,,68
8419,49667,,,59
8420,49667,,,62
8421,49667,,,35
8422,49667,,,63
8423,49686,,,1
8424,49564,,,-1
8425,49586,,,55
8426,49586,,,49
8427,49586,,,-1
8428,49586,,,-1
8429,49568,,,7
8430,49568,,,10
8431,49568,,,16
8432,49568,,,7
8433,49761,,,0
8434,49763,,,5
8435,49763,,,-1
8436,49763,,,19
8437,49763,,,15
8438,49763,,,18
8439,49763,,,-1
8440,49683,,,34
8441,49683,,,34
8442,49683,,,8
8443,49683,,,40
8444,49676,,,41
8445,49676,,,9
8446,49676,,,42
8447,49594,,,5
8448,49594,,,39
8449,49594,,,3
8450,49594,,,1
8451,49594,,,7
8452,49594,,,23
8453,49594,,,1
8454,49594,,,5
8455,49594,,,10
8456,49594,,,2
8457,49594,,,10
8458,49594,,,7
8459,49594,,,6
8460,49578,,,7
8461,49700,,,-1
8462,49700,,,14
8463,49700,,,14
8464,49700,,,18
8465,49700,,,15
8466,49626,,,37
8467,49626,,,45
8468,49626,,,8
8469,49626,,,17
8470,49626,,,44
8471,49626,,,43
8472,49626,,,43
8473,49669,,,19
8474,49669,,,13
8475,49732,,,21
8476,49732,,,35
8477,49732,,,30
8478,49732,,,9
8479,49732,,,31
8480,49732,,,31
8481,49732,,,32
8482,49732,,,46
8483,49732,,,46
8484,49732,,,9
8485,49732,,,27
8486,49732,,,45
8487,49732,,,43
8488,49732,,,37
8489,49732,,,45
8490,49732,,,44
8491,49732,,,8
8492,49732,,,36
8493,49732,,,32
8494,49732,,,44
8495,49666,,,28
8496,49666,,,26
8497,49666,,,24
8498,49666,,,31
8499,49666,,,-1
8500,49666,,,17
8501,49666,,,-1
8502,49713,,,15
8503,49639,,,19
8504,49639,,,19
8505,49639,,,0
8506,49639,,,8
8507,49639,,,5
8508,49639,,,11
8509,49639,,,8
8510,49639,,,-1
8511,49714,,,7
8512,49605,,,0
8513,49591,,,-1
8514,49766,,,10
8515,49552,,,9
8516,49557,,,0
8517,49690,,,10
8518,49690,,,10
8519,49690,,,15
8520,49690,,,15
8521,49589,,,2
8522,49779,,,12
8523,49549,,,6
8524,49711,,,4
8525,49625,,,1
8526,49569,,,7
8527,49569,,,10
8528,49569,,,7
8529,49569,,,0
8530,49569,,,10
8531,49569,,,14
8532,49746,,,-1
8533,49748,,,4
8534,49748,,,6
8535,49715,,,12
8536,49715,,,14
8537,49715,,,14
8538,49558,,,19
8539,49558,,,12
8540,49558,,,0
8541,49555,,,2
8542,49717,,,16
8543,49717,,,8
8544,49717,,,16
8545,49717,,,3
8546,49717,,,5
8547,49717,,,1
8548,49717,,,8
8549,49783,,,8
8550,49783,,,16
8551,49783,,,10
8552,49783,,,15
8553,49783,,,14
8554,49783,,,9
8555,49783,,,5
8556,49668,,,0
8557,49668,,,5
8558,49668,,,18
8559,49550,,,2
8560,49550,,,-1
8561,49550,,,-1
8562,49550,,,2
8563,49623,,,-1
8564,49623,,,15
8565,49611,,,17
8566,49611,,,16
8567,49611,,,-1
8568,49611,,,17
8569,49595,,,7
8570,49735,,,15
8571,49635,,,7
8572,49635,,,28
8573,49635,,,6
8574,49635,,,28
8575,49635,,,2
8576,49635,,,15
8577,49635,,,8
8578,49635,,,1
8579,49615,,,5
8580,49615,,,7
8581,49615,,,4
8582,49615,,,9
8583,49706,,,17
8584,49706,,,23
8585,49706,,,23
8586,49706,,,16
8587,49706,,,4
8588,49681,,,28
8589,49681,,,26
8590,49681,,,22
8591,49562,,,28
8592,49562,,,23
8593,49740,,,3
8594,49740,,,1
8595,49754,,,9
8596,49671,,,3
8597,49609,,,4
8598,49609,,,-1
8599,49609,,,5
8600,49762,,,6
8601,49762,,,4
8602,49762,,,5
8603,49600,,,5
8604,49600,,,5
8605,49629,,,16
8606,49629,,,14
8607,49629,,,16
8608,49703,,,18
8609,49703,,,32
8610,49703,,,20
8611,49703,,,30
8612,49703,,,14
8613,49703,,,26
8614,49703,,,19
8615,49703,,,12
8616,49703,,,19
8617,49698,,,3
8618,49698,,,2
8619,49670,,,15
8620,49570,,,28
8621,49570,,,14
8622,49570,,,12
8623,49570,,,20
8624,49570,,,12
8625,49570,,,31
8626,49556,,,23
8627,49556,,,23
8628,49556,,,17
8629,49556,,,-1
8630,49768,,,9
8631,49768,,,6
8632,49765,,,5
8633,49765,,,1
8634,49597,,,8
8635,49677,,,5
8636,49677,,,11
8637,49776,,,13
8638,49699,,,17
8639,49699,,,10
8640,49699,,,12
8641,49699,,,17
8642,49699,,,5
8643,49565,,,1
8644,49692,,,0
8645,49692,,,17
8646,49692,,,3
8647,49692,,,18
8648,49692,,,4
8649,49692,,,16
8650,49692,,,13
8651,49581,,,-1
8652,49581,,,5
8653,49581,,,4
8654,49705,,,57
8655,49705,,,61
8656,49705,,,43
8657,49705,,,53
8658,49705,,,41
8659,49559,,,42
8660,49559,,,36
8661,49559,,,-1
8662,49559,,,43
8663,49559,,,41
8664,49559,,,-1
8665,49559,,,-1
8666,49559,,,-1
8667,49559,,,15
8668,49624,,,26
8669,49624,,,18
8670,49624,,,21
8671,49624,,,9
8672,49624,,,3
8673,49624,,,4
8674,49624,,,11
8675,49624,,,11
8676,49624,,,2
8677,49624,,,10
8678,49689,,,7
8679,49648,,,5
8680,49733,,,4
8681,49710,,,10
8682,49710,,,20
8683,49710,,,25
8684,49710,,,6
8685,49710,,,-1
8686,49572,,,14
8687,49577,,,11
8688,49577,,,14
8689,49696,,,0
8690,49696,,,6
8691,49696,,,6
8692,49696,,,-1
8693,49632,,,33
8694,49769,,,6
8695,49769,,,9
8696,49772,,,6
8697,49773,,,4
8698,49590,,,12
8699,49590,,,2
8700,49734,,,10
8701,49734,,,14
8702,49734,,,15
8703,49734,,,9
8704,49687,,,13
8705,49687,,,12
8706,49687,,,11
8707,49641,,,-1
8708,49685,,,14
8709,49553,,,6
8710,49553,,,3
8711,49738,,,3
8712,49622,,,2
8713,49622,,,4
8714,49573,,,10
8715,49643,,,4
8716,49643,,,15
8717,49643,,,7
8718,49585,,,1
8719,49695,,,1
8720,49695,,,16
8721,49760,,,1
8722,49650,,,-1
8723,49613,,,8
8724,49616,,,8
8725,49616,,,8
8726,49682,,,11
8727,49682,,,11
8728,49599,,,0
8729,49599,,,2
8730,49617,,,15
8731,49617,,,21
8732,49617,,,25
8733,49617,,,25
8734,49496,,,3
8735,49500,,,2
8736,49500,,,2
8737,49673,,,9
8738,49673,,,1
8739,49680,,,0
8740,49680,,,1
8741,49782,,,-1
8742,49691,,,-1
8743,49691,,,0
8744,49691,,,-1
8745,49777,,,0
8746,49588,,,3
8747,49588,,,7
8748,49758,,,9
8749,49758,,,12
8750,49758,,,10
8751,49758,,,13
8752,49759,,,3
8753,49759,,,2
8754,49651,,,0
8755,49651,,,1
8756,49775,,,2
8757,49634,,,0
8758,49612,,,0
8759,49647,,,10
8760,49785,,,-1
8761,49785,,,-1
8762,49787,,,-1
8763,49793,,,1
8764,17399,,,3
8765,17399,,,2
8766,17071,,,0
8767,17262,,,1
8768,17267,,,3
8769,17208,,,0
8770,17209,,,3
8771,17243,,,3
8772,17350,,,1
8773,17350,,,1
8774,17074,,,3
8775,17080,,,1
8776,17225,,,3
8777,17596,,,2
8778,17418,,,2
8779,17295,,,1
8780,17332,,,2
8781,17333,,,1
8782,17333,,,1
8783,17104,,,2
8784,17409,,,2
8785,17409,,,3
8786,17203,,,3
8787,17110,,,2
8788,17117,,,2
8789,17412,,,3
8790,17187,,,1
8791,17387,,,0
8792,17381,,,0
8793,17381,,,0
8794,17184,,,1
8795,17364,,,3
8796,17175,,,0
8797,17365,,,0
8798,17391,,,3
8799,17192,,,1
8800,17190,,,1
8801,17405,,,3
8802,17132,,,0
8803,17235,,,3
8804,17137,,,1
8805,17274,,,3
8806,17268,,,0
8807,17242,,,3
8808,17210,,,3
8809,17272,,,3
8810,17278,,,1
8811,17278,,,0
8812,17266,,,2
8813,17302,,,2
8814,17302,,,1
8815,17420,,,3
8816,17420,,,0
8817,17420,,,1
8818,17259,,,2
8819,17296,,,2
8820,17296,,,1
8821,17232,,,3
8822,17325,,,1
8823,17349,,,0
8824,17241,,,3
8825,17245,,,3
8826,17395,,,1
8827,17138,,,1
8828,17138,,,3
8829,17216,,,3
8830,17416,,,0
8831,17419,,,3
8832,17348,,,3
8833,17275,,,3
8834,17289,,,2
8835,17410,,,3
8836,17141,,,1
8837,17236,,,0
8838,17154,,,2
8839,17154,,,3
8840,17369,,,1
8841,17219,,,3
8842,17173,,,3
8843,17130,,,3
8844,17130,,,1
8845,17130,,,1
8846,17130,,,0
8847,17407,,,0
8848,17182,,,1
8849,17182,,,0
8850,17337,,,1
8851,17129,,,3
8852,17129,,,0
8853,17107,,,1
8854,17202,,,0
8855,17392,,,2
8856,17338,,,2
8857,17338,,,2
8858,17167,,,0
8859,17089,,,2
8860,17220,,,2
8861,17193,,,2
8862,17292,,,2
8863,17292,,,2
8864,17403,,,3
8865,17403,,,2
8866,17371,,,0
8867,17169,,,3
8868,17388,,,1
8869,17389,,,2
8870,17183,,,3
8871,17092,,,2
8872,17294,,,1
8873,17375,,,1
8874,17291,,,2
8875,17139,,,1
8876,17326,,,1
8877,17200,,,3
8878,17366,,,1
8879,17366,,,0
8880,17324,,,0
8881,17324,,,3
8882,17397,,,1
8883,17397,,,1
8884,17198,,,3
8885,17076,,,2
8886,17327,,,3
8887,17327,,,3
8888,17206,,,1
8889,17206,,,0
8890,17206,,,3
8891,17195,,,1
8892,17160,,,3
8893,17160,,,2
8894,17157,,,2
8895,17158,,,1
8896,17196,,,3
8897,17196,,,1
8898,17360,,,1
8899,17360,,,0
8900,17360,,,1
8901,17150,,,2
8902,17153,,,0
8903,17153,,,1
8904,17145,,,3
8905,17239,,,2
8906,17277,,,2
8907,17277,,,3
8908,16859,,,1
8909,17035,,,1
8910,16884,,,0
8911,16909,,,1
8912,16985,,,0
8913,16985,,,0
8914,16889,,,1
8915,17011,,,0
8916,17011,,,1
8917,17011,,,1
8918,16865,,,-1
8919,16885,,,-1
8920,16953,,,1
8921,16953,,,0
8922,16954,,,1
8923,17063,,,1
8924,16883,,,1
8925,17054,,,1
8926,17068,,,0
8927,16890,,,1
8928,16936,,,1
8929,16947,,,0
8930,16947,,,1
8931,16997,,,1
8932,16946,,,0
8933,17565,,,1
8934,17565,,,1
8935,16980,,,1
8936,16999,,,0
8937,16972,,,1
8938,17447,,,0
8939,17427,,,1
8940,17427,,,5
8941,17427,,,0
8942,17449,,,-1
8943,17443,,,0
8944,17429,,,4
8945,17429,,,3
8946,17444,,,46
8947,17444,,,13
8948,17444,,,40
8949,17444,,,21
8950,17444,,,40
8951,17444,,,46
8952,17444,,,22
8953,17440,,,1
8954,17440,,,7
8955,17440,,,7
8956,17450,,,3
8957,17450,,,4
8958,17445,,,5
8959,17530,,,20
8960,17530,,,13
8961,17530,,,0
8962,17530,,,20
8963,17530,,,12
8964,17472,,,7
8965,17431,,,1
8966,17431,,,7
8967,17442,,,8
8968,17421,,,1
8969,17455,,,5
8970,17439,,,12
8971,17439,,,18
8972,17439,,,3
8973,17439,,,18
8974,17439,,,7
8975,17441,,,0
8976,17441,,,5
8977,17441,,,2
8978,17441,,,6
8979,17446,,,2
8980,17436,,,7
8981,17521,,,7
8982,17456,,,1
8983,17456,,,0
8984,17456,,,1
8985,17456,,,14
8986,17456,,,3
8987,17434,,,9
8988,17457,,,9
8989,17457,,,9
8990,17457,,,1
8991,17430,,,19
8992,17588,,,14
8993,17588,,,27
8994,17438,,,0
8995,17465,,,70
8996,17465,,,65
8997,17465,,,64
8998,17465,,,26
8999,17465,,,26
9000,17600,,,0
9001,17489,,,0
9002,17585,,,6
9003,17568,,,11
9004,17568,,,8
9005,17577,,,1
9006,17577,,,13
9007,17577,,,13
9008,17570,,,-1
9009,17570,,,8
9010,17570,,,52
9011,17569,,,1
9012,17569,,,0
9013,17529,,,2
9014,17578,,,7
9015,17540,,,1
9016,17213,,,1
9017,17213,,,-1
9018,17214,,,0
9019,17215,,,3
9020,17215,,,2
9021,17215,,,2
9022,17215,,,3
9023,17319,,,3
9024,17537,,,2
9025,17537,,,-1
9026,17519,,,9
9027,17546,,,13
9028,17546,,,5
9029,17546,,,15
9030,17606,,,6
9031,17606,,,6
9032,17535,,,1
9033,17619,,,47
9034,17619,,,85
9035,17619,,,33
9036,17619,,,96
9037,17619,,,64
9038,17619,,,32
9039,17619,,,13
9040,17619,,,75
9041,17619,,,4
9042,17551,,,10
9043,17497,,,16
9044,17497,,,14
9045,17497,,,10
9046,17531,,,19
9047,17531,,,7
9048,17633,,,3
9049,17473,,,2
9050,17527,,,9
9051,17625,,,2
9052,17632,,,3
9053,17560,,,8
9054,17458,,,0
9055,17587,,,13
9056,17635,,,0
9057,17580,,,12
9058,17502,,,6
9059,17500,,,8
9060,17564,,,6
9061,17488,,,17
9062,17488,,,-1
9063,17642,,,2
9064,17470,,,8
9065,17470,,,10
9066,17552,,,9
9067,17480,,,1
9068,17482,,,1
9069,17492,,,11
9070,17492,,,12
9071,17492,,,12
9072,17492,,,14
9073,17459,,,4
9074,17533,,,9
9075,17607,,,0
9076,17477,,,4
9077,16908,,,1
9078,16902,,,0
9079,17462,,,4
9080,17462,,,7
9081,17462,,,10
9082,17462,,,7
9083,26971,,,3
9084,27023,,,2
9085,26993,,,3
9086,26963,,,0
9087,26985,,,1
9088,26985,,,1
9089,26985,,,1
9090,26968,,,3
9091,27041,,,2
9092,27041,,,2
9093,27037,,,1
9094,27035,,,3
9095,27035,,,2
9096,27035,,,2
9097,27033,,,3
9098,27019,,,0
9099,26992,,,2
9100,26991,,,2
9101,26991,,,2
9102,27014,,,3
9103,27015,,,3
9104,26977,,,2
9105,26977,,,2
9106,26989,,,3
9107,26989,,,1
9108,26989,,,1
9109,27008,,,2
9110,27008,,,1
9111,27008,,,1
9112,27009,,,0
9113,27052,,,7
9114,27052,,,14
9115,27052,,,33
9116,27052,,,35
9117,27052,,,41
9118,27052,,,37
9119,27052,,,0
9120,27052,,,32
9121,27052,,,35
9122,27052,,,6
9123,27052,,,43
9124,27052,,,41
9125,27052,,,18
9126,27052,,,45
9127,27051,,,1
9128,27051,,,10
9129,27051,,,4
9130,27051,,,18
9131,27051,,,1
9132,27073,,,14
9133,27049,,,16
9134,27049,,,28
9135,27049,,,16
9136,27049,,,27
9137,27049,,,17
9138,27049,,,17
9139,27064,,,17
9140,27064,,,3
9141,27055,,,13
9142,27071,,,14
9143,27071,,,3
9144,27071,,,21
9145,27068,,,9
9146,27068,,,12
9147,27068,,,9
9148,27053,,,6
9149,27063,,,4
9150,27062,,,14
9151,27062,,,8
9152,13196,,,1
9153,13196,,,1
9154,13763,,,2
9155,13480,,,1
9156,13480,,,0
9157,13750,,,3
9158,13948,,,3
9159,14118,,,1
9160,13636,,,3
9161,13791,,,0
9162,13791,,,0
9163,13195,,,1
9164,13177,,,1
9165,13177,,,1
9166,13298,,,1
9167,13787,,,0
9168,14027,,,0
9169,14036,,,0
9170,13820,,,1
9171,13935,,,0
9172,13699,,,3
9173,13918,,,1
9174,13918,,,0
9175,13891,,,2
9176,13891,,,2
9177,13892,,,2
9178,13892,,,1
9179,13892,,,1
9180,13619,,,1
9181,13619,,,1
9182,13620,,,2
9183,13621,,,1
9184,13621,,,1
9185,13621,,,2
9186,13621,,,2
9187,14052,,,3
9188,14052,,,-1
9189,13737,,,3
9190,13233,,,2
9191,13271,,,1
9192,14049,,,3
9193,14049,,,2
9194,14049,,,1
9195,14577,,,2
9196,13887,,,2
9197,13387,,,2
9198,13785,,,1
9199,13473,,,1
9200,13473,,,1
9201,13296,,,3
9202,13190,,,2
9203,13355,,,1
9204,13355,,,3
9205,13355,,,3
9206,13361,,,3
9207,14071,,,3
9208,13201,,,3
9209,13201,,,3
9210,13290,,,1
9211,13869,,,-1
9212,13869,,,-1
9213,13295,,,0
9214,13734,,,1
9215,14125,,,3
9216,13675,,,3
9217,13722,,,0
9218,13722,,,0
9219,13412,,,0
9220,13873,,,1
9221,13770,,,1
9222,13321,,,3
9223,14114,,,2
9224,14114,,,2
9225,13293,,,0
9226,13984,,,3
9227,13984,,,3
9228,14088,,,1
9229,14088,,,1
9230,14088,,,3
9231,13810,,,-1
9232,13489,,,2
9233,14082,,,3
9234,13829,,,1
9235,13365,,,3
9236,13793,,,3
9237,13467,,,2
9238,13198,,,2
9239,15198,,,1
9240,13990,,,3
9241,13990,,,2
9242,13990,,,1
9243,13991,,,2
9244,13991,,,1
9245,13521,,,3
9246,13521,,,2
9247,13792,,,-1
9248,13792,,,2
9249,13541,,,2
9250,13225,,,1
9251,13180,,,1
9252,13180,,,2
9253,13180,,,2
9254,13180,,,3
9255,13180,,,3
9256,13180,,,3
9257,13227,,,0
9258,14025,,,1
9259,13867,,,1
9260,13867,,,3
9261,13950,,,0
9262,13846,,,3
9263,13294,,,2
9264,13294,,,2
9265,13875,,,1
9266,13875,,,1
9267,13204,,,0
9268,13589,,,3
9269,13235,,,3
9270,14040,,,2
9271,14040,,,2
9272,13835,,,1
9273,14056,,,1
9274,13940,,,3
9275,13789,,,2
9276,13789,,,2
9277,13790,,,1
9278,13790,,,3
9279,13790,,,3
9280,13476,,,0
9281,13263,,,2
9282,13264,,,0
9283,13503,,,1
9284,13503,,,1
9285,13590,,,1
9286,13590,,,1
9287,13590,,,0
9288,13220,,,2
9289,13220,,,0
9290,14063,,,2
9291,14063,,,2
9292,12601,,,0
9293,12879,,,0
9294,12899,,,1
9295,13124,,,1
9296,12994,,,1
9297,12462,,,-1
9298,12791,,,0
9299,12791,,,1
9300,12792,,,1
9301,12421,,,0
9302,12496,,,0
9303,12838,,,0
9304,12967,,,0
9305,13110,,,1
9306,12851,,,1
9307,12919,,,0
9308,12605,,,0
9309,13008,,,0
9310,14433,,,50
9311,14433,,,65
9312,14433,,,64
9313,14433,,,10
9314,14433,,,4
9315,14433,,,69
9316,14433,,,4
9317,14433,,,50
9318,14433,,,45
9319,14156,,,1
9320,14156,,,1
9321,14239,,,19
9322,14300,,,8
9323,14300,,,3
9324,14300,,,77
9325,14300,,,17
9326,14300,,,-1
9327,14300,,,38
9328,14300,,,93
9329,14300,,,19
9330,14300,,,3
9331,14300,,,49
9332,14300,,,37
9333,14300,,,28
9334,14300,,,49
9335,14314,,,3
9336,14314,,,14
9337,15236,,,9
9338,15236,,,14
9339,14425,,,39
9340,14425,,,23
9341,14425,,,55
9342,14425,,,39
9343,14425,,,29
9344,14425,,,89
9345,14425,,,33
9346,14425,,,80
9347,14425,,,25
9348,14425,,,88
9349,14425,,,88
9350,14425,,,33
9351,14425,,,92
9352,14177,,,0
9353,14177,,,9
9354,14257,,,5
9355,14270,,,23
9356,14221,,,41
9357,14212,,,1
9358,14212,,,11
9359,14212,,,8
9360,14212,,,1
9361,14222,,,0
9362,14230,,,6
9363,14229,,,6
9364,14188,,,9
9365,14188,,,9
9366,14246,,,4
9367,14246,,,4
9368,15032,,,11
9369,15032,,,4
9370,15032,,,11
9371,15032,,,1
9372,14213,,,11
9373,14149,,,-1
9374,14228,,,17
9375,14144,,,1
9376,14210,,,4
9377,14195,,,4
9378,14195,,,5
9379,14195,,,2
9380,14195,,,4
9381,14243,,,0
9382,14657,,,1
9383,14991,,,-1
9384,15049,,,6
9385,15049,,,20
9386,15049,,,7
9387,14645,,,5
9388,14645,,,8
9389,14405,,,7
9390,14617,,,7
9391,15251,,,11
9392,15112,,,3
9393,14532,,,1
9394,14532,,,4
9395,14534,,,9
9396,14534,,,8
9397,15271,,,2
9398,15271,,,1
9399,15131,,,1
9400,15131,,,9
9401,15131,,,1
9402,15252,,,3
9403,15252,,,-1
9404,15252,,,2
9405,15252,,,0
9406,15024,,,0
9407,15024,,,-1
9408,15024,,,20
9409,15024,,,21
9410,15024,,,17
9411,15024,,,13
9412,14481,,,5
9413,15133,,,-1
9414,15133,,,8
9415,14646,,,-1
9416,14764,,,12
9417,14764,,,2
9418,14354,,,7
9419,15061,,,-1
9420,14976,,,9
9421,14970,,,4
9422,14970,,,9
9423,14970,,,4
9424,14972,,,11
9425,15253,,,5
9426,15085,,,0
9427,14985,,,-1
9428,14986,,,1
9429,14987,,,4
9430,14987,,,1
9431,14987,,,0
9432,14988,,,2
9433,14988,,,0
9434,14988,,,-1
9435,14988,,,2
9436,14988,,,3
9437,14989,,,0
9438,14989,,,1
9439,14689,,,25
9440,14689,,,-1
9441,14689,,,25
9442,14689,,,-1
9443,14687,,,5
9444,14687,,,5
9445,14691,,,13
9446,14691,,,16
9447,14691,,,12
9448,14693,,,11
9449,14693,,,9
9450,14693,,,-1
9451,14690,,,-1
9452,14690,,,3
9453,14692,,,14
9454,14458,,,4
9455,14459,,,0
9456,14541,,,11
9457,14541,,,10
9458,14541,,,6
9459,14541,,,1
9460,14541,,,8
9461,14868,,,5
9462,14769,,,5
9463,14616,,,7
9464,14852,,,3
9465,15258,,,6
9466,15269,,,6
9467,15269,,,5
9468,15245,,,3
9469,14942,,,6
9470,14942,,,-1
9471,14948,,,-1
9472,14948,,,-1
9473,14948,,,-1
9474,14949,,,5
9475,14949,,,6
9476,14949,,,3
9477,14950,,,4
9478,14951,,,6
9479,14951,,,8
9480,14579,,,2
9481,15097,,,-1
9482,15097,,,3
9483,15071,,,6
9484,14891,,,1
9485,14466,,,5
9486,14857,,,10
9487,15016,,,0
9488,14588,,,11
9489,14740,,,-1
9490,15101,,,119
9491,15207,,,5
9492,15019,,,2
9493,14589,,,-1
9494,14589,,,-1
9495,14444,,,10
9496,14818,,,0
9497,14956,,,2
9498,14920,,,17
9499,14920,,,10
9500,14920,,,6
9501,14920,,,16
9502,15117,,,12
9503,15230,,,6
9504,14593,,,1
9505,14593,,,0
9506,14593,,,0
9507,14414,,,12
9508,14414,,,5
9509,14368,,,2
9510,14368,,,11
9511,14576,,,-1
9512,14576,,,3
9513,14733,,,0
9514,14634,,,8
9515,14634,,,-1
9516,14478,,,-1
9517,14346,,,2
9518,14347,,,0
9519,14627,,,1
9520,14826,,,9
9521,14826,,,11
9522,15208,,,9
9523,14612,,,10
9524,14586,,,1
9525,15012,,,5
9526,15022,,,10
9527,15129,,,1
9528,14610,,,1
9529,14610,,,-1
9530,14610,,,11
9531,14637,,,7
9532,14895,,,0
9533,15202,,,0
9534,14554,,,13
9535,14489,,,5
9536,14961,,,3
9537,14548,,,8
9538,14548,,,8
9539,14548,,,11
9540,15222,,,20
9541,15222,,,-1
9542,15222,,,49
9543,15222,,,12
9544,15222,,,35
9545,14363,,,9
9546,14415,,,58
9547,14415,,,29
9548,14415,,,0
9549,14415,,,4
9550,14415,,,10
9551,14415,,,58
9552,14415,,,15
9553,15104,,,36
9554,15104,,,10
9555,15221,,,1
9556,15221,,,3
9557,15221,,,3
9558,14885,,,0
9559,14697,,,41
9560,14697,,,41
9561,14697,,,27
9562,14697,,,31
9563,14697,,,79
9564,14697,,,30
9565,14697,,,41
9566,14697,,,31
9567,14697,,,79
9568,14697,,,7
9569,14697,,,34
9570,14697,,,37
9571,14449,,,1
9572,14855,,,3
9573,14700,,,2
9574,14712,,,-1
9575,14706,,,8
9576,14701,,,32
9577,14701,,,-1
9578,14701,,,28
9579,14701,,,32
9580,14722,,,5
9581,14722,,,5
9582,14722,,,12
9583,14722,,,-1
9584,15100,,,8
9585,14499,,,9
9586,14731,,,7
9587,14728,,,-1
9588,14730,,,5
9589,14729,,,5
9590,14727,,,-1
9591,14928,,,10
9592,14928,,,10
9593,14843,,,13
9594,14260,,,4
9595,14260,,,4
9596,14806,,,15
9597,15215,,,-1
9598,15215,,,-1
9599,15215,,,-1
9600,15243,,,16
9601,14877,,,-1
9602,15073,,,6
9603,15073,,,6
9604,14725,,,3
9605,15228,,,-1
9606,12904,,,0
9607,14551,,,5
9608,14931,,,7
9609,15121,,,1
9610,14879,,,6
9611,14591,,,1
9612,14591,,,1
9613,13720,,,1
9614,14387,,,9
9615,15162,,,9
9616,15170,,,1
9617,15170,,,7
9618,15146,,,11
9619,15147,,,10
9620,15175,,,3
9621,15153,,,2
9622,15137,,,11
9623,15137,,,10
9624,15171,,,1
9625,15171,,,4
9626,15171,,,4
9627,15171,,,4
9628,15145,,,6
9629,15155,,,13
9630,15174,,,3
9631,15172,,,12
9632,15140,,,4
9633,15140,,,4
9634,15140,,,0
9635,15141,,,3
9636,15141,,,2
9637,15141,,,2
9638,15168,,,7
9639,15168,,,0
9640,15168,,,-1
9641,15168,,,6
9642,40608,,,1
9643,40608,,,2
9644,40608,,,1
9645,40608,,,2
9646,40594,,,1
9647,40611,,,3
9648,40611,,,0
9649,40611,,,-1
9650,40611,,,3
9651,40613,,,0
9652,40606,,,3
9653,40600,,,1
9654,40595,,,3
9655,40595,,,3
9656,40599,,,1
9657,40599,,,3
9658,40602,,,3
9659,40596,,,3
9660,40596,,,1
9661,40596,,,2
9662,40596,,,2
9663,40596,,,2
9664,40615,,,3
9665,40615,,,1
9666,40615,,,1
9667,40605,,,0
9668,40601,,,2
9669,40604,,,3
9670,40603,,,1
9671,40603,,,1
9672,40593,,,3
9673,40593,,,1
9674,40579,,,1
9675,40568,,,1
9676,40563,,,0
9677,40563,,,0
9678,40582,,,0
9679,40582,,,1
9680,40562,,,0
9681,40562,,,1
9682,40562,,,0
9683,40566,,,0
9684,40583,,,1
9685,40581,,,1
9686,40580,,,1
9687,40580,,,1
9688,40574,,,0
9689,40574,,,0
9690,40574,,,1
9691,40575,,,1
9692,40589,,,1
9693,40589,,,0
9694,40588,,,1
9695,40576,,,1
9696,40592,,,1
9697,40577,,,0
9698,40577,,,1
9699,40577,,,1
9700,40633,,,22
9701,40633,,,68
9702,40633,,,4
9703,40633,,,26
9704,40633,,,27
9705,40633,,,40
9706,40633,,,59
9707,40633,,,73
9708,40633,,,42
9709,40633,,,11
9710,40633,,,15
9711,40633,,,10
9712,40633,,,35
9713,40633,,,45
9714,40633,,,40
9715,40633,,,23
9716,40633,,,31
9717,40633,,,24
9718,40633,,,77
9719,40633,,,15
9720,40633,,,22
9721,40633,,,38
9722,40633,,,2
9723,40633,,,23
9724,40633,,,56
9725,40633,,,2
9726,40633,,,31
9727,40633,,,79
9728,40633,,,59
9729,40633,,,42
9730,40633,,,3
9731,40633,,,16
9732,40633,,,36
9733,40633,,,0
9734,40633,,,44
9735,40633,,,56
9736,40633,,,0
9737,40633,,,13
9738,40633,,,45
9739,40633,,,17
9740,40628,,,21
9741,40628,,,12
9742,40628,,,4
9743,40628,,,29
9744,40628,,,3
9745,40628,,,17
9746,40628,,,-1
9747,40628,,,17
9748,40628,,,32
9749,40628,,,-1
9750,40628,,,40
9751,40628,,,46
9752,40628,,,42
9753,40628,,,33
9754,40628,,,-1
9755,40628,,,12
9756,40628,,,33
9757,40628,,,15
9758,40628,,,2
9759,40628,,,32
9760,40628,,,26
9761,40628,,,32
9762,40628,,,34
9763,40628,,,24
9764,40628,,,43
9765,40628,,,26
9766,40628,,,19
9767,40628,,,46
9768,40628,,,7
9769,40628,,,45
9770,40628,,,43
9771,40628,,,21
9772,40628,,,44
9773,40628,,,0
9774,40628,,,0
9775,40628,,,19
9776,40628,,,47
9777,40628,,,44
9778,40628,,,7
9779,40628,,,40
9780,40622,,,4
9781,40622,,,17
9782,40622,,,6
9783,40622,,,3
9784,40622,,,0
9785,40622,,,3
9786,40622,,,8
9787,40622,,,4
9788,40620,,,7
9789,40620,,,7
9790,40620,,,1
9791,40620,,,6
9792,40620,,,1
9793,40620,,,6
9794,40621,,,1
9795,40621,,,4
9796,40621,,,4
9797,40618,,,8
9798,40618,,,9
9799,40618,,,0
9800,40618,,,8
9801,40616,,,6
9802,40691,,,7
9803,40691,,,7
9804,40691,,,6
9805,40712,,,2
9806,40662,,,-1
9807,40627,,,7
9808,40627,,,2
9809,40627,,,6
9810,40627,,,1
9811,40627,,,3
9812,40627,,,6
9813,40627,,,0
9814,40627,,,5
9815,40627,,,5
9816,40685,,,13
9817,40685,,,12
9818,40632,,,1
9819,40655,,,1
9820,40650,,,13
9821,40650,,,16
9822,40700,,,12
9823,40700,,,11
9824,40700,,,7
9825,40700,,,10
9826,40698,,,2
9827,40623,,,7
9828,40623,,,7
9829,40682,,,6
9830,40682,,,3
9831,40682,,,3
9832,40667,,,10
9833,40699,,,15
9834,40699,,,63
9835,40699,,,63
9836,40699,,,64
9837,40699,,,67
9838,40699,,,46
9839,40699,,,56
9840,40699,,,45
9841,40699,,,45
9842,40699,,,67
9843,40699,,,53
9844,40699,,,54
9845,40699,,,38
9846,40699,,,21
9847,40699,,,15
9848,40699,,,43
9849,40699,,,38
9850,40699,,,43
9851,40699,,,-1
9852,40699,,,37
9853,40699,,,56
9854,40699,,,44
9855,40699,,,44
9856,40625,,,-1
9857,40626,,,3
9858,40634,,,3
9859,40664,,,12
9860,40665,,,9
9861,40665,,,-1
9862,40665,,,11
9863,40707,,,0
9864,40707,,,2
9865,40617,,,4
9866,40697,,,3
9867,40635,,,2
9868,40696,,,0
9869,40690,,,2
9870,40690,,,3
9871,40690,,,7
9872,40690,,,7
9873,40648,,,-1
9874,40648,,,-1
9875,40644,,,6
9876,40644,,,9
9877,40644,,,7
9878,40644,,,7
9879,40669,,,7
9880,40643,,,7
9881,40705,,,1
9882,40705,,,7
9883,40705,,,3
9884,40645,,,-1
9885,40645,,,4
9886,40645,,,5
9887,40647,,,8
9888,40647,,,-1
9889,40686,,,3
9890,40686,,,9
9891,40686,,,9
9892,40660,,,0
9893,40660,,,0
9894,40739,,,0
9895,40636,,,3
9896,40638,,,5
9897,40638,,,5
9898,6484,,,3
9899,6500,,,-1
9900,6638,,,3
9901,6639,,,-1
9902,6639,,,0
9903,6639,,,0
9904,6641,,,-1
9905,6694,,,0
9906,6694,,,0
9907,6615,,,2
9908,6586,,,0
9909,6587,,,1
9910,6590,,,0
9911,6560,,,2
9912,7013,,,3
9913,6659,,,0
9914,6517,,,3
9915,6579,,,2
9916,6579,,,3
9917,6470,,,2
9918,6470,,,2
9919,6519,,,3
9920,6684,,,2
9921,6184,,,0
9922,6326,,,0
9923,6272,,,1
9924,6247,,,1
9925,6247,,,1
9926,6777,,,10
9927,6777,,,17
9928,6777,,,95
9929,6777,,,30
9930,6777,,,10
9931,6777,,,71
9932,6777,,,69
9933,6777,,,17
9934,6777,,,8
9935,6777,,,7
9936,6777,,,10
9937,6777,,,7
9938,6777,,,6
9939,6777,,,60
9940,6777,,,7
9941,6777,,,8
9942,6777,,,30
9943,6777,,,41
9944,6715,,,8
9945,6715,,,8
9946,6736,,,14
9947,6736,,,38
9948,6736,,,6
9949,6736,,,14
9950,6736,,,7
9951,6736,,,55
9952,6736,,,38
9953,6736,,,41
9954,6736,,,7
9955,6830,,,37
9956,6830,,,48
9957,6830,,,42
9958,6830,,,46
9959,6949,,,19
9960,6949,,,49
9961,6949,,,37
9962,6949,,,34
9963,6949,,,19
9964,6949,,,21
9965,6949,,,35
9966,6923,,,17
9967,6712,,,8
9968,6712,,,3
9969,6723,,,89
9970,6723,,,88
9971,6720,,,2
9972,6720,,,15
9973,6720,,,4
9974,6720,,,46
9975,6720,,,15
9976,6703,,,28
9977,6788,,,29
9978,6788,,,9
9979,6726,,,5
9980,7016,,,10
9981,6786,,,11
9982,6900,,,38
9983,6900,,,44
9984,6900,,,44
9985,6900,,,38
9986,6900,,,16
9987,6833,,,24
9988,6833,,,68
9989,6833,,,71
9990,6833,,,68
9991,6857,,,2
9992,6943,,,2
9993,6944,,,10
9994,6944,,,3
9995,6944,,,2
9996,6920,,,24
9997,6920,,,-1
9998,6920,,,6
9999,6920,,,3
10000,6920,,,23
10001,6920,,,22
10002,6920,,,3
10003,6792,,,12
10004,6792,,,12
10005,6889,,,25
10006,6739,,,-1
10007,6909,,,8
10008,6835,,,2
10009,6918,,,-1
10010,6789,,,-1
10011,6891,,,3
10012,6998,,,-1
10013,7011,,,12
10014,7008,,,3
10015,7004,,,2
10016,6827,,,21
10017,6939,,,16
10018,6939,,,16
10019,6800,,,1
10020,6802,,,1
10021,6806,,,5
10022,6809,,,3
10023,6747,,,-1
10024,6747,,,15
10025,6747,,,-1
10026,6823,,,-1
10027,6823,,,-1
10028,6771,,,5
10029,6861,,,0
10030,6864,,,-1
10031,6862,,,12
10032,6865,,,2
10033,6865,,,2
10034,6867,,,4
10035,6863,,,15
10036,6863,,,10
10037,6863,,,15
10038,6871,,,-1
10039,6866,,,5
10040,6913,,,6
10041,44278,,,0
10042,44077,,,2
10043,44136,,,2
10044,44192,,,3
10045,44152,,,3
10046,44280,,,2
10047,44242,,,3
10048,44107,,,1
10049,44107,,,3
10050,44154,,,2
10051,44154,,,2
10052,44095,,,0
10053,44292,,,3
10054,44181,,,3
10055,44181,,,2
10056,44131,,,2
10057,44104,,,3
10058,44104,,,3
10059,44258,,,2
10060,44264,,,3
10061,44178,,,0
10062,44123,,,3
10063,44123,,,1
10064,44086,,,3
10065,44086,,,3
10066,44261,,,3
10067,44323,,,3
10068,44284,,,0
10069,44176,,,1
10070,44151,,,3
10071,44113,,,0
10072,44269,,,2
10073,44161,,,1
10074,44170,,,3
10075,44257,,,0
10076,44290,,,3
10077,44290,,,3
10078,44087,,,3
10079,44214,,,3
10080,44282,,,2
10081,44082,,,1
10082,44082,,,2
10083,44082,,,2
10084,44256,,,1
10085,44147,,,0
10086,44325,,,3
10087,44281,,,2
10088,44281,,,3
10089,44281,,,1
10090,44150,,,3
10091,44027,,,0
10092,44042,,,0
10093,44050,,,1
10094,44016,,,0
10095,44016,,,0
10096,44067,,,1
10097,44069,,,1
10098,44065,,,1
10099,44028,,,1
10100,44373,,,9
10101,44373,,,12
10102,44373,,,8
10103,44331,,,1
10104,44340,,,11
10105,44340,,,6
10106,44339,,,8
10107,44339,,,1
10108,44339,,,1
10109,44339,,,8
10110,44339,,,9
10111,44339,,,11
10112,44330,,,1
10113,44346,,,6
10114,44346,,,6
10115,44354,,,3
10116,44370,,,18
10117,44399,,,3
10118,44399,,,0
10119,44407,,,6
10120,44404,,,5
10121,44390,,,0
10122,44362,,,7
10123,44362,,,7
10124,44379,,,11
10125,44363,,,15
10126,44088,,,2
10127,44386,,,3
10128,44395,,,7
10129,44374,,,0
10130,44022,,,1
10131,27789,,,3
10132,27741,,,3
10133,27755,,,0
10134,27755,,,0
10135,27775,,,3
10136,27747,,,3
10137,27750,,,3
10138,27746,,,2
10139,27746,,,0
10140,27924,,,0
10141,27922,,,0
10142,27922,,,2
10143,27719,,,1
10144,27729,,,1
10145,27731,,,0
10146,27732,,,1
10147,27732,,,0
10148,27732,,,0
10149,27735,,,0
10150,27736,,,0
10151,27737,,,1
10152,27820,,,3
10153,27855,,,36
10154,27855,,,13
10155,27855,,,13
10156,27855,,,35
10157,27855,,,39
10158,27855,,,9
10159,27855,,,36
10160,27855,,,19
10161,27855,,,42
10162,27855,,,17
10163,27855,,,14
10164,27855,,,16
10165,27855,,,47
10166,27855,,,27
10167,27855,,,42
10168,27768,,,0
10169,27819,,,5
10170,27819,,,0
10171,27809,,,1
10172,27809,,,4
10173,27809,,,6
10174,27809,,,5
10175,27809,,,5
10176,27809,,,1
10177,27861,,,3
10178,27883,,,6
10179,27815,,,3
10180,27857,,,0
10181,27857,,,5
10182,27857,,,3
10183,27857,,,0
10184,27911,,,3
10185,27927,,,3
10186,27899,,,0
10187,27885,,,3
10188,27885,,,1
10189,27830,,,1
10190,27838,,,0
10191,27764,,,5
10192,27764,,,3
10193,27764,,,2
10194,27764,,,3
10195,27873,,,3
10196,27873,,,3
10197,27854,,,3
10198,27886,,,1
10199,27886,,,1
10200,27863,,,4
10201,27863,,,6
10202,27863,,,7
10203,27844,,,0
10204,27844,,,1
10205,27905,,,2
10206,27697,,,1
10207,27701,,,0
10208,27702,,,0
10209,27702,,,1
10210,27703,,,0
10211,27704,,,0
10212,27705,,,1
10213,27707,,,1
10214,27709,,,0
10215,27712,,,0
10216,27713,,,1
10217,27713,,,0
10218,27714,,,0
10219,27715,,,0
10220,27716,,,-1
10221,27781,,,7
10222,27803,,,2
10223,27879,,,2
10224,27879,,,1
10225,27891,,,1
10226,27891,,,3
10227,27891,,,3
10228,27891,,,1
10229,27841,,,0
10230,27761,,,5
10231,27850,,,3
10232,27850,,,0
10233,27888,,,4
10234,27888,,,1
10235,27763,,,4
10236,27721,,,0
10237,27724,,,0
10238,27913,,,0
10239,27913,,,0
10240,27914,,,2
10241,27914,,,0
10242,27916,,,2
10243,27917,,,5
10244,27884,,,18
10245,27884,,,3
10246,27884,,,21
10247,27884,,,8
10248,27884,,,18
10249,27884,,,8
10250,27884,,,2
10251,27884,,,0
10252,27884,,,14
10253,27890,,,5
10254,27849,,,1
10255,27742,,,0
10256,27827,,,2
10257,27827,,,7
10258,27827,,,4
10259,27859,,,4
10260,27859,,,2
10261,27751,,,0
10262,27751,,,3
10263,27812,,,5
10264,27790,,,1
10265,27765,,,2
10266,27765,,,3
10267,27887,,,7
10268,27810,,,1
10269,27842,,,11
10270,27842,,,5
10271,27842,,,0
10272,27842,,,11
10273,27842,,,5
10274,27842,,,4
10275,27856,,,7
10276,27856,,,23
10277,27856,,,14
10278,27856,,,1
10279,27856,,,1
10280,27856,,,16
10281,27856,,,2
10282,27826,,,35
10283,27826,,,35
10284,27826,,,48
10285,27826,,,29
10286,27826,,,30
10287,27804,,,7
10288,27804,,,6
10289,27933,,,0
10290,27766,,,5
10291,27766,,,4
10292,27766,,,3
10293,27766,,,3
10294,27843,,,1
10295,27864,,,3
10296,27864,,,0
10297,27864,,,1
10298,27864,,,2
10299,27898,,,3
10300,27898,,,2
10301,27762,,,6
10302,27762,,,9
10303,27762,,,4
10304,27762,,,1
10305,27901,,,0
10306,27894,,,1
10307,27769,,,2
10308,27774,,,9
10309,27774,,,9
10310,27774,,,7
10311,27801,,,0
10312,27860,,,2
10313,27860,,,2
10314,27760,,,0
10315,27791,,,0
10316,27787,,,1
10317,27903,,,0
10318,27875,,,0
10319,27805,,,10
10320,27805,,,4
10321,27805,,,0
10322,27805,,,2
10323,27776,,,2
10324,27776,,,4
10325,27776,,,9
10326,27776,,,8
10327,27776,,,2
10328,27848,,,0
10329,27889,,,2
10330,27817,,,-1
10331,27932,,,3
10332,27858,,,3
10333,27858,,,3
10334,27782,,,0
10335,27896,,,8
10336,27896,,,3
10337,27780,,,8
10338,27806,,,3
10339,27908,,,2
10340,27778,,,1
10341,27778,,,4
10342,27778,,,4
10343,27824,,,3
10344,27824,,,5
10345,27792,,,8
10346,27792,,,6
10347,27792,,,2
10348,27928,,,2
10349,27852,,,-1
10350,27869,,,1
10351,27867,,,3
10352,27867,,,4
10353,27867,,,6
10354,27867,,,2
10355,27867,,,4
10356,27865,,,1
10357,27865,,,3
10358,27909,,,0
10359,27797,,,1
10360,27797,,,5
10361,27797,,,1
10362,27797,,,5
10363,27797,,,0
10364,27797,,,1
10365,23700,,,1
10366,23728,,,3
10367,23726,,,1
10368,23707,,,3
10369,23797,,,2
10370,23723,,,1
10371,23698,,,1
10372,23750,,,3
10373,23709,,,1
10374,23724,,,2
10375,23843,,,1
10376,23657,,,3
10377,23670,,,3
10378,23735,,,0
10379,23710,,,1
10380,23710,,,1
10381,23809,,,3
10382,23751,,,-1
10383,23778,,,2
10384,23694,,,3
10385,23773,,,1
10386,23721,,,2
10387,23718,,,1
10388,23822,,,3
10389,23727,,,1
10390,23697,,,2
10391,23753,,,2
10392,23753,,,2
10393,23548,,,1
10394,23548,,,1
10395,23819,,,1
10396,23633,,,1
10397,23513,,,1
10398,23635,,,0
10399,23571,,,1
10400,23624,,,-1
10401,23815,,,6
10402,23840,,,5
10403,23840,,,-1
10404,23830,,,3
10405,23757,,,2
10406,20190,,,1
10407,20017,,,3
10408,20017,,,0
10409,19961,,,0
10410,20228,,,3
10411,20362,,,3
10412,20259,,,3
10413,20024,,,3
10414,20025,,,2
10415,20025,,,2
10416,20025,,,3
10417,20025,,,0
10418,20147,,,2
10419,19978,,,3
10420,20378,,,1
10421,20378,,,3
10422,20341,,,2
10423,20287,,,3
10424,20380,,,3
10425,20285,,,3
10426,20338,,,3
10427,20066,,,2
10428,20066,,,2
10429,20213,,,1
10430,20213,,,3
10431,20213,,,1
10432,20227,,,2
10433,20227,,,2
10434,20101,,,2
10435,20148,,,3
10436,20148,,,2
10437,20071,,,1
10438,20257,,,2
10439,20257,,,1
10440,20257,,,2
10441,20257,,,1
10442,20221,,,3
10443,20243,,,0
10444,20251,,,3
10445,20251,,,0
10446,20076,,,3
10447,20141,,,0
10448,20057,,,0
10449,20032,,,2
10450,19984,,,1
10451,19977,,,3
10452,20346,,,1
10453,20065,,,3
10454,19987,,,2
10455,20186,,,2
10456,20206,,,0
10457,20361,,,1
10458,20218,,,2
10459,20176,,,3
10460,20248,,,3
10461,20248,,,2
10462,20038,,,2
10463,20038,,,3
10464,20356,,,2
10465,20260,,,3
10466,20363,,,2
10467,20109,,,1
10468,20086,,,0
10469,19995,,,1
10470,20000,,,1
10471,20000,,,3
10472,20000,,,1
10473,19990,,,3
10474,19990,,,1
10475,19990,,,1
10476,20369,,,0
10477,20058,,,1
10478,20375,,,1
10479,20375,,,1
10480,20193,,,1
10481,20193,,,2
10482,20193,,,0
10483,20133,,,0
10484,20229,,,2
10485,20159,,,2
10486,20054,,,2
10487,20149,,,0
10488,20149,,,3
10489,20012,,,2
10490,20303,,,3
10491,20134,,,1
10492,20295,,,1
10493,20295,,,2
10494,20013,,,3
10495,20084,,,3
10496,20224,,,1
10497,20074,,,1
10498,20074,,,1
10499,20337,,,1
10500,20196,,,1
10501,20196,,,1
10502,20051,,,1
10503,20301,,,0
10504,19966,,,2
10505,20286,,,2
10506,20333,,,3
10507,20230,,,3
10508,20230,,,3
10509,20230,,,2
10510,20379,,,1
10511,20049,,,3
10512,20328,,,3
10513,20328,,,1
10514,20004,,,2
10515,20004,,,3
10516,20059,,,3
10517,20028,,,0
10518,20121,,,0
10519,20121,,,2
10520,20121,,,2
10521,20360,,,1
10522,20120,,,1
10523,20120,,,0
10524,20120,,,1
10525,20307,,,1
10526,20180,,,0
10527,20235,,,1
10528,20235,,,1
10529,20046,,,0
10530,20217,,,1
10531,20217,,,1
10532,20165,,,3
10533,20165,,,2
10534,20165,,,2
10535,20323,,,2
10536,20099,,,1
10537,20099,,,1
10538,20261,,,0
10539,20262,,,1
10540,20262,,,1
10541,20271,,,1
10542,20226,,,2
10543,20368,,,2
10544,20368,,,3
10545,20325,,,3
10546,20184,,,3
10547,20330,,,1
10548,19981,,,0
10549,20173,,,1
10550,20192,,,3
10551,20192,,,0
10552,20326,,,1
10553,20326,,,1
10554,20327,,,1
10555,20279,,,2
10556,20205,,,1
10557,20205,,,1
10558,20104,,,1
10559,20104,,,1
10560,20015,,,3
10561,20037,,,1
10562,20037,,,1
10563,20404,,,2
10564,20404,,,2
10565,20006,,,1
10566,20098,,,1
10567,20313,,,2
10568,20077,,,0
10569,20318,,,3
10570,20135,,,2
10571,20164,,,1
10572,20164,,,1
10573,20164,,,0
10574,20030,,,3
10575,20030,,,2
10576,20030,,,2
10577,20097,,,3
10578,20097,,,3
10579,20255,,,3
10580,20314,,,0
10581,19997,,,2
10582,19997,,,1
10583,19997,,,3
10584,19997,,,0
10585,19900,,,0
10586,19920,,,0
10587,19943,,,-1
10588,19937,,,1
10589,19948,,,0
10590,19948,,,1
10591,19905,,,0
10592,19951,,,1
10593,19911,,,1
10594,19928,,,1
10595,20401,,,8
10596,20401,,,8
10597,20401,,,5
10598,20401,,,7
10599,20399,,,3
10600,20399,,,4
10601,20400,,,3
10602,20394,,,7
10603,20395,,,3
10604,20395,,,7
10605,20395,,,3
10606,20398,,,7
10607,20392,,,4
10608,20392,,,4
10609,20388,,,14
10610,20388,,,4
10611,20388,,,9
10612,20390,,,5
10613,48305,,,2
10614,48305,,,3
10615,48305,,,2
10616,48306,,,3
10617,48306,,,1
10618,48306,,,2
10619,48396,,,3
10620,48474,,,2
10621,48474,,,2
10622,48392,,,1
10623,48478,,,0
10624,48438,,,3
10625,48471,,,3
10626,48399,,,0
10627,48399,,,3
10628,48393,,,3
10629,48480,,,1
10630,48402,,,1
10631,48337,,,3
10632,48472,,,0
10633,48343,,,1
10634,48453,,,3
10635,48573,,,3
10636,48403,,,0
10637,48365,,,1
10638,48365,,,1
10639,48394,,,1
10640,48447,,,0
10641,48340,,,0
10642,48340,,,1
10643,48384,,,3
10644,48384,,,3
10645,48304,,,0
10646,48304,,,3
10647,48359,,,2
10648,48363,,,1
10649,48353,,,0
10650,48342,,,0
10651,48412,,,2
10652,48427,,,3
10653,48473,,,1
10654,48325,,,0
10655,48371,,,2
10656,48355,,,1
10657,48355,,,1
10658,48378,,,1
10659,48323,,,2
10660,48323,,,2
10661,48330,,,2
10662,48302,,,1
10663,48469,,,0
10664,48469,,,1
10665,48316,,,1
10666,48316,,,0
10667,48440,,,0
10668,48440,,,3
10669,48391,,,0
10670,48426,,,0
10671,48426,,,3
10672,48425,,,3
10673,48377,,,0
10674,48385,,,3
10675,48385,,,3
10676,48401,,,3
10677,48401,,,0
10678,48308,,,1
10679,48459,,,1
10680,48459,,,1
10681,48253,,,1
10682,48298,,,0
10683,48289,,,1
10684,48277,,,0
10685,48250,,,1
10686,48279,,,0
10687,48268,,,0
10688,48268,,,1
10689,48292,,,1
10690,48275,,,1
10691,48295,,,1
10692,48284,,,0
10693,48284,,,1
10694,48284,,,0
10695,48490,,,61
10696,48490,,,36
10697,48490,,,22
10698,48490,,,74
10699,48490,,,40
10700,48490,,,11
10701,48490,,,82
10702,48490,,,22
10703,48490,,,17
10704,48490,,,3
10705,48490,,,16
10706,48490,,,28
10707,48490,,,11
10708,48490,,,30
10709,48490,,,20
10710,48490,,,1
10711,48490,,,13
10712,48490,,,44
10713,48490,,,70
10714,48490,,,51
10715,48490,,,20
10716,48490,,,11
10717,48490,,,10
10718,48490,,,96
10719,48490,,,19
10720,48490,,,70
10721,48490,,,82
10722,48490,,,0
10723,48490,,,23
10724,48490,,,0
10725,48490,,,10
10726,48490,,,5
10727,48494,,,31
10728,48494,,,2
10729,48494,,,41
10730,48494,,,21
10731,48494,,,47
10732,48494,,,33
10733,48494,,,30
10734,48494,,,48
10735,48494,,,0
10736,48494,,,2
10737,48494,,,43
10738,48494,,,29
10739,48494,,,0
10740,48494,,,0
10741,48496,,,17
10742,48496,,,21
10743,48482,,,7
10744,48482,,,15
10745,48482,,,6
10746,48482,,,6
10747,48483,,,14
10748,48483,,,15
10749,48483,,,14
10750,48483,,,6
10751,48483,,,3
10752,48488,,,14
10753,48492,,,9
10754,48487,,,5
10755,48489,,,5
10756,48541,,,3
10757,48542,,,2
10758,48560,,,4
10759,48566,,,3
10760,48570,,,2
10761,48521,,,3
10762,48528,,,1
10763,48567,,,2
10764,48555,,,0
10765,48523,,,3
10766,48512,,,2
10767,48572,,,7
10768,48534,,,2
10769,48534,,,2
10770,48534,,,2
10771,48534,,,6
10772,48571,,,-1
10773,48554,,,7
10774,48538,,,4
10775,48409,,,2
10776,48409,,,2
10777,48549,,,3
10778,48517,,,1
10779,48265,,,0
10780,48636,,,2
10781,32186,,,3
10782,32186,,,3
10783,32186,,,1
10784,32160,,,3
10785,32232,,,3
10786,32170,,,3
10787,32170,,,0
10788,32134,,,3
10789,32134,,,1
10790,32157,,,0
10791,32349,,,2
10792,32245,,,3
10793,32273,,,0
10794,32299,,,3
10795,32297,,,3
10796,32294,,,1
10797,32294,,,1
10798,32241,,,1
10799,32241,,,3
10800,32125,,,3
10801,32240,,,0
10802,32370,,,1
10803,32370,,,0
10804,32370,,,2
10805,32370,,,1
10806,32284,,,0
10807,32174,,,1
10808,32206,,,1
10809,32253,,,2
10810,32296,,,3
10811,32296,,,2
10812,32261,,,2
10813,32261,,,0
10814,32289,,,3
10815,32225,,,2
10816,32204,,,3
10817,32274,,,3
10818,32274,,,0
10819,32220,,,2
10820,32163,,,3
10821,32163,,,0
10822,32163,,,0
10823,32143,,,3
10824,32187,,,0
10825,32222,,,3
10826,32128,,,3
10827,32128,,,2
10828,32129,,,0
10829,32129,,,3
10830,32258,,,3
10831,32257,,,3
10832,32137,,,1
10833,32137,,,1
10834,32138,,,1
10835,32138,,,3
10836,32138,,,3
10837,32138,,,1
10838,32140,,,3
10839,32140,,,3
10840,32140,,,0
10841,32141,,,3
10842,32142,,,3
10843,32142,,,0
10844,32194,,,1
10845,32194,,,0
10846,32194,,,1
10847,32185,,,3
10848,32185,,,1
10849,32185,,,1
10850,32185,,,0
10851,32131,,,0
10852,32131,,,1
10853,32193,,,2
10854,32193,,,3
10855,32193,,,2
10856,32364,,,1
10857,32279,,,3
10858,32184,,,1
10859,32184,,,3
10860,32184,,,0
10861,32230,,,2
10862,32230,,,2
10863,32280,,,2
10864,32280,,,3
10865,32280,,,1
10866,32280,,,2
10867,32212,,,2
10868,32212,,,3
10869,32210,,,3
10870,32210,,,1
10871,32203,,,2
10872,32203,,,2
10873,32203,,,2
10874,32246,,,3
10875,32247,,,1
10876,32247,,,0
10877,32247,,,0
10878,32172,,,3
10879,32172,,,1
10880,32172,,,1
10881,32293,,,3
10882,32200,,,2
10883,32169,,,1
10884,32278,,,2
10885,32278,,,3
10886,32119,,,2
10887,32119,,,1
10888,32119,,,3
10889,32167,,,2
10890,32167,,,2
10891,32167,,,3
10892,32167,,,3
10893,32135,,,0
10894,32135,,,3
10895,32177,,,2
10896,32177,,,0
10897,32177,,,3
10898,32260,,,3
10899,32120,,,1
10900,32164,,,1
10901,32226,,,0
10902,32226,,,0
10903,32226,,,3
10904,32276,,,3
10905,32276,,,0
10906,32276,,,2
10907,32179,,,0
10908,32179,,,0
10909,32179,,,3
10910,32180,,,2
10911,32255,,,1
10912,32255,,,0
10913,32291,,,1
10914,32291,,,0
10915,32291,,,1
10916,32265,,,2
10917,32265,,,2
10918,32175,,,3
10919,32286,,,0
10920,32286,,,1
10921,32286,,,1
10922,32263,,,2
10923,32263,,,2
10924,32268,,,0
10925,32268,,,3
10926,32268,,,1
10927,32268,,,1
10928,32292,,,1
10929,32292,,,0
10930,32292,,,1
10931,32123,,,3
10932,32147,,,2
10933,32147,,,2
10934,32209,,,3
10935,32209,,,2
10936,32208,,,3
10937,32192,,,0
10938,32211,,,1
10939,32264,,,2
10940,32264,,,2
10941,32295,,,3
10942,32295,,,2
10943,32295,,,2
10944,32275,,,2
10945,32275,,,2
10946,32189,,,3
10947,32188,,,1
10948,32188,,,3
10949,32266,,,3
10950,32266,,,0
10951,32148,,,3
10952,32148,,,0
10953,32339,,,0
10954,32339,,,0
10955,32229,,,3
10956,32229,,,2
10957,32221,,,1
10958,32221,,,0
10959,32202,,,1
10960,32146,,,2
10961,32236,,,3
10962,32236,,,1
10963,32236,,,1
10964,32236,,,2
10965,32236,,,2
10966,32237,,,1
10967,32237,,,3
10968,32267,,,3
10969,32281,,,0
10970,32183,,,1
10971,32183,,,1
10972,32124,,,3
10973,31916,,,0
10974,31977,,,1
10975,32060,,,1
10976,32102,,,0
10977,32072,,,1
10978,32072,,,1
10979,32072,,,0
10980,31964,,,0
10981,31992,,,0
10982,31992,,,0
10983,32048,,,1
10984,32048,,,0
10985,32039,,,1
10986,31948,,,1
10987,31927,,,1
10988,31927,,,0
10989,31928,,,0
10990,31928,,,0
10991,32332,,,1
10992,32009,,,1
10993,31952,,,1
10994,32078,,,1
10995,32114,,,0
10996,32114,,,1
10997,31925,,,1
10998,31969,,,0
10999,32110,,,0
11000,32110,,,0
11001,32045,,,1
11002,32083,,,0
11003,32037,,,0
11004,32037,,,1
11005,31984,,,1
11006,31918,,,1
11007,31918,,,0
11008,31998,,,1
11009,32104,,,1
11010,32104,,,0
11011,31989,,,1
11012,32096,,,0
11013,32030,,,0
11014,32063,,,1
11015,32063,,,1
11016,32063,,,0
11017,32375,,,1
11018,32053,,,1
11019,32053,,,0
11020,32105,,,1
11021,32076,,,1
11022,32034,,,1
11023,32007,,,1
11024,31920,,,1
11025,32051,,,1
11026,32115,,,1
11027,32085,,,0
11028,32085,,,0
11029,32116,,,1
11030,32081,,,1
11031,32090,,,0
11032,32087,,,1
11033,32031,,,1
11034,32031,,,1
11035,32042,,,1
11036,31996,,,0
11037,31988,,,1
11038,32054,,,1
11039,31910,,,0
11040,32001,,,0
11041,31924,,,0
11042,31943,,,1
11043,31954,,,0
11044,32084,,,1
11045,31939,,,1
11046,31939,,,1
11047,31933,,,1
11048,32000,,,1
11049,32052,,,1
11050,32113,,,1
11051,32333,,,1
11052,32351,,,5
11053,32351,,,4
11054,32306,,,6
11055,32306,,,20
11056,32306,,,20
11057,32306,,,16
11058,32306,,,0
11059,32312,,,1
11060,32312,,,9
11061,32312,,,7
11062,32312,,,4
11063,32312,,,0
11064,32312,,,8
11065,32312,,,7
11066,32327,,,1
11067,32327,,,1
11068,32327,,,0
11069,32327,,,2
11070,32327,,,2
11071,32324,,,0
11072,32324,,,1
11073,32324,,,8
11074,32324,,,8
11075,32320,,,6
11076,32320,,,5
11077,32320,,,7
11078,32320,,,8
11079,32320,,,9
11080,32314,,,17
11081,32314,,,11
11082,32314,,,14
11083,32314,,,2
11084,32314,,,7
11085,32314,,,7
11086,32314,,,3
11087,32314,,,9
11088,32314,,,16
11089,32314,,,14
11090,32314,,,3
11091,32314,,,1
11092,32314,,,10
11093,32309,,,18
11094,32309,,,19
11095,32309,,,12
11096,32308,,,6
11097,32308,,,6
11098,32311,,,5
11099,32350,,,27
11100,32350,,,4
11101,32350,,,4
11102,32350,,,16
11103,32350,,,17
11104,32350,,,27
11105,32350,,,13
11106,32350,,,2
11107,32350,,,5
11108,32350,,,15
11109,32350,,,24
11110,32321,,,6
11111,32321,,,6
11112,32323,,,8
11113,32323,,,5
11114,32323,,,7
11115,32323,,,7
11116,32323,,,6
11117,32323,,,9
11118,32323,,,5
11119,32323,,,9
11120,32326,,,1
11121,32326,,,3
11122,32326,,,3
11123,32317,,,13
11124,32317,,,6
11125,32317,,,6
11126,32317,,,4
11127,32317,,,13
11128,32317,,,4
11129,32317,,,3
11130,32317,,,5
11131,32317,,,5
11132,32313,,,11
11133,32313,,,9
11134,32313,,,13
11135,32369,,,1
11136,32369,,,1
11137,32369,,,6
11138,32378,,,11
11139,32315,,,3
11140,32315,,,2
11141,32315,,,10
11142,32315,,,11
11143,32315,,,1
11144,32305,,,5
11145,32305,,,5
11146,32322,,,5
11147,32322,,,3
11148,32322,,,1
11149,32318,,,4
11150,32318,,,18
11151,32318,,,16
11152,32319,,,5
11153,32319,,,2
11154,32319,,,2
11155,32319,,,4
11156,32325,,,9
11157,32325,,,19
11158,32325,,,7
11159,32325,,,4
11160,32325,,,6
11161,32325,,,7
11162,32325,,,8
11163,32325,,,4
11164,32300,,,6
11165,32300,,,4
11166,32300,,,5
11167,32300,,,7
11168,32300,,,4
11169,32300,,,6
11170,32300,,,5
11171,32301,,,12
11172,32301,,,9
11173,32301,,,13
11174,32301,,,11
11175,32301,,,9
11176,32301,,,11
11177,32301,,,11
11178,32301,,,12
11179,32301,,,13
11180,32301,,,10
11181,32301,,,7
11182,32301,,,10
11183,32330,,,33
11184,32330,,,38
11185,32330,,,20
11186,32330,,,5
11187,32330,,,2
11188,32330,,,21
11189,32330,,,17
11190,32330,,,19
11191,32330,,,19
11192,32330,,,4
11193,32330,,,2
11194,32330,,,4
11195,32330,,,37
11196,32302,,,9
11197,32302,,,3
11198,32302,,,3
11199,32302,,,1
11200,32302,,,9
11201,32303,,,3
11202,32304,,,6
11203,32304,,,0
11204,32304,,,3
11205,32304,,,6
11206,32304,,,5
11207,32304,,,8
11208,32304,,,7
11209,32304,,,3
11210,32304,,,7
11211,32380,,,7
11212,32380,,,8
11213,32380,,,6
11214,32380,,,7
11215,32380,,,10
11216,32380,,,4
11217,32380,,,7
11218,32374,,,47
11219,32374,,,31
11220,32374,,,32
11221,32374,,,48
11222,32374,,,24
11223,32374,,,4
11224,32374,,,20
11225,32374,,,52
11226,32374,,,8
11227,32374,,,38
11228,32374,,,0
11229,32374,,,20
11230,32347,,,48
11231,32347,,,13
11232,32347,,,2
11233,32347,,,9
11234,32347,,,19
11235,32347,,,39
11236,32347,,,48
11237,32347,,,14
11238,32347,,,46
11239,32347,,,25
11240,32347,,,27
11241,32347,,,17
11242,32347,,,43
11243,32347,,,23
11244,32347,,,46
11245,32347,,,15
11246,32347,,,44
11247,32347,,,38
11248,32347,,,17
11249,32347,,,42
11250,32347,,,36
11251,32347,,,45
11252,32347,,,43
11253,32347,,,37
11254,32347,,,34
11255,32347,,,14
11256,32347,,,40
11257,32347,,,21
11258,32347,,,45
11259,32347,,,16
11260,32362,,,2
11261,32362,,,4
11262,32362,,,7
11263,32362,,,46
11264,32362,,,48
11265,32362,,,26
11266,32343,,,19
11267,32343,,,22
11268,32343,,,20
11269,32334,,,22
11270,32334,,,8
11271,32334,,,10
11272,32334,,,14
11273,32344,,,16
11274,32344,,,33
11275,32344,,,27
11276,32344,,,13
11277,32344,,,-1
11278,32354,,,2
11279,32354,,,6
11280,32354,,,20
11281,32354,,,17
11282,32354,,,0
11283,32361,,,4
11284,32361,,,18
11285,32361,,,19
11286,32361,,,20
11287,32357,,,1
11288,32357,,,1
11289,32371,,,15
11290,32371,,,10
11291,32371,,,11
11292,32368,,,7
11293,32356,,,3
11294,32341,,,3
11295,32338,,,43
11296,32338,,,20
11297,32338,,,14
11298,32338,,,20
11299,32338,,,17
11300,32338,,,19
11301,32338,,,1
11302,32338,,,42
11303,32338,,,24
11304,32338,,,19
11305,32338,,,1
11306,32363,,,2
11307,32377,,,25
11308,32377,,,21
11309,32329,,,5
11310,32340,,,10
11311,32383,,,1
11312,32150,,,0
11313,32150,,,1
11314,32151,,,1
11315,32381,,,0
11316,32381,,,3
11317,32360,,,0
11318,32360,,,1
11319,32360,,,1
11320,32360,,,0
11321,32353,,,3
11322,32335,,,-1
11323,32310,,,4
11324,32310,,,1
11325,32310,,,3
11326,32310,,,3
11327,32310,,,2
11328,32310,,,5
11329,35074,,,0
11330,35064,,,2
11331,35064,,,0
11332,35077,,,3
11333,35077,,,0
11334,35167,,,14
11335,51570,,,1
11336,51608,,,1
11337,51569,,,2
11338,51603,,,2
11339,51603,,,2
11340,51602,,,1
11341,51601,,,1
11342,51601,,,1
11343,51614,,,3
11344,48454,,,1
11345,28966,,,3
11346,28823,,,3
11347,28823,,,3
11348,28968,,,2
11349,28968,,,1
11350,29107,,,0
11351,28843,,,1
11352,28843,,,3
11353,28844,,,3
11354,28844,,,2
11355,28996,,,2
11356,29010,,,2
11357,28852,,,3
11358,28852,,,2
11359,28946,,,1
11360,28991,,,2
11361,28991,,,3
11362,29002,,,0
11363,28941,,,3
11364,28941,,,0
11365,28988,,,0
11366,28988,,,0
11367,28856,,,2
11368,28856,,,1
11369,28856,,,1
11370,29035,,,0
11371,29099,,,2
11372,29099,,,3
11373,29099,,,3
11374,28956,,,2
11375,28956,,,2
11376,28956,,,3
11377,29013,,,2
11378,29017,,,-1
11379,28995,,,1
11380,28995,,,3
11381,28875,,,2
11382,28875,,,2
11383,28992,,,3
11384,28993,,,3
11385,29113,,,2
11386,28976,,,1
11387,28976,,,1
11388,28878,,,2
11389,28878,,,2
11390,28878,,,2
11391,28790,,,1
11392,28864,,,2
11393,28902,,,3
11394,28967,,,2
11395,28931,,,3
11396,28931,,,2
11397,28983,,,2
11398,28983,,,2
11399,28983,,,3
11400,28853,,,2
11401,28853,,,2
11402,28928,,,3
11403,28949,,,3
11404,28959,,,3
11405,28947,,,1
11406,28947,,,1
11407,28882,,,1
11408,28883,,,1
11409,28916,,,3
11410,28999,,,0
11411,28923,,,3
11412,28957,,,3
11413,28905,,,3
11414,28899,,,2
11415,28899,,,2
11416,29022,,,2
11417,28932,,,1
11418,28932,,,1
11419,28860,,,1
11420,28860,,,1
11421,28964,,,2
11422,28964,,,2
11423,28862,,,0
11424,28862,,,3
11425,28895,,,3
11426,28937,,,1
11427,28937,,,1
11428,28917,,,2
11429,28917,,,1
11430,29105,,,1
11431,29105,,,1
11432,28922,,,3
11433,28871,,,3
11434,28912,,,3
11435,29004,,,1
11436,29004,,,1
11437,29004,,,0
11438,29025,,,2
11439,29015,,,1
11440,29015,,,2
11441,29015,,,2
11442,29030,,,3
11443,29030,,,3
11444,28938,,,2
11445,28822,,,0
11446,28822,,,1
11447,28822,,,1
11448,28822,,,3
11449,28963,,,1
11450,28948,,,0
11451,28948,,,3
11452,28948,,,2
11453,28948,,,0
11454,28933,,,3
11455,28934,,,2
11456,28874,,,3
11457,28788,,,2
11458,28788,,,2
11459,29000,,,0
11460,28787,,,1
11461,28787,,,3
11462,28894,,,2
11463,28894,,,2
11464,28814,,,3
11465,28814,,,3
11466,28815,,,2
11467,28815,,,2
11468,28818,,,0
11469,28818,,,2
11470,28818,,,2
11471,28847,,,3
11472,28955,,,2
11473,28955,,,2
11474,28808,,,3
11475,28808,,,3
11476,29006,,,1
11477,29007,,,1
11478,29007,,,1
11479,29007,,,3
11480,28830,,,1
11481,28830,,,0
11482,28830,,,2
11483,28830,,,2
11484,28831,,,3
11485,28831,,,1
11486,28831,,,3
11487,29001,,,1
11488,28836,,,2
11489,28836,,,0
11490,28877,,,0
11491,28877,,,2
11492,28877,,,2
11493,28877,,,0
11494,28782,,,3
11495,29003,,,1
11496,29003,,,1
11497,28800,,,3
11498,28828,,,3
11499,29131,,,3
11500,29131,,,0
11501,28829,,,1
11502,28908,,,2
11503,28794,,,0
11504,28793,,,1
11505,28793,,,1
11506,29031,,,3
11507,29031,,,3
11508,28998,,,0
11509,28888,,,1
11510,29019,,,2
11511,29019,,,3
11512,28801,,,1
11513,28801,,,3
11514,28801,,,3
11515,29134,,,1
11516,28972,,,3
11517,29021,,,3
11518,28842,,,3
11519,28981,,,0
11520,28981,,,0
11521,29118,,,2
11522,29118,,,1
11523,29118,,,1
11524,28904,,,2
11525,28904,,,1
11526,28791,,,1
11527,28892,,,1
11528,28855,,,1
11529,28855,,,1
11530,28970,,,3
11531,28970,,,0
11532,29091,,,1
11533,28813,,,1
11534,28924,,,0
11535,29034,,,2
11536,29034,,,2
11537,28935,,,1
11538,28845,,,3
11539,28803,,,2
11540,28982,,,1
11541,28982,,,1
11542,28869,,,3
11543,28994,,,3
11544,28898,,,1
11545,28898,,,3
11546,29036,,,2
11547,28846,,,2
11548,28846,,,-1
11549,28785,,,0
11550,29028,,,1
11551,29028,,,3
11552,28806,,,2
11553,29024,,,1
11554,28854,,,2
11555,28854,,,2
11556,28861,,,3
11557,29032,,,3
11558,28789,,,0
11559,28789,,,0
11560,28887,,,0
11561,28887,,,0
11562,28984,,,2
11563,28984,,,2
11564,28838,,,3
11565,28641,,,1
11566,28712,,,0
11567,28622,,,0
11568,28622,,,1
11569,28780,,,1
11570,28548,,,1
11571,28602,,,1
11572,28607,,,1
11573,28675,,,1
11574,28778,,,0
11575,28778,,,0
11576,28744,,,1
11577,28744,,,0
11578,28744,,,1
11579,28722,,,1
11580,28722,,,0
11581,28563,,,1
11582,28564,,,1
11583,28596,,,1
11584,28596,,,0
11585,28562,,,1
11586,28629,,,0
11587,28553,,,1
11588,28554,,,0
11589,28555,,,0
11590,29110,,,0
11591,28586,,,1
11592,28595,,,1
11593,28595,,,1
11594,28619,,,1
11595,28776,,,1
11596,28776,,,1
11597,28776,,,0
11598,28694,,,1
11599,28631,,,1
11600,28631,,,0
11601,28572,,,1
11602,28711,,,1
11603,28614,,,1
11604,28676,,,1
11605,28724,,,1
11606,28672,,,1
11607,28747,,,1
11608,28747,,,1
11609,28546,,,0
11610,28546,,,1
11611,28698,,,1
11612,28593,,,0
11613,28613,,,-1
11614,28775,,,0
11615,28775,,,1
11616,28775,,,1
11617,28731,,,1
11618,28705,,,1
11619,28730,,,1
11620,28704,,,1
11621,28704,,,0
11622,28709,,,1
11623,28600,,,1
11624,28568,,,0
11625,28696,,,1
11626,28739,,,1
11627,28701,,,1
11628,28610,,,1
11629,28718,,,1
11630,28718,,,1
11631,28727,,,1
11632,28727,,,0
11633,28592,,,1
11634,28640,,,1
11635,28758,,,1
11636,28759,,,0
11637,28653,,,1
11638,28663,,,1
11639,28618,,,0
11640,29069,,,3
11641,29069,,,3
11642,29057,,,2
11643,29078,,,3
11644,29078,,,1
11645,29080,,,3
11646,29080,,,1
11647,29080,,,1
11648,29101,,,5
11649,29101,,,5
11650,29101,,,3
11651,29101,,,7
11652,29101,,,0
11653,29061,,,2
11654,29061,,,2
11655,29051,,,5
11656,29054,,,4
11657,29054,,,-1
11658,29048,,,-1
11659,29079,,,5
11660,29046,,,7
11661,29046,,,3
11662,29046,,,2
11663,29047,,,3
11664,29047,,,3
11665,29082,,,2
11666,29082,,,2
11667,29082,,,4
11668,29082,,,14
11669,29082,,,14
11670,29043,,,7
11671,29043,,,3
11672,29043,,,2
11673,29055,,,5
11674,29055,,,5
11675,29055,,,6
11676,29055,,,0
11677,29055,,,0
11678,29044,,,5
11679,29063,,,0
11680,29063,,,0
11681,29077,,,5
11682,29060,,,3
11683,29060,,,3
11684,29071,,,7
11685,29071,,,3
11686,29071,,,3
11687,29071,,,2
11688,29071,,,6
11689,29071,,,7
11690,29071,,,5
11691,29081,,,26
11692,29081,,,3
11693,29081,,,31
11694,29081,,,9
11695,29081,,,12
11696,29081,,,5
11697,29067,,,17
11698,29067,,,13
11699,29067,,,13
11700,29067,,,6
11701,29067,,,5
11702,29067,,,6
11703,29067,,,9
11704,29067,,,7
11705,29065,,,36
11706,29065,,,46
11707,29065,,,23
11708,29065,,,39
11709,29065,,,20
11710,29065,,,48
11711,29065,,,3
11712,29065,,,38
11713,29065,,,21
11714,29065,,,11
11715,29065,,,46
11716,29065,,,8
11717,29065,,,14
11718,29065,,,25
11719,29065,,,25
11720,29065,,,23
11721,29112,,,16
11722,29112,,,9
11723,29112,,,18
11724,29112,,,15
11725,29112,,,15
11726,29112,,,20
11727,29112,,,6
11728,29112,,,9
11729,29112,,,1
11730,29112,,,3
11731,29112,,,16
11732,29112,,,8
11733,29112,,,10
11734,29112,,,20
11735,29041,,,9
11736,29041,,,6
11737,29041,,,2
11738,29041,,,3
11739,29041,,,7
11740,29038,,,2
11741,29038,,,4
11742,29038,,,3
11743,29038,,,1
11744,29038,,,3
11745,29049,,,17
11746,29049,,,23
11747,29049,,,5
11748,29049,,,-1
11749,29049,,,5
11750,29049,,,23
11751,29049,,,0
11752,29049,,,15
11753,29049,,,25
11754,29049,,,7
11755,29049,,,17
11756,29049,,,15
11757,29121,,,17
11758,29039,,,35
11759,29039,,,0
11760,29039,,,10
11761,29039,,,14
11762,29039,,,31
11763,29039,,,10
11764,29039,,,27
11765,29039,,,8
11766,29039,,,2
11767,29039,,,19
11768,29039,,,30
11769,29039,,,35
11770,29039,,,27
11771,29039,,,2
11772,29039,,,34
11773,29039,,,4
11774,29039,,,14
11775,29039,,,30
11776,29086,,,3
11777,29086,,,24
11778,29086,,,9
11779,29086,,,27
11780,29086,,,9
11781,29086,,,0
11782,29086,,,21
11783,29086,,,24
11784,29086,,,4
11785,29086,,,27
11786,29059,,,5
11787,29059,,,8
11788,29072,,,1
11789,29068,,,2
11790,29068,,,9
11791,29068,,,2
11792,29068,,,9
11793,29068,,,1
11794,29053,,,0
11795,29053,,,1
11796,29053,,,5
11797,29053,,,20
11798,29053,,,1
11799,29053,,,0
11800,29074,,,6
11801,29074,,,0
11802,29066,,,5
11803,29066,,,9
11804,29130,,,20
11805,29130,,,24
11806,29130,,,11
11807,29130,,,17
11808,29130,,,19
11809,29130,,,19
11810,29130,,,17
11811,29058,,,2
11812,29058,,,2
11813,29037,,,4
11814,29037,,,5
11815,29133,,,11
11816,29133,,,7
11817,29133,,,4
11818,28754,,,0
11819,28561,,,2
11820,29139,,,1
11821,29139,,,1
11822,29094,,,2
11823,29136,,,7
11824,29138,,,1
11825,29116,,,1
11826,29100,,,7
11827,29100,,,2
11828,29100,,,3
11829,29100,,,13
11830,29111,,,5
11831,29109,,,-1
11832,29109,,,7
11833,29104,,,6
11834,29104,,,18
11835,29129,,,9
11836,29129,,,27
11837,29129,,,5
11838,29129,,,26
11839,29129,,,1
11840,29085,,,31
11841,29085,,,26
11842,29085,,,26
11843,29085,,,28
11844,29085,,,20
11845,29103,,,16
11846,29103,,,13
11847,28682,,,1
11848,5241,,,3
11849,5187,,,1
11850,5187,,,1
11851,5248,,,1
11852,5220,,,1
11853,5220,,,1
11854,5157,,,0
11855,5196,,,3
11856,5236,,,3
11857,5244,,,3
11858,5235,,,1
11859,5140,,,0
11860,5122,,,0
11861,5137,,,1
11862,5136,,,1
11863,5269,,,3
11864,5269,,,3
11865,5268,,,5
11866,5284,,,3
11867,39407,,,1
11868,39412,,,1
11869,39412,,,1
11870,39416,,,1
11871,39416,,,5
11872,29723,,,0
11873,29712,,,2
11874,29772,,,3
11875,29725,,,1
11876,29725,,,3
11877,29640,,,0
11878,29746,,,0
11879,29739,,,1
11880,29674,,,1
11881,29792,,,1
11882,29694,,,3
11883,29703,,,2
11884,29703,,,3
11885,29727,,,3
11886,29644,,,3
11887,29681,,,3
11888,29671,,,0
11889,29671,,,2
11890,29671,,,2
11891,29656,,,0
11892,29659,,,3
11893,29788,,,0
11894,29716,,,1
11895,29706,,,3
11896,29718,,,3
11897,29782,,,0
11898,29668,,,0
11899,29663,,,1
11900,29770,,,0
11901,29729,,,3
11902,29750,,,2
11903,29749,,,3
11904,29710,,,1
11905,29710,,,1
11906,29787,,,3
11907,29736,,,0
11908,29677,,,3
11909,29645,,,1
11910,29645,,,1
11911,29719,,,1
11912,29647,,,3
11913,29647,,,0
11914,29678,,,3
11915,29774,,,1
11916,29774,,,3
11917,29789,,,3
11918,29699,,,2
11919,29699,,,0
11920,29735,,,2
11921,29735,,,2
11922,29622,,,0
11923,29618,,,0
11924,29616,,,1
11925,29801,,,5
11926,29793,,,0
11927,29804,,,3
11928,29797,,,0
11929,29798,,,5
11930,29806,,,0
11931,29795,,,1
11932,29807,,,0
11933,9796,,,2
11934,9844,,,2
11935,9844,,,3
11936,9844,,,2
11937,9734,,,2
11938,9898,,,3
11939,9810,,,3
11940,9831,,,3
11941,9831,,,3
11942,9784,,,1
11943,9784,,,3
11944,9809,,,1
11945,9809,,,1
11946,9856,,,-1
11947,9856,,,-1
11948,9840,,,2
11949,9840,,,2
11950,9830,,,1
11951,9766,,,1
11952,9876,,,1
11953,9867,,,0
11954,9867,,,3
11955,9846,,,3
11956,9800,,,3
11957,9866,,,3
11958,9866,,,3
11959,9899,,,3
11960,9770,,,3
11961,9714,,,1
11962,9714,,,3
11963,9816,,,3
11964,9732,,,2
11965,9803,,,3
11966,9736,,,1
11967,9892,,,3
11968,9772,,,3
11969,9794,,,1
11970,9794,,,1
11971,9794,,,1
11972,9850,,,1
11973,9850,,,2
11974,9850,,,1
11975,9850,,,0
11976,9759,,,3
11977,9893,,,1
11978,9893,,,2
11979,9893,,,1
11980,9802,,,0
11981,9790,,,3
11982,9778,,,0
11983,9806,,,3
11984,9806,,,3
11985,9723,,,2
11986,9723,,,2
11987,9849,,,1
11988,9721,,,3
11989,9721,,,1
11990,9721,,,1
11991,9808,,,3
11992,9749,,,3
11993,9710,,,1
11994,9731,,,3
11995,9731,,,1
11996,9875,,,2
11997,9875,,,3
11998,9875,,,2
11999,9828,,,3
12000,9828,,,0
12001,9828,,,1
12002,9788,,,2
12003,9788,,,2
12004,9788,,,3
12005,9884,,,1
12006,9812,,,3
12007,9739,,,0
12008,9891,,,3
12009,9729,,,0
12010,9729,,,0
12011,9729,,,3
12012,9874,,,1
12013,9874,,,1
12014,9874,,,0
12015,9712,,,2
12016,9753,,,1
12017,9827,,,1
12018,9827,,,1
12019,9724,,,1
12020,9724,,,2
12021,9724,,,2
12022,9724,,,0
12023,9787,,,1
12024,9787,,,1
12025,9730,,,1
12026,9730,,,0
12027,9730,,,0
12028,9767,,,2
12029,9851,,,3
12030,9851,,,3
12031,9733,,,3
12032,9760,,,1
12033,9751,,,2
12034,9755,,,2
12035,9755,,,1
12036,9868,,,0
12037,9868,,,0
12038,9804,,,1
12039,9804,,,1
12040,9786,,,1
12041,9786,,,1
12042,9786,,,0
12043,9754,,,3
12044,9837,,,3
12045,9837,,,1
12046,9837,,,1
12047,9822,,,3
12048,9756,,,2
12049,9756,,,2
12050,9756,,,3
12051,9757,,,2
12052,9824,,,1
12053,9824,,,1
12054,9863,,,3
12055,9863,,,0
12056,9771,,,3
12057,9807,,,3
12058,9720,,,3
12059,9720,,,1
12060,9720,,,1
12061,9821,,,3
12062,9821,,,1
12063,9814,,,0
12064,9777,,,3
12065,9864,,,1
12066,9829,,,1
12067,9829,,,1
12068,9829,,,3
12069,9709,,,2
12070,9709,,,2
12071,9870,,,2
12072,9870,,,3
12073,9838,,,1
12074,9727,,,2
12075,9727,,,2
12076,9854,,,1
12077,9832,,,3
12078,9878,,,1
12079,9878,,,0
12080,9878,,,1
12081,9878,,,3
12082,9879,,,3
12083,9879,,,3
12084,9842,,,2
12085,9715,,,3
12086,9805,,,2
12087,9805,,,2
12088,9916,,,3
12089,9769,,,3
12090,9769,,,1
12091,9769,,,1
12092,9768,,,1
12093,9801,,,2
12094,9801,,,2
12095,9782,,,2
12096,9782,,,3
12097,9791,,,2
12098,9791,,,3
12099,9713,,,0
12100,9839,,,1
12101,7183,,,1
12102,9629,,,1
12103,9643,,,0
12104,9700,,,1
12105,9662,,,1
12106,9694,,,1
12107,9637,,,1
12108,9637,,,1
12109,9639,,,0
12110,9621,,,0
12111,9648,,,1
12112,9670,,,1
12113,9635,,,0
12114,9910,,,2
12115,9910,,,10
12116,9910,,,3
12117,9910,,,3
12118,9910,,,10
12119,9908,,,9
12120,9908,,,9
12121,9908,,,10
12122,9908,,,8
12123,9904,,,9
12124,9904,,,4
12125,9904,,,9
12126,9904,,,3
12127,9904,,,1
12128,9904,,,18
12129,9904,,,18
12130,9904,,,19
12131,9904,,,8
12132,9904,,,15
12133,9904,,,8
12134,9904,,,10
12135,9904,,,10
12136,9904,,,1
12137,9904,,,19
12138,9904,,,15
12139,9902,,,9
12140,9902,,,8
12141,9902,,,18
12142,9902,,,18
12143,9902,,,8
12144,9907,,,74
12145,9907,,,90
12146,9907,,,30
12147,9907,,,90
12148,9907,,,57
12149,9907,,,83
12150,9907,,,16
12151,9907,,,57
12152,9907,,,11
12153,9907,,,76
12154,9907,,,63
12155,9907,,,55
12156,9907,,,38
12157,9907,,,20
12158,9907,,,16
12159,9907,,,55
12160,9907,,,79
12161,9907,,,9
12162,9907,,,94
12163,9907,,,99
12164,9907,,,51
12165,9907,,,35
12166,9907,,,5
12167,9907,,,76
12168,9907,,,61
12169,9907,,,63
12170,9907,,,61
12171,9907,,,67
12172,9907,,,60
12173,9907,,,9
12174,9907,,,60
12175,9906,,,9
12176,9903,,,1
12177,9903,,,15
12178,9903,,,14
12179,9903,,,8
12180,9903,,,11
12181,9903,,,3
12182,9903,,,1
12183,9903,,,3
12184,9903,,,19
12185,9903,,,14
12186,9903,,,8
12187,9909,,,4
12188,9909,,,1
12189,9909,,,4
12190,9933,,,15
12191,9933,,,4
12192,9933,,,14
12193,9933,,,4
12194,9933,,,8
12195,9933,,,15
12196,49137,,,1
12197,49137,,,3
12198,49208,,,0
12199,49208,,,3
12200,49246,,,3
12201,49204,,,3
12202,49130,,,3
12203,49116,,,2
12204,49116,,,2
12205,49116,,,3
12206,49116,,,1
12207,49106,,,3
12208,49106,,,1
12209,49113,,,3
12210,49124,,,0
12211,49176,,,1
12212,49176,,,1
12213,49176,,,1
12214,49176,,,1
12215,49176,,,0
12216,49177,,,2
12217,49234,,,0
12218,49221,,,3
12219,49210,,,1
12220,49210,,,0
12221,49211,,,2
12222,49211,,,2
12223,49239,,,3
12224,49239,,,1
12225,49255,,,0
12226,49241,,,0
12227,49147,,,3
12228,49147,,,2
12229,49147,,,2
12230,49190,,,3
12231,49190,,,2
12232,49190,,,3
12233,49229,,,2
12234,49229,,,2
12235,49143,,,0
12236,49170,,,0
12237,49170,,,3
12238,49170,,,0
12239,49196,,,3
12240,49159,,,1
12241,49159,,,1
12242,49159,,,2
12243,49159,,,2
12244,49148,,,2
12245,49148,,,1
12246,49148,,,1
12247,49128,,,0
12248,49220,,,3
12249,49220,,,3
12250,49169,,,3
12251,49169,,,2
12252,49252,,,2
12253,49222,,,2
12254,49222,,,2
12255,49149,,,2
12256,49158,,,2
12257,49158,,,1
12258,49158,,,0
12259,49158,,,2
12260,49291,,,2
12261,49291,,,3
12262,49291,,,2
12263,49291,,,1
12264,49245,,,2
12265,49245,,,3
12266,49245,,,2
12267,49254,,,2
12268,49254,,,2
12269,49243,,,2
12270,49099,,,2
12271,49099,,,2
12272,49100,,,2
12273,49100,,,1
12274,49100,,,1
12275,49100,,,0
12276,49102,,,3
12277,49102,,,1
12278,49102,,,1
12279,49184,,,2
12280,49184,,,2
12281,49240,,,3
12282,49240,,,3
12283,49187,,,3
12284,49146,,,1
12285,49146,,,0
12286,49146,,,3
12287,49238,,,1
12288,49157,,,2
12289,49157,,,3
12290,49157,,,2
12291,49157,,,3
12292,49250,,,2
12293,49250,,,3
12294,49155,,,2
12295,49253,,,2
12296,49253,,,3
12297,49156,,,0
12298,49136,,,0
12299,49136,,,3
12300,49132,,,3
12301,49171,,,2
12302,49171,,,2
12303,49171,,,3
12304,49171,,,3
12305,49171,,,1
12306,49107,,,2
12307,49209,,,2
12308,49295,,,1
12309,49295,,,0
12310,49295,,,3
12311,49257,,,3
12312,49257,,,1
12313,49257,,,1
12314,49200,,,3
12315,49160,,,1
12316,49160,,,1
12317,49120,,,0
12318,49205,,,3
12319,49223,,,3
12320,49122,,,2
12321,49122,,,0
12322,49122,,,3
12323,49216,,,3
12324,49178,,,0
12325,49215,,,0
12326,49215,,,2
12327,49202,,,2
12328,49202,,,2
12329,49051,,,1
12330,49066,,,1
12331,49028,,,1
12332,49052,,,1
12333,49054,,,1
12334,49033,,,1
12335,49020,,,0
12336,49020,,,0
12337,49078,,,1
12338,49090,,,1
12339,49018,,,1
12340,49035,,,1
12341,49002,,,1
12342,49002,,,1
12343,49091,,,1
12344,49030,,,1
12345,49059,,,1
12346,49309,,,1
12347,49043,,,1
12348,49294,,,0
12349,49261,,,3
12350,49274,,,4
12351,49274,,,4
12352,49274,,,13
12353,49274,,,10
12354,49266,,,4
12355,49271,,,1
12356,49271,,,22
12357,49271,,,13
12358,49271,,,10
12359,49271,,,19
12360,49271,,,6
12361,49271,,,28
12362,49271,,,31
12363,49271,,,11
12364,49271,,,18
12365,49271,,,33
12366,49271,,,4
12367,49271,,,28
12368,49271,,,19
12369,49271,,,12
12370,49271,,,2
12371,49271,,,2
12372,49271,,,26
12373,49271,,,24
12374,49271,,,23
12375,49271,,,2
12376,49271,,,26
12377,49271,,,4
12378,49275,,,5
12379,49275,,,2
12380,49275,,,2
12381,49265,,,2
12382,49265,,,3
12383,49265,,,3
12384,49259,,,13
12385,49259,,,5
12386,49260,,,7
12387,49260,,,9
12388,49260,,,9
12389,49260,,,4
12390,49260,,,8
12391,49267,,,3
12392,49272,,,3
12393,49272,,,3
12394,49269,,,4
12395,49262,,,1
12396,49264,,,0
12397,49280,,,0
12398,49299,,,3
12399,49279,,,3
12400,49304,,,3
12401,49305,,,3
12402,49305,,,1
12403,49306,,,1
12404,49298,,,3
12405,49047,,,1
12406,49320,,,1
12407,49322,,,3
12408,32444,,,3
12409,32683,,,3
12410,32468,,,2
12411,32512,,,3
12412,32455,,,2
12413,32455,,,2
12414,32514,,,1
12415,32576,,,3
12416,32663,,,0
12417,32569,,,3
12418,32532,,,3
12419,32554,,,0
12420,32581,,,3
12421,32631,,,2
12422,32498,,,0
12423,32546,,,3
12424,32546,,,3
12425,32599,,,1
12426,32657,,,3
12427,32464,,,3
12428,32520,,,0
12429,32482,,,3
12430,32525,,,3
12431,32525,,,2
12432,32707,,,2
12433,32658,,,3
12434,32658,,,2
12435,32664,,,2
12436,32664,,,2
12437,32476,,,0
12438,32476,,,3
12439,32629,,,1
12440,32629,,,1
12441,32630,,,3
12442,32414,,,0
12443,32412,,,1
12444,32709,,,3
12445,32709,,,3
12446,32709,,,3
12447,46124,,,3
12448,46153,,,0
12449,46106,,,0
12450,46087,,,3
12451,46119,,,3
12452,46148,,,3
12453,46096,,,3
12454,46111,,,1
12455,46134,,,3
12456,46146,,,3
12457,46131,,,3
12458,46105,,,3
12459,46144,,,1
12460,46144,,,2
12461,46144,,,2
12462,46144,,,3
12463,46094,,,1
12464,46090,,,3
12465,46090,,,3
12466,46090,,,0
12467,46115,,,1
12468,46108,,,2
12469,46160,,,1
12470,46065,,,1
12471,46064,,,0
12472,46071,,,1
12473,3518,,,1
12474,46068,,,1
12475,43632,,,0
12476,43640,,,3
12477,43633,,,3
12478,43645,,,3
12479,43645,,,2
12480,43638,,,3
12481,43612,,,3
12482,43627,,,2
12483,43617,,,3
12484,43634,,,2
12485,43636,,,0
12486,43630,,,1
12487,43630,,,1
12488,43620,,,0
12489,43615,,,1
12490,43641,,,0
12491,43641,,,-1
12492,43641,,,0
12493,43637,,,0
12494,15934,,,1
12495,15934,,,3
12496,15939,,,13
12497,15939,,,1
12498,15939,,,15
12499,15942,,,0
12500,50724,,,1
12501,50724,,,3
12502,50724,,,1
12503,50719,,,1
12504,50729,,,1
