id,person_id,book,content,is_review
1,21620,中國歷代人名大辭典,"【生卒】：約626或627—684后
【介紹】：
唐婺州義烏人。七歲能詩，有神童之稱。與王勃、楊炯、盧照鄰齊名，號四杰。高宗永徽中為道王李元慶府屬，歷武功、長安主簿。儀鳳三年入為侍御史，因事下獄，次年遇赦。調露二年除臨海丞，不得志，辭官。武則天光宅元年，徐敬業起兵揚州反則天，賓王為作《代李敬業傳檄天下文》。敬業敗，賓王亡命不知所之，或云被殺，或云為僧。有集。",false
2,21620,唐詩大辭典 修訂本,"【生卒】：622—684，有生于619、640等說
    排行四，婺州義烏(今浙江義烏)人。出身寒門，其父為青州博昌令，早卒。7歲能詩。高宗朝，初為道王府屬，后歷任奉禮郎、東臺詳正學士、武功主簿、長安主簿，遷侍御史。為奉禮郎時，曾從軍西域久戍邊疆。塞外還，又曾宦游蜀中。調露元年(679)冬，因數上疏言事獲罪下獄，次年秋下除臨海(今屬浙江)丞。睿宗文明中(684)隨徐敬業起兵討武后，作檄傳之天下斥其罪。敬業兵敗，賓王被誅(一說逃亡不知所之)。《<a href='https://cnkgraph.com/Book/3403' target='_blank'>本事詩·微異</a>》言宋之問于靈隱寺吟詩，遇駱賓王隱跡為僧，為續“桂子月中落，天香云外飄”等句，傳播甚廣，而不可信。生平見新、舊《<a href='https://cnkgraph.com/Book/2195' target='_blank'>唐書</a>》本傳。今人張志烈有《初唐四杰年譜》。賓王為“初唐四杰”之一，才情縱放，擅長七言歌行，《帝京篇》為代表作。其詩或自述仕途坎坷，或同情下層婦女愛情婚姻之不幸，或揭露上層統治者之驕奢淫逸，題材較為廣泛。筆調宏肆，風格雄放。《<a href='https://cnkgraph.com/Book/2484' target='_blank'>全唐詩</a>》編其詩為3卷。其詩集以清咸豐年間陳熙晉《駱臨海集箋注》為最通行。",false
3,21620,唐诗汇评,"駱宾王（638？—685？）,字观光，婺州义乌（今属浙江）人。弱冠为道王（元庆）府属。高宗咸亨年间，从军塞上。上元元年回京参选，历武功、长安主簿，擢侍御史，因上书言事，被诬下狱。后任临海（今浙江天台）丞，怏怏失志，弃官去。文明元年，从徐敬业讨武，兵败，被杀。或谓“投江而死”，或谓“亡命不知所之”。宾王兼擅诗文，与王勃、杨炯、卢照邻齐名，并称“四杰”。有《<a href='https://cnkgraph.com/Book/8170' target='_blank'>骆宾王文集</a>》十卷行世。《<a href='https://cnkgraph.com/Book/2484' target='_blank'>全唐诗</a>》编诗三卷。清陈熙晋有《駱临海集笺注》十卷。",false
4,21620,《唐诗纪事》,世称“王杨卢骆”，杨盈川之为文，好以古人姓名连用，如“张平子之略谈，陆士衡之所记”、“潘安仁宜其陋矣，仲长统何足知之”，号为“点鬼簿”。宾王文好以数对，如“秦地重关一百二，汉家离宫三十六”，人号为“算博士”。,true
5,21620,《诗人玉屑》,骆宾王为诗，格高指远，若在天上物外，神仙会集，云行鹤驾，想见飘然之状。,true
6,21620,张逊业《骆宾王文集序》,宾王五言律诗，秀丽精绝，不可易及。然《帝京篇》尤一代绝唱也。,true
7,21620,《艺苑卮言》,卢、骆、王、杨，号称“四杰”，词旨华靡，固沿陈隋之遗，翩翩意象，老境超然胜之，五言遂为律家正始。内子安稍近乐府，扬、卢尚宗汉魏，宾王长歌虽极浮靡，亦有微瑕，而缀锦贯珠，滔滔洪远，故是千秋绝艺。,true
8,21620,《诗薮》,沈、宋前，排律殊寡，惟骆宾王篇什独盛。佳者：“二庭归望断”、“蓬转俱行役”、“彭山折坂外”、“蜀地开天府”，皆流丽雄浑，独步一时。,true
9,21620,《唐音癸签》,义乌富有才情，兼深组织，正以太整且丰之故，得擅长什之誉，将无风骨有可窥乎！,true
10,21620,《三唐诗品》,其源亦出阴、何，特能清远取神，苍然有骨，虽才非纯雅，面于胜处见优。存诗甚少，特见一斑，缘在初唐，仍称家数，,true
11,21620,《诗学渊源》,（宾王）诗不减齐梁诸人，而古质不及卢昇之。近体如《北眺》、《夏日》诸作，立意炼辞，实开盛唐之先路。,true
12,21620,全唐文,賓王。婺州義烏人。初為道王府屬。歷武功主簿。調長安。武后時數上書言事。下除臨安丞。怏怏失志。棄官去。徐敬業舉兵。署為府屬。軍中書檄。皆其詞也。,false
13,17226,中國歷代人名大辭典,"【生卒】：約646—708
【介紹】：
唐河南鞏縣人，祖籍襄陽，字必簡。高宗咸亨元年進士。善五言詩，工書翰，有能名。與李嶠、崔融、蘇味道為“文章四友”，世號崔、李、蘇、杜。歷遷隰城尉、洛陽丞。坐事，貶吉州司戶參軍。武則天時，累擢膳部員外郎。中宗神龍初，坐與張易之兄弟交往，配流嶺外。尋召授國子主簿，加修文館直學士。卒年六十余。有集。",false
14,17226,唐詩大辭典 修訂本,"【生卒】：645?—708
    字必簡。排行五。祖籍襄陽(今湖北襄樊)，父遷居洛州鞏縣(今河南鞏義)。高宗咸亨元年(670)登進士第，其后任隰城尉，累轉洛陽丞。武后圣歷元年(698)，坐事貶吉州司戶參軍。與同僚不睦，為州司馬周季重等所構陷，系獄，將被殺。審言子杜并年方十六，刺殺季重，當即杜并亦被殺。武后聞此，甚加嘆異，召見審言，授著作佐郎，俄遷膳部員外郎。神龍元年(705)，因諂附張易之兄弟，為中宗流放峰州。不久召還，授國子監主簿，加修文館直學士。景龍二年(708)卒。生平見新、舊《<a href='https://cnkgraph.com/Book/2195' target='_blank'>唐書</a>》本傳，今人傅璇琮《唐代詩人叢考·杜審言考》對其生平事跡多所考證。審言為杜甫祖父，杜甫詩法深受其影響。審言少時與李嶠、崔融、蘇味道齊名，稱“文章四友”；晚年與沈佺期、宋之問唱和，對近體詩之形成頗有貢獻。審言今存詩43首，僅兩首古體，五律、五排、七律、七絕諸體有佳作，其中五律尤為量多質高，莊嚴典麗。有宋本《杜審言集》1卷。今人徐定祥有《杜審言詩注》。《<a href='https://cnkgraph.com/Book/2484' target='_blank'>全唐詩</a>》存詩1卷。",false
15,17226,唐诗汇评,"杜审言（648？—708）,字必简，祖籍襄阳（今湖北襄类），父迁居巩县（今属河南）。高宗咸亨元年（670）擢进士第，授隰城尉，迁江阴尉，转洛阳丞。武后圣历元年，坐事贬吉州司户参军，寻免归，武则天召见，拜著作佐郎，迁膳部员外部。中宗神龙初，坐与张易之兄弟交往，流峰州。不久召还，授国子监主簿，加修文馆直学士，卒。审言善五言诗，工书翰，与李峤、崔融、苏味道并称“文章四友”。有《杜审言集》十卷，已佚。今《杜审言诗集》三卷乃后人所辑。《<a href='https://cnkgraph.com/Book/2484' target='_blank'>全唐诗</a>》编诗一卷。今人徐定祥有《杜审言诗注》。",false
16,17226,《唐诗品》,学士高才命世，凌轹同等，律调琅然，极其华茂。然其心灵流畅，不烦构结，而自出雅致。旷代高之，以为家祖。少陵雄生后代，威凤之丸，不离苞素者也。《守岁》篇云：“宫阙星河低拂树，殿庭灯烛上薰天”，气色高华，罕得其比。,true
17,17226,《艺苑卮言》,杜审言华藻整栗，小让沈、宋，而气度高逸，神情圆畅，白是中兴之祖，宜其矜率乃尔。,true
18,17226,《艺圃撷馀》,杜必简性好矜诞，至欲“衙官屈、宋”。然诗自佳，华于子昂，质丁沈、宋，一代作家也。乃有杜陵鬯其家风，盛哉！,true
19,17226,《诗薮》,初唐无七言，五言亦未超然。二体之妙，杜审言实为首倡。五言则“行止皆无地”、“独有宦游人”，排律则“六位乾坤动”、“北地寒应苦”，七言则“季冬除夜”、“毗陵震泽”，皆极高华雄整。少陵继起，百代模楷，有自来矣。,true
20,17226,《诗镜总论》,杜审言浑厚有馀。,true
21,17226,《唐诗归》,钟云：初唐诗至必简，整矣，畅矣。吾尤畏其少。古人作诗不肯多，意其不善。又云：必简数诗，开诗家齐整平密一派门户，在初唐实亦创作。,true
22,17226,《诗源辨体》,杜审言五言律体巳成，所未成者，长短两篇而已。今观沈、宋集中，亦尚有四、五篇未成者。然则五言律体实成于杜、沈、宋，而后人但言成于沈、宋，何也？审言较沈、宋复称俊逸，而体自整栗，语自雄丽，其气象风格自在，亦是律诗正宗。,true
23,17226,《唐诗绪笺》,五言律诗贵乎沉实温丽，雅正清远。含蓄深厚，有言外之意；制作平易，无艰难之患。最不宜轻浮俗浊，则成小人对属矣。似易而实难。又须风格峻整，音律雅浑，字字精密，乃为得体。初唐惟杜审言创造工致，最为可法。,true
24,17226,《唐律消夏录》,必简诗用意深老，措辞缜密，虽极平常句中，一字皆不虚设。其于射洪，犹班之于史也。后来尽得其法者，唯文孙工部一人。,true
25,17226,《载酒园诗话又编》,杜必简散朗轩豁，其用笔如风发漪生，有遇方成珪、遇圆成璧之妙。即作磊砢语，亦犹苏子瞻坐桄榔林下食芋饮水，略无攒眉蹙额之态。此僻涩苦寒之对剂也。但上苑芳菲，止于明媚之观。,true
26,17226,《石洲诗话》,杜必简于初唐流丽中，别具沉挚，此家学所有启也。,true
27,17226,《三唐诗品》,承流散藻，词非一骨，间有六代遗音，而律诗清柔，无复陈隋健响，于初唐最为晚派。自诞“衙官屈宋”，殊太过情。乃如“云霞出海”、“草绿长门”，亦自独辟生蹊，发为孤秀，以罕见长耳。,true
28,18262,中國歷代人名大辭典,"【生卒】：649或650—675或676
【介紹】：
唐絳州龍門人，字子安。王福峙子。六歲能屬文，構思無滯，詞情英邁。九歲作《指瑕》，擿顏師古注《<a href='https://cnkgraph.com/Book/2401' target='_blank'>漢書</a>》之失。高宗麟德初，對策高第。任虢州參軍。恃才傲物，為同僚所嫉。犯罪當誅，遇赦革職，其父亦因之貶交趾令。上元二年赴交趾省父，途經南昌，撰《滕王閣序》，為世所稱。旋因渡海墮水而卒。有詩名，與楊炯、盧照鄰、駱賓王合稱初唐四杰。有集。",false
29,18262,唐詩大辭典 修訂本,"【生卒】：650—676，有生于649、648，卒于667等說
    字子安，絳州龍門(今山西河津)人。出身望族，祖父王通為隋末大儒。王勃早慧，為時所稱。高宗麟德三年(666)應制科，對策高第，拜朝散郎(據徐松《<a href='https://cnkgraph.com/Book/2797' target='_blank'>登科記考</a>》卷二)。沛王李賢聞其名，召為府修撰，旋以戲檄英王雞被斥出府。總章二年(669)，入蜀漫游，詩文大進。咸亨四年(673)求補虢州參軍，因匿殺官奴獲罪，遇赦除名。上元二年(675)秋，赴交趾省父。次年秋，渡海墮水，驚悸而卒(據楊炯《王子安集序》、劉汝霖《王子安年譜》)。生平見《<a href='https://cnkgraph.com/Book/2425' target='_blank'>舊唐書</a>》、《<a href='https://cnkgraph.com/Book/2326' target='_blank'>新唐書</a>》本傳。年譜多家，以清姚大榮《王子安年譜》較為完備。今人張志烈有《初唐四杰年譜》。王勃自覺反對沿襲六朝余波“爭構纖微，競為雕刻”之上官體詩，“思革其弊”，并由“四杰”之共同努力，終使“積年綺碎，一朝清廓，翰苑豁如，詞林增峻”(楊炯《王子安集序》)。其詩多抒發個人情志，亦有抨擊時弊之作。擅長五言律詩、五言絕句。風格清新秀麗。詩文集以清蔣清翊《<a href='https://cnkgraph.com/Book/3190' target='_blank'>王子安集注</a>》二十卷本為最通行。《<a href='https://cnkgraph.com/Book/2484' target='_blank'>全唐詩</a>》存詩2卷，《全唐詩外編》及《續拾》補詩16首又1句。",false
30,18262,唐诗汇评,王勃（650-676），字子安，绛州龙门（今山西河津）人。文中子王通之孙。未及冠，应幽素举及第。高宗乾封中，召为沛王府修撰，因戏撰《檄英王鸡文》，高宗斥之。客剑南。咸亨四年，补虢州参军。坐事当死，遇漱，革职，其父亦受寒左迁交趾令。上元二年，勃往省父，次年渡南海时溺水，惊悸而死。勃聪慧，早有文名，与杨炯、卢照邻、骆宾王齐名，并你“四杰”。其诗格调高华，在仍被齐梁浮靡诗风策罩的初唐，显示出转变的趋势。有《王勃集》三十卷，已佚（残卷存日本）。今《<a href='https://cnkgraph.com/Book/2328' target='_blank'>王子安集</a>》十六卷乃明张夑所辑。《<a href='https://cnkgraph.com/Book/2484' target='_blank'>全唐诗</a>》编诗二卷。清蒋清翊有《<a href='https://cnkgraph.com/Book/3190' target='_blank'>王子安集注</a>》二十卷。,false
31,18262,《唐诗品》,子安早握玄珠，天然艳发，登高而赋，钟石毕陈。盖其上薄云天之气，下缠幽寂之忿，蓄以疏才，发以盛藻，直举胸臆，俯瞰前古，宜其无可为节也。,true
32,18262,张逊业《校正王勃集序》,王子才富丽径捷，称罕一时，赋与七言古诗，可谓独步；然律及诸作，未脱六朝沿染，而沉思工致，亦未易及也，,true
33,18262,《诗薮》,齐、梁、陈、隋五言古，唐律诗之未成者；七言古，唐歌行之未成者。王、卢出，而歌行咸中矩度矣；沈、宋出，而近体悉协宫商矣。至高、岑而后有气，王、孟而后有韵，李、杜而后入化。,true
34,18262,《诗薮》,大历之还，易空疏而难典瞻；景龙之际，难雅洁而易浮华。盖齐、梁代降，沿袭绮靡，非大有神情，胡能荡涤？唐初五言律，惟王勃“送送多穷路”、“城阙辅三秦”等作，终篇不著景物，而兴象宛然，气骨苍然，实首启盛，中妙境。五言绝亦舒写悲凉，洗削流调。究其才力，自是唐人开山祖。拾遗、吏部，并极虚怀，非溢美也。,true
35,18262,《诗薮》,唐初五言绝，子安诸作已入妙境。七言初变梁、陈，音律未谐，韵度尚乏。,true
36,18262,《诗镜总论》,王勃高华，杨炯雄厚，照邻清藻，宾王坦易，子安其最杰乎？调入初唐，时带六朝锦色。,true
37,18262,《唐音癸签》,王子安虽不废藻饰，如璞含珠媚，自然发其彩光。,true
38,18262,《诗源辨体》,七言古自梁简文、陈、隋诸公始，进而为王、卢、骆三子。三子偶丽极工，绮艳变为富丽，然调犹未纯，语犹未畅，其风格虽优，而气象不足。……然析而论之，王长篇虽少，而稍见错综，与卢、骆体制少异。,true
39,18262,《诗辩坻》,王子安七言占风，能从乐府脱出，故宜华不伤质，自然高浑矣。,true
40,18262,《读雪山房唐诗序例》,王勃绝句，若无可喜，而优柔不迫，有一唱三叹之音。,true
41,18262,《三唐诗品》,其源出于吴、何，而益谐音律，情词朗秀，结风隽响，但言外无妍，微伤深致。五言短绝，隽永见珍。《采莲曲》、《临高台》亦杂言新体之遗也。,true
42,18262,全唐文,勃字子安。絳州龍門人。未冠應幽素舉及第。授朝散郎。沛王賢聞其名。召為沛府修撰。是時諸王鬬雞。戲為文檄英王雞。高宗覽之怒。斥出府。久之。補虢州參軍。官奴曹達犯罪。勃匿之。既懼事洩。殺達滅口。事覺當誅。會赦除名。上元二年。渡南海墮水卒。年二十八。(謹按新書作二十九),false
43,13975,中國歷代人名大辭典,"【生卒】：?—712
【介紹】：
唐汾州人，一說虢州弘農人，字延清，一名少連。宋令文子。高宗上元二年進士。善文辭，詩與沈佺期齊名，學者號為“沈宋”。從武則天游龍門，賦詩冠諸臣。歷轉洺州參軍、左奉宸內供奉，媚附張易之兄弟。中宗神龍時，貶瀧州參軍。景龍中，累遷考功員外郎、修文館學士，復媚太平公主。及典舉，引拔后進，多知名者。坐貪贓受賄，貶越州長史。睿宗立，流欽州，玄宗先天中賜死。工五律，律詩之格至沈、宋始備。有集。",false
44,13975,唐詩大辭典 修訂本,"【生卒】：656—713
    一名少連，字延清，排行五，汾州西河(今山西汾陽)人，一說虢州弘農(今河南靈寶)人，疑西河為郡望，弘農為實籍。因曾官考功員外郎，世稱宋考功。高宗上元二年(675)登進士第。武周天授元年(690)與楊炯并以學士分直習藝館，歷洛州參軍，復與修《三教珠英》，遷左奉宸內供奉。神龍元年(705)，中宗復辟，之問以諂事張易之，坐貶瀧州參軍。次年春逃歸洛陽匿張仲之家，令兄子告發仲之謀殺武三思事，擢鴻臚主簿。景龍中以戶部員外郎兼修文館直學士，再轉考功員外郎，三年(707)知貢舉貪賄，貶越州長史。睿宗立，流于欽州，后賜死，約當玄宗先天中。生平見新、舊《<a href='https://cnkgraph.com/Book/2195' target='_blank'>唐書</a>》本傳、《<a href='https://cnkgraph.com/Book/2071' target='_blank'>唐才子傳</a>》卷一。之問與沈佺期齊名，并稱沈宋，于初唐時律體之完成頗有貢獻。尤善五律，觀察入微，巧思善煉，能于精麗縝密中見自然之致。《夏日仁萼亭應制》、《扈從登封途中作》等篇，雖體沿唐初宮廷格局，卻寬然有遠意，頗見新進境。流貶中所作，如《途中逢寒食》、《題大庾嶺北驛》、《度大庾嶺》等，更以凄情運精思，語近旨遠，清通圓美，開盛唐先聲。五言排律取景寬大，故富麗整嚴而警秀不滯。明胡應麟評為“古今排律絕唱”(《<a href='https://cnkgraph.com/Book/6663' target='_blank'>詩藪</a>》內編卷四)。名篇有《初至崖口》、《早發始興江口至虛氏村作》、《靈隱寺》等，而《奉和晦日幸昆明池應制》為上官婉兒評為群作之冠。律體外，五絕如《渡漢江》，語淺情深，思致婉曲，七古如《寒食還陸渾別業》、《明河篇》，整麗流蕩而清氣發越，均足為初盛唐中介。原集10卷，唐武平一輯，久佚。今存《<a href='https://cnkgraph.com/Book/8201' target='_blank'>宋之問集</a>》2卷，后人所輯，有《四部叢刊續編》本。今人陶敏有《宋之問集校注》。《<a href='https://cnkgraph.com/Book/2484' target='_blank'>全唐詩</a>》編其詩為3卷，《全唐詩外編》及《全唐詩續拾》補27首，斷句9。",false
45,13975,唐诗汇评,宋之问（656？-712），—名少连，字延清，虢州弘农（今河南灵宝）人。高宗上元二年（675）进士，授洛州参军，寒转尚方监丞，左奉宸内供奉。倾附张易之兄弟，易之败，左迁泷州参军。未几遇赦归，起为鸿胪主簿。中宗景龙中，再转考功员外郎，知景龙二年贡举。寻抟越州长史。睿宗即位，眨钦州。玄宗先天初，赐死于核州。之问以文词知名，工五言律诗，声律精切，与沈佺期齐名，并称“沈宋”。有《<a href='https://cnkgraph.com/Book/8201' target='_blank'>宋之问集</a>》十卷，已佚。今《宋学士集》九卷乃明张燮所辑。《<a href='https://cnkgraph.com/Book/2484' target='_blank'>全唐诗</a>》编诗三卷。,false
46,13975,元稹《故部员外郎杜君墓系铭》,唐兴，学官大振，历世之久，能者互出。而又沈、宋之流，研练精切，稳顺声势，谓之为律诗。由是而后，文体之变极焉。,true
47,13975,《新唐书·文艺传》,魏建安后迄江左，诗律屡变，至沈约、庾信以音韵相婉附，属对精密。及之问、沈佺期又加靡丽，回忌声病，约句准篇，如锦绣成文，学者宗之，号为“沈宋”。,true
48,13975,《唐才子传》,语曰：“苏李居前，沈宋比肩。”谓唐诗变体，始自二公，犹汉人五言诗始自苏武、李陵也。,true
49,13975,《瀛奎律髓》,宋之问，唐律诗之祖，诗未尝不佳……字字细密。,true
50,13975,《艺苑卮言》,六朝之末，衰飒甚矣，然其偶俪颇切，音响稍谐。一变而雄，遂为唐始；再加整栗，便成沈、宋。人知沈、宋律家正宗，不知其权舆于三谢，橐籥于陈隋也。,true
51,13975,《诗薮》,沈詹事七言律，高华胜于宋员外。宋虽微少，亦见一斑，歌行觉自陟健。,true
52,13975,《诗薮》,沈七言律，高华胜宋；宋五言排律，精硕过沈。,true
53,13975,《诗薮》,沈、宋本自并驱，然沈视宋稍偏枯，宋视沈较缜密。沈制作亦不如宋之繁富。沈排律工者不过三数篇，宋则遍集中无不工者，且篇篇平正典重，赡丽精严，初学入门，所当熟习。右丞韵度过之，而典重不如；少陵闳大有加，而精严略逊。,true
54,13975,《诗薮》,延清排律，如《登粤王台》、《虚氏村》、《禹穴》、《韶州》、《清远峡》、《法华寺》等篇，叙状景物，皆极天下之工。且繁而不乱，绮而不冗，可与谢灵运游览诸作并驰，占今排律绝唱也。,true
55,13975,《师友诗传录》,萧亭答：七言律诗，五言八句之变也，唐初始专此体。沈、宋精巧相尚，然六朝馀气犹存。,true
56,13975,《载酒园诗话又编》,宋古诗多佳，真苦收之不尽。律诗扈从、应制诸篇，实亦不能高出于沈；山水丽情，则沈犹竹生云梦，宋则伶伦子吹之作凤鸣矣。,true
57,13975,《三唐诗品》,其源出于谢元晖、沈休文。五言长篇蔚密，短篇明秀，高凌宣远，卑拟韩卿。七言短章，独开蹊径，玩词已尽，而寻味方永，实文坛之独帜，韵府之高言。《明河》发咏，为西昆之体所师意焉。应制律词，特饶风韵，后唯钱起足以方之。,true
58,13975,《诗学渊源》,之问诗文情并茂，虽取法齐梁，而古调犹未尽泯，自杜审言下逮蒋挺辈，并入近体，唯杂曲作齐梁耳。,true
59,13975,全唐诗补逸,宋之问，字延清，虢州弘农人。弱冠知名，尤善五言诗。以附张易之、武三思，配徙钦州，先天元年赐死。补诗五首。,false
60,13975,黄鹤楼志,宋之问（约656—712） 唐代诗人。一名少连，字延清。汾州（今山西汾阳）人，一说虢州弘农（今河南灵宝）人。高宗上元二年（675）进士，曾任湖北蕲州刺史，官至考功员外郎。与沈佺期齐名，时称“沈宋”，擅长五言律诗，为近体律诗定型的代表诗人，有《宋学士集》。早年奉使南行过江夏时曾作五律《汉江宴別》一首。,false
61,13975,全唐文,之問字延清。一名少連。虢州宏農人。武后朝與楊炯分直內教授洛州參軍。累轉尚方監丞左奉宸內供奉。坐諂附張易之兄弟左遷隴州參軍。未幾逃還。匿洛陽人張仲之家。仲之與駙馬都尉王同皎謀殺武三思。之問發其事。起為鴻臚主簿。景龍中再轉考功員外郎。中宗增置修文館學士。之問首膺其選。尋轉越州長史。睿宗立。以舊附張武配徙欽州。先天中賜死。,false
62,17898,中國歷代人名大辭典,"【生卒】：?—713?
【介紹】：
唐相州內黃人，字雲卿。高宗上元二年進士。武則天長安中，累遷通事舍人，預修《三教珠英》。由協律郎累除給事中、考功員外郎。中宗神龍初，坐贓配流嶺表。后召授起居郎，加修文館直學士，常侍宴宮中。歷中書舍人、太子詹事。工詩，尤長七言，始定七律體制。詩與宋之問齊名，時號“沈宋”。有集。",false
63,17898,唐詩大辭典 修訂本,"【生卒】：656—715
    字雲卿，排行三，相州內黃(今河南內黃)人。官終太子少詹事，世稱沈詹事。高宗上元二年(675)進士及第，任協律郎。武周時為通事舍人，曾與修《三教珠英》。大足元年(701)遷考功員外郎，次年，復遷給事中。四年坐賄入獄，旋獲釋。次年，中宗復辟，坐阿附張易之流驩州，越明年，遇赦北返。景龍中，以起居郎兼修文館直學士，歷中書舍人，終太子少詹事，約當玄宗開元初。生平見新、舊《<a href='https://cnkgraph.com/Book/2195' target='_blank'>唐書</a>》本傳、《<a href='https://cnkgraph.com/Book/2071' target='_blank'>唐才子傳</a>》卷一。佺期與宋之問齊名，并稱沈宋。于律體定型，其功尤偉，時稱“蘇(味道)李(嶠)居前，沈宋比肩”(《<a href='https://cnkgraph.com/Book/2326' target='_blank'>新唐書·宋之問傳</a>》)，而佺期之與七律形成較之問作用更大，為王維前唐代七律創作成就最著者。其所作，雖多奉和應制，而每能心與境會，自鑄秀句。五律如《游少林寺》、《銅雀臺》，或清麗警秀，或吞吐含芳；七律如《興慶池侍宴應制》、《奉和春初幸太平公主南莊應制》均攬景闊遠，詞氣飛動。凡此均承上官儀而轉變，初見開宕起伏之工。又七律《龍池篇》、《獨不見》，一氣盤旋，含秀俊于古雅，最能見出七律由駢儷化歌行蛻出之步武。南貶中所作，更承四杰之緒，題材擴大，洗削鉛華，如五律《過七盤嶺》、《嶺表逢寒食》，七律《遙同杜員外審言過嶺》等，均通篇沉摯，清麗中見凄惋抑郁，下啟張說，得盛唐先聲。此外七古《入少密溪》整麗雖不脫初唐體格，而盡去浮詞膚言，由即目之秀景，婉轉以見清遠之意，為當時僅見，預示王維《桃源行》一路格調。張說稱：“沈三兄詩，直須還他第一”(《隋唐嘉話》卷下)，可見當時聲望之高。原集10卷，久佚，明王廷相輯為《沈詹事詩集》7卷。明以來各本多作2卷。宋人又著錄5卷本，有抄本傳世。注本有今人陶敏《沈佺期集校注》。《<a href='https://cnkgraph.com/Book/2484' target='_blank'>全唐詩</a>》編其詩為3卷，《全唐詩外編》及《全唐詩續拾》補2首，斷句4聯。",false
64,17898,唐诗汇评,沈佺期（656？-714），字雲卿，相州内黄（今属河南）人。高宗上元二年（675）登进士第。武后荃历中累迁通事舍人，转考功员外郎，授给事中，坐交张易之，流驩州，稍迁台州录事参军。中宗景龙间，拜起居郎，修文馆直学士，历中书舍人，太子少詹事。开元初卒。佺期工诗，尤长于律体，与宋之问并称“沈宋”。有《沈佺期集》十卷，已佚。今存清抄本《洸云卿文集》五卷。又有《沈詹事诗集》七卷，乃明人所辑。《<a href='https://cnkgraph.com/Book/2484' target='_blank'>全唐诗</a>》编诗三卷。,false
65,17898,《唐诗品》,云卿诗，其命意周委，如雪舞岩林，随形宛转，无象不得，其𣁎词丽则，如春在瑶池，气色照映，自含华态，可谓意象纵横、同锋姿媚者也。其拙语如田家，而殊深俊朗；其形器如木石，而更被华要。仰承贞观，弥见周留：俯待开元，先咀意旨。旷代高之，无以为过。置之往哲之中，岂但叔源失步，明远变色者耶！,true
66,17898,《沈诗评》,沈诗五言宛丽，迥出一时。,true
67,17898,《艺苑卮言》,五言至沈、宋，始可称律。律为音律、法律，天下无严于是者，知虚实平仄不得任情而度，明矣。二君正是敌手，排律用韵稳妥，事不傍引，情无牵合，当为最胜。摩诘似之，而才小不逮。少陵强力宏蓄，开合排荡，然不无利钝。馀子纷纷，未易悉数也。,true
68,17898,《诗镜总论》,沈佺期吞吐含芳，安详合度，亭亭整整，喁喁叮叮，觉其句自能言，字自能语，品之所以为美。苏、李法有馀闲，材之不逮远矣。,true
69,17898,《诗源辨体》,初唐七言古，自王、卢、骆再进而为沈、宋二公，宋、沈调虽渐纯，语虽渐畅，而旧习未除。……然析而论之，沈气为促，宋实胜之。,true
70,17898,《诗源辨体》,七言古，沈如“水晶帘外金波下，云母窗前银汉回”、“燕姬彩帐芙蓉色，秦子金炉兰麝香”、“灯华灼灿九衢映、香气氤氲百和然”、“朝霞散彩羞衣架，晚月分光让镜台”、“玳瑁筵中别作春，琅玕窗里翻成昼”等句，偶偭极工，语皆富丽，与王、卢、骆相类者也。,true
71,17898,《诗源辨体》,五言自王、杨、卢、骆，又进而为沈、宋二公，沈、宋才力既大，造诣始纯，故其体尽整栗，语多雄丽，而气象风格大备，为律诗正宗。或问：以入录观沈宋五言律，制作实工，而后人独推盛唐，何耶？曰：盛唐五言律入圣者，虽人止数篇，然化机流行，在在而是。沈宋制作虽工，而化机尚浅，此升堂、入室之分也。,true
72,17898,《唐律消夏录》,沈、宋工力悉敌，确是对手。其高妙不及射洪，遒密不及必简，然闲情别绪，句剪字裁，已极文人之致。若沈虽沉切处时有轩豁，宋虽显露处更觉粘滞，此则两人心地中事也。,true
73,17898,《载酒园诗话又编》,古称沈为靡丽，今观之，乃见朴厚耳。……然朴厚自是初唐风气，不足矜，当取其厚中带动，朴而特警者。如《芳树》、《和赵麟台元志春情》、《叹狱中无燕》、《和元万顷临池玩月》，最其振拔。,true
74,17898,《载酒园诗话又编》,长律至沈而工，较杜、宋实为严整。然唯“卢家少妇”篇首尾温丽，馀亦中联警耳。结语多平熟，易开人浅率一路，若从此入手，恐不高。,true
75,17898,《围炉诗话》,沈、宋诸公七律之高华典重，以应制故，然非诸诗皆然，而可立为初唐之体也？,true
76,17898,《唐诗英华》,七律肇自唐初，工于沈、宋，浸淫渐盛，率务高华。,true
77,17898,《闻鹤轩初盛唐近体读本》,陈德公先生曰：沈、宋上接六代，下开盛唐，进绮丽而益工，运便妍而极秀。音韵吐含，温婉不迫；姿态流媚，生溢行间。王、岑由此准绳，钱、刘亦共嗣续。唐代正音，端在是尔。济南止拔华亮，不录尖新，所谓崇雅味于生致者欤？,true
78,17898,《石州诗话》,沈、宋律句匀整，格自不高。杼山目以“射雕手”，当指字句精巧胜人耳。,true
79,17898,《石州诗话》,沈、宋应制诸作，精丽不待言，而尤在运以流宕之气。此元自六朝风度变来，所以非后来试帖所能几及也。,true
80,17898,《三唐诗品》,其源亦出谢、沈，植骨清隐，舒芬华秀，在考功之亚，名并当时。律体特取风神，开盛唐之派。,true
81,17898,词学图录,"沈佺期(656-714) 字雲卿。相州内黄(今属河南)人。上元二年进士及第。由协律郎累迁考功员外郎。曾因受贿入狱，后复职，迁给事中。中宗即位，因谄附张易之，被流放。神龙三年召拜起居郎兼修文馆直学士，常侍宫中。后历中书舍人、太子少詹事。与宋之问齐名，并称""沈宋""，史论以为律诗体制定型代表诗家。有文集10卷，已散佚。明人辑有《沈佺期集》。曾作《回波乐》词。",false
82,17898,全唐文,佺期。相州內黃人。第進士。神龍中歷官太子詹事。開元初卒。,false
83,20191,中國歷代人名大辭典,"【生卒】：659—744
【介紹】：
唐越州永興人，字季真，自號四明狂客、秘書外監。少以文詞知名。武后證圣元年進士。初授四門博士，又遷太常博士。玄宗開元十年，張說奏賀知章及徐堅等入書院，同撰《六典》。十三年，遷禮部侍郎，加集賢院學士。后遷太子賓客，授秘書監。性放曠，好飲酒，與李白友善。工書法，尤擅草隸。天寶初，因病乃上疏度為道士，至鄉卒。有集。",false
84,20191,唐詩大辭典 修訂本,"【生卒】：659—744
    字季真，排行八，越州永興(今浙江蕭山)人。武后證圣元年(695)登進士第，因陸象先引薦，授國子四門博士，后遷太常博士。玄宗開元十年(722)，因張說薦，入麗正殿修書。十三年，遷禮部侍郎，後為太子賓客、秘書監。為人曠達不羈，不拘禮法。善談笑，時人譽為“清淡風流”。晚年尤放誕，自號“四明狂客”、“秘書外監”。世稱賀監。與張旭、包融、張若虛號為“吳中四士”(《<a href='https://cnkgraph.com/Book/2326' target='_blank'>新唐書·劉晏傳</a>》附《包估傳》)，又與李白、杜甫等詩人友善。知章能詩，且善草、隸書。玄宗天寶三載(744)，上疏請度為道士，歸隱鏡湖，不久病逝。生平事跡見新、舊《<a href='https://cnkgraph.com/Book/2195' target='_blank'>唐書</a>》本傳。其詩大多散失，今存詩中頗有情味雋永之作。有《賀秘監集》。今人王啟興、張虹有《賀知章、包融、張旭、張若虛詩注》。《<a href='https://cnkgraph.com/Book/2484' target='_blank'>全唐詩</a>》存詩1卷，《全唐詩外編》及《全唐詩續拾》補收詩2首，斷句1，題1。",false
85,20191,唐诗汇评,贺知章（659-744），字季真，会稽永兴（今浙江萧山）人。少以文词知名。证圣元年（695），櫂进士第，又登超拢群类科，授四门博士，累迁太常博士、户部员外郎、起居郎。开元十年，入丽正殿修《六典》等。十三年，迁礼部侍郎、集贤院学士，历工部侍郎、秘书监、太子宾客，天宝三载，因病恍偬，上疏请度为道士，求还乡里。玄宗许之，返乡不久卒。知章工书能诗，尤善草隶，神龙中与吴越文士包融、张旭、张若虚俱以文词杨名上京，合称“吴中四士”。性放旷，晚年无复拘检，自号“四明狂客”。又嗜酒，与李白等合称“饮中八仙”。后人辑有《贺祕监集》一卷行世。《<a href='https://cnkgraph.com/Book/2484' target='_blank'>全唐诗</a>》存诗一卷。,false
86,20191,《旧唐书》本传,（知章）醉后属词，动成卷轴，文不加点，咸有可观。,true
87,20191,《旧唐书》本传,神龙中，知章与越州贺朝、万齐融，扬州张若虚、邢巨，湖州包融，俱以吴越之士，文词俊秀，名扬于上京。……数子人间往往传其文，独知章最贵。,true
88,20191,《载酒园诗话又编》,若虚与贺季真同时齐名，遽分初盛，编者殊草草。吾读诗至贺秘书，真若云开山出，境界一新，毋宁罝张于初，列贺于盛耳。,true
89,20191,全唐诗补逸,贺知章字季真，会稽永兴人。证圣初擢进士第，陆象先引为太常博士，累迁秘书监。天宝三载请为道士还乡里，未几卒，年八十六。补诗一首。,false
90,20191,全唐文,知章字季真。會稽永興人。第進士。開元中累遷禮部侍郎。加集賢院學士。充皇太子侍讀。遷太子賓客銀青光祿大夫。授祕書監。晚年自號四明狂客。又稱祕書外監。天寶三載。上疏請度為道士。還鄉里。元宗親制詩贈行。卒年八十六。肅宗立。贈禮部尚書。,false
91,20887,中國歷代人名大辭典,"【生卒】：約659—700，一作661—702
【介紹】：
唐梓州射洪人，字伯玉。陳元敬子。少任俠，后苦節讀書。舉光宅進士。以上書論政，為武則天所贊賞，拜麟臺正字，轉右拾遺。隨武攸宜擊契丹，表掌書記，軍中文翰皆委之。圣歷元年以父老解職歸鄉，旋居父喪。武三思指使射洪縣令段簡羅織罪名，將其下獄，冤死獄中。論詩標舉“風骨”、“興寄”，反對柔靡之風，為唐詩革新先驅。有集。",false
92,20887,唐詩大辭典 修訂本,"【生卒】：659—700，一說661—702
    字伯玉，排行大，梓州射洪(今四川射洪)人。曾任右拾遺，后人因稱“陳拾遺”。陳子昂出身豪族，少任俠，成年后始發憤攻讀。睿宗文明元年(684)登進士第(此據趙儋《故右拾遺陳公旌德碑》。按《<a href='https://cnkgraph.com/Book/2071' target='_blank'>唐才子傳</a>》云子昂登第在高宗開耀二年，誤)，任麟臺正字。武周代唐，陳子昂上表稱頌，后升任右拾遺。曾兩度從軍至北方邊塞。武后圣歷元年(698)，因父老解官回鄉。後為縣令段簡陷害，死于獄中。沈亞之以為段簡乃受武三思指使(見《上九江鄭使君書》)。生平見盧藏用《陳氏別傳》，新、舊《<a href='https://cnkgraph.com/Book/2195' target='_blank'>唐書</a>》本傳。陳子昂于沿襲六朝余波之初唐詩壇深表不滿，慨嘆“漢魏風骨，晉宋莫傳”，故欲革除“采麗競繁”之齊梁詩風，以繼承建安、正始之詩重比興寄托之傳統(見《與東方左史虬修竹篇序》)。陳子昂之詩與其詩論相合，代表作為《感遇》38首，反映武周時代之社會現實甚為廣泛，抨擊時弊亦較深刻，抒寫胸臆之作則慷慨深沉，風格近于阮籍《詠懷》。另有《登幽州臺歌》雖僅4句，然為歷來傳誦之名篇。陳子昂于唐詩有開啟之功，甚得李、杜等人之推崇，韓愈云：“國朝盛文章，子昂始高蹈。”(《薦士》)金元好問云：“論功若準平吳例，合著黃金鑄子昂。”(《論詩絕句》)其詩文集以四部叢刊本《陳伯玉文集》為通行，今人徐鵬校點之《陳子昂集》最完備。詩注本有彭慶生《陳子昂詩注》。《<a href='https://cnkgraph.com/Book/2484' target='_blank'>全唐詩</a>》存詩2卷。《全唐詩外編》補詩1首。",false
93,20887,唐诗汇评,陈子昂（661-702），字伯玉，梓州射洪（今属四川）人。睿宗文明元年（684）登进士第，诣阙上书，拜麟台正字。武后垂拱二年从军北征，归朝，补右卫胄曹参军，迁右拾遗。万岁通天元年，以参谋从武攸宜北讨契丹，立志许国，然不为所用，眨暑军曹，军回，辞官还乡。为县令段简构陷系狱，忧愤而卒。子昂为诗提倡“汉魏风骨”，所为书疏，亦全用散体，为唐代文学风气转变之先驱。有《陈伯玉文集》十卷行世。《<a href='https://cnkgraph.com/Book/2484' target='_blank'>全唐诗</a>》编诗二卷。今人彭庆生有《陈子昂诗注》。,false
94,20887,《后村诗话》,唐初王、杨、沈、宋擅名，然不脱齐、梁之体。独陈拾遗首唱高雅冲淡之音，一扫六代之纤弱，趋于黄初、建安矣！太白、韦、柳继出，皆自子昂发之。,true
95,20887,《瀛奎律髓》,陈拾遗子昂，唐之诗祖也。不但《感遇诗》三十八首为古体之祖，其律诗亦近体之祖也。,true
96,20887,周履靖《骚坛秘语》,陈子昂初变齐梁之弊，以理胜情，以气胜辞。祖《十九首》、郭景纯、陶渊明，故立意玄远而造语精圆。,true
97,20887,《唐诗品》,唐初律体声华并隆，音节兼美，属梁、陈之艳藻，铲末路之靡薄，可谓盛矣，而古诗之流，尚阻蹊径。拾遗洗濯浮华，斫新雕朴，《感遇》诸作，挺然自树，虽颇峭径，而兴寄远矣。自馀七言诸体乃非所长，《春台》之作纯有楚声，此意寥寥，几乎尺有所短，竟使沈、宋扬波，宗称百代，慷慨瑰奇之气，尚诡于风人之度耶？,true
98,20887,李攀龙《唐诗选序》,唐无五言古诗，而有其古诗。陈子昂以其古诗为古诗，弗取也。,true
99,20887,《艺苑卮言》,陈正字陶洗六朝铅华都尽，托寄大阮，微加断裁，而天韵不及；律体时时入古，亦是矫枉之过。,true
100,20887,《诗薮·内编》,唐初承袭梁、隋，陈子昂独开古雅之源，张子寿首创清淡之派。盛唐继起，孟浩然、王维、储光羲、常建、韦应物，本曲江之清淡，而益以风神者也；高适、岑参、王昌龄、李颀、孟云卿，本子昂之古雅，而加以气骨者也。,true
101,20887,《诗薮·内编》,五言律体，极盛于唐，要其大端，亦有二格：陈、杜、沈、宋，典丽精工；王、孟、储、韦，清空闲远，此其概也。,true
102,20887,《唐诗归》,唐至陈子昂，治觉诗中有一世界。无论一洗偏安之陋，并开创草昧之意亦无之矣。以至沈、宋、燕公、曲江诸家，所至不同，皆有一片广大清明气象，真正风雅。,true
103,20887,《唐音癸签》,唐人推重子昂，自卢黄门后，不一而足。如杜子美则云：“有才继骚雅”、“名与日月悬，韩退之则云：“国朝盛文章，子昂始高蹈。”独颜真卿有异论，僧皎然采而著之《<a href='https://cnkgraph.com/Book/14696' target='_blank'>诗式</a>》。近代李于麟，加贬尤剧，余谓诸贤轩轾，各有深意，子昂自以复古反正，于有唐一代诗，功为大耳。正如夥涉为王，殿屋非必沉沉，但大泽一呼，为群雄驱先，自不得不取冠汉史，王弇州云：“陈正字淘洗六朝铅华都尽，托寄大阮，微加断裁，第天韵不及。”胡元瑞云：“子昂削浮靡而振古雅，虽不能远追魏晋，然在唐初，自是杰出。”斯两言良为折衷矣。,true
104,20887,《唐诗选脉会通评林》,陈、杜诗体浑大，非若中晚下细小工夫，作小结果。,true
105,20887,《诗源辨体》,子昂五言近体，律虽未成，而语甚雄伟，武德以还，绮靡之习，一洗顿尽。,true
106,20887,《诗辩坻》,陈伯玉律诗，清雄为骨，绵秀为姿，设色妍丽，寓意苍远。由初入盛，此公变之。沈、宋堂皇，悉皆祖构于此。,true
107,20887,《原诗·内篇》,盛唐诸诗人，惟能不为建安之古诗，吾乃谓唐有古诗。若必慕汉魏之声调字句，此汉魏有诗而唐无古诗矣。旦彼所谓陈子昂“以其古诗为古诗”，正惟子昂能自为古诗，所以为子昂之诗耳。,true
108,20887,《唐诗别裁》,唐初五言古、渐趋于律，风格未遒。陈正字起衰而诗品始正，张曲江继续而诗品乃醇，,true
109,20887,《絸斋诗谈》,子昂胸中被古诗膏液熏蒸十分透彻，才下笔时，便有一段元气，浑颢驱遣，奔赴而来。其转换吞吐，有掩映无尽之致，使人寻味不置，愈入愈深，非上口便晓者比。但是他见得理浅，到感慨极深处，不过逃世远去，学佛学仙耳，此便是没奈何计较。,true
110,20887,《石洲诗话》,子昂、太白皆疾梁、陈之艳薄，而思复古道者。然子昂以精深复古，太白以豪放复古，必如此乃能复古耳。若其揣摩于形迹以求合，奚足言复古乎？,true
111,20887,《援鹑堂笔记》,射洪风骨矫拔，而才韵犹有未充，讽诵之次，风调似未极跌荡洋溢之致。,true
112,20887,《三唐诗品》,骨格清凝，苍苍入汉，源于《小雅》，故有怨诽之音。《感遇》诸篇，璆然冠代，称物既芳，寄托遥远，固当仰驾阮公，俯陵左相。《幽州》豪唱，述为名言，如《河梁赠答》，语似常谈，而脱口天成，适如人意。海内文宗，非虚誉也。,true
113,20887,全唐文,子昂字伯玉。梓州射洪人。文明初舉進士。詣闕上書。武后奇其才。擢麟臺正字。再轉右拾遺。聖歷初。以父老解官歸侍。縣令段簡覬其富。因事繫獄。憂憤卒。年四十三。,false
114,15158,中國歷代人名大辭典,"【介紹】：
唐吳人，字伯高。官左率府長史。工書，精通楷法，以草書知名，世稱“草圣”。旭草書與李白詩、裴旻劍舞時稱“三絕”。相傳旭醉后呼叫狂走而后下筆，故又稱“張顛”。顏真卿曾學筆法于旭。懷素繼承其草法，人謂“顛張狂素”，“以狂繼顛”。旭亦能詩。正書有碑刻《郎官石記》，草書散見歷代集帖中，墨跡有《草書古詩四帖》。",false
115,15158,唐詩大辭典 修訂本,"【生卒】：675?—750?
    字伯高，排行九，吳(今江蘇蘇州)人。曾官常熟尉、金吾長史，世稱“張長史”。張旭為盛唐著名草書家，性嗜酒，常醉后1叫呼狂走，而后揮毫落紙，時稱“張顛”，又尊為“草圣”。其草書與李白詩、裴旻劍舞號為“三絕”。顏真卿曾兩至洛陽，求教于旭，撰有《張長史十二意筆法記》。張旭與李頎、高適相善，有詩贈答；與賀知章、包融、張若虛號“吳中四士”。生平見《<a href='https://cnkgraph.com/Book/2326' target='_blank'>新唐書</a>》本傳、張懷瓘《<a href='https://cnkgraph.com/Book/7860' target='_blank'>書斷</a>》卷三、僧適之《金壺記》卷中。杜甫《飲中八仙歌》亦曾詠及。其詩幽深曠遠，別有神韻。《<a href='https://cnkgraph.com/Book/2484' target='_blank'>全唐詩</a>》存詩6首，《全唐詩續拾》補詩4首。今人王啟興、張虹有《賀知章、包融、張旭、張若虛詩注》。",false
116,15158,唐诗汇评,张旭，生卒年不详，字伯高，吴郡（今江苏苏州）人。工书能诗。神龙初，与贺知章、包融、张若虛等吴越文士俱以文词杨名京师，合称“吴中四士”。初仕为常孰尉。天宝初，官金吾长史，又曾官左率府长史。旭嗜酒，与李白等合称“饮中八仙”。又善草书，每大醉，狂叫呼走，乃下笔，或以头濡墨而书，时称“张颠”。唐文宗时，诏以旭草书与李白歌诗、裴旻剑舞为“三绝”。《<a href='https://cnkgraph.com/Book/2484' target='_blank'>全唐诗</a>》存诗六首。,false
117,15158,《唐诗归》,钟云：张颠印不多见，皆细润有致，乃知颠者不显粗人，粗人颠不得。,true
118,15164,中國歷代人名大辭典,"【生卒】：673或678—740
【介紹】：
唐韶州曲江人，字子壽，一名博物。擢進士，官秘書省校書郎。先天元年道侔伊呂科登第，授左拾遺，遷左補闕。玄宗開元二十一年，官中書侍郎、同中書門下平章事，時稱賢相。二十四年為李林甫所讒，罷相，出為荊州長史。卒謚文獻。有文名，其《感遇詩》以格調剛健稱。有《<a href='https://cnkgraph.com/Book/2259' target='_blank'>曲江集</a>》。",false
119,15164,唐詩大辭典 修訂本,"【生卒】：678—740
    字子壽，韶州曲江(今廣東韶關)人。武后神功元年(697)，登進士第，授校書郎。玄宗先天元年(712)，中道侔伊呂科，授左拾遺。后歷官司勛員外郎、中書舍人、桂州都督、集賢院學士、中書侍郎等職。開元二十一年(733)拜中書侍郎，同中書門下平章事，翌年遷中書令，兼修國史。為著名賢相。二十四年，受李林甫排擠，罷相。次年貶為荊州長史，在州以文史自娛，不戚戚于懷。二十八年病卒。年63歲(兩《<a href='https://cnkgraph.com/Book/2195' target='_blank'>唐書</a>》本傳均作68歲，誤)。生平詳見新、舊《<a href='https://cnkgraph.com/Book/2195' target='_blank'>唐書</a>》本傳及近年于韶關發現之《張九齡墓志銘》。九齡工詩能文，文長于碑志，詩格調清雅，興寄深婉，其《感遇》十二首，與陳子昂詩齊名。施補華《峴傭說詩》云：“唐初五言古，猶沿六朝綺靡之習，唯陳子昂、張九齡直接漢魏，骨峻神竦，思深力遒，復古之功大矣。”至其古近體寫景抒情諸作，清淡和雅，興象玲瓏，前人以為實開王、孟、儲、韋一派。《<a href='https://cnkgraph.com/Book/6663' target='_blank'>詩藪</a>》內編卷二云：“張子壽首創清淡之派，盛唐繼起，孟浩然、王維、儲光羲、常建、韋應物本曲江之清淡，而益以風神者也。”今存《曲江張先生文集》20卷。《<a href='https://cnkgraph.com/Book/2484' target='_blank'>全唐詩</a>》存詩3卷，《全唐詩外編》及《全唐詩續拾》補詩4首。",false
120,15164,全粤詩,張九齡（六七八 — 七四〇），字子壽，一名博物。韶州曲江人。唐中宗景龍元年（七〇七）進士，始授校書郎。又以道侔伊呂科策高第，遷左拾遺，調左補闕、司勳員外郎。以才鑒為宰相張說所親重，進中書舍人。玄宗開元十四年（七二六），張說罷官，改九齡太常少卿，出為冀州刺史，以養母，請改洪州都督，徙桂州都督，攝御史中丞、嶺南按察兼選補使。以擬奏章稱旨，詔擢秘書少監、集賢院學士，副知院事。遷工部侍郎，知制誥。二十一年冬，晉中書侍郎、同中書門下平章事。固辭，不許。次年，遷中書令，知院事。為李林甫所忌，又以諫阻進用張守珪、牛仙客而遭潛構，罷為尚書右丞相，尋再貶荊州長史。開元二十八年，請拜掃南歸，五月七日，病卒於故里。追贈荊州大都督，諡“文獻”。有《<a href='https://cnkgraph.com/Book/2259' target='_blank'>曲江集</a>》二十卷。事見徐浩撰碑銘。《<a href='https://cnkgraph.com/Book/2425' target='_blank'>舊唐書</a>》卷九九、《<a href='https://cnkgraph.com/Book/2326' target='_blank'>新唐書</a>》卷一二六有傳。,false
121,15164,唐诗汇评,张九龄（673-740），—名博物，字子寿，韶州曲江（今广东韶关）人。武后长安二年（702）擢进士第，又连登材堪经邦及道侔伊吕科，授左拾遗。玄宗开元十一年，累迁至中书舍人。寻出为冀州刺史，改洪州都督，转桂州都督，充岭南道按察使。召拜秘书少监，集贤院学士，副知院事，再迁中书侍郎，二十一年以本官同平章事，累封始兴县伯。因李林甫排挤，于开元二十五年眨荆州长史。卒，谥文献。九龄为开元贤相之一，其诗词采富艳，而情致深婉。有《<a href='https://cnkgraph.com/Book/2259' target='_blank'>曲江集</a>》二十卷行世。《<a href='https://cnkgraph.com/Book/2484' target='_blank'>全唐诗</a>》编诗三卷。,false
122,15164,《唐诗品》,曲江藻思翩翩，体裁疏秀，深综占意，通于远调，上追汉魏而下开盛唐，虽风神稍劣而词旨冲融，其源盖出子古之平调曲也。自馀诸子、驰志高雅，则峭径挺出，游泳时波，则蘼芜莫剪，安能少望其风哉？近体诸作，绮密闲澹，复持格力，可谓备其众美。虽与初唐作者骈肩而出，更后诸名家，亦皆丈人行也。而况节义相先，称古之遗直者耶！,true
123,15164,《唐音癸签》,张曲江五言以兴寄为主，而结体简贵，选言清冷，如玉磬含风，晶盘盛露，故当于尘外置赏。,true
124,15164,《唐诗观澜集》,曲江长律，鸣鸾佩琼，万象咳吐，与明皇诗赓歌倡答，如律吕之相应，可谓一德一心。,true
125,15164,《唐诗别裁》,唐初五言古渐趋于律，风洛未遒，陈正字起衰而诗品始正，张曲江继续而诗品乃醇。,true
126,15164,《四库全书总目》,九龄守正嫉邪，以道匡弼，称开元贤相，而文章高雅，亦不在燕、许诸人下。《<a href='https://cnkgraph.com/Book/2326' target='_blank'>新唐书·文艺传</a>》载徐坚之言，谓代文如轻缣素练，实济时用，而窘边幅。今观其《感遇》诸作，神味超轶，可与陈子昂方驾；文笔宏博典实，有垂绅正笏气象，亦具见大雅之遗，坚局于当时风气，以富艳求之、不足以为定论。,true
127,15164,《石洲诗话》,曲江公委婉深秀，远出燕、许诸公之上、阮、陈而后，实推一人，不得以初唐论。,true
128,15164,《读雪山房唐诗序例》,张曲江襟情高迈，有遗世独立之意，《感遇》诸诗，与子昂称岱、华矣。,true
129,15164,《昭昧詹言》,张曲江以风雅之道，兴寄为上，故一篇一咏，莫非兴寄，此意是矣。然僻者为之，则又入于空泛，捕风捉影，似是而非。夫六义，风雅颂赋比兴兼之，奈何独主风与兴二端乎？大约天下义理及古今载籍文字，惟变所适，无所不备，但用各有当耳。不能观其会通而偏提一端，即为病痛，知味者鲜，所以末流多歧也。,true
130,15164,《白华山人诗说》,赤堇氏云：读张曲江诗，要在字句外追其神味。又云：曲江诗如蜘蛛之放游丝，一气倾吐，随风卷舒，自然成态。初视之，若绝不经营；再三读之，仍若绝不经营。天工言化，其庶几乎？,true
131,15164,《三唐诗品》,其源出于鲍明远、江文通，次叙连章，见铺排之迹。《感遇》诸篇，犹为高调，情词芬恻，清亮音多，骨格未及拾遗，每以非条伤干。至如汉上游女，遥襭古馨，清江白云，蔚发明秀，哀梨爽口，不必与橄榄同功，若斯之类，亦其独至也。,true
132,15164,全唐文,九齡字子壽。一名博物。韶州曲江人。擢進士。始調校書郎。以道侔伊呂科策高第。開元十一年拜中書舍人內供奉。封曲江男。二十一年同中書門下平章事。遷中書令。累封始興縣伯。左遷荊州大都督長史。卒年六十八。贈荊州大都督。諡曰文獻。建中元年加贈司徒。,false
133,18549,中國歷代人名大辭典,"【介紹】：
唐河南洛陽人。玄宗先天進士。開元初為滎陽主簿，受薦校正群籍，參與《群書四部錄》集部修撰，九年書成，因功授洛陽尉。文名早著，工詩，嘗往來吳、楚間，多有著述。",false
134,18549,唐詩大辭典 修訂本,生卒年不詳。洛陽(今屬河南)人，開元元年(712)常無名榜進士。《<a href='https://cnkgraph.com/Book/2071' target='_blank'>唐才子傳</a>》卷一云王灣為開元十一年常無名榜進士，誤。開元初，為滎陽(今屬河南)主簿。五年至九年，參與編撰《群書四部錄》，書成，調任洛陽尉。生平見《<a href='https://cnkgraph.com/Book/2071' target='_blank'>唐才子傳</a>》卷一。今人傅璇琮有《王灣考》。王灣入仕之前，詞翰早著，為天下所稱，往來吳、楚間，多有著述。《次北固山下》一首(《<a href='https://cnkgraph.com/Book/2071' target='_blank'>唐才子傳</a>》作《江南意》)，有名聯“海日生殘夜，江春入舊年”，被譽為罕有之作，為張說所激賞，曾親題于政事堂，令能文之士奉為楷式。《<a href='https://cnkgraph.com/Book/2484' target='_blank'>全唐詩</a>》存詩10首。,false
135,18549,唐诗汇评,王湾，生年年不详，洛阳（今属河南）人。先天元年（712）登进士第。开元初，官荥阳主簿。玄宗命马怀素等校正群书，王湾亦预其事。十一年，湾与殷践猷等重修成《群书四部录》二百卷。后官洛阳尉。湾词翰早著，为天下所称。《次北固山下》“海日生残夜，江春入旧年”之句，张说题于政事堂，令为楷式。《<a href='https://cnkgraph.com/Book/2484' target='_blank'>全唐诗</a>》存诗十首。,false
136,18549,《河岳英灵集》,湾词翰早著，为天下所称最者不过一二。游吴中作《江南意》诗云：“海日生残夜，江春入旧年”，诗人已来少有此句。张燕公手题政事堂，每示能文，令为楷式。又《捣衣篇》云：“月华照杵空随妾，风响传砧不到君。”所有众制，咸类若斯，非张、蔡之未曾见也，觉颜、谢之弥远乎！,true
137,18549,《近体秋阳》,湾诗精思俊气，如极秀迈人，虽布祆芒靴，必剪制不同，迥出尘外。每读一作，使人志意由说，肘腋骞然，未可以一时盛名诸君漫为四拟者也。,true
138,18549,全唐文,灣。先天時進士。,false
139,18220,中國歷代人名大辭典,"【生卒】：688—742
【介紹】：
唐晉陽人，后徙絳，字季淩。初仕冀州衡水主簿，以被誣構，憤而辭官。優游黃河南北，歷十五年，補文安縣尉。豪放不羈，常擊劍悲歌。好游歷，與名士多有結交。工詩，其詩多被當時樂工制曲歌唱。傳世之作有《涼州詞》、《登鸛雀樓》等六首。",false
140,18220,唐詩大辭典 修訂本,"【生卒】：688—742
    字季凌，排行七，原籍晉陽(今山西太原)，五世祖遷居絳郡(今山西新絳)。曾任冀州衡水主簿，因受人誣謗，拂衣去官，優游山水，足跡遍及黃河南北。家居15年。開元二十年(732)前后，在薊門與高適交游，高有《薊門不遇王之渙郭密之因以留贈》詩。晚年出任文安縣(今屬河北)尉，以清白著稱。天寶元年(742)卒于任所。之渙以邊塞詩享盛名，曾與高適、王昌齡、崔國輔等著名詩人唱和。有“旗亭畫壁”之傳說(見薛用弱《<a href='https://cnkgraph.com/Book/8138' target='_blank'>集異記</a>》)。生平散見靳能《唐故文安郡文安縣太原王府君墓志銘并序》及《<a href='https://cnkgraph.com/Book/2092' target='_blank'>唐詩紀事</a>》卷二六、《<a href='https://cnkgraph.com/Book/2071' target='_blank'>唐才子傳</a>》卷三等。《<a href='https://cnkgraph.com/Book/2484' target='_blank'>全唐詩</a>》僅存絕句6首，皆為佳作，尤以《涼州詞》、《登鸛雀樓》(《<a href='https://cnkgraph.com/Book/8461' target='_blank'>國秀集</a>》署為朱斌所作)兩首最為膾炙人口。",false
141,18220,唐诗汇评,王之涣（688-742），字季凌，祖籍晋阳（今山西太原），后徙居绛郡（今山西新绛）。幼聪颖，弱冠能文。开元中，以门荫调补冀州衡水主簿，因遭诬构，拂衣去官归，优游十五年，足迹遍大河南北。开元末，从亲友之劝，复出仕，补文安郡文安县尉，遘疾，卒于官。《<a href='https://cnkgraph.com/Book/2484' target='_blank'>全唐诗</a>》存诗六首。,false
142,18220,靳能《唐故文安郡文安县太原王府君墓志铭并序》,（王之涣）慷慨有大略，倜傥有异才。尝或歌从军，吟出塞，皦兮极关山明月之思，萧兮得易水寒风之声，传乎乐章，布在人口。至夫雅颂发挥之作，诗骚兴喻之致，文在斯矣，代未知焉，惜乎！,true
143,18220,《温公续诗话》,唐之中叶，文章特盛，其姓名湮没不传于世者甚众。如河中府鹳雀楼有王之涣、畅当诗。畅诗曰：“迥临飞鸟上，高谢世人间。天势围平野，河流入断山。”王诗曰：“白日依山尽，黄河入海流。欲穷千里目，更上一层楼。”二人者，皆当时贤士所不数，如后人擅诗名者，岂能及之哉！,true
144,18220,《唐诗纪事》,之涣，并州人，与兄之咸、之贲皆有文名，天宝间人。乐天作《滁州刺史郑昈墓志》云：“与王昌龄、王之涣、崔国辅连唱迭和，名动一时。”,true
145,18220,《唐才子传》,之涣，蓟。人。少有侠气，所从游皆五陵少年，击剑悲歌，从禽纵酒。中折节攻文，十年名誉自振。耻困场屋，遂交谒名公。为诗情致雅畅，得齐梁之风。每有作，乐工辄取以被声律。,true
146,18220,《读雪山房唐诗序例》,摩诘、少伯、太白三家鼎足而立，美不胜收。王之涣独以“黄河远上”一篇当之，彼不厌其多、此不愧其少，町谓拔戟自成一队。,true
147,18220,《读雪山房唐诗序例》,王之涣“黄河远上”之外，五言如《送别》及《鹳雀楼》二篇，亦当入旗亭之画。,true
148,18220,管世铭《读书偶得三十四则》,或谓王之涣“黄河远上”一篇之外，何不多见？余应之曰：神来之作，即作者亦不能有再。”,true
149,13993,中國歷代人名大辭典,"【生卒】：689或691—約740
【介紹】：
唐襄州襄陽人，字浩然，世稱孟襄陽。早年隱居鹿門山。年四十，游京師，應進士不第。曾于太學賦詩，一座傾服。玄宗開元二十五年，張九齡出為荊州長史，辟為從事，未幾，返鄉。后王昌齡過襄陽，訪之，相見甚歡，食鮮疽發而卒。工詩，善寫山水景色，與王維齊名，并稱王孟。有集。",false
150,13993,唐詩大辭典 修訂本,"【生卒】：689—740
    或謂字浩然(《<a href='https://cnkgraph.com/Book/2326' target='_blank'>新唐書</a>》本傳)，排行六，襄州襄陽(今湖北襄樊)人。后世故稱孟襄陽。曾一度隱居鹿門山，后又隱居其祖居園廬。玄宗開元十六年(728)赴長安，應進士舉，不第，還襄陽。《<a href='https://cnkgraph.com/Book/2326' target='_blank'>新唐書</a>》及《<a href='https://cnkgraph.com/Book/2071' target='_blank'>唐才子傳</a>》均載有孟浩然在長安會見玄宗事，蓋來自《<a href='https://cnkgraph.com/Book/2345' target='_blank'>唐摭言</a>》卷二。歷代詩話往往引用，流傳頗廣，然經考證，頗不可信。二十二年至二十四年間，韓朝宗任山南東道采訪使，曾薦孟浩然面君，但因孟浩然與友人飲酒未赴而未果(王士源《孟浩然詩集序》)。二十五年，張九齡貶荊州長史，署孟浩然為從事，曾隨張九齡往各地巡視，或祭山川，或游覽從獵，與之唱和。二十八年，王昌齡來游襄陽，相與飲酒甚歡。時浩然疾疹發背且愈，食鮮疾動，終于冶城南園。孟浩然終生布衣，經歷單純，除在襄陽隱居外，喜漫游，東至于海，西至巴蜀(陶翰《送孟大[六]入蜀序》)，南至吳越，漫游中大都留有詩作。孟浩然雖以隱逸聞名，然從未忘情仕進，在若干詩中，反映強烈。此種情緒，到晚年方趨淡漠。生平詳見新、舊《<a href='https://cnkgraph.com/Book/2195' target='_blank'>唐書</a>》本傳與王士源《孟浩然詩集序》。今人劉文剛有《孟浩然年譜》。孟浩然為唐代山水詩派之先行者，詩以清幽、平易見長，與王維詩風近似，故歷來王孟并稱。孟詩在唐代即獲好評：杜甫稱其“賦詩何必多，往往凌鮑謝”(《遣興五首》之五)；又稱其“清詩句句盡堪傳”(《解悶十二首》之六)；皮日休則稱其“遇景入詠，不拘奇抉異，令齷齪束人口者，涵涵然有干霄之興，若公輸氏當巧而不巧者也”(《郢州孟亭記》)。詩集有宋蜀刻本，為今日所存之最早版本。《四部叢刊》據明刊本影印，《四部備要》據明刊本排印，最為通行。校注本有李景白《孟浩然詩集校注》、徐鵬《孟浩然集校注》、佟培基《孟浩然詩集箋注》等。《<a href='https://cnkgraph.com/Book/2484' target='_blank'>全唐詩</a>》存詩2卷，《全唐詩外編》及《全唐詩續拾》補2首，斷句6。",false
151,13993,唐诗汇评,孟浩然（689—740），襄阳（今湖北襄樊）人。早年隐居鹿门山。开元间游长安，应进士试不第。自洛之越，漫游江、淮、吴、越、湘、贛等地。归襄阳。二十五年，张九龄出任荆州长史，引为幕宾。次年归里。二十八年，王昌龄自岭南北归，经襄阳，相得甚欢。寻病卒。浩然以诗名重当世，与王维齐名，为盛唐山水田园诗派的代表诗人。天宝四载，王士源编次其诗为《孟浩然诗集》三卷，今存。《<a href='https://cnkgraph.com/Book/2484' target='_blank'>全唐诗</a>》编诗二卷。,false
152,13993,《河岳英灵集》,浩然诗，文彩茸，经纬绵密，半遵雅调，全削凡体。至如“众山遥对酒，孤屿共题诗”，无论兴象，兼复故实。又“气蒸云梦泽，波动岳阳城”亦为高唱。,true
153,13993,王士源《孟浩然集序》,（浩然）骨貌淑清，风神散朗。……学不为儒，务掇菁藻；文不按古，匠心独妙。五言诗天下称其尽美矣。,true
154,13993,皮日休《郢州孟亭记》,明皇世，章句之风大得建安体，沦者推李翰林、杜工部为尤。介其间能不愧者，惟吾乡之孟先生也。先生之作，遇景入咏，不钩奇抉异，令龌龊束人口者，涵涵然有干霄之兴，若公输氏当巧而不巧者也。北齐美萧悫“芙蓉露下落，杨柳月中疏”，先生则有“微云淡河汉，疏雨滴梧桐”；乐府美王融“日霁沙屿明，风动甘泉浊”，先生则有“气蒸云梦泽，波动岳阳城”；谢眺之诗句，精者有“露湿寒塘草，月映清淮流”，先生则有“荷风送香气，竹露滴清声”。此与古人争胜于毫厘间也。他称是者众，不可悉数。,true
155,13993,《后山诗话》,子瞻谓孟浩然之诗，韵高而才短，如造内法酒手，而无材料尔。,true
156,13993,《臞翁诗评》,孟浩然如洞庭始波，木叶微落。,true
157,13993,《沧浪诗话》,孟襄阳学力下韩退之远甚，而其诗独出退之之上者，一味妙悟而已。,true
158,13993,《沧浪诗话》,孟浩然之诗，讽咏之久，有金石宫商之声。,true
159,13993,刘辰翁《孟浩然诗集跋》,生成语难得。浩然诗高处不刻画，只似乘兴，苏州远在其后，而澹复过之。,true
160,13993,《唐诗品》,襄阳气象清远，心悰孤寂，故其出语洒落，洗脱凡近，读之浑然省净，而采秀内映，虽悲感谢绝，而兴致有馀。藻思不及李翰林，秀调不及王右丞，而闲澹疏豁、翛翛自得之趣，亦非二公之长也。世代下流，崇慕冠绂，孟君沦落江海，遂阻声华，传之后世，悠然隐意更高。孟君之节，夫亦久而后定者耶！,true
161,13993,《批点唐诗正声》,浩然体本自冲澹中有趣味，故所作若不经思，而盛丽幽闲之思时在言外，盖天降殊才，非偶然也。,true
162,13993,《四溟诗话》,浩然五言古诗近体，清新高妙，不下李、杜。但七言长篇，语平气缓，若曲涧流泉，而无风卷江河之势。,true
163,13993,《艺圃撷馀》,诗有必不能废者，虽众体未备，而独擅一家之如孟浩然洮洮易尽，止以五言隽永，千载并称“王孟”。,true
164,13993,《诗薮》,孟五言不甚拘偶者，自是六朝短古，加以声律，便觉神韵超然，此其占便宜处。英雄欺人，要领未易勘也。,true
165,13993,《诗薮》,孟诗淡而不幽，时杂流丽；闲而匪远，颇觉轻扬。可取者，一味自然。,true
166,13993,《唐诗镜》,孟浩然诗材虽浅窘，然语气清亮，诵之有泉流石上、风来松下之音。,true
167,13993,《唐诗归》,钟云：浩然诗当于清浅中寻其静远之趣，岂可故作清态，饰其寒窘，为不读书、不深思人便门？若右丞诗，虽欲窃其似以自文，不可得矣。此王、孟之别也。,true
168,13993,《唐音癸签》,引何景明语：孟五言秀雅不及王，时闲澹颇自成局。,true
169,13993,《唐音癸签》,引王世贞语：孟襄阳才不足半摩诘，特善用短耳。其景色恒傅情而发，故小胜也；其气先志而索，故大不胜也。然偏师而出者，犹轻当于众志而脍炙艺林。,true
170,13993,《唐诗选脉会通评林》,周珽曰：凡读孟诗，真若水石潺湲，风竹相吞，炉烟方袅，草木自馨，自有一种天然清旷之致。,true
171,13993,《诗源辨体》,孟浩然古律之诗，五言为胜：五言则短篇为胜。,true
172,13993,《诗源辨体》,唐人律诗以兴象为主，风神为宗。浩然五言律兴象玲珑，风神超迈，即元瑞所谓“大本先立”，乃盛唐最上乘，不得偏于闲淡幽远求之也。,true
173,13993,《诗源辨体》,古人为诗，有语语琢磨者，有一气浑成者。语语琢磨者称工，一气浑成者为圣。语语琢磨者，一有相类，疑为盗袭；一气浑成者，兴趣所到，忽然而来，浑然而就，不当以形似求之。试观浩然五言律入录者，无一句人不能道，然未有一篇人易道也。后人才小者辄慕浩然，然但得其浅易耳。,true
174,13993,《诗源辨体》,李、杜二公诗甚多，而浩然诗甚少。盖二公才力甚大，思无不获。浩然造思极深，必待自得。故其五言律皆忽然而来，浑然而就，而圆转超绝，多入于圣矣。须溪谓“浩然不刻画，只似乘兴”，沧浪谓“浩然一味妙悟”，皆得之矣。,true
175,13993,《载酒园诗话又编》,五言律，摩诘风体不一，浩然机局善变。然摩诘可学，而浩然不易学也。浩然如“云海访瓯闽”、“沿溯非便习”、“士有不得志”、“拂衣去何处”、“府寮能枉驾”、“敝庐在郭外”、“闻君息阴地”、“与君园庐并”、“去国已如昨”、“少小学书剑”、“挂席东南望”、“遑遑三十载”、“南国辛居士”、“旧国余归楚”、“二月湖水清”等篇，格虽稍放而入小变，然皆神会兴到，随地化生，未可以智力求之。至如“欣逢柏台旧”、“义公习禅寂”、“支遁初求道”、“龙象经行处”等篇，则皆幽远清旷，以丘壑胜者也。,true
176,13993,《载酒园诗话又编》,诗忌闹，孟独静；诗忌板，孟最圆，然律诗有一篇如一句者，又有上句即有下句者，往往稍涉于轻，乃知有所避必有所犯。笔力强弱，实由性生，不复可强，智者善藏其短耳。,true
177,13993,《骚坛秘语》,（浩然诗）祖建安，宗渊明，冲澹中有壮逸之气。,true
178,13993,《蠖斋诗话》,襄阳五言律、绝句，清空自在，淡然有馀，衍作五言排律，转觉易尽，大逊右丞。盖长篇中须警策语耐看，不得专以气体取胜也，故必推老杜擅场。,true
179,13993,《唐诗归折衷》,孟诗以清胜，其入悟处，非学可及，吴敬夫云：浩然清姿淑质，风神掩映，乃在淡若无意之中。,true
180,13993,《唐诗归折衷》,孟诗佳处只一“真”字，初读无奇，寻绎则齿颊间有馀味。,true
181,13993,《古欢堂集杂著》,襄阳（五律）佳处亦整亦暇，结构别有生趣，辋川、太白，殆能兼之。,true
182,13993,《原诗》,孟浩然诸体似乎澹远，然无缥缈幽深思致，如画家写意，墨气都无。苏轼谓“浩然韵高而才短，如造内法酒手，而无材料”，诚为知言。后人胸无才思，易于冲口而出，孟开其端也。,true
183,13993,《唐诗别裁》,襄阳诗从静悟得之，故语淡而味终不薄，此诗品也。然比右丞之浑厚，尚非鲁、卫。,true
184,13993,《唐诗别裁》,孟诗胜人处，每无意求工，而清超越俗，正复出人意表。,true
185,13993,《闻鹤轩初盛唐近体读本》,孟公五律，笔洁气逸，为品最高；较之储生，尤为神足。故能指作自如，不窘边幅。自是一代家数，未易轩轾也。,true
186,13993,《三唐诗品》,其源出于谢惠连，挹彼清音，谢其密藻。五律含华洗骨，超然远神，如初日芙蕖，亭亭秀映。《<a href='https://cnkgraph.com/Book/2195' target='_blank'>唐书</a>》称其方驾李、杜，固知名下无虛。,true
187,13993,《唐宋诗举要》,姚曰：孟公高华精警，不逮右丞，而自然奇逸处则过之。,true
188,13993,《历代五言诗评选》,传言浩然为诗，伫兴而作，造意极苦。篇什既成，洗湔凡近，超然独妙。虽气象请远，而采秀内映，藻思所不及。,true
189,13993,黄鹤楼志,孟浩然（689—740） 唐代诗人。字浩然。襄州襄阳（今湖北襄阳）人，世称“孟襄阳”。早年隐居故乡鹿门山，后应进士不第，赴吴越一带漫游，以隐士终生。孟浩然是盛唐山水田园诗派的杰出代表，与王维齐名并称“王孟”，有《孟襄阳集》。曾多次过江夏（今武昌），在黄鹤楼宴客送友，饮酒赋诗。其黄鹤楼诗作中著名的有《江上别流人》《鹦鹉洲送王九之江左》《送元公归鄂渚》等。“鄂州杂诗碑”录存其诗四首。,false
190,17166,中國歷代人名大辭典,"【介紹】：
唐東川人。擢進士第。官新鄉尉。有詩集一卷。",false
191,17166,唐詩大辭典 修訂本,"【生卒】：690?—754?
    郡望趙郡(今河北趙縣)，玄宗開元二十三年(735)登進士第，曾官新鄉尉。辛文房《<a href='https://cnkgraph.com/Book/2071' target='_blank'>唐才子傳</a>》云是東川人，誤。近世承之，定其為四川三臺(一說，云南會澤)人，訛誤尤甚。參稽李頎詩歌，知為河南潁陽(今河南登封)一帶人。東川實指潁水一支流。頎有別業在其旁，入仕前后均久居于此。后人因多稱“李東川”。李頎早年出入兩京，結交貴游，希冀用世。不成，乃閉戶10年，折節讀書。及第、釋褐后，可能先任朝中卑職，繼授新鄉尉，因久不得調，憤而歸隱，直至去世。隱居時于學佛讀經、求仙煉丹頗為醉心。生平見《<a href='https://cnkgraph.com/Book/2071' target='_blank'>唐才子傳</a>》卷二，今人譚優學《李頎行年考》(見《唐詩人行年考》)、傅璇琮《李頎考》(見《唐代詩人叢考》)。李頎為盛唐著名詩人，其邊塞詩、人物素描詩、音樂詩、詠史懷古詩等均有佳作。尤擅七律、七古二體。七律7首，乃該體發展成熟時期之佳構，形式規范，聲調洪亮，風格朗暢，尤為明人所尊崇。高棅認為其體“聲調最遠，品格最高”，“足為萬世法程”(《<a href='https://cnkgraph.com/Book/371' target='_blank'>唐詩品匯</a>》卷二)。王世貞稱之為盛唐四位七律能手之一(《藝苑卮言》卷四)。前后“七子”無不摹擬仿作，故沈德潛云：“明嘉、隆諸子專尊李頎”(《<a href='https://cnkgraph.com/Book/6671' target='_blank'>說詩晬語</a>》)。李頎七古氣勢奔放，跌宕多姿，“轉接奇橫”(《<a href='https://cnkgraph.com/Book/14790' target='_blank'>三唐詩品</a>》)，酣暢恣肆。胡應麟將其與高適、岑參、王維并稱，視為李、杜前盛唐之代表作家(《<a href='https://cnkgraph.com/Book/6663' target='_blank'>詩藪</a>》內編卷三)。清王闿運認為其七古兼具盧仝之奇峭，白居易之淺近，李、杜之宏贍(《湘綺樓說詩》卷六)。綜而言之，李頎詩歌麗而不縟，豪不失粗，“風骨高華”(《<a href='https://cnkgraph.com/Book/6663' target='_blank'>詩藪</a>》內編卷四)，“骨秀神清”(《<a href='https://cnkgraph.com/Book/14790' target='_blank'>三唐詩品</a>》卷二)，無愧為盛唐名家。《<a href='https://cnkgraph.com/Book/2484' target='_blank'>全唐詩</a>》存詩3卷。《全唐詩續拾》補詩2首，斷句2。",false
192,17166,唐诗汇评,李颀（？—约751），籍贯不详。开元二十三年（735）登进士第，授新乡尉。去职，归隐颍阳（今河南登封西南）之未川。天宝八载秋，高适授封丘尉，颀有诗送之。天宝十三、十四载殷璠编《<a href='https://cnkgraph.com/Book/8460' target='_blank'>河岳英灵集</a>》，谓颀“只到黄绶”。颀工诗，尤以边塞诗著称。与王昌龄、崔颢、綦毋潜、岑参、王维、高适等交游，时辈咸重之。有《李颀诗》一卷。《<a href='https://cnkgraph.com/Book/2484' target='_blank'>全唐诗</a>》编诗三卷。,false
193,17166,《河岳英灵集》,颀诗发调既清，修辞亦绣。杂歌咸善，玄理最长。至如《送暨道士》云“大道本无我，青春长与君”，又《听弹胡笳声》云“幽音变调忽飘洒，长风吹林雨堕瓦。迸泉飒飒飞木末，野鹿呦呦走堂下”，足可歔欷，震荡心神。惜其伟才，只到黄缓，故论其数家，往往高于众作。,true
194,17166,《容斋随笔》,欧阳公好称诵唐严维诗“柳塘春水漫，花坞夕阳迟”及杨衡“竹径通幽处，禅房花木深”之句，以为不可及。予绝喜李颀诗云：“远客坐长夜，雨声孤寺秋。请量东海水，看取浅深愁。”且作客涉远，适当穷秋，暮投孤村古寺，中夜不能寐，起坐凄侧，而闻檐外雨声，其为一时襟抱，不言可知。而此两句十字中，尽其意态，海水喻愁，非过语也。,true
195,17166,《唐诗品》,颀诗意主浑成，遂无斫练，然情思清澹，每发羽调。七言古诗善写边朔气象，其于玄理间出奇秀。七言律体如《送魏万》、《卢司勋》、《濬公山池》等作，可谓翛然远意者也。,true
196,17166,《批点唐音》,李颀不善五言，而善七言，故歌行与七言律皆有高处。,true
197,17166,《艺圃撷馀》,李颀七言律最响亮整肃。,true
198,17166,《诗薮》,李律仅七首，惟“物在人亡”不佳。“流澌腊月”，极雄浑而不笨；“花宫仙梵”，至工密而不纤。“远公遁迹”之幽，“朝闻游子”之婉，皆可独步千载。,true
199,17166,《唐诗选》,七言律体，诸家所难，王维、李颀颇致其妙，即子美篇什虽众，愦焉自放矣。,true
200,17166,《唐诗镜》,李颀七律，诗格清炼，复流利可诵，是摩诘以下第一人。,true
201,17166,《唐音癸签》,盛唐名家称王、孟、高、岑，独七言律祧孟，进李颀，应称王、李、岑、高云。,true
202,17166,《唐诗选脉会通评林》,新乡七古，每于人不经意处忽出异想，令人心赏其奇逸，而不知其所从来者。新乡七律，篇篇机宕神远，盛唐妙品也。,true
203,17166,《诗源辨体》,李颀五言古平韵者多杂用律体，仄韵者亦多忌鹤膝。七言古在达夫之亚，亦是唐人正宗。五七言律多入于圣矣。,true
204,17166,《诗源辨体》,王元美云：七言律，李有风调而不甚丽，岑才甚丽而情不足，王差备美。愚按……李较岑、王，语虽熔液，而气稍劣。后人每多推之者，盖由盛唐体多失粘，讽之则难谐协，李篇什虽少，则篇篇合律矣。,true
205,17166,《唐诗评选》,盛唐之有李颀，犹制艺之有袁黄，古文词之有李觏，朽木败枝，区区以死律缚人。,true
206,17166,《围炉诗话》,李颀五律高澹，大胜七律，可与祖咏相伯仲。,true
207,17166,《诗筏》,唐李颀诗虽近于幽细，然其气骨则沉壮坚老，使读者从沉壮坚老之内领其幽细，而不能以幽细名之也。唯其如此，所以独成一家。,true
208,17166,《唐七律选》,旧盛唐名家多以王孟、王岑并称，虽襄阳、嘉州与辋川并肩而不并，然尚可并题。至嘉、隆诸子以李颀当之，则颀诗肤俗，不啻东家矣。明诗只存体面，总不生活，全是中是君恶习，不可不察也。,true
209,17166,《师友诗传录》,唐人七言律，以李东川、王右丞为正宗，杜工部为大家，刘文房为接武。,true
210,17166,《唐诗笺要》,东川诗典瞻风华，兼复音调句亮，盛唐能手。,true
211,17166,《历代诗法》,新乡长于七字，古诗、今体并是作家。其蕴气调辞，含毫沥思，缘源触胜，别有会心。向来选家徒以音节高亮赏之，乃牝牡骊黄之见耳。,true
212,17166,《唐诗别裁》,东川七律，故难与少陵、右丞比肩，然自是安和正声。自明代嘉、隆诸子奉为圭臬，又不善学之，只存肤面，宜招毛秋晴太史之讥也。然讥诸子而痛扫东川，毋乃因噎而废食乎？,true
213,17166,《唐诗别裁》,东川比高、岑多和缓之响。,true
214,17166,《石洲诗话》,东川七律，自杜公而外，有唐诗人，莫之与京。徒以李沧溟揣摹格调，几嫌太熟。然东川之妙，自非沧溟所能袭也。,true
215,17166,《石洲诗话》,东川句法之妙，在高、岑二家上。高之浑厚，岑之奇峭，虽各自成家，然俱在少陵笼罩之中。至李东川，则不尽尔也。学者欲从精密中推宕伸缩，其必问津于东川乎！,true
216,17166,《闻鹤轩初盛唐近体读本》,李颀赋笔轻新，以作七律，流丽婉润，自觉胜人。所垂七篇，尽为济南标录。,true
217,17166,《读雪山房唐诗序例》,李东川摛词典则，结响和平，固当在摩诘之下，高、岑之上。,true
218,17166,《读雪山房唐诗序例》,李东川七言古诗，只读得《两汉书》烂熟，故信手挥洒，无一俗料俗韵。,true
219,17166,《昭昧詹言》,东川缠绵，情韵自然深至，然往往有痕。于鳞以东川配辋川，姚先生以为不允。东川视辋川，气体浑厚微不及之，而意兴超远则固相近。,true
220,17166,《海天琴思录》,李东川五七古俱卓然成家，沧溟独取其七律，非作者知己者。,true
221,17166,《批唐贤三昧集》,李东川七律为明代七子之祖，究其容貌相似，神理犹隔一黍。,true
222,17166,《唐诗三百首续选》,东川七律风骨凝重，声韵安和，足与少陵、右丞抗行，明代李于鳞深得其妙。,true
223,17166,《三唐诗品》,五言其源出于鲍明远，发言清隽，骨秀神清，虽偶泛弦中，仍复自然合奏。七言变离，开阖转接奇横，沉郁之思，出以明秀，运少陵之坚重，合高、岑之浑脱，高音古色，冠绝后来。,true
224,17166,《诗学渊源》,（欣）古诗犹是齐梁一体，独七言乐府雄浑雅洁，一片神行，与崔颢同一机杼，而使事写怀，或且过之矣。,true
225,19116,中國歷代人名大辭典,"【生卒】：692—約749
【介紹】：
唐虔州人，一說荊南人，字孝通。玄宗開元十四年進士及第，授宜壽尉，遷右拾遺，入集賢院待制，復授校書，官終著作郎。工詩，其詩善寫方外之情。后棄官歸隱江東別業，王維有詩送之。有文集。",false
226,19116,唐詩大辭典 修訂本,"【生卒】：692?—755?
    字孝通，一作季通。排行三。荊南(今湖北荊州)人，一說為虔州(今江西贛州)人。玄宗開元十四年(726)登進士第，歷官宜壽縣尉、集賢院待制、校書郎、右拾遺、著作郎。以名位不達，掛冠歸隱。曾與張九齡、王維、李頎、儲光羲、盧象、韋應物等交游酬唱。生平散見《<a href='https://cnkgraph.com/Book/2012' target='_blank'>元和姓纂</a>》卷二、《<a href='https://cnkgraph.com/Book/2326' target='_blank'>新唐書·藝文志四</a>》、《<a href='https://cnkgraph.com/Book/2338' target='_blank'>直齋書錄解題</a>》卷一九、《<a href='https://cnkgraph.com/Book/2071' target='_blank'>唐才子傳</a>》卷二。其詩工于描繪幽寂之景，抒寫方外之情，殷璠評為“舉體清秀，蕭蕭跨俗”(《<a href='https://cnkgraph.com/Book/8460' target='_blank'>河岳英靈集</a>》)。《<a href='https://cnkgraph.com/Book/2484' target='_blank'>全唐詩</a>》存詩1卷。",false
227,19116,唐诗汇评,綦毋潜（692？-755？），字孝通，庋州（今江西贛县）人。开元十四年（726）登进士第，授宜寿尉。入为集贤院待制，为校书郎。天宝初，弃官归乡。复入为右拾遗，天宝末，为著作郎。寻卒。潜与张九龄、储光羲、卢象、韦应物友善，与李颀、王维唱酬尤多。有《綦毋潜诗》一卷。《<a href='https://cnkgraph.com/Book/2484' target='_blank'>全唐诗</a>》编为一卷。,false
228,19116,王维《別綦毋潜》,盛得江左风，弥工建安休。,true
229,19116,《河岳英灵集》,潜诗屹崒峭倩足佳句，善写方外之情。至如“松覆山殿冷”，不可多得；又“塔影桂清汉，钟声和白云”，历代未有。荆南分野，数百年来。独秀斯人。,true
230,19116,《唐诗纪事》,"綦毋拾遗诗，举体清秀，萧萧跨俗。桑门之说，于己独能。至如“松覆山殿冷”，不可多得；又如""钟声和白云”，历代少有。借使若人加气质，减雕饰，则高视三百年以外也，",true
231,19116,《唐诗选脉会通评林》,潜诗摘其隽句，觉花影零乱。,true
232,19116,《载酒园诗话又编》,綦毋潜似觉风气稍别，如“石路在峰心”，非诸公所能道，大似王昌龄句法。,true
233,19116,《诗学渊源》,诗中近体，间入齐梁，清雅峻洁，绝类晋宋人语。盛唐以后拟齐梁者，当以此为最。,true
234,18935,中國歷代人名大辭典,"【介紹】：
唐河南洛陽人。玄宗開元進士。后流落不偶，移家歸汝墳間別業，以漁樵自終。少與王維友善。工詩，剪刻省凈，用思尤苦。有集。",false
235,18935,唐詩大辭典 修訂本,生卒年不詳。排行三，洛陽(今屬河南)人。玄宗開元十二年(724)杜綰榜進士。祖詠與王維交誼頗深，多有酬唱之作，又與盧象、儲光羲、王翰、丘為等為友。中進士后未得官，約于開元十三年歲末即離京歸汝墳(今河南汝陽、汝州間)別業，以漁樵自終。其間與王翰恣為歡暢。生平事跡見《<a href='https://cnkgraph.com/Book/2092' target='_blank'>唐詩紀事</a>》卷二〇、《<a href='https://cnkgraph.com/Book/2071' target='_blank'>唐才子傳</a>》卷一。祖詠作詩最重經營意境，名篇《終南望余雪》僅二韻即意盡而止。殷璠評其詩“剪刻省凈，用思尤苦，氣雖不高，調頗凌俗”(《<a href='https://cnkgraph.com/Book/8460' target='_blank'>河岳英靈集</a>》卷下)，芮挺章《<a href='https://cnkgraph.com/Book/8461' target='_blank'>國秀集</a>》選其詩5首，均見盛唐詩壇對祖詠之重視。《<a href='https://cnkgraph.com/Book/2484' target='_blank'>全唐詩</a>》存詩1卷。《全唐詩外編》及《全唐詩續拾》補詩1首，斷句4。,false
236,18935,唐诗汇评,祖咏。生卒年不详，洛阳（今属河南）人。开元十二年（724）登进士第。王维为济州司仓参军，与唱和。後因仕途失意，移居汝坟。王翰为汝州长史、仙州别驾，与当地名士游赏，祖咏常在座。曾南游江南，北上蓟门。后被眨，其事未详。与王维、储光羲、卢象、立为友善。有《祖味诗》一卷。《<a href='https://cnkgraph.com/Book/2484' target='_blank'>全唐诗</a>》编诗一卷。,false
237,18935,《河岳英灵集》,咏诗剪刻省净，用思尤苦，气虽不高，调颇凌俗。至如“霁日园林好，清明烟火新”，亦可称为才子也。,true
238,18935,《唐诗品》,殷璠评祖诗“剪刻省静，用思尤苦”，此当未知祖诗者也。唐自天宝以后，极工锁尾而略于发端，务谐声偶而劣于递送，祖诗殊脱此病。若谓苦思得之，则声响结滞，安得音调谐协乃尔？祖病乃在古风《观古意》一篇，叠韵偏侧，命意芜浅，殊少风云之气。其在开元之间，品望雌矣。,true
239,18935,《诗源辨体》,祖咏诗甚少，五言古仅数篇，俱不为工。五言律，声调既高，语亦甚丽。七言“燕台一去”一篇，实为于鳞诸子鼻祖。,true
240,18935,《载酒园诗话又编》,咏与卢象，稍有悲凉之感，然亦不激不伤。卢情深，祖尤骨秀。,true
241,18935,《唐七律诗钞》,祖咏诸公，篇什不多，自是盛唐正轨。,true
242,18935,全唐文,詠。洛陽人。開元十二年進士。,false
243,14932,中國歷代人名大辭典,"【介紹】：
唐人。玄宗開元十五年擢進士第。代宗大歷中為盱眙尉。后隱居鄂州武昌。工詩。有集。",false
244,14932,唐詩大辭典 修訂本,生卒年不詳。玄宗開元十五年(727)與王昌齡同榜登進士第，仕途頗不如意，遂放浪琴酒，往來太白、紫閣諸峰，有肥遯之志，后寓鄂渚(今湖北武昌西山)，召王昌齡、張僨同隱。生平事跡見《<a href='https://cnkgraph.com/Book/2092' target='_blank'>唐詩紀事</a>》卷三一、《<a href='https://cnkgraph.com/Book/2071' target='_blank'>唐才子傳</a>》卷二。《<a href='https://cnkgraph.com/Book/2326' target='_blank'>新唐書·藝文志四</a>》云是“肅(宗)代(宗)時人”，《<a href='https://cnkgraph.com/Book/2338' target='_blank'>直齋書錄解題</a>》卷一九稱“唐盱眙(今屬江蘇)尉常建”。《<a href='https://cnkgraph.com/Book/8460' target='_blank'>河岳英靈集</a>》首錄常建詩十四首，而稱“今常建亦淪于一尉”，按此書收詩止于天寶十二載(753)，則常建作縣尉，當在此前。盛唐人對常建詩評價頗高，如殷璠云：“其旨遠，其興僻。佳句輒來，唯論意表。”即指其詩以興象取勝。《<a href='https://cnkgraph.com/Book/2484' target='_blank'>全唐詩</a>》存詩1卷。,false
245,14932,唐诗汇评,常建，生卒年里贯均未详。开元十五年（727），登进士第，任盱眙尉。天宝中，曾寓居鄠渚，以诗招王昌龄、张偾同隐。约卒于天宝末、至德初。建长于五言。殷璠编《<a href='https://cnkgraph.com/Book/8460' target='_blank'>河岳英灵集</a>》，以建为首。有《常建集》一卷。《<a href='https://cnkgraph.com/Book/2484' target='_blank'>全唐诗</a>》编诗一卷。,false
246,14932,《河岳英灵集》,建诗似初发通庄，却寻野径，百里之外，方归大道。所以其旨远，其兴僻，佳句辄来，唯论意表。至如“松际露微月，清光犹为君”，又“山光悦乌性，潭影空人心”，此例十数句。并可称警策。然一篇尽善者：“战馀落日黄，军败鼓声死……今与山鬼邻，残兵哭辽水”，属思既苦，词亦警绝。潘岳虽云能叙悲怨，未见如此章。,true
247,14932,《唐诗品汇》,刘须溪云：常建诗情景沉冥，不类著色。,true
248,14932,《唐诗品》,建诗颇事雅道，不善近体。殷璠评其诗“似初发通庄，却寻野径，百里之外，方归大道”。夫魏晋作者，直趋音调，而饰以藻节，亦本末之致也。建诗颇亦擅此，而间出近语，此其所短。若《梦游太白西峰》、《闲斋卧疾》、《鄂渚》、《仙谷》等作，亦可公幹、彦伯之流矣。,true
249,14932,《诗薮》,殷璠诗选，以常建为第一。张为句图，以孟云卿为高古奥逸。盖二子皆盛唐名家。常幽深无际，孟古雅有馀。常“战馀落日黄，军败鼓声死。今与山鬼邻，残兵哭辽水”、绝是长吉之祖；孟“朝日上高堂，离人怨秋卓。少壮无会期，水深风浩浩”，剧为东野所宗，,true
250,14932,《诗薮》,常建语极幽玄，读之使人泠然如出尘表。然过此则鬼语矣。,true
251,14932,《唐诗归》,"钟云：初盛唐之妙，未有不山于厚者。常建清微灵洞，似“厚”之一字，不必为此公设，非不厚也，灵慧之极，有所不觉耳。灵慧而气不厚，则肤且佻矣。
谭云：常建诸诗，令不知诗者读之，满腹是诗，急起拈笔，即深于诗者，不得一语。予尝谓诗家有仙有佛，此皆佛之属也。钟云：储与王以厚掩其清，然所不足者非清；常建以清掩其厚，然所不足者非厚。",true
252,14932,《诗镜总论》,常建音韵已卑，恐非律之所贵。,true
253,14932,《唐诗选脉会通评林》,常建诗灵慧雅秀，清中带厚，如“清溪深不测”、“清晨入古寺”等篇，令人诵欲忘年，故钟、谭盛唐品语，若于建偏致心赏。伯敬云：“凡清者必约，约者必少。此公诗一入情境中，泉涌丝出，若“清”之一字，反为富有之物。”友夏云：“妙极矣，注脚转语，一切难着，所谓见诗人身耐为说法也。”斯论俱可为千古知己。,true
254,14932,《诗源辨体》,常建五言古，风格既高，意趣亦远，然未尽称快，惟短篇堪入录邳。,true
255,14932,《唐诗归折衷》,吴敬夫云：建诗如金如玉，坚质内涵，神彩外映，骨韵之妙，超王越孟。微嫌杂以幻妄语，开今日竞陵一派。,true
256,14932,《诗辩坻》,常建七言古，格意轻隽，而下语粉绘皆别设。虽在盛唐，隐开温、李乐府一派。,true
257,14932,《诗辩坻》,盛唐七绝，常建最劣，高得中唐，卑入宋格，如“过在将军不在兵”是也。,true
258,14932,《诗筏》,钟伯敬云：“常建诗清微灵洞。似‘厚’之一字，不必为此公设。”此语甚当。但常建诗亦自有常建之厚，古人所谓温厚者，常建之诗是也。其清微灵洞，俱从温厚中出，所以内外俱彻，如琉璃映月耳。,true
259,14932,《载酒园诗话又编》,“高山临大泽，正月芦花干。阳色薰两厓，不改青松寒。”此东野意趣也。“井底玉冰洞地明，琥珀辘轳青丝索。仙人骑凤披彩霞，挽上银瓶照天阁。黄金作身双飞龙，口衔明月喷芙蓉。一时渡海望不见，晓上青楼十二重。”置之长吉集，奚辨乎？二子之生，尚在数十年后，此实唐风之始变也。吾读盛唐诸家，虽浅深浓淡，奇正疏密，各自不同、咸有昌明之象，独常盱眙如去大梁、吴、楚而人黔、蜀，触目举足，皆危崖深箐，其间幽泉怪石，良非中州所有，然亦阴森之气逼人。,true
260,14932,《载酒园诗话又编》,常诗名胜处，儿于支、许清言，即刻划林泉，亦天然藻缋。独如“汉上逢老翁，江口为僵尸”诸篇，宇宙大矣，何地不可行，必效大阮驱车耶！,true
261,14932,《小澥堂草杂论诗》,常建诗一片空灵境界，然或根柢未深，学之恐堕魔道。,true
262,14932,《剑溪说诗》,常建、刘眘虚诗，于王、孟外又辟一径。常取径幽而不诡于正，刘气象一派空明。,true
263,14932,《石洲诗话》,常较王、孟诸公，颇有急疾之意，此所以为飞仙也。又多仙气语。,true
264,14932,《石洲诗话》,常尉以玄妙得之，储侍御以浅淡得之。储近王，常近孟，而常胜于储多矣。,true
265,14932,《三唐诗品》,其源出于嵇叔夜，长篇沉厉，思若有馀，短篇兴来情答，爽秀生姿，如谈子房、季扎之间，衮衮可听。,true
266,14932,《诗学渊源》,吾读其诗，一字一珠，务极洗炼，高雅缜密。词不害意，而意在言外。源出齐梁，而遗齐梁之迹，可谓出蓝之胜是矣。,true
267,14932,全唐文,建。開元中進士。大歷中為盱眙尉。,false
268,18440,中國歷代人名大辭典,"【生卒】：約690—約756
【介紹】：
唐京兆長安人，字少伯。玄宗開元十五年擢進士第，補秘書省校書郎。后又以博學宏詞登科，授汜水尉。以故貶嶺南，北歸，遷江寧丞。晚年又貶龍標尉。故世又稱王江寧、王龍標。以世亂還鄉，道出濠州(一作亳州)，為刺史閭曉丘所殺。工詩，擅長七絕，以邊塞詩《出塞》、《從軍行》等知名。有集。",false
269,18440,唐詩大辭典 修訂本,"【生卒】：?—756?
    字少伯，排行大，京兆萬年(今陝西西安)人。以曾官江寧(今江蘇南京)丞、龍標(今湖南洪江西南)尉，后人因稱“王江寧”、“王龍標”。玄宗開元十五年(727)進士及第，授秘書省校書郎。二十二年登博學宏詞科，遷汜水尉。越數年，以事謫嶺南。二十八年北返，改江寧丞。史傳稱后以“不護細行”，又貶龍標尉。安史亂起，昌齡避亂江淮一帶，觸忤濠州刺史閭丘曉，為曉所殺。生平見《<a href='https://cnkgraph.com/Book/2425' target='_blank'>舊唐書</a>》、《<a href='https://cnkgraph.com/Book/2326' target='_blank'>新唐書</a>》本傳。昌齡為開元、天寶間杰出詩人。所作多邊塞軍旅、宮怨閨情及送別之什，清剛俊爽，深厚婉麗。時人殷璠以為“元嘉以還，四百年內，曹、劉、陸、謝，風骨頓盡，今昌齡克嗣厥跡”，稱其詩“驚耳駭目”，乃“中興高作”。(原出《<a href='https://cnkgraph.com/Book/8460' target='_blank'>河岳英靈集</a>》卷中，茲據《<a href='https://cnkgraph.com/Book/2092' target='_blank'>唐詩紀事</a>》卷二四所引)《<a href='https://cnkgraph.com/Book/2071' target='_blank'>唐才子傳</a>》卷二本傳云是“時稱‘詩家夫子王江寧’”。昌齡特擅七絕，明王世貞以為可“與太白爭勝毫厘，俱是神品”(《藝苑卮言》卷四)。詩集注本有今人李云逸《王昌齡詩注》。另有《詩格》傳世。《<a href='https://cnkgraph.com/Book/2484' target='_blank'>全唐詩</a>》存詩4卷。《全唐詩外編》及《全唐詩續拾》補4首又4句。",false
270,18440,唐诗汇评,王昌龄（694？-756？），字少伯，京兆万年（今陕西西安）人。开元十五年（727），登进士第，授秘书省校书郎。二十二年，举博学宏辞科，授汜水尉。获罪谪岭南，二十七年遇赦北还。二十八年冬，为江宁尉。天宝中，贬龙标尉。安史乱起，北归，为濠州刺史闾皇晓所杀。世称“王江宁”或“王龙标”。昌龄工诗，时称“诗家天子”；尤长七绝，与李白共称“联璧”。有《王昌龄集》五卷，已佚。又著《诗格》二卷，《诗中密旨》一卷，今传本多疑非原著。有《王昌龄集》二卷和《王昌龄诗集》三卷行世，《<a href='https://cnkgraph.com/Book/2484' target='_blank'>全唐诗</a>》编诗四卷：今人李云逸有《王昌龄诗注》。,false
271,18440,《河岳英灵集》,"元嘉以还，四百年内，曹、刘、陆、谢、风骨顿尽。顷有太原王昌龄,鲁国储光羲颇从厥迹，且两贤气同体别,而王稍声峻。",true
272,18440,《新唐书》本传,昌龄工诗，绪密而思清，时谓王江宁云。,true
273,18440,《唐才子传》,昌龄工诗，缜密而思清，时称“诗家天子王江宁”，盖尝为江宁令。与文士王之涣、辛渐交友至深，皆出模范，其名重如此。,true
274,18440,《唐诗品》,少伯天才流丽，音唱疏越。七言小诗儿与太白比肩，当时乐府采录无出具右。王言古作与储光羲不相下，而稍逸致可采，高才玩世，流荡不持，卒取闾丘之祸，轻华之致，不并珪璋，岂亦定见耶！,true
275,18440,朱警《王昌龄诗集跋》,少伯诗为中兴名家，与储光羲相埒，而少伯稍声峻，多远调。至如“飞雨祠工来，霭然关中暮”、“东峰始含景、了了见松雪”，兴象融化，有遗音矣。,true
276,18440,《艺苑卮言》,七言绝句，王江宁与太白争胜毫厘，俱是神品。,true
277,18440,《艺圃撷馀》,绝句之源，出于乐府，贵有风人之致，其声可歌，其趣在有意无意之间，使人莫可捉着。盛唐惟青莲、龙标二家诣极，李更自然，故居王上。,true
278,18440,《诗薮》,江宁《长信词》、《西宫曲》、《青楼曲》、《闺怨》、《从军行》，皆优柔婉丽，意味无穷，风骨内含，精芒外隐，如清庙朱统，一唱三叹。,true
279,18440,《诗薮》,摩诘五言绝，穷幽极玄；少伯七言绝，超凡入圣，俱神品也。,true
280,18440,《诗薮》,杜陵、太白七言律绝，独步词场；然杜陵律多险拗，太白绝间率露，大家故宜有此。若神韵于云，绝无烟火，深衷隐厚，妙协《萧韶》，李颀、王昌龄故是千秋绝调。,true
281,18440,《诗薮》,李（白）词气飞扬，不若王之自在，然照乘之珠，不以光芒杀直；王句格舒缓，不若李之自然，然连城之璧，不以追琢减称。李作故极自然，王亦和婉中浑成，尽谢炉陲之迹；王作故极自在。李亦飘翔中闲雅，绝无叫噪之风，故难优劣，然李词或太露，王语或过流，亦不得护其短也。,true
282,18440,《诗镜总论》,王龙标七言绝句，自是唐人骚语，深情苦恨，襞积重重，使人测之无端，玩之无尽，惜后人不善读耳。,true
283,18440,《诗镜总论》,书有利涩，诗有难易，难之奇，有曲涧层峦之致；易之妙，有舒云流水之情，王昌龄绝句，难中之难；李青莲歌行，易中之易。难而苦为长吉，易而脱为乐天，则无取焉。总之，人力不与，天致自成，难易两言，难可相忘耳。,true
284,18440,《诗镜总论》,专寻好意，不理声格，此中晚唐绝句所以病也，诗不待意，即景自成；意不待寻，兴情即是。王昌龄多意而多用之，李太白寡意而寡用之：昌龄得之椎炼，太白出于自然，然而昌龄之意象深矣。,true
285,18440,《唐诗归》,钟云：人知王、孟出于陶，不知细读储光羲及王昌龄诗，深厚处益见陶诗渊源脉络。善学陶者宁从二公入，若从五、孟入。,true
286,18440,《全唐风雅》,"钟云：龙标七言绝妙在全不说出，读未毕，而言外目前，可思可见矣，然终亦说不出。
黄绍夫云：唐七言绝句当以王龙标为第一，以其比兴深远，得风人温柔敦厚之体，不但词语高古而已。",true
287,18440,《姜斋诗话》,七言绝句，唯王江宁能无疵纇，储光羲，崔国辅其次者，至若“秦时明月汉时关”，句非不炼，格非不高，但可作律诗起句，施之小诗，未免有头重之病。若“水尽南天不见云”、“水和三日荡轻舟”、“囊无一物献尊亲”、“玉帐分弓射虏营”，皆所谓滞累，以有衬字故也。其免于滞留者，如“只今唯有西江月，曾照吴王宫里人”、“黄鹤楼中吹玉笛，江城五月落梅花”、“此夜曲中闻折柳，何人不起故园情”，则又疲茶无生气，似欲匆匆结煞。,true
288,18440,《诗辩坻》,龙标七言古，气势太峻而才幅狭，然迅快流爽，又一格也。,true
289,18440,《围炉诗话》,"吴敬夫云：龙标七绝名手，五古笔法高妙，往往为理障所掩，如“精意莫能论”，“独立君始悟”、“海静月色真”、“寥寥天府空”、但便人剿袭，故愚者入其鬼窟中。岂若“久之风榛寂，远闻樵声至”、“不信沙场苦，君看刀箭瘢”，顿挫雄浑也？
王昌龄五古，或幽秀，或豪迈，或惨侧，或旷达，或刚正，或飘逸，不可物色。",true
290,18440,《围炉诗话》,王龙标七绝，如八股之王济之也，起承转合之法自此而定，是为唐体，后人无不宗之。,true
291,18440,《原诗》,七言绝句，古今推李白，王昌龄，李俊爽，王含蓄，两人辞、调、意俱不同，各有至处。,true
292,18440,《历代诗法》,龙标五古，胜情旷致，刊落凡俗。龙标七绝，如高翼矫风，半空落响，危峰堕月，哀壑承泉，首首同调，一见一新，非惟独秀当时，抑已擅场千古。,true
293,18440,《唐诗别裁集》,龙标绝句，深情幽怨，意旨微茫，令人测之无端，玩之无尽，谓之唐人《骚》语可。,true
294,18440,《石洲诗话》,龙标精深可敌李东川，而秀色乃更掩出其上。若以有明弘正之间徐迪功尚与李、何鼎峙，则有唐开、宝诸公，太白、少陵之外，舍斯人其谁与归？,true
295,18440,《挹翠楼诗话》,有识者皆当戒心读王龙标“大漠风尘”、“白马金鞍”、“驰道杨花”诸作，止用一二字暗中托讽，使深心人于言外领会，意境既超，婉而不露，此其七绝所以独冠三唐。,true
296,18440,《唐七律隽》,襄阳、龙标、供奉，虽不以七律名家，然视右丞、嘉州，少陵者公，别有一种神气，有精采而无滞色，此盛唐之所以为盛也。,true
297,18440,《岘傭说诗》,孟浩然、王昌龄、常建五言清逸，风格均与摩诘相近，而篇幅较窘。学问为之，才力为之也。,true
298,18440,《三唐诗品》,其源出于鲍明远，缩作短篇，自成幽峭。七绝擅名，亦由关塞之词，江山所助。,true
299,18440,黄鹤楼志,王昌龄（698—约756） 唐代诗人。字少伯。京兆长安（今陕西西安）人。开元十五年（727）进士，授校书郎，改汜水县尉，再迁江宁县丞，晚年贬龙标（今湖南黔阳西）县尉，世称“王江宁”或“王龙标”。赴江夏（今武昌）游玩时曾作惜别诗《送人归江夏》，因情造景，借黄鹤楼抒情，表现了友人间的无限眷恋和依依惜别之情。,false
300,18440,全唐文,昌齡字少伯。江寧人。第進士。補祕書省校書郎。又登博學宏詞科。再遷氾水尉。貶龍標尉。以世亂還鄉里。為刺史閭邱曉所殺。,false
301,14790,唐詩大辭典 修訂本,"【生卒】：?—739
    曙，一作“署”，誤。籍貫不詳。早年孤賤，因淪落而居宋州(今河南商丘)。嗣又在嵩山二室棲居讀書，成年后為博取科第，奔走于東西二京。玄宗開元二十六年(738)應進士舉，試題為《明堂火珠詩》，崔曙詩最為人稱賞。登第后任河內尉，開元二十七年卒。曾與薛據交游。事跡見《<a href='https://cnkgraph.com/Book/2092' target='_blank'>唐詩紀事</a>》卷二〇、《<a href='https://cnkgraph.com/Book/2071' target='_blank'>唐才子傳</a>》卷二。《<a href='https://cnkgraph.com/Book/8460' target='_blank'>河岳英靈集</a>》卷下評崔曙詩“多嘆詞要妙，情意悲涼。送別、登樓，俱堪淚下”。《<a href='https://cnkgraph.com/Book/2484' target='_blank'>全唐詩</a>》存詩1卷。《全唐詩逸》補斷句2聯。",false
302,14790,唐诗汇评,崔曙（？-739），一作崔署，原籍博陵（今河北安平），寓居宋州(今河南商丘)。少孤贫，隐居颍阳太室山苦读。开元二十六年（738），登进士第，以试《明堂火珠》诗得名。授河内尉，卒。曙工诗，与薛据友善。《<a href='https://cnkgraph.com/Book/2484' target='_blank'>全唐诗</a>》存诗一卷。,false
303,14790,《河岳英灵集》,署诗多叹词要妙，清意悲凉。送别、登楼，俱堪泪下。,true
304,14790,《封氏闻见记》,（开元中）省司试举人，作《明堂火珠诗》，进士崔曙诗最清拔。,true
305,14790,《诗学渊源》,（曙）集中所载，殊未脱齐梁排偶之习，与王翰同工，远逊孟云卿古朴。,true
306,14790,全唐文,曙。宋州人。開元二十六年進士。,false
307,14790,全唐文,曙。博陵人。,false
308,21646,中國歷代人名大辭典,"【生卒】：約700—765
【介紹】：
唐渤海蓨人，字達夫，一字仲武。少貧寒，游長安，失意歸，客居梁、宋間。后游河西，入哥舒翰幕為書記。歷淮南、西川節度使，終散騎常侍，封渤海縣侯。世稱高常侍。曾三度出塞，以邊塞詩著稱，與岑參齊名，并稱高岑。卒謚忠，有集。",false
309,21646,唐詩大辭典 修訂本,"【生卒】：700?—765，有生于699、701、702、706等說
    字達夫，一說字仲武，則是與編《<a href='https://cnkgraph.com/Book/8463' target='_blank'>中興間氣集</a>》之高仲武郡望相同而致誤。排行三十五。郡望渤海蓨縣(今河北景縣)。晚年曾任左散騎常侍，后人因稱“高常侍”。20歲時游長安求仕不果，此后長期客居宋州宋城(今河南商丘)。玄宗天寶八載(749)有道科及第，授封丘尉。天寶十二載入隴右節度使哥舒翰幕府充掌書記。安史亂起，曾先后任左拾遺、淮南節度使、太子少詹事、彭州刺史、蜀州刺史、劍南西川節度使等職。廣德二年(764)召還長安，為刑部侍郎，轉左散騎常侍，進封渤海縣侯。次年正月卒于長安，贈禮部尚書，謚忠。新、舊《<a href='https://cnkgraph.com/Book/2195' target='_blank'>唐書</a>》有傳。年譜多種，今人周勛初《高適年譜》較為翔實。有明人輯《<a href='https://cnkgraph.com/Book/8174' target='_blank'>高常侍集</a>》傳世，存詩200余首，多作于顯達之前，題材廣泛，思想內容較深廣。高適擅寫邊塞軍旅生活，有邊塞詩40余首，代表其詩歌創作之最高成就，《燕歌行》尤稱杰作。唐殷璠謂“適詩多胸臆語，兼有氣骨，故朝野通賞其文。至如《燕歌行》等篇，甚有奇句”(《<a href='https://cnkgraph.com/Book/8460' target='_blank'>河岳英靈集</a>》卷上)。杜甫譽其詩“方駕曹劉不啻過”(《奉寄高常侍》)。清翁方綱云“高之渾樸老成，亦杜陵之先鞭也”(《<a href='https://cnkgraph.com/Book/6686' target='_blank'>石洲詩話</a>》卷一)。高適與岑參并為盛唐邊塞詩派之代表人物，但二人詩風各異，清劉熙載概括為“岑超高實”(《藝概》卷二)。今人劉開揚有《高適詩集編年箋注》、孫欽善有《高適集校注》。《<a href='https://cnkgraph.com/Book/2484' target='_blank'>全唐詩</a>》編其詩為4卷，《全唐詩外編》及《全唐詩續拾》補收詩12首，斷句4。",false
310,21646,唐诗汇评,高适（约700—765），字达夫，郡望渤海蓨县（今河北景县）。早年随父旅居岭南。开元中曾求仕长安，又北上蓟门，漫游燕赵，后寓居宋中（今河南商丘一带），家贫，浪迹渔樵，与李白、杜甫等交游。天宝八载，因睢阳太守张九皋荐，举有道科，授封丘尉。十二载，入哥舒翰河西幕，官左骁卫兵曹、掌书记。安史礼起，助哥舒翰守潼关。潼关失守，奔行在，擢谏议大夫，迁淮南节度使。左除太子少詹事，分司东都，历彭、蜀二州刺史。广德元年，迁剑南西川节度使。入朝为刑部侍郎，转左散骑常侍。有《高运集》二十卷，已佚。后人编有《高常停集》十卷行世。《<a href='https://cnkgraph.com/Book/2484' target='_blank'>全唐诗</a>》编诗四卷。,false
311,21646,《河岳英灵集》,评事性拓落，不拘小节，耻预常科，隐迹博徒，才名自远。然诗多胸臆语，兼有气骨，故朝野通赏其文。至如《燕歌行》等篇，甚有奇句。且余所最深爱者：“未知肝胆向谁是？令人却忆平原君”。,true
312,21646,《旧唐书·高适传》,天宝中，海内事干进者注意文词。适年过五十，始留意诗什，数年之间，体格渐变，以气质自高。每吟一篇已，为好事者称诵。,true
313,21646,《沧浪诗话》,高、岑之诗悲壮，读之使人感慨。,true
314,21646,《吴礼部诗话》,引时天彝评：高适才高，颇有雄气。其诗不习而能，虽乏小巧，终是大才。,true
315,21646,《唐诗品》,常侍朔气纵横，壮心落落，抱瑜握瑾，浮沉闾巷之间，殆侠徒也。故其为诗，直举胸臆，模画景象，气骨琅然，而词锋华润，感赏之情，殆出常表。视诸苏卿之悲愤，陆平原之惆怅，辞节虽离，而音调不促，无以过之矣。夫诗本人情，囿风气，河洛之间，其气浑然远矣，其殆庶乎！,true
316,21646,《诗镜总论》,七言古，盛于开元以后，高适当厲名手。调响气佚，颇得纵横；勾角廉折，立见涯涘。以是知李，杜之气局深矣。,true
317,21646,《诗镜总论》,高达夫调响而急。,true
318,21646,《诗薮》,达夫歌行、五言律，极有气骨。至七言律，虽和平婉厚，然已失盛唐雄贍，渐入中唐矣。,true
319,21646,《唐诗归》,钟云：唐人如沈宋、王孟、李杜、钱刘之类，虽两人并称，皆有不能强同处。惟高、岑心手如出一人，其森秀之骨，淡远之气，既皆相敌。古诗似张九龄、宋之问一派；五言律只如说话，其极炼、极厚、极润、极活往往从欹侧历落中出，人不得以整求之，又不得学其不整。,true
320,21646,《唐诗选脉会通评林》,史称达夫五十始为诗，而能以气质自高，每一篇出，好事者辄传布之。且言其性磊落，不拘小节，耻预常科，隐于博奕，才情自远。今读其七言古诸篇，感慨悲壮，气骨风度绝然建一代旗鼓托，盛唐佳品，岂能多得？,true
321,21646,《诗源辨体》,唐人五七言古，高、岑规宗。然析而论之，高五言未得为正宗，七言乃为正宗耳。岑五言为正宗，七言始能自聘矣。五言古，高、岑俱豪荡，而高语多粗率，未尽调达；岑语虽调达，而意多显直。高平韵者多杂用律体，仄韵者多忌“鹤膝”。……七言歌行，高调合准绳，岑体多轶荡。,true
322,21646,《诗源辨体》,五言律，高语多苍莽，岑语多藻丽，然高入录者气格似胜，岑则句意多同。,true
323,21646,《诗源辨体》,高、岑五言不拘律法者，犹子美七言以歌行入律，沧浪所谓“古律”是也。虽是变风，然豪旷磊落，乃才大而失之于放，盖过而非不及也。,true
324,21646,《诗辩坻》,达夫五言律多似短古，亦是风调别处。,true
325,21646,按指《唐诗归》,中钟惺所论：赵伯溶云：此论,true
326,21646,《唐诗归折衷》,甚妙，譬如临池家楷中带隶，自是高古。元美乃谓高、岑五言律俱不能佳，陈正字时入古体，亦是矫枉之过，八股遂不可学秦汉耶？此公素善论体裁，不能不失此一言。唐云：君五律本整，钟但采其不整者耳。吴敬夫云：尚气骨者竟祖高、岑，然使作意矜张，而神思未闲，体气不厚，实伤雅道，所云“米元章之字，虽笔力劲健，终有子路事夫子气象”也。故读王、孟者，当于幽闲之中寮其骨韵；读高、岑者，当于豪迈之外赏其风神。,true
327,21646,《载酒园诗话又编》,钟氏曰：“……高、岑心手如出一人，其森秀之骨，澹远之气，既皆相敌”。余意亦终有别。高五言古劲浑朴厚耳；岑稍点染，遂饶秾色。高七言古最有气力，李、杜之下，即当首推；岑自肤立，然如崔季珪代魏王，虽雅望非常，真英雄尚属捉刀人也。唯短律相匹，长律亦岑不如高。,true
328,21646,《师友诗传续录》,问：高、岑似微不同，或高优于岑乎？答：唐人齐名，如沈宋、王孟、钱刘、元白、皮陆，皆约略相似，唯李杜、高岑迥别。高悲壮而厚，岑奇逸而峭。钟伯敬谓高、岑诗如出一手，大谬矣。,true
329,21646,《原诗》,盛唐大家，称高、岑、工、孟。高、岑相似，而高为稍优，孟则大不如王矣。高七古为胜，时见沉雄，时见冲澹，不一色，其沉雄直不减杜甫。岑七古间有杰句，苦无全篇，且起结意调往往相同，不见手笔。高、岑五七律相似，遂为后人应酬活套作俑。如高七律一首中叠用“巫峡啼猿”、“衡阳归雁”、“青枫江”、“白帝城”，岑一首中叠用“云随冯”、“雨洗兵”、“花迎盖”、“柳拂旌”，四语一意；高、岑五律如此尤多。后人行行笈中携《广舆记》一部，遂可吟咏遍九州，实高、岑培之也。总之以月白风清、鸟啼花落等字装上地头，一名日则一首诗成，可以活板印就也。,true
330,21646,《野鸿诗的》,高、岑、王三家均能刻意炼句，又不伤大雅，可谓文质枨彬。,true
331,21646,《养一斋诗话》,初学入手，求其笔势稳称，则王摩诘、高达夫二家乃正善学初唐荷。少陵如《洗兵马》、《古柏行》亦然，但更加雄浑耳。,true
332,21646,《一瓢诗话》,前辈论诗，往往有作践古人处，如以高达夫、岑媒州五七律相似，遂为后人应酬活套，是作践高、岑语也。后人苟能师法高、岑，其应酬活套必不致如近日之恶矣。,true
333,21646,《唐诗别裁》,李、杜外，高、岑、王、李，七言古中最矫健者。,true
334,21646,《石洲诗话》,高常侍与岑嘉州不同，钟退谷之论，阮亭已早辨之。然高之浑朴老成，亦杜陵之先鞭也。直至杜陵，遂合诸公为一手耳。,true
335,21646,《昭昧詹言》,高、岑奇峭，自是有气骨，非低甲庸浅所及。然学之者亦须韵句深长，而阔远不露，乃佳；不然，恐不免短急无馀韵，仍是俗手耳。,true
336,21646,《三唐诗品》,其源出于左太冲、才力纵横，意态雄杰，妙于造语，每以俊古取致。有如河洲十月，一看思归；舍下蛩鸣，居然萧索；载酒平台，赠君干里：发端既远，研意弥新，在小谢之间居然一席。七古与岑一骨，苍放音多，排奡骋妍，自然沉郁。骈语之中，独能顿宕，启后人无限法门，当为七言不祧之祖。,true
337,21646,全唐文,適字達夫。滄洲渤海人。舉有道科中第。累拜左拾遺。轉監察御史。元宗西狩。適閒道及帝於河池。遷御史。擢諫議大夫。累除成都尹劍南西川節度使。廣德元年召為刑部侍郎。轉散騎常侍。封渤海縣侯。永泰元年卒。贈禮部尚書。諡曰忠。,false
338,15188,中國歷代人名大辭典,"【生卒】：701—762
【介紹】：
唐隴西成紀人，其先人隋末流寓西域，故生于安西都護府所屬碎葉城。中宗神龍初，遷居蜀之綿州昌隆縣青蓮鄉，又嘗寓居山東，故亦稱山東人。字太白，號青蓮居士。少有逸才，志氣宏放，飄然有超世之心。十歲通詩書，被稱為“天才英特”。喜縱橫術，擊劍任俠，輕財重施。青年時離蜀漫游，玄宗天寶初，入長安，經賀知章、吳筠推薦，詔供奉翰林。但政治上不受重視，又受權貴讒毀，僅一年余即離開長安。天寶三載在洛陽結識杜甫。二人于詩壇齊名，并稱“李杜”。安史亂起，白為永王李璘府僚，參與平亂。因永王兵敗，坐流夜郎，中途遇赦東還，依族人當涂令李陽冰。不久病卒。其詩風雄奇豪放、清新飄逸，代表作有《蜀道難》、《行路難》、《夢游天姥吟留別》等。有《李太白集》。",false
339,15188,唐詩大辭典 修訂本,"【生卒】：701—762
    字太白，號青蓮居士，排行十二，隴西成紀(今甘肅秦安西北)人，其先隋末竄于碎葉(今吉爾吉斯斯坦托克馬克附近)，李白即出生于此。中宗神龍元年(705)隨家遷居綿州昌隆縣(今四川江油)。今人多從此說。近人陳寅恪謂其先為西域胡人，隴西李氏乃偽托(《李太白氏族之疑問》)。其出生地亦多異說，或謂生于條支(今阿富汗加茲尼)，或謂生于焉耆碎葉(今新疆庫爾勒與焉耆回族自治縣)，亦有謂武后神功年間遷蜀而生于蜀中者。曾官翰林供奉，因稱“李翰林”。賀知章譽為“天上謫仙人”，后人又稱“李謫仙”。在蜀中度過青少年時代，玄宗開元十二年(724)出蜀漫游，南窮蒼梧，東涉溟海，西入長安，北上太原，先后隱居安陸(今屬湖北)與徂徠山(在今山東)。天寶元年(742)奉詔入京，供奉翰林。因得罪權貴，三載(744)賜金還山。此后漫游梁宋、齊魯，南游吳越，北上幽燕。今人或謂天寶十二載(753)曾第三次入京，學術界多以為開元年間和天寶初兩次入京，不承認三入長安；亦有不承認開元年間曾入長安者。天寶末，安祿山叛亂，李白應召入永王李璘幕府，王室內訌，李璘兵敗被殺，李白受累入獄，獲釋不久又被定罪流放夜郎，肅宗乾元二年(759)三月于途中白帝城遇赦，返回江夏，重游洞庭、皖南。上元二年(761)，聞李光弼出鎮臨淮，時已屆暮年，仍欲從軍，半道病還，寶應元年(762)卒于當涂(今屬安徽馬鞍山)。代宗即位，曾以左拾遺召，其時已卒。生平事跡詳見魏顥《李翰林集序》、李陽冰《草堂集序》、范傳正《唐左拾遺翰林學士李公新墓碑并序》及新、舊《<a href='https://cnkgraph.com/Book/2195' target='_blank'>唐書</a>》本傳。年譜及考證生平之著作甚多，清人王琦、黃錫珪均有《李太白年譜》，今人有詹锳《李白詩文系年》，郁賢皓《李白叢考》，安旗、薛天緯《李白年譜》等。李白一生以大鵬自喻，以“安社稷”、“濟蒼生”為己任，欲以布衣取卿相，不愿從科舉入仕，然始終未能得志。詩與杜甫齊名，杜甫《飲中八仙歌》曾詠及，《<a href='https://cnkgraph.com/Book/14720' target='_blank'>滄浪詩話</a>》譽之為“仙才”。作品散失甚多，今存近千首。內容豐富，有要求報效祖國、功成身退而發泄不得志之悲憤感情者，如《行路難》、《將進酒》等；有揭露政治黑暗、憂慮國事者，如《古風五十九首》、《答王十二寒夜獨酌有懷》等；有蔑視權貴、鄙棄富貴者，如《夢游天姥吟留別》、《江上吟》等；有同情人民疾苦者，如《宿五松山下荀媼家》、《丁都護歌》等；有描繪高山大川自然風光者，如《蜀道難》、《望廬山瀑布》等；有歌唱愛情友誼者，如《長干行》、《黃鶴樓送孟浩然之廣陵》等。李白論詩主張天真自然，追求“清水出芙蓉，天然去雕飾”(《贈江夏韋太守良宰》)之境界。其絕句感情真摯，形象明朗，語言樸素，意境含蓄，韻味深長。其樂府歌行名篇則熔《莊》《騷》為一爐(龔自珍《最錄太白集》)，“以氣為主，以自然為宗，以俊逸高暢為貴”(《藝苑卮言》卷四)，感情激蕩，形象雄偉，氣勢磅礴，色彩絢爛，常借神話傳說，多用比興、夸張手法，具有“風雨爭飛，魚龍百變”、“白云從空，隨風變滅”(《唐宋詩醇》卷六)之特色，形成獨特之“縱逸”(《<a href='https://cnkgraph.com/Book/8460' target='_blank'>河岳英靈集</a>》卷上)風格。前人論李白詩歌之歷史地位，常與杜甫并列。韓愈云：“李杜文章在，光焰萬丈長”(《調張籍》)；胡應麟則云：“才超一代者李也，體兼一代者杜也。李如星如日揭，照耀太虛，杜若地負海涵，包羅萬匯。”(《<a href='https://cnkgraph.com/Book/6663' target='_blank'>詩藪</a>》卷四)李集今存宋本《<a href='https://cnkgraph.com/Book/250' target='_blank'>李太白文集</a>》兩種，皆詩文合刻，30卷。一藏日本靜嘉堂文庫，有日本京都大學人文科學研究所影印本；一藏北京圖書館，為殘本，缺卷十五至二十四，以繆曰芑本配。清康熙年間繆曰芑曾據前一種翻刻，世稱繆本。注本今存元蕭士赟《分類補注李太白詩》25卷；明胡震亨《李詩通》(與《杜詩通》合稱《李杜詩通》)21卷；明朱諫撰《<a href='https://cnkgraph.com/Book/5816' target='_blank'>李詩選注</a>》13卷，將200余首指為偽作，另編《<a href='https://cnkgraph.com/Book/3191' target='_blank'>李詩辨疑</a>》2卷；清王琦《李太白全集》36卷，詩文合編，末6卷為附錄，最為通行。今人瞿蛻園、朱金城《李白集校注》以王琦注本為基礎，參校各本，旁搜唐宋以來詩話、筆記以及今人研究成果，加以評箋補充，考訂謬誤，較詳備。近年又有安旗主編《李白全集編年注釋》和詹锳主編《李白全集校注匯釋集評》兩種問世。今人研究著作主要有詹锳《李白詩論叢》、王運熙等《李白研究》、羅宗強《李杜略論》、裴斐《李白十論》、郁賢皓《李白考論集》等。中華書局曾選擇部分單篇論文于1964年出版《李白研究論文集》。資料匯編有裴斐與劉善良編《李白資料匯編(金元明清之部)》。《<a href='https://cnkgraph.com/Book/2484' target='_blank'>全唐詩</a>》存詩25卷，《全唐詩外編》及《全唐詩續拾》補詩36首、斷句10。",false
340,15188,唐诗汇评,李白（701-762），字太白，号青莲居士。祖籍陇西成纪（今甘肃秦安）。出生地有蜀中、西域、长安诸说，迄无定论。少时居綿州彰明县清廉乡（今属四川江油），读书吟诗，遍观百家，好神仙，任侠仗义，曾手刃数人。二十五岁辞亲远游，出三峡，游洞庭、衡山、襄汉、庐山、金陵、扬州。开元十五年与故相许圉师孙女结婚，留居安陆十年。其间曾西入长安，北游太原。三十五岁后，迁居山东任城，与孔巢父等隐于徂徕山，号“竹溪六逸”。天宝元年应诏入京，供奉翰林。三载，因权贵谗毁，“赐金放还”。至洛阳，与杜甫相识，同游梁宋、齐鲁。曾受道箓于齐州紫极宫。后复漫游江淮、吴越、河北、梁宋等地。安史乱起，入永王璘幕府。璘兵败，被捕下浔阳狱，长流夜郎。中途遇赦东还，漂泊于武昌、岳阳、豫章、金陵、宣城等地。上元二年，李光弼出镇临淮，白以六十一岁高龄前往从军，道病还，依族叔当涂令李阳冰，寻病卒。白长于歌诗，嗜酒，人称“谪仙”。与杜甫齐名，并称“李杜”，在古代诗歌史上享有崇高地位。李阳冰受白遗命，编其诗文为《<a href='https://cnkgraph.com/Book/15095' target='_blank'>草堂集</a>》二十卷，又李白友人魏万编其诗为《李翰林集》二卷，均佚。北宋宋敏求辑、曾巩编次其诗文为《<a href='https://cnkgraph.com/Book/250' target='_blank'>李太白文集</a>》三十卷，今存。《<a href='https://cnkgraph.com/Book/2484' target='_blank'>全唐诗</a>》编诗二十五卷。,false
341,15188,《河岳英灵集》,李白性嗜酒，志不拘检，常林栖十数载。故其为文章，率皆纵逸。至如《蜀道难》等篇。可谓奇之又奇。然自骚人以还，鲜有此体调也。,true
342,15188,李阳冰《草堂集序》,凡所著述，言多讽兴。自三代以来，《风》《骚》之后，驰驱屈、宋，鞭挞扬、马，千载独步，唯公一人。故王公趋风，列岳结轨，群贤翕习，如鸟归凤。卢黄门云：“陈拾遗横制颓波，天下质文，翕然一变。”至今朝诗体尚有梁、陈宫掖之风，至公大变，扫地并尽，今古文集，遏而不行；唯公文章，横被六合，可谓力敌造化欤！,true
343,15188,《本事诗》,白才逸气高，与陈拾遗齐名、先后合德。其论诗云：“梁、陈以来，艳薄斯极，沈休文又尚以声律。将复古道，非我而谁与！”故陈、李二集律诗殊少。尝言“兴寄深微，五言不如四言，七言又其靡也，况使束于声调俳优哉！”,true
344,15188,裴敬《翰林学士李公墓碑》,为诗格高旨远，若在天上物外，神仙会集，云行鹤驾，想见飘然之状：视尘中屑屑米粒，虫睫纷扰，菌蠢羁绊蹂躏之比。,true
345,15188,《中山诗话》,欧（阳修）贵韩（愈）而不悦（杜）子美，所不时晓；然于李白而甚赏爱，将由李白超趠飞扬为感动也。,true
346,15188,苏辙《诗病五事》,李白诗类其为人，骏发豪放，华而不实、好事喜名，时不知义理之所在也。语用兵，则先登陷阵不以为难；语游侠，则白昼杀人不以为非；此岂其诚能也哉？白始以诗酒奉事明皇，遇谗而去，所至不改其旧。永王将窃据江淮，白起而从之不疑，遂以放死。今观其诗，固然。唐诗人李、杜称首，今其诗皆在。杜甫有好义之心，白所不及也。,true
347,15188,黄庭坚《题李白诗草后》,余评李白诗如黄帝张乐于洞庭之野，无首无尾，不主故常，非墨工椠人所可拟议。,true
348,15188,《西清诗话》,李太白诗逸态凌云，映照千载，然时作齐梁间人体段，略不近浑厚。,true
349,15188,《岁寒堂诗话》,至于李杜，尤不可轻议。欧阳公喜太白诗，乃称其：“清风明月不用一钱买，玉山自倒非人推”之句。此等句虽奇逸，然在太白诗中，特其浅浅者。鲁直云：“太白诗与汉魏乐府争衡”，此语乃真知太白者。王介甫云：“白诗多说妇人，识见污下。”介甫之论过矣。孔子删诗三百五篇，说妇人者过半，岂可亦谓之识见污下耶？,true
350,15188,《岁寒堂诗话》,韵有不可及者，曹子建是也；味有不可及者，渊明是也；才力有不可及者，李太白、韩退之是也；意气有不可及者，杜子美是也。……杜子美，李太白、韩退之三人，才力俱不可及，而就其中，退之喜崛奇之态，太白多天仙之词，退之犹可学，太白不可及也。,true
351,15188,《珊瑚钩诗话》,李唐群英，惟韩文公之文，李太白之诗，务去陈言，多出新意。,true
352,15188,《艇斋诗话》,古今诗人有《离骚》体者，惟李白一人，虽老杜亦无似《骚》者。,true
353,15188,《竹坡诗话》,元微之作李杜优劣论，谓太白不能窥杜甫之藩篱，况堂奥乎？唐人未尝有此论，而稹始为之。至退之曰：“李杜文章在，光焰万丈长。不知群儿愚，那用故谤伤！”则不复为优劣矣。,true
354,15188,《韵语阳秋》,杜甫、李白以诗齐名……然杜诗思苦而语奇，李诗思疾而语豪。,true
355,15188,《韵语阳秋》,李白乐府三卷，于三纲五常之道，数致意焉。……徐究白之行事，亦岂纯于行义者哉！永王之叛，白不能洁身而去，于君臣之义力如何？既合于刘，又合于鲁，又娶于宗，又携昭阳、金陵之妓，于夫妇之义为如何？至于友人路亡，白为权窆；及其糜溃，又收其骨，则朋友之义庶几矣。,true
356,15188,《苕溪渔隐丛话》,引王安石语：诗人各有所得，“清水出芙蓉，天然去雕饰”，此李白所得也。,true
357,15188,同上引《雪浪斋日记》,或云：太白诗其源流出于鲍明远，如乐府多用《白纻》。故子美云“俊逸鲍参军”，盖有讥也。,true
358,15188,《能改斋漫录》,引刘次庄语：李白则飘扬振激，如浮云转石，势不可遏。,true
359,15188,《朱子语类》,李太白诗非无法度，乃从容于法度之中，盖圣于诗者也。,true
360,15188,《朱子语类》,李太白终始学《选》诗，所以好。,true
361,15188,《沧浪诗话》,观太白诗者，要识真太白处。太白天才豪逸，语多率然而成者。学者于每篇中，要识其安身立命处可也。,true
362,15188,《沧浪诗话》,李杜二公，正不当优劣。太白有一二妙处，子美不能道：子美有一二妙处，太白不能作。,true
363,15188,《沧浪诗话》,子美不能为太白之飘逸，太白不能为子美之沉郁。,true
364,15188,《沧浪诗话》,人言太白仙才，长吉鬼才。不然，太白天仙之同，长吉鬼仙之同耳。,true
365,15188,沈光《李白酒楼记》,太白峭讦矫时之状，小得大用，流斥齐鲁。眼明耳聪，恐贻颠踣。故狎弄杯觞，沉溺曲蘖；耳一淫乐，目混黑白。或酒醒神健，视听锐发，振笔着纸，乃以聪明移于月露风云，使之涓洁飞动；移于草木禽鱼，使之岍茂褰掷；侈于闺情边思，使之壮气激人，离情溢目；移于幽岩邃谷，使之辽历物外，爽人精魄；移于车马弓矢，悲愤酣歌，使之驰骋决发，如睨幽并，而失意放怀，尽见穷通焉。,true
366,15188,《木天禁语》,太白（诗）雄豪空旷，学者不察，失于狂诞。,true
367,15188,《木天禁语》,（乐府）上格如《焦仲卿》、《木兰词》、《羽林郎》、《霍家奴》、《三妇河》、《大垂手》、《小垂手》等篇，皆为绝唱。李太白乐府，气语皆自此中来，不可不知也。,true
368,15188,陈绎曾《诗谱》,李白诗祖《风》《骚》，宗汉魏，下至鲍照、徐、庾，亦时用之。善掉弄，造出奇怪，惊动心目，忽然撇出，妙入无声。其诗家之仙者乎？格高于杜，变化不及。,true
369,15188,《唐诗品汇》,诗至开元、天宝间，神秀声律，粲然大备。李翰林天才纵逸，轶荡人群，上薄曹、刘，下凌沈、鲍，其乐府古调，能使储光羲、王昌龄失步，高适、岑参绝倒，况其下乎？,true
370,15188,《升庵诗话》,杨诚斋云：“李太白之诗，列子之御风也；杜少陵之诗，灵均之乘桂舟、骂玉车也。无待者，神于诗者欤？有待而未尝有待者，圣于诗若欤？”……徐仲车云：“太白之诗，神鹰瞥汉；少陵之诗，骏马绝尘。“二公之评，意同而语亦相近，余谓太白诗，仙翁剑客之语，少陵诗，雅士、骚人之词。比之文，太白则《<a href='https://cnkgraph.com/Book/4412' target='_blank'>史记</a>》，少陵则《<a href='https://cnkgraph.com/Book/2401' target='_blank'>汉书</a>》也。,true
371,15188,《四溟诗话》,子美五言绝句，皆平韵，律体景多而情少。太白五言绝句平韵，律体兼仄韵，古体景少而情多，二公齐尽其妙。,true
372,15188,《四溟诗话》,堆垛古人，谓之“点鬼簿”。太白长篇用之，自不为病，盖本于屈原。,true
373,15188,《四溟诗话》,徐伯传问诗法于康对山，曰：“熟读太白长篇，则胸次含宏，神思超越，下笔殊有气也。”,true
374,15188,李攀龙《唐诗选序》,太白纵横，往往强穹之末。间杂长语，英雄欺人耳。,true
375,15188,李攀龙《唐诗选序》,（太白）五七言绝句，实唐三百年一人，盖以不用意得之，即太白亦不自知其所至；而工者顾失焉。,true
376,15188,《艺苑卮言》,太白古乐府，窈冥惝恍，纵横变幻，极才人之致。然自足太白乐府。,true
377,15188,王稚登《合刻李杜诗集序》,闻诸言诗者，有云：供奉之诗，仙。拾遗之诗，圣。圣可学，仙不可学；亦犹禅人所谓顿、渐，李顿而杜渐也。杜之怀李曰“诗无敌”，李之寄杜曰“作诗苦”。二先生酬赠，亦各语其极耳。,true
378,15188,王稚登《李翰林分体金集序》,供奉读书匡山，鸟雀就掌取食。散金十万如飞尘，沉湎至尊之前，啸傲御座之侧，口中不知有开元天子，何况太真妃、高力士哉！当其稍能自屈，可立跻华要，乃掉臂不顾，飘然去之，坎壈以终其身。迨长流夜郎，与魑魅为伍，而其诗无一羁旅牢愁之语，读之如餐霞吸露、欲蜕骨冲举，非天际真人胸臆，畴能及此？其放浪于曲生柔曼，醉月迷花，特托而逃焉耳。,true
379,15188,刘世教《合刻李杜分体全编序》,陇西（李）趋《风》，《风》故荡詄，出于情之极，而以辞群者也；襄阳（杜）趋《雅》，《雅》故沈郁，入于情之极，而以辞怨者也。趋若异而轨无勿同，故无有能轩轾之者。,true
380,15188,《诗薮》,李杜才气格调，古体歌行，大概相埒。李偏工独至者绝句，杜穷极变化者律诗。言体格，则绝句不若律诗之大；论结撰，则律诗倍于绝句之难。然李近体足自名家，杜诸绝殊募入彀。截长补短，盖亦相当。惟长篇叙事，古今子美。故元、白论咸主此，第非究竟公案。,true
381,15188,《诗薮》,李才高气逸而调雄，杜体大思精而格浑。超出唐人而不离唐人者，李也；不尽唐调而兼得唐调者。杜也。,true
382,15188,《诗薮》,太白笔力变化，极于歌行；少陵笔力变化，极于近体。李变化在调与词，杜变化在意与格。然歌行无常矱，易于错综；近体有定规，难于伸缩。调、词超逸，骤如骇耳，索之易穷；意格精深，始若无奇、绎之难尽；此其稍不同也。,true
383,15188,《诗薮》,李杜二家，其才气本无优劣、似工部体裁明密，有法可寻；青莲兴会标举，非学可至。又唐人特长近体，青莲缺焉。故诗流习杜者众也。,true
384,15188,《诗薮》,备诸体于建安者，陈王也；集大成于开元者，工部也。青莲才之逸，并驾陈王，气之雄，齐驱工部，可谓撮胜二家，第古风既乏温淳，律体微乖整栗，故令评者不无轩轾，,true
385,15188,《诗薮》,太白五言沿洄魏、晋，乐府出于齐、梁，近体周旋开、宝，独绝句超然自得，冠古绝今。,true
386,15188,《唐诗镜》,太白雄姿逸气，纵橫无方，所谓天马行空，一息千里。,true
387,15188,《唐诗镜》,太白七言乐府接西汉之体制，掩六代之才华，自傅玄以下，未睹其偶。至赠答歌行，如风卷云舒，惟意所向，气韵文体，种种振绝。五言乐府摹古绝佳，诸诗率意而成，苦无深趣。苏子由谓之“浮花浪蕊”，此言非无谓也。读李太白诗当得其气韵之美，不求片字句之奇。,true
388,15188,《诗镜总论》,太白长于感兴，远于寄衷，本于十五《国风》为近。,true
389,15188,《诗镜总论》,太白其千古之雄乎？气骏而逸，法老而奇，音越而长，调高而卓。,true
390,15188,《诗镜总论》,太白七古，想落意外，局自变生，真所谓“驱走风云，鞭挞海岳”。其殆天授，非人力也。,true
391,15188,《唐诗归》,钟云：古人虽气极逸，才极雄，未有不具深心幽致而可入诗者。读太白诗，当于雄快中察其静远精出处，有斤两，有脉理。今人把太白只作一粗人看矣。,true
392,15188,《唐音癸签》,太白于乐府最深，古题无一弗拟，或用其本意，或翻案另出新意，合而若离，离而实合，曲尽拟古之妙，,true
393,15188,《唐诗选脉会通评林》,周敬曰：青莲雄姿逸气，变化无方，七古千载罕有并驱。,true
394,15188,《唐诗选脉会通评林》,王元美云：“太白之七言律变体，不足多法。”愚按：太白七言律，集中仅得八篇，骀荡自然，不假雕饰，虽入小变，要亦非浅才可到也。,true
395,15188,《唐诗选脉会通评林》,太白五七言律，以才力兴趣求之，当知非诸家所及；若必于句格法律求之，殆不能与诸家争衡矣。胡元瑞云：“五言律，太白风华逸宕，持过诸人，后之学者，才非天仙，多流率易，此论最有斟酌。,true
396,15188,《唐诗选脉会通评林》,太白五、七言绝，多融化无迹，而入于圣。,true
397,15188,《唐诗选脉会通评林》,太白七言绝多一气贯成者，最得歌行之体。,true
398,15188,《唐诗选脉会通评林》,取高华奇逸者，咸左袒乎李；取雄浑沉厚者，独首推乎杜：要之二子不可高下定论。胡元瑞谓李犹庄周，杜犹左氏，或庶几焉。,true
399,15188,《诗源辨体》,太白歌行，窈冥恍惚，漫衍纵横，极才人之致……此皆变化不测而入于神者也。,true
400,15188,《诗源辨体》,屈原《离骚》在千古辞赋之宗，而后人摹仿盗袭，不胜餍饫。太白《鸣皋歌》虽本乎骚，而精彩绝出，自是太白手笔。至《远别离》、《蜀道难》、《天姥吟》，则变幻恍惚，尽脱蹊径，实与屈子互相照映。谢茂秦云：“太白诗歌若疾雷破山，颠风播海，非神于诗者不能。”,true
401,15188,《诗源辨体》,太白歌行，虽大小短长，错综无定，然自是正中之奇。,true
402,15188,《姜斋诗话》,太白胸中浩渺之致，汉人皆有之，特以微言点出，包举自宏。太白乐府歌行，则倾囊而出。如射者引弓极满，或即发，或迟审久之，能忍不能忍，其力之大小可知已。要至于太白止矣。,true
403,15188,《姜斋诗话》,无论诗歌与长行文字，俱以意为主。意犹帅也。无帅之兵，谓之乌合。李杜所以称大家者，无意之诗十不得一二也。烟云泉石，花鸟苔林，金铺锦帐，寓意则灵。,true
404,15188,《钝吟杂录》,李太白之歌行，祖述骚雅，下迄梁、陈七言，无所不包，奇中又奇，而字字有本，讽刺沉切，自古未有也。,true
405,15188,姚鼐《五七言今体诗钞序目》,盛唐人，禅也；太白则仙也。于律体中以飞动票姚之势，运广远奇逸之思，此独成一境者。,true
406,15188,《唐诗归折衷》,吴敬夫云：太白天才豪迈，托兴悠长，饮酒学仙、适以佐其苍茫之势。他人为之，则滓矣。故曰：气大则物之大小毕浮其形。王摩诘微妙有禅理，然不在其作禅语中；太白缥渺有仙骨，然不在其作仙语中：此当从神味会之，难与俗子语。,true
407,15188,《唐音审体》,冯复京曰：太白古诗全出己调，宋人乃谓出于子昂《感遇》。子昂局促，太白萧散，乌可同日语！,true
408,15188,《唐音审体》,冯复京曰：太白歌行曰神、曰化，天仙口语，不可思议。其意气豪迈，固是本调，而转折顿挫，极抑扬起伏之妙，然亦有失之狂纵者。此公才高如转巨虬、驾风螭，不可以为训。,true
409,15188,《贞一斋诗说》,太白妙处全在逸气横出，其五言古从曹、阮二家变出，并不规模小谢，亦非踵武伯玉。,true
410,15188,《唐诗别裁》,太白诗纵横驰骤，独《古风》二卷，不矜才，不使气，原本阮公，风格俊上，伯玉《感遇》诗后，有嗣音矣。,true
411,15188,《唐诗别裁》,太白七言古，想落天外，局自变生。大江无风，波浪自涌，白云从空，随风变灭。此殆天授，非人可及。,true
412,15188,《唐诗别裁》,集中如《笑矣乎》、《悲来乎》、《怀素草书歌》等作，皆五代凡庸子所拟，后人无识，将此种入选，嗷訾者指太白为粗浅人作俑矣。读李诗者，于雄快之中，得其深远逸宕之神，才是谪仙人面目。,true
413,15188,《唐诗别裁》,七言绝句，以语近情遥，含吐不露为贵；只眼前景、口头语而有弦外音，使人神远。太白有焉。,true
414,15188,《说诗晬语》,五言绝句，右丞之自然，太白之高妙，苏州之古澹，并入化机；而三家中，太白近乐府，右丞、苏州近古诗，又各擅胜场也。,true
415,15188,《诗法易简录》,太白七古不独取法汉魏，上而楚骚，下而六朝，俱归镕冶，而一种飘逸之气，高迈之神，自超然于六合之表，非浅学所能问津也。,true
416,15188,《梅崖诗话》,太白七言近体不多见。五言如《宫中行乐》等篇，犹有陈、隋习气，然用律严矣，音节亦稍稍振顿。七言长短句则纵横排奡，独往独来，如活虎生龙，未易捉摸，少陵固尝首肯心醉矣。,true
417,15188,《瓯北诗话》,（白）诗之不可及处，在乎神识超迈，飘然而来，忽然而去，不屈屑于雕章琢句。亦不劳劳于镂心刻骨，自有天马行空，不可羁勒之势，若论其沉刻，则不如杜；雄鸷，亦不如韩。然以杜、韩与之比较，一则用力而不免痕迹，一则不用力而触手生春；此仙与人之别也。,true
418,15188,《石洲诗话》,大，可为也；化，不可为也。其李诗之谓乎？太白之论曰：“寄兴深微，五言不如四言，七言又其靡也。”若斯以谈，将类于襄阳孟公以简远为旨乎？而又不然。盖太白在唐人中，别有举头天外之意，至于七言，则更迷离浑化，不可思议。以此为“寄兴深微”，非大而化者，其乌乎能之！所谓七言之靡，殆专指七律言耳，故其七律不工。,true
419,15188,龚自珍《最录李白序》,庄、屈实二，不可以并；并之以为心，自白始，儒、仙、侠实三，不可以合；合之以为气，又自白始也。其斯以为白之真原也矣。,true
420,15188,《昭昧詹言》,太白亦奄有古今，而迹未全化，亦觉真实处微不及阮、陶、杜、韩。,true
421,15188,《昭昧詹言》,太白胸襟超旷，其诗体格安放，文法高妙，亦与阮公同；但气格不相似，又无阮公之切忧深痛，故其沉至亦若不及之。然古人各有千古，政不必规似前人也。阮公为人志气宏放，某语亦宏致，求之古今，惟太白与之匹，故合论之。,true
422,15188,《昭昧詹言》,太白当希其发想超旷，落笔天纵，章法承接，变化无端，不可以寻常胸臆摸测；如列子御风而行、如龙跳天门，虎卧凤阁，威凤九苞，祥麟独角，日五彩，月重华，瑶台绛阙，有非寻常地上凡民所能梦想及者。至其词貌，则万不容袭，蹈袭则凡儿矣。,true
423,15188,《昭昧詹言》,大约太白诗与庄子文同妙：意接词不接，发想无端，如天上白云，卷舒灭现，无有定形。,true
424,15188,《越缦堂诗话》,太白七古，超秀之中，自饶雄厚，不善学之，便堕尘障。,true
425,15188,《三唐诗品》,古风运阴、何之俊响，结曹、王之深秀，第才多累质，振采未沉。七言雄放，多用典籍成语，正如乱头粗服，益见其佳。,true
426,15188,词学图录,李白（701-762） 字太白，号青莲居士。祖籍陇西成纪（今甘肃秦安东），隋末其先人流寓西域，白出生于安西大都护府碎叶城，五岁随父迁居绵州昌隆（今江油）青莲乡。天宝初供奉翰林。有《李太白集》，《<a href='https://cnkgraph.com/Book/8600' target='_blank'>尊前集</a>》录其词12首。,false
427,15188,黄鹤楼志,李白（701—762） 唐代诗人。字太白，号青莲居士，世人又称谪仙、诗仙。祖籍陇西成纪（今甘肃静宁西南），先世流迁中亚，5岁随父定居绵州昌隆县（今四川江油县）青莲乡。出蜀后游历江湖。天宝元年（742）应召入长安，任翰林院供奉，后因蔑视权贵遭谗出京。今存李白诗共计1000馀首，有《李太白集》。在湖北游历、居住多年，结识孟浩然，二人多次到黄鹤楼上会客送友、饮酒赋诗，留下不少关于黄鹤楼的佳作，“鄂州杂诗碑”录存其诗十一首。其中《黄鹤楼送孟浩然之广陵》为吟咏黄鹤楼的千古绝唱。史书所载“崔颢题诗，李白搁笔”的佳话，更为后人津津乐道。为了纪念李白，后人在蛇山建立了太白堂和搁笔亭。,false
428,15188,全唐文,白字太白。興聖皇帝九世孫。白生夢長庚星。因以命之。舉有道不應。天寶初至長安。賀知章言於元宗。召見金鑾殿。論當世事。奏頌一篇。詔供奉翰林。忤高力士。摘其詩激楊貴妃。帝欲官白。妃輒沮之。白遂求還山。乃賜金放還。安祿山反。永王璘辟為府僚。璘起兵。逃還彭澤。璘敗。長流夜郎。會赦還。代宗立。以左拾遺召。白已先卒。年六十餘。文集二十卷。,false
429,18616,中國歷代人名大辭典,"【生卒】：701—761
【介紹】：
唐河東人，祖籍太原祁縣，字摩詰。玄宗開元進士擢第。歷右拾遺、監察御史，又曾為河西節度判官。天寶時，拜吏部郎中、給事中。安祿山陷長安，被俘獲，押解洛陽，迫受偽職，曾賦詩明志。亂平，責授太子中允。肅宗乾元中遷尚書右丞，故世稱王右丞。以詩名盛于開元、天寶間，尤長五言，多詠山水田園，與孟浩然并稱王孟。書畫特臻其妙，后人推其為南宗山水畫之祖。與弟縉俱奉佛，居常蔬食，晚年長齋，不衣文彩。得宋之問藍田別墅，沿輞水，彈琴賦詩，嘯詠終日，所為詩號《輞川集》。妻亡不復娶，三十年孤居一室，屏絕塵累。有《王右丞集》、《畫學秘訣》。",false
430,18616,唐詩大辭典 修訂本,"【生卒】：700—761
    字摩詰。太原祁(今山西祁縣)人。后徙家于蒲州(今山西永濟西)，遂為蒲州人，稱河東王氏。排行十三。官終尚書右丞，稱王右丞。父處廉，官終汾州司馬。維早慧，工詩善文，博學多藝。十五宦游兩京，居嵩山東溪。以才藝知名，博得豪貴青睞。玄宗開元九年(721)中進士。釋褐為太樂丞。秋，因伶人舞黃獅子舞坐罪，貶濟州司倉參軍。開元十四年春秩滿，游宦淇上，遂隱于淇。開元十七年前后回長安閑居，學佛于薦福寺道光禪師。張九齡為相，作《上張令公》詩。二十三年，擢右拾遺。二十五年，張九齡被李林甫排擠謫荊州長史，王維作《寄荊州張丞相》，抒發其黯然思退之情緒。同年秋，奉命出使涼州，以監察御史兼節度使判官。二十八年，遷殿中侍御史，以選補副使赴桂州，知南選。過襄陽，作《哭孟浩然》詩。明年春夏回長安，尋隱終南山。天寶元年(742)，復出為左補闕。天寶三載始營藍田輞川別業。天寶四載暮春，以侍御史出使榆林、新秦二郡。后遷庫部郎中。天寶九載后，丁母憂，十一載服除，拜吏部郎中(后改文部)。在輞川期間實亦官亦隱。十四載，遷給事中。十五載陷賊，安祿山委任給事中。王維服藥取痢，偽疾將遁，被囚洛陽凝碧池，作詩曰：“萬戶傷心生野煙，百官何日再朝天。”以明己心向唐室。肅宗至德二載(757)，王師收復兩京，陷賊官六等定罪，王維以有《凝碧池詩》及弟縉請削己官為兄贖罪，獲免。乾元元年(758)二月，授太子中允，加集賢學士，遷中書舍人，改給事中。上元元年(760)，官尚書右丞。上元二年七月卒，葬藍田輞川別業之西。生平事跡見兩《<a href='https://cnkgraph.com/Book/2195' target='_blank'>唐書</a>》本傳，張清華、陳鐵民兩《王維年譜》。王維奉佛，學頓教。受禪宗思想影響極深，以禪悟詩，獨得任運自然之趣，故人稱“高人”、“詩佛”。清徐增《而庵說唐詩》云：“吾于天才得李太白，于地才得杜子美，于人才得王摩詰。太白以氣韻勝，子美以格律勝，摩詰以理趣勝。太白千秋逸調，子美一代規模，摩詰精大雄氏之學。”《許彥周詩話》認為：王維“自李杜而下，當為第一。”顧起經亦云：“玄、肅以下詩人，其數什百，語盛唐者，唯高、王、岑、孟四家為最。語四家者，唯右丞公為最。”(《題王右丞詩箋小引》)王維與孟浩然并稱“王孟”，乃盛唐山水田園詩派之杰出代表。王維早期懷“致君光帝典”、“動為蒼生謀”之大志，頗欲“忘身辭鳳闕，報國取龍廷”，作《少年行》、《夷門歌》、《老將行》、《燕支行》、《獻始興公》、《上張令公》、《送趙都督赴代州得青字》等詩言志抒懷。早期邊塞詩如《涼州賽神》、《使至塞上》、《送劉司直赴安西》、《送平淡然判官》、《從軍行》、《隴西行》，山水詩如《終南山》、《漢江臨泛》、《華岳》等，皆表現出開闊胸懷與雄渾博大之風格。玄宗后期政事腐敗，王維乃日益信禪篤佛，追求超脫塵世之境界。后期之詩藝雖不斷提高，已臻“詩中有畫”(蘇軾《書摩詰藍田煙雨圖》)，“在泉為珠，著壁成繪”(《<a href='https://cnkgraph.com/Book/8460' target='_blank'>河岳英靈集</a>》)之境界，然內容較狹，思想亦較消極。前人以為“右丞妙于詩，故畫意有余；右丞精于畫，故詩體轉工”(劉士鏻《文至》引晁補之語)。如《皇甫岳云溪雜題》、《輞川集》、《山中》、《山居秋暝》、《渭川田家》等，皆膾炙人口。維雖不以文稱，其“文格華整超逸”(《王右丞集箋注序》)，今存文賦69篇，頗有娟麗可觀者。長于山水畫，為南宗之祖，世傳有《輞川圖》等。《王集》最早版本為宋蜀本與建昌本，校注則有劉須溪《王右丞集》、顧起經《類箋王右丞全集》、趙殿成《<a href='https://cnkgraph.com/Book/1184' target='_blank'>王右丞集箋注</a>》及今人陳鐵民《王維集校注》。《<a href='https://cnkgraph.com/Book/2484' target='_blank'>全唐詩</a>》存詩4卷，《拾遺》補2句。",false
431,18616,唐诗汇评,王维（701—761），字摩诘，太原祁（今山西祁县）人，迁居蒲州（今山西永济）。开元九年（721），登进士第，调太乐丞，因伶人违制舞黄狮子受累，谪济州司仓参军。张九龄执政，擢为右拾遗。二十五年秋，入河西节度使崔希逸幕，为监察御史兼节度判官。天宝初，入为左补阙。十一载，拜吏部郎中，迁给事中。安史叛军陷京，被迫受伪职。复京后论罪，因曾作诗抒写对唐室的忠心，仅降为太子中允。迁左庶子、中书舍人，复拜给事中，转尚书右丞，卒。维多才艺，诗、书、画、乐无不精通。其诗众体兼擅，尤工五律、五绝。与孟浩然同为盛唐山水田园诗派代表诗人。有《王维集》十卷（宋明刊本作《王摩诘文集》、《王右丞集》或《王右泰文集》），今存。《<a href='https://cnkgraph.com/Book/2484' target='_blank'>全唐诗</a>》编诗四卷。,false
432,18616,《河岳英灵集》,维诗词秀调雅，意新理惬，在泉为珠，着壁成绘，一句一字，皆出常境。,true
433,18616,司空图《与李生论诗书》,王右丞、韦苏州澄澹精致，格在其中，岂妨于遒举哉！,true
434,18616,《东坡题跋·书摩诘蓝田烟雨图》,味摩诘之诗，诗中有画；观摩诘之画，画中有诗。,true
435,18616,《后山诗话》,右丞、苏州皆学于陶，王得其自在。,true
436,18616,《臞翁诗评》,王右丞如秋水芙蕖，倚风自笑。,true
437,18616,《岁寒堂诗话》,世以王摩诘律诗配子美，古诗配太白，盖摩诘古诗能道人心中事而不露筋骨，律诗至佳丽而老成。……虽才气不若李、杜之雄杰，而意味工夫，是其匹亚也。摩诘心淡泊，本学佛而善画，出则陪岐、薛诸王及贵主游，归则餍饫辋川山水，故其诗于富贵山林，两得其趣。,true
438,18616,《岁寒堂诗话》,韦苏州诗，韵高而气清。王右丞诗，格老而味长。虽皆五言之宗匠，然互有得失，不无优劣。以标韵观之，右丞远不逮苏州，至于词不迫切，而味甚长，虽苏州亦所不及。,true
439,18616,《蔡百衲诗评》,王摩诘诗，浑厚一段，覆盖古今。但如久隐山林之人，徒成旷淡。,true
440,18616,《唐诗品》,右丞诗发秀自天，感言成韵，词华新朗，意象幽闲。上登清庙，则情近珪璋；幽彻丘林，则理同泉石。言其风骨，固尽扫微波；采其流调，亦高跨来代。于《三百篇》求之，盖《小雅》之流也。而颂声之微，夫亦风气所临，不能洗濯而高视也。,true
441,18616,《震泽长语》,摩诘以淳古澹泊之音，写山林闲适之趣，如辋川诸诗，真一片水墨不着色画。及其铺张国家之盛，如“九天阊阖开宫殿，万国衣冠拜冕旒”、“云里帝城双凤阚，雨中春树万人家”，又何其伟丽也！,true
442,18616,《诗薮》,右丞五言，工丽闲澹，自有二派，殊不相蒙。“建礼高秋夜”、“楚塞二江接”、“风劲角弓鸣”、“扬子谈经处”等篇，绮丽精工，沈、宋合调者也。“寒山转苍翠”、“一从归白社”、“寂寞掩柴扉”、“晚年惟好静”等篇，幽闲古澹，储、孟同声者也。,true
443,18616,《诗薮》,盛唐七言律称王、李。王才甚藻秀，而篇法多重。“绛帻鸡人”，不免服色之讥；“春树万家”，亦多花木之累。“汉主离宫”、“洞门高阁”，和平闲丽，而斤两微劣。“居延城外”甚有古意，与“卢家少妇”同，而音节太促，语句伤直，非沈比也。,true
444,18616,《诗薮》,太白五言绝自是天仙口语，右丞却入禅宗。如“人闲桂花落，夜静深山空。月出惊山鸟，时鸣春涧中。”“木末芙蓉花，山中发红萼。涧户寂无人，纷纷开且落。”读之身世两忘，万念皆寂，不谓声律之中，有此妙诠。,true
445,18616,《唐音癸签》,仲默云：右丞他诗甚长，独古作不逮。读其集，大篇句语俊拔，殊乏完章；小言结构清新，所少风骨。,true
446,18616,《诗镜总论》,摩诘写色清微，已望陶、谢之藩矣，第律诗有馀，古诗不足耳。离象得神，披情著性，后之作者谁能之？世之言诗者，好大好高，好奇好异，此此俗之魔见，非诗道之正传也。体物著情，寄怀感兴，诗之为用，如此已矣。,true
447,18616,《诗源辨体》,王摩诘、孟浩然才力不逮高、岑，而造诣实深，兴趣实远，故其古诗虽不足，律诗体多浑圆，语多活泼，而气象风格自在，多入于圣矣。,true
448,18616,《诗源辨体》,摩诘才力虽不逮高、岑，而五七言律风体不一。五言律有一种整栗雄丽者，有一种一气浑成者，有一种澄谈精致者，有一种闲远自在者。如“天官动将星”、“单车普出塞”、“横吹杂繁笳”、“不识阳关路”等篇，皆整栗雄厚者也。如“风劲角弓鸣”、“绝域阳关道”、“建礼高秋夜”、“怜君不得意”等篇，皆一气浑成者也。如“独坐悲双鬓”、“寂寞掩柴扉”、“松菊荒三径”、“言从石菌阁”、“岩壑转微径”等篇，皆澄淡精致者也。如“清川带长薄”、“寒山积苍翠”、“晚年惟好静”、“主人能爱客”、“重门朝已启”等篇，皆闲远自在者也。至如“楚塞三湘接”既甚雄浑，“新妆可怜色”则又娇嫩。若高、岑才力虽大，终不免一律耳。,true
449,18616,《诗源辨体》,摩诘七言律亦有三种：有一种宏赡雄丽者，有一种华藻秀雅者，有一种淘洗澄净者。如“欲笑周文”、“居延城外”、“绛帻鸡人”等篇，皆宏赡雄丽者也。如“渭水自萦”、“汉主离宫”、“明到衡山”等篇，皆华藻秀雅者也。如“帝子远辞”、“洞门高阁”、“积雨空林”等篇，皆淘洗澄净者也。是亦高、岑之所不及也。,true
450,18616,《诗源辨体》,摩诘五言绝，意趣幽玄，妙在文字之外。摩诘《与裴迪书》略云：“夜登华子冈，辋水沦涟，与月上下；寒山远火，明灭林外；深巷寒犬，吠声如豹；村墟夜春，复与疏钟相间。此时独坐，僮仆静默，每思曩昔携手赋诗，倘能从我游乎？”摩诘胸中滓秽净尽，而境与趣合，故其诗妙至此耳。,true
451,18616,《载酒园诗话又编》,唐无李、杜，摩诘便应首推，昔人谓“如秋水芙蕖，倚风自笑”，殊未尽厥美，庶几“咳唾落九天，隨风生殊玉”耳。三人相较，正犹留侯无收城转饱之功，襟袖带烟霞之气、自非平阳、曲逆可伍。,true
452,18616,《唐音审体》,少陵绝句多不甚着意，太白七言独步，五言其稍次也。味淡声希，言近指远，乍观不觉其奇，按之非复人间笔墨，唯有丞也。昔人谓读之可以启道心、淀尘虑。,true
453,18616,《唐诗观澜集》,右丞五排，秀色外腴，颡气内充，由其天才敏妙，尽得风流，气骨遂为所掩。一变而入郎、秀丽胜而沉厚之气亦减，此风气之一关也。,true
454,18616,《唐诗观澜集》,右丞诗荣光外映，秀色内含，端凝而不露骨，超逸而不使气，神味绵渺，为诗之极则，故当时号为“诗圣”。,true
455,18616,《唐诗别裁》,意太深、气太浑、色太浓，诗家一病，故曰“穆如清风”。右丞诗每从不着力处得之。,true
456,18616,《唐诗别裁》,右丞五言律有二种：一种以清远胜，如“行到水穷处，坐看云起时”是也；一种以雄浑胜，如“天官动将星，汉地柳条青”是也。当分別观之。,true
457,18616,《昭昧詹言》,辋川干诗，亦称一祖。然比之杜公，真如维摩之于如来，确然别为一派。寻其所至，只是以兴象超远，浑然元气，为后人所莫及；高华精警，极声色之宗，而不落人间声色，所以可贵。然愚乃不喜之，以其无血气无性情也。譬如绛阙仙宫，非不尊贵，而于世无益；又如画工，图写逼肖，终非实物，何以用之？称诗而无当于兴、观、群、怨，失《风》、《骚》之旨，远圣人之教，亦何取乎？政如同马相如之文，使世间无此，殊无所但以资于馆阁词人，酝酿句法，以为应制之用，诚为好手耳。,true
458,18616,《昭昧詹言》,辋川叙题细密不漏，又能设色取景，虚实布置，一一如画，如今科举作墨卷相似，诚万选之技也。,true
459,18616,《岘傭说诗》,摩诘五言古，雅淡之中，别饶华气，故其人清贵；盖山泽间仪态，非山泽间性情也。,true
460,18616,《岘傭说诗》,摩诘七古，格整而气敛，虽纵横变化不及李、杜，然使事典雅，属对工稳，极可为后人学步。,true
461,18616,《岘傭说诗》,摩诘七律，有高华一体，有清远一体，皆可效法。,true
462,18616,《三唐诗品》,其源出于应德琏、陶渊明。五言短篇尤劲，《寓言二首》直是脱胎《百一》。“楚国狂夫”诸咏，则《咏贫士》之流；“田舍”诸篇，《闲屈》之亚也。七言矩式初唐，独深排宕；律诗神超，发端亦远。夫其炼虚入秀，琢淡成腴，变六代之深浑，发三唐之明艳，而古芳不落，夕秀方新，司空表圣云：“如将不尽，与古为新”，诚斯人之品目，唐贤之高轨也。,true
463,18616,《唐宋诗举要》,赵铁岩曰：右丞通于禅理，故语无背触，甜澈中边。空外之音也，水中之影也，香之于沉实也，果之于木瓜也，酒之于建康也，使人索之于离即之间，骤欲去之而不可得，盖空诸所有而独契其宗。,true
464,18616,《唐宋诗举要》,姚曰：盛唐人诗固无体不妙，而尤以五言律为最。此体中又当以王、孟为最，以禅家妙悟论诗者正在此耳。吴曰：王、孟诗专以自然兴象为佳，而有真气贯注其间，斯其所以为大家也。,true
465,18616,《唐宋诗举要》,姚曰：右丞七律能备三十二相似，而意兴超远，有虽对荣观燕处超然之意，宜独冠盛唐。,true
466,18616,词学图录,王维（701-761） 字摩诘，太原祁人，后其父迁家于蒲（今永济），遂为河东人。天宝末，为给事中。四十岁隐居蓝田辋川，妻亡，无子，笃信佛，不衣文彩，不茹荤腥。精诗词，善书画，通音律。有《阳关曲》等词。,false
467,18616,黄鹤楼志,王维（701—761） 唐代诗人、画家。字摩诘。先世为太原祁（今山西祁县）人，其父迁居于蒲州（今山西永济西），遂为河东人。玄宗开元九年（721）状元，官至尚书右丞，世称“王右丞”。工诗善画，兼通音乐，因其诗中颇具禅意，多含佛理，后人或以“诗佛”誉之，与“诗仙”李白、“诗圣”杜甫并称。有《王右丞集》。开元二十八年，曾漫游四川、湖北等地，登黄鹤楼时作五古《黄鹤楼送康太守》。被北宋苏轼赞为“诗中有画”、“画中有诗”。,false
468,18616,全唐文,維字摩詰。太原祁人。徙河東。開元九年進士。歷右拾遺。三遷吏部郎中。天寶末為給事中。祿山陷兩都。為賊所得。偽病瘖。拘於普救寺。迫以偽署。賊平。陷賊官三等定罪。維以所為凝碧池詩聞於上。肅宗嘉之。會弟縉請削己官以贖兄罪。乃責授太子中允。乾元元年轉尚書右丞。二年卒。,false
469,17270,中國歷代人名大辭典,"【生卒】：712—770
【介紹】：
唐河南鞏縣人，祖籍襄陽，字子美，自稱杜陵布衣，又稱少陵野老。杜審言孫。初舉進士不第，遂事漫游。后居困長安近十年，以獻《三大禮賦》，待制集賢院。安祿山亂起，甫走鳳翔上謁肅宗，拜左拾遺。從還京師，尋出為華州司功參軍。棄官客秦州、同谷，移家成都，營草堂于浣花溪，世稱浣花草堂。后依節度使嚴武，武表為檢校工部員外郎，故世稱“杜工部”。代宗大歷中，攜家出蜀，客居耒陽，一夕病卒于湘江舟中。甫工詩歌，與李白齊名，并稱李杜。后人又稱其為詩圣，稱其詩為“詩史”。名篇甚多，為世傳誦。有《<a href='https://cnkgraph.com/Book/5819' target='_blank'>杜工部集</a>》。",false
470,17270,唐詩大辭典 修訂本,"【生卒】：712—770
    字子美，排行二，河南鞏縣(今河南鞏義)人。其十三世祖杜預，乃京兆杜陵(今陝西長安縣東北)人，故杜甫自稱“杜陵布衣”，即指其郡望。十世祖杜遜，東晉時南遷襄陽(今湖北襄樊)，故或稱襄陽杜甫，乃指其祖籍。而杜甫一度曾居長安城南少陵附近，故又嘗自稱“少陵野老”，世稱“杜少陵”。其祖父審言，武后時官膳部員外郎，于初唐五言律詩之形成曾起積極作用。杜甫出生于“奉儒守官”之家，其一生正值唐朝由盛而衰之轉變時期，安史之亂乃此轉變之關鍵，杜甫一生經歷與創作，與其時代之興衰密切相聯。青年時代正值玄宗開元全盛時期，經過前后三次、歷時十年之漫游生活。開元二十三年(735)，舉進士，不第。天寶六載(747)，玄宗“詔天下，有一藝，詣轂下”。杜甫應是屆制舉，又落第。十載，獻《三大禮賦》，玄宗奇之，命待制集賢院。十四載十月，始授河西尉，不受，旋改右衛率府兵曹參軍。十一月安史亂發，次年六月，玄宗奔蜀，長安陷落。杜甫亦陷其中。七月，太子李亨即位靈武，改元至德。肅宗至德二載(757)四月，杜甫奔赴行在鳳翔，授左拾遺，故世稱杜拾遺。乾元元年(758)六月，貶華州司功參軍。次年七月棄官，由華州往秦州(今甘肅天水)、同谷(今甘肅成縣)，年底達成都，于西郊建草堂，生活相對安定。代宗寶應元年(762)因避亂又漂泊梓州(今四川三臺)、閬州(今四川閬中)。廣德二年(764)重返成都，劍南節度使嚴武聘杜甫為節度使署中參謀，又薦為檢校工部員外郎。故又稱杜工部。永泰元年(765)夏春之交，離成都，至夔州(今重慶奉節)，在夔州近2年，作詩430多首。大歷三年(768)正月，出峽，抵湖北江陵，又轉公安、岳陽。輾轉漂泊于江湘之間。大歷五年冬，詩人病死于由長沙至岳陽之小舟中。生平詳見元稹撰《杜工部墓系銘》，新、舊《<a href='https://cnkgraph.com/Book/2195' target='_blank'>唐書</a>》本傳。年譜多家，其中以蔡興宗、魯訔、蔡夢弼、單復所編年譜及黃鶴所撰《年譜辨疑》影響較大。近人聞一多《少陵先生年譜會箋》考訂頗詳，可參考。杜甫現存詩歌1440余首。宋人王洙所編《<a href='https://cnkgraph.com/Book/5819' target='_blank'>杜工部集</a>》20卷，為今存之最早版本。其詩歌乃圍繞詩人所處時代環境與自身遭際而創作。其“渾涵汪茫，千匯萬狀”之詩歌內容，反映當時社會面貌全面深刻，故后人譽之為“詩史”。在詩歌藝術方面，杜甫承繼前賢，勤于探索，刻意求工，無體不精，形成其“沉郁頓挫”，“律切精深”之藝術風格。元稹稱杜詩：“上薄風雅，下該沈宋，言奪蘇李，氣吞曹劉，掩顏謝之孤高，雜徐庾之流麗，盡得古今之體勢，而兼人人之所獨專”，“詩人以來未有如子美者。”(《杜工部墓系銘》)故杜甫之于唐詩，具有集前代之大成，開后世之先路之作用，影響至大。對杜詩之整理編纂、系年、分類、評點、注釋、研究，歷代學者用力至勤。迄清以前之專門著述，今存者尚有200種左右。版刻流傳最廣泛者，有錢謙益《杜詩箋注》，仇兆鰲《<a href='https://cnkgraph.com/Book/304' target='_blank'>杜詩詳注</a>》、楊倫《杜詩鏡銓》等。僅辛亥后近人之有關專著，亦達200余種之多。《<a href='https://cnkgraph.com/Book/2484' target='_blank'>全唐詩</a>》編為19卷，《全唐詩外編》及《全唐詩續拾》補詩2首，斷句4。",false
471,17270,唐诗汇评,杜甫（712—770），字子美，自称杜陵布衣、少陵野老。原籍襄阳（今湖北襄樊），自曾祖居巩（今河南巩县）。早年漫游吴越。举进士落第，复游齐赵。天宝三载结识李白，同游梁宋、齐鲁。五载，入长安，应试落第，遂居留长安，进《三大礼赋》，又投诗干谒权贵，十五载，始得授右卫率府胄曹参军。安史叛军陷两京，被俘困长安。至德二载夏，间道奔肃宗行在凤翔，授左拾遗，上疏救房琯。乾元元年，出为华州司功参军。二年弃官经秦州、同谷入蜀，至成都，营草堂寓居。宝应元年蜀乱，流亡梓、阆诸州。广德二年回成都。时严武为剑南西川节度，荐甫为节度参谋、检校工部员外郎。武卒，蜀中乱，离成都经云安至夔州。大历三年正月出峡，经江陕、公安漂泊至湖南，转徙于岳、潭、衡诸州间。五年冬，病卒。在我国古代诗史上，杜甫是“集大成”者，被誉为“诗圣”，其诗被誉为“诗史”，与李白并称“李杜”，对后世影响十分深远。有《杜甫集》六十卷，已佚。大历中，樊晃集其诗编为《小集》六卷，亦佚。北宋王洙重编《<a href='https://cnkgraph.com/Book/5819' target='_blank'>杜工部集</a>》二十卷、补遗一卷行世，为后世各种杜集祖本。《<a href='https://cnkgraph.com/Book/2484' target='_blank'>全唐诗</a>》编诗十九卷。,false
472,17270,元稹《唐故检校工部员外郎杜君墓系铭并序》,唐兴，官学大振，历世之文，能者互出。而又沈、宋之流，研练精切，稳顺声势，谓之为律诗。由是而后，文体之变极焉。然而莫不好古者遗近，务华者去实，效齐梁则不逮于魏晋。工乐府则力屈于五言，律切则骨格不存，闲暇则纤秾莫备。至于子美，盖所谓上薄风骚，下该沈宋，言夺苏李，气吞曹刘，掩颜谢之孤高，杂徐庾之流丽，尽得古今之体势，而兼人人之所独专矣。使仲尼考锻其旨要，尚不知贵，其多乎哉！苟以为能所不能，无可无不可，则诗人以来，未有如子美者。时山东人李白，亦以奇文取称，时人谓之“李杜”。余观其壮浪纵恣，摆去拘束，模写物象，及乐府歌诗，诚亦差肩于子美矣；至若辅陈终始，排比声韵，大或千言，次犹数百，辞气豪迈，而风调清深，属对律切，而脱弃凡近，则李尚不能历其藩翰，况堂奥乎！,true
473,17270,《本事诗》,杜逢禄山之难。流离陇蜀，毕陈于诗，推见至隐，殆无遗事，故当时号为“诗史”。,true
474,17270,《新唐书·杜甫传赞》,唐兴，诗人承陈隋风流，浮靡相矜。至宋之问、沈佺期等，研揣声音，浮切不差，而号律诗，竞相沿袭。逮开元间，稍裁以雅正。然恃华者质反，好丽者壮违；人得一概，皆自名所长。至甫，浑涵汪茫，千汇万状，兼古今而有之。他人不足，甫乃厌徐，残膏剩馥，沾丐后人多矣。故元稹谓“诗人以来，未有如子美者”。甫又善陈时事，律切精深，至千言不少衰、世号“诗史”。昌黎韩愈于文章慎许可，至歌诗独推曰：“李杜文章在，光芒万丈长。”诚可信云。,true
475,17270,孙仅《读杜工部诗集序》,公之诗，支而为六家：孟郊得其气焰，张籍得其简丽，姚合得其清雅，贾岛得其奇僻，杜牧、薛能得其豪键，陆龟蒙得其瞻博，皆出公之奇偏尔，尚轩轩然自号一家，爀世煊俗。后人师拟之不暇，矧合之乎？风骚而下，唐而上，一人而已。是知唐之言诗，公之馀波及尔。,true
476,17270,苏轼《王定国诗集叙》,古今诗人众矣，而杜子美为首，岂非以其流落饥寒，终身不用，而一饭未尝忘君也欤？,true
477,17270,黄庭坚《大雅堂记》,子美诗妙处乃在无意于文。夫无意而意已至，非广之以《国风》《雅》《颂》，深之以《离骚》《九歌》，安能咀嚼其意味，闯然入其门耶？故使后生辈自求之，则得之深矣。,true
478,17270,秦观《韩愈论》,杜子美之于诗，实积众家之长，适其时而已。昔苏武、李陵之诗，长于高妙；曹植、刘公干之诗，长于豪逸；陶潜、阮籍之诗，长于冲淡；谢灵运、鲍照之诗，长于峻洁；徐陵、庾信之诗，长于藻丽，于是杜子美者，穷高妙之格，极豪逸之气，包冲淡之趣，兼峻洁之姿，备藻丽之态，而诸家之作所不及焉。然不集诸家之长，杜氏亦不能独至于斯也，岂非适当其时故耶？……孔子，圣之时者也，孔子之谓“集大成”。呜呼，杜氏，韩氏亦集诗文之大成者与！,true
479,17270,《后山诗话》,诗欲其好，则不能好矣。王介甫以工，苏子瞻以新，黄鲁直以奇，而子美之诗，奇常、工易、新陈莫不好也。,true
480,17270,《潜溪诗眼》,老杜诗，凡一篇皆工拙相半，古人文章类如此。皆拙固无取，使其皆工，则峭急而无古气，如李贺之流是也。然后世学者。当先学其工者，楕神气骨皆在于此。,true
481,17270,《岁寒堂诗话》,王介甫只知巧语之为诗，而不知拙语亦诗也；山谷只知奇语之为诗，而不知常语亦诗也。欧阳公诗专以快意为主，苏端明诗专以刻意为工，李义山诗只知有金玉龙凤，杜牧之诗只知有绮罗脂粉，李长吉诗只知有花草蜂蝶，而不知世间一切皆诗也。惟杜子美则不然：在山林则山林，在廊庙则廊庙，遇巧则巧，遇拙则拙，遇奇则奇，遇俗则俗，或放或收，或新或旧，一切物、一切事、一切意，无非诗者，故曰“吟多意有馀”，又曰“诗尽人间兴”，诚哉是言”！,true
482,17270,《岁寒堂诗话》,子美诗奄有古今。学者能识国风、骚人之旨，然后知子美用意处；识汉魏诗，然后知子美遣词处。,true
483,17270,《遯斋闲览》,或问王荆公云：编四家诗，以杜甫为第一，李白为第四，岂白之才格词致不逮甫也？公曰：白之歌诗，豪放飘逸，人固莫及，然其格止于此而已，不知变也。至于甫，则悲欢穷泰，发敛抑扬，疾徐纵横，无施不可。故其诗有平淡简易者，有绵丽精确者，有严重威武若三军之帅者，有奋迅驰骤若泛驾之马者，有淡泊闲静若山谷隐士者，有风流蕴藉若贵介公子者。盖其诗绪密而思深，观者苟不能臻其阃奥，未易识其妙处，夫岂浅近者所能窥哉！此甫所以光掩前人而后来无继也。,true
484,17270,《苕溪渔隐丛话》,山谷云，老杜作诗，退之作文，无一字无来处，盖后人读书少，故谓韩、杜自作此语耳。,true
485,17270,《沧浪诗话》,少陵诗宪章汉魏，而取材于六朝。至其自得之妙，则前辈所谓集大成者也。,true
486,17270,《沧浪诗话》,李、杜二公，正不当优劣。太白有一二妙处，子美不能道；子美有一二妙处，太白不能作，子美不能为太白之飘逸，太白不能为子美之沉郁。,true
487,17270,《瀛奎律髓》,大抵老杜集，成都时诗胜似关辅时，夔州时诗胜似成都时，而湖南时诗又胜似夔州时，一节高一节，愈老愈剥落也。,true
488,17270,杨维桢《李仲虞诗序》,观杜者不唯见其律，而有见其骚者焉；不唯见其骚，而有见其雅者焉；不唯见其骚与雅也，而有见其史者焉。此杜诗之全也。,true
489,17270,《唐诗品汇》,蜀郡虞集云：杜公之诗，冲远浑厚，上薄风雅，下凌沈、宋、每篇之中有句法章法，截乎不可紊；至于以正为变，以变为正，妙用无方，如行云流水，切无定质，出于精微，夺乎天造，是大难以形器求矣。公之忠愤激切、爱君忧国之心，一系于诗，故常因是而为之说曰：《三百篇》，经也；杜诗，史也。“诗史”之名，指事实耳，不与经对言也；然风雅绝响之后，唯杜公得之，则史而能经也，学工部则无往而不在也。,true
490,17270,《丹铅总录》,杜子美诗诸体皆有绝妙者，独绝句本无所解。,true
491,17270,《艺圃撷馀》,少陵故多变态，其诗有深句，有雄句，有老句，有秀句，有丽句，有险句，有累句。后世别为“大家”，特高于盛唐者，以其有深句，雄句、老句也；而终不失为盛唐者，以其有秀句、丽句也。轻浅子弟往往有薄之者，则以其有险句、拙句、累句也。不知其愈险愈老，正是此老独得处，故不足难之；独拙、累之句，我不能掩瑕。虽然，更千百世无能胜之者何？要曰：无露句耳。,true
492,17270,《诗薮》,盛唐一味秀丽雄浑。杜则精粗、巨细、巧拙、新陈、险易、浅深、浓淡、肥瘦靡不毕具，参其格调，实与盛唐大别，其能会萃前人在此，滥觞后世亦在此。且言理近经，叙事兼史，尤诗家绝睹。,true
493,17270,《诗薮》,太白笔力变化，极于歌行；少陵笔力变化，极于近体。李变化在调与词，杜变化在意与格。然歌行无常矱，易于错综；近体有定规，难于仲缩。调词超逸，骤如骇耳，索之易穷；意格精深，始若无奇，绎之难尽，此其稍不同者也。,true
494,17270,《诗薮》,大概杜有三难：极盛难继，首创难工，遘衰难挽。子建以至太白，诗家能事都尽，杜后起，集其大成，一也；排律近体，前人未备，伐山道源，为百世师，二也；开元既往，大历继兴，砥柱其间，唐以复振，三也。,true
495,17270,《唐诗镜》,杜子美之胜人者有二：思人所不能思，道人所不敢道，以意胜也；数百言不觉其繁，三数语不觉其简，所谓“御众如御寡”、“擒贼必擒王”，以力胜也。五七古诗，雄视一世，奇正雅俗，称题而出，各尽所长，是谓武库。五七律诗，他人每以情景相和而成，本色不足者往往景饶情乏，子美直摅本怀，借景入情，点熔成相，最为老手，然多径意一往，潦倒太甚，色泽未工，大都雄于古者每不屑屑于律故。故用材实难，古人小物必勤，良有以也。,true
496,17270,李维桢《雷起部诗选序》,昔人云诗至子美集大成，不为四言，不用乐府旧题。虽唐调时露，而能得风雅遗意。七言歌行扩汉魏而大之。沉郁瑰琦，巨丽超逸。五言律体裁明密，规模宏远，比耦精严，音节调畅；七言律称是。至于长律，阖辟驰骤，变化错综，未可端倪，冠绝占今矣。,true
497,17270,《唐音癸签》,少陵七律与诸家异者有五：篇制多，一也；一题数首不尽，二也；好作拗体，三也；诗料无所不入，四也；好自标榜，即以诗入诗，五也。此皆诸家所无，其他作法之变，更难尽数。,true
498,17270,《诗源辨体》,或问：子美五七言律较盛唐诸公何如？曰：盛唐诸公唯在兴趣，故体多浑圆，语多活泼；若子美则以意为主，以独造为宗，故体多严整，语多沉着耳。此各自为胜，未可以优劣论也。,true
499,17270,《池北偶谈》,宋明以来，诗人学杜子美者多矣。予谓退之得杜神，子瞻得杜气，鲁直得杜意，献吉得杜体，郑继之得杜骨。它如李义山、陈无己，陆务观、袁海叟辈、又其次也；陈简斋最下。,true
500,17270,《杜诗详注凡例》,自元微之作序铭，盛称其所作，谓“自诗人以来，未有如子美者”。故王介甫选四家诗，独以杜居第一。秦少游则推为孔子大成，郑尚明则推为周公制作，黄鲁直则推为诗中之史，罗景纶则推为诗中之经，杨诚斋则推为诗中之圣，王元美则推为诗中之神，诸家无不崇奉师法。宋惟杨大年不服杜，诋为村夫子，亦其所见者浅。至嘉隆间，突有王慎中、郑继之、郭子章诸人，严驳杜诗，几令身无完肤，真少陵蟊贼也。杨用修则抑扬参半，亦非深知少陵者。,true
501,17270,《絸斋诗谈》,诗有以涩为妙者，少陵诗中有此味，宜进此一解。涩对滑看，如碾玉为山，终不如天然英石之妙，,true
502,17270,《絸斋诗谈》,五言排律，当以少陵为法，有层次，有转接，有渡脉，有闪落收缴，又妙在一气。,true
503,17270,《絸斋诗谈》,古之人，如杜子美之雄浑博大，其在山林与朝廷无以异，其在乐士与兵戈险厄无以异，所不同者山川风土之变，而不改者忠厚直谅之志。志定，则气浩然，则骨挺然，孟子所谓“至大至刚塞乎天地”者，实有其物，向光怪熊熊，自然溢发。少陵独步千古，岂骚人香草，高士清操而已哉！,true
504,17270,《唐诗别裁》,少陵五言长篇，意本连属，而学问博，力量大，转接无痕，莫测端倪，转似不连属者，千古以来，让渠独步。,true
505,17270,《唐诗别裁》,少陵七言古如建章之宫，千门万户；如巨鹿之战，诸候皆从壁上观，膝行而前，不敢仰视；如大海之水，长风鼓浪，扬泥沙而舞怪物，灵蠢毕集。别于盛唐诸家，独称大家。,true
506,17270,《唐诗别裁》,杜诗近体，气局阔大，使事典切，而人所不可及处，尤在错综任意，寓变化于严整之中，斯足以凌轹千古。,true
507,17270,《杜诗镜铨》,五古前人多以质厚清远胜，少陵出而沉郁顿挫，每多大篇，遂为诗道中另辟一门径。无一蹈袭汉魏，正深得其神理。,true
508,17270,《杜诗镜铨》,少陵绝句，直抒胸臆，自是大家气度，然以为正声则未也。宋人不善学之，往往流于粗率。,true
509,17270,《瓯北诗话》,少陵之真本领……仍在少陵诗中“语不惊人死不休”一句。盖其思力沉厚，他人不过说到七八分者，少陵必说到十分，甚至有十二三分者。其笔力之豪劲，又足以副其才思之所至，故深人无浅语。,true
510,17270,《读雪山房唐诗序例》,杜工部五言诗，尽有古今文字之体。前后《出塞》、“三别”、“三吏”，固为诗中绝调，汉魏乐府之遗音矣。他若《上韦左丞》，书体也；《留花门》，论体也；《北征》，赋体也；《送从弟亚》，序体也；《铁堂》、《青阳峡》以下诸诗，记体也；《遭田父泥饮》，颂体也；《义鹘》、《病柏》，说体也；《织成褥段》，箴体也；《八哀》，碑状体也；《送王砯》，纪传体也，可谓牢笼众有，挥斥百家。,true
511,17270,《岘傭说诗》,少陵七律，无才不有，无法不备。义山学之，得其浓厚；东坡学之，得其流转；山谷学之，得其奥峭；遗山学之，得其苍郁；明七子学之，佳者得其高亮雄奇，劣者得其空廓。,true
512,17270,《三唐诗品》,情芳意古，蕴藉宏深，本《小雅》怨诽之音，撰建安疏宕之骨，简蓄不逮古人，沉厉过之。七言骨重气苍，意研律细，诸家评论，以此赅焉。,true
513,17270,《唐宋诗举要》,五言长律，作者颇夥，然不能以颢气驱迈，健笔抟捖，则与四韵无大异，不过衍为长篇而已。杜老五言长律，开阖跌荡，纵横变化，远非他家所及。至……七言长律，最为难工，作者亦少，虽老杜为之，亦不能如五言之神化，他家无论也。,true
514,17270,全唐文,甫字子美。襄陽人。徙河南鞏縣。天寶初應進士不第。十三載獻三大禮賦。帝奇之。使待制集賢院。命宰相試文章。擢河西尉。不拜。改右衞率府冑曹參軍。祿山陷京師。赴河西。謁肅宗於彭原郡。拜右拾遺。上元二年。嚴武鎮成都。奏為節度參謀檢校尚書工部員外郎。永泰二年卒。年五十九。,false
515,14895,中國歷代人名大辭典,"【生卒】：?—754
【介紹】：
唐汴州人。玄宗開元進士。天寶時歷太僕寺丞、司勛員外郎。曾漫游各地，足跡甚廣。工詩。早期詩流于浮艷，后歷邊塞，詩風變為雄渾。所作《黃鶴樓》詩，李白激賞之。有集。",false
516,14895,唐詩大辭典 修訂本,"【生卒】：704?—754
    汴州(今河南開封)人，開元十一年(723)進士及第。《<a href='https://cnkgraph.com/Book/2425' target='_blank'>舊唐書·文苑傳</a>》云“開元、天寶間，文士知名者，汴州崔顥，京兆王昌齡、高適，襄陽孟浩然。”詩名頗大。其《黃鶴樓》詩，嚴羽譽為唐人七言律詩第一，傳說曾使李白折服。《<a href='https://cnkgraph.com/Book/2425' target='_blank'>舊唐書</a>》本傳稱其“有俊才，無士行，好蒱搏、飲酒。及游京師，娶妻擇有貌者，稍不愜意，即去之，前后數四”。《<a href='https://cnkgraph.com/Book/2326' target='_blank'>新唐書</a>》本傳記其與李邕相見之事：“初，李邕聞其名，虛舍邀之，顥至獻詩，首章曰：‘十五嫁王昌。’邕叱曰：‘小兒無禮！’不與接而去。”可見其性格放浪不羈。曾為太僕寺丞，天寶中為司勛員外郎，天寶十三載(754)卒。生平見新、舊《<a href='https://cnkgraph.com/Book/2195' target='_blank'>唐書</a>》本傳、《<a href='https://cnkgraph.com/Book/2071' target='_blank'>唐才子傳</a>》卷一。今人傅璇琮有《崔顥考》，譚優學有《崔顥年表》。顥漫游四方，生活經歷頗豐富，詩風亦有所變化。《<a href='https://cnkgraph.com/Book/2071' target='_blank'>唐才子傳</a>》云“少年為詩，意浮艷，多陷輕薄；晚節忽變常體，風骨凜然。一窺塞垣，狀極戎旅，奇造往往并驅江、鮑”。其邊塞詩慷慨豪邁，《長干行》等小詩，淳樸生動，頗近民歌。今人萬競君有《崔顥詩注》。《<a href='https://cnkgraph.com/Book/2484' target='_blank'>全唐詩</a>》存詩1卷。《全唐詩續拾》補5首(其中一首互見)。",false
517,14895,唐诗汇评,崔颢（704？—754），汴州（今河南开封）人。开元十一年（723）登进士第。曾南游吴越、武昌等地。开元后期入河东军幕。天宝初，为太僕寺丞。终司勋员外郎。颢长于诗，开元、天宝间与王昌龄、孟浩然同以位不显而文知名。有《崔颢诗》一卷。《<a href='https://cnkgraph.com/Book/2484' target='_blank'>全唐诗</a>》编诗一卷。今人万竞君有《崔颢诗注》。,false
518,14895,《河岳英灵集》,颢年少为诗，名陷轻薄，晚节忽变常体，风骨凛然。一窥塞垣，说尽戎旅。至如“杀人辽水上，走马渔阳归。锴落金锁甲，蒙茸貂鼠衣”，又“春风吹浅草，猎骑何翩翩。插羽两相顾，鸣弓上新弦”，可与鲍昭并驱也。,true
519,14895,《批点唐音》,崔诗在闺情较胜。,true
520,14895,《批点唐音》,崔汴州自善从军诗，亦学鲍体。,true
521,14895,《唐诗品》,颢诗气格奇俊，声调倩美，其说塞垣景象，可与明远抗庭。然性本靡薄，慕尚闺帏，集中此类殊复不少，竟以《少妇》之作取弃，高贤疏亮之士，直取为心流之戒可尔。李白极推《黄鹤楼》之作，然颢多大篇，实旷世高手，《黄鹤》虽佳，未足上列。,true
522,14895,《诗薮》,崔颢《邯郸宫人怨》叙事几四百言，李、杜外，盛唐歌行无赡于此，而情致委婉，真切如见。后来《连昌》、《长恨》，皆此兆端。,true
523,14895,《诗源辨体》,崔颢五言古，平韵者间杂律体，仄韵者亦多忌“鹤膝”；七言古语多靡丽，而调有不纯，当在摩洁之下。,true
524,14895,《诗源辨体》,崔颢七言律虽皆匠心，然体制、声调靡不合于天成，所谓“从心所欲不逾矩”是也。,true
525,14895,《唐诗韵汇》,唐诗七律，……崔司勋、李青莲间出古意，品外独绝。,true
526,14895,《围炉诗话》,（颢）五律精能，七律尤胜。,true
527,14895,《诗学渊源》,（颢）善为乐府歌行，辞旨俊逸，不减明远。《黄鹤楼》诗尤脍炙人口，为唐人拗律半格之始，实则晋宋七言歌行之变体也。,true
528,14895,黄鹤楼志,崔颢（约704？—754） 唐代诗人。汴州（今河南开封）人。开元十一年（723）进士，初任太仆寺丞，官终司勋员外郎，故称“崔司勋”。性格浪漫，虽有才气，但仕途坎坷。曾在东北边地从军。归来后宦游武昌时作七律《黄鹤楼》一首，因情调优美，被后人推为唐诗题咏黄鹤楼第一名篇，亦被誉为“唐人七律第一”。从唐代芮挺章《<a href='https://cnkgraph.com/Book/8461' target='_blank'>国秀集</a>》以来的一千二百馀年间，凡唐诗总集或选本几乎没有不收录这首千古佳作的。亦因此诗，黄鹤楼有了“崔氏楼”的别称，武汉也因之被称为“白云黄鹤的故乡”。为纪念崔颢，黄鹤楼公园内建有《崔颢题诗图》浮雕。,false
529,14895,全唐文,顥。開元中進士。累官司勛員外郎。天寶十三載卒。,false
530,18821,中國歷代人名大辭典,"【生卒】：715—768
【介紹】：
唐安定人，避地寓居丹陽，字茂政。十歲能屬文，張九齡呼為小友。玄宗天寶十五年擢進士第，授無錫尉。代宗大歷初，王縉為河南節度，表掌書記。累遷右補闕。有詩集。",false
531,18821,唐詩大辭典 修訂本,"【生卒】：717?—770?
    字茂政，潤州丹陽(今江蘇丹陽)人。10歲能屬文，張九齡深器之，后又獲蕭穎士、李華獎掖。玄宗天寶十五載(756)登進士第，授無錫尉。代宗大歷初，王縉為河南節度使，辟為掌書記，官至右補闕。生平見《<a href='https://cnkgraph.com/Book/2326' target='_blank'>新唐書</a>》本傳、《藝文志四》《皇甫冉詩集》注，獨孤及《唐故左補闕安定皇甫公集序》。與劉長卿、嚴維、劉方平相善，有唱酬。“冉詩巧于文字，發調新奇，遠出情外”(高仲武《<a href='https://cnkgraph.com/Book/8463' target='_blank'>中興間氣集</a>》卷上)，五七律風格清迥，為時所重。有《皇甫冉詩集》3卷，為其弟曾編定，獨孤及作序，稱有350篇。《<a href='https://cnkgraph.com/Book/2484' target='_blank'>全唐詩</a>》編為2卷，僅存230篇，已非其舊。《全唐詩外編》及《全唐詩續拾》補詩6首。",false
532,18821,唐诗汇评,皇甫冉（约717-约770），字茂政，润州丹阳（今属江苏）人，郡望安定（今甘肃泾州）。十岁能属文，为张九龄所赏，谓“清颖秀拔，有江、徐之风”。天宝十五年（755）登进士第，授无锡尉。罢任游越，隐居阳羨，后官左金吾卫兵曹参军。广德二年，王缙为河南元帅，表掌书记。入朝为拾遗，迁补阙。奉使江南，省家至丹阳，卒于家。工诗，与弟皇甫曾齐名，时人方之晋张载、张协。有《皇甫冉诗集》三卷。《<a href='https://cnkgraph.com/Book/2484' target='_blank'>全唐诗</a>》编诗二卷，颇与他人作品相杂。,false
533,18821,独孤及《唐故左补阙安定鱼甫公集序》,沈、宋既殁，而崔司勋颢、王右丞维复崛起于开元、天宝之间，得其门而入者，尝代不过数人，补阙其又也。……其诗大略以古之比兴，就今之声律，涵咏风骚，宪章颜、谢。至若丽曲感动，逸思奔发，则天机独得，非师资所奖，每舞雩咏归，或金谷文会，曲水修禊，南浦怆别，新声秀句，辄加于常时一等，才钟于情故也。,true
534,18821,《中兴间气集》,冉诗巧于文字，发调新奇，远出情外。然而“云藏神女馆，雨到楚王宫”，与“闭门白日晚，倚仗青山暮”，及“远山重叠见，芳草浅深生”，“岸草知春晚，沙禽好夜惊”，又“燕知社日辞巢去，菊为重阳冒雨开”，可以雄视潘、张，平揖沈、谢。……长辔未骋，芳兰早凋。悲夫！,true
535,18821,高仲武《皇甫冉集序》,皇甫冉补阙，自擢桂礼闱，遂为高格。往以世道艰虞，避地江外，每文章一到朝廷，作者变色。于词场为先辈，推钱、郎为伯仲，谁家胜负，或逐鹿中原。如“果熟任霜封，篱疏从水度”，又“裛露收新稼，迎塞葺旧庐”，又“燕知社日辞巢去，菊为重阳冒雨开”，可以雄视潘、张，平揖沈、谢。,true
536,18821,《唐诗纪事》,张迪江深爱之，谓清颖秀拔，有江、徐之风。,true
537,18821,《唐诗品》,皇大诗意在遣情，时出奇瑰，酬应弥多，而兴寄闲暇。高仲武极取《巫山篇》，至于排体所长，乃遗采拾。如《奉和独孤中丞法华寺》，全篇绮密，形神兼茂；而拟骚诸篇，亦皆楚人之致。天宝以后作者虽多，而翩翩然有盛时之风，茂政兄弟皆能使人失步，岂作兰玉森然之会耶？,true
538,18821,《大历诗略》,补阙诗五言之善者，犹夷绰约，有何仲言之音韵，特歌行体弱耳。律诗当与李从一比肩，精警或不足，而闲淡过之矣。,true
539,18821,全唐诗补逸,皇甫冉字茂政，安定人，避地寓居丹阳。天宝十五载卢庚榜进士。大历二年卒，年五十四(据独孤及撰《唐故左补阙安定皇甫公集序》)。补诗一首。,false
540,18821,全唐文,冉字茂政。天寶中進士。授無錫尉。王縉帥河南。表掌書記。累遷右補闕。,false
541,14000,中國歷代人名大辭典,"【生卒】：約715或約717—770
【介紹】：
唐荊州江陵人，祖籍南陽棘陽。岑文本曾孫。玄宗天寶初進士。曾入高仙芝幕，任掌書記，至安西、武威；又入封常清幕，任安西北庭節度判官。肅宗時杜甫薦為左補闕，出為嘉州刺史。后客死于成都。工詩，多寫邊塞風光，與高適齊名，并稱“高岑”。有集。",false
542,14000,唐詩大辭典 修訂本,"【生卒】：717—770，一說715—769
    排行二十七，荊州江陵(今湖北荊州)人，郡望南陽(今屬河南)。曾任嘉州(今四川樂山)刺史，后人因稱“岑嘉州”。出生于沒落之世家，曾祖文本相太宗，伯祖長倩相高宗，伯父羲相睿宗。而參早歲已陷孤貧。玄宗天寶五載(746)登進士第(杜確《岑嘉州集序》云天寶三載及第，與行年不合，“三”應為“五”之誤)，任右內率兵曹參軍。天寶間曾兩次出塞，來往于安西(今新疆庫車)、北庭(今新疆吉木薩爾)間，任節度府掌書記、節度判官。肅宗時歷任右補闕、起居舍人、虢州長史等職。代宗大歷二年(767)出守嘉州，后客死成都。生平事跡見其《感舊賦》及杜確《岑嘉州集序》。聞一多有《岑嘉州系年考證》。岑參以邊塞詩名世，為盛唐邊塞詩派代表作家之一，與高適并稱高岑。其詩雄奇豪縱，尤善描寫邊地風貌與戎馬生涯，頗具奇情壯采，為“盛唐氣象”在邊塞詩中之反映。元辛文房稱“參累佐戎幕，往來鞍馬烽塵間十余載，極征行離別之情。……詩格尤高，唐興罕見此作”(《<a href='https://cnkgraph.com/Book/2071' target='_blank'>唐才子傳</a>》卷三)。七言歌行尤為擅長，清施補華云：“岑嘉州七古勁骨奇翼，如霜天一鶚，故施之邊塞最宜。”(《峴傭說詩》)其五言山水詩則清峻奇逸，時人將其與南朝詩人吳均、何遜相比(見杜確《岑嘉州集序》)。詩集通行者為《四部叢刊》本《<a href='https://cnkgraph.com/Book/3193' target='_blank'>岑嘉州詩</a>》，校注本有陳鐵民、侯忠義《岑參集校注》，劉開揚《岑參詩集編年箋注》。《<a href='https://cnkgraph.com/Book/2484' target='_blank'>全唐詩</a>》存岑參詩4卷，《全唐詩續拾》補收詩2首。",false
543,14000,唐诗汇评,岑参（约715-770），祖籍南阳（今属河南），后徙居江陵（今属湖北）。曾祖文本、伯祖长倩、伯父羲皆官至宰辅。幼丧父，孤贫，笃学。天宝三载，登进士第，授右内率府兵曹参军。八载，入安西高仙芝幕，充节度掌书记。返长安，与杜甫、高运等唱和。十三载，复入安西封常清幕，以大理评事兼监察御史，充节度判官、支度副使。至德二载，至灵武，迁右补阙，后历起居舍人、虢州长史、大子中允、祠部考功二员外郎、虞部库部郎中等职。永泰元年，出为嘉州刺史。杜鸿渐镇蜀，表为职方郎中兼侍御史，列在幕府。大历三年七月，罢嘉州任东归，阻兵，流寓成都，遂终于蜀。有《岑参集》十卷，已佚。今有《岑嘉州集》七卷（或为八卷）行世。《<a href='https://cnkgraph.com/Book/2484' target='_blank'>全唐诗</a>》编诗四卷。,false
544,14000,《河岳英灵集》,参诗语奇体峻，意亦造奇。至如“长风吹白茅，野火烧枯桑”，可谓逸才。又“山风吹空林，飒飒如有人”，宜称幽致也。,true
545,14000,杜确《岑嘉州诗集序》,早岁孤贫，能自砥砺，遍览史籍，尤工缀文。属辞尚清，用意尚切，其有所得，多入佳境，迥拔孤秀，出于常情。每一篇绝笔，则人人传写，虽闾里士庶、戎夷蛮貊，莫不讽诵吟巧焉。时议拟公于吴均、何逊，亦可谓精当矣。,true
546,14000,周紫芝《书岑参诗集后》,参诗清丽有思，殊复可喜。观少陵所谓“岑参兄弟皆好奇，携我远来游渼陂”之句，则亦可以得其为人之大略矣。,true
547,14000,陆游《跋岑嘉州诗集》,予自少时，绝好岑嘉州诗。往在山中，每醉归，倚胡床睡，辄令儿曹诵之，至酒醒或睡熟乃已。尝以为太白、子美之后，一人而已。今年自唐安别驾来摄犍为，既画公象斋壁，又杂取世所传公遗诗八十馀篇刻之，以传知诗律者，不独备此邦故事，亦平生素意也。,true
548,14000,《后村诗话续编》,岑参、贾至辈句律多出于鲍，然去康乐地位尚远。,true
549,14000,《骚坛秘语》,突兀万仞则不用过句，陟顿便说他事，岑参专高此法。,true
550,14000,《吟谱》,高适诗尚质主理，岑参诗尚巧主景。,true
551,14000,《唐才子传》,参累佐戎幕，往来鞍马烽尘间十馀载，极征行离别之情，城障寒堡，无不经行。博览史籍，尤工缀文，属词清尚，用心良苦。诗调尤高，唐兴罕见此作。放情山水，故常怀逸念，奇造幽致，所得往往超拔孤秀，度越常情。与高适风骨颇同，读之令人慷慨怀感，每篇绝笔，人辄传咏。,true
552,14000,《唐诗品》,嘉州诗一以风骨为主，故体裁峻整，语亦造奇，持意方严，竟鲜落韵。五言古诗从子建以上，方足联肩。古人浑厚，嘉州稍多瘦语，此其所不迨亦一间耳。其他乃不尽人意。要之，孤峰插天，凌拔霄汉，时华润近人之态，终然一短。,true
553,14000,《批点唐音》,五言豪整，至于姿态，当远让卫、孟。,true
554,14000,《艺苑卮言》,高、岑一时不易上下。岑气骨不如达夫遒上，而婉缛过之。《选》体时时入古、岑尤陡健；歌行磊落奇俊，高一起一伏，取是而已，尤为正宗。五言近体，高、岑俱不能佳；七言，岑稍浓厚。,true
555,14000,《诗薮》,古诗自有音节。陆、谢体极俳偶，然音节与唐律迥不同。唐人李、杜外，惟嘉州最合。襄阳、常侍虽意调高远，至音节，时入近体矣。,true
556,14000,《诗薮》,常侍五言古，深婉有致，而格调音节，时有参差。嘉州清新奇逸，大是俊才，质力造诣，皆出高上。然高黯淡之内，古意犹存；岑英发之中，唐体大著。,true
557,14000,《诗薮》,高、岑井工起语，岑尤奇峭，然拟之宣城，格愈下矣。,true
558,14000,《诗薮》,高气骨不逮嘉州，孟材具远输摩诘，然并驱者，高、岑悲壮为宗，王、孟闲澹自得，其格调一也。,true
559,14000,《诗薮》,嘉州格调严整，音节宏亮，而集中排律甚稀。,true
560,14000,《诗镜总论》,岑参好为巧句，真不足而巧济之，以此知其深浅矣。故曰：“大巧若拙”。,true
561,14000,《唐音癸签》,岑词胜意，句格壮丽，而神韵未扬；高意胜词，情致缠绵，而筋骨不逮。岑之败句，犹不失盛唐；高之合调，时隐逗中唐。,true
562,14000,《诗谱》,高适诗尚质主理，岑参诗尚巧主景。,true
563,14000,《诗源辨体》,盛唐五吉律，惟岑嘉州用字之间有涉新巧者，如“孤灯然客梦，寒件掏乡愁”，“涧水吞樵路，山花醉药栏”，“塞花飘客泪，边柳挂乡愁”，大约不过数联。然高、岑所贵，气象不同，学者不得其气象，而徒法其新巧，则终为晚唐矣。,true
564,14000,《近体秋阳》,参集诗虽不多，然篇皆峭倬，精思矗起，必迥不同于人，岂惟达夫不中比拟，即一时王、孟诸作手，要之总非其伦。乃千古以高岑称，何其冤也。,true
565,14000,《古欢堂杂著》,嘉州（五律）句琢字雕，刻意锻炼。,true
566,14000,《唐诗别裁》,参诗能作奇语，尤长于边寒。,true
567,14000,《唐诗别裁》,嘉州五言，多激壮之音。,true
568,14000,《絸斋诗谈》,予读嘉州全集，爱其峭蒨苍秀，如对终南、太华。其近体略逊古诗。,true
569,14000,《石洲诗话》,嘉州之奇峭，入唐以来所未有。又加以边塞之作，奇气益出。风会所感，豪杰挺生，遂不得不变出杜公矣。,true
570,14000,《北江诗话》,诗奇而入理，乃谓之奇。若奇而不入理，非奇也。卢玉川、李昌谷之诗，可云奇而不入理者矣。诗之奇而入理者，其惟岑嘉州乎！如《游终南山诗》：“雷声傍太白，雨在八九峰。东望紫阁云，西入白阁松。”余尝以己巳春夏之际，独游终南山紫、白二阁，遇急雨，回憩草堂寺，时原空如沸，山势欲颓，急雨劈门，怒雷奔谷，而后知岑之诗奇矣。又尝以己未冬杪，谪戍出关，祁连雪山，日在马首，又昼夜行戈壁中，沙石吓人，没及髁膝。而后知岑诗“一川碎石大如斗，随风满地石乱走”，云奇而实确也。大抵读古人之诗，又必身亲其地，身历其险，而后知心惊魄动者，实由于耳闻目见得之，非妄语也。,true
571,14000,《读雪山房唐诗序例》,（七绝）王、李以外，岑嘉州独推高步。唯去乐府意渐远。,true
572,14000,《三唐诗品》,五言源出千吴、何，叠藻绵联，掞张典雅，如五丝织锦，裁缝灭迹。七言出没纵横，翱翔孤秀，振音中律，行气如虹，如观公孙大娘舞剑器，浑脱浏亮，令人神往心倾。边塞萧条，吹笳声裂，刘越石幽燕之气，自当擅绝一场，而格律谨遒，贵在放而不野。律体温如，亦兼绵丽；绝句犹七言本色，而神韵弥深。,true
573,14000,《诗学渊源》,其诗辞意清切，迥拔孤秀，多出佳境。人比之吴均、何逊，盖就其律诗言也，时亦谓之“嘉州体”。至古诗、歌行，间亦有气实声壮之作；《走马川》诗三句一转，亦为创作。,true
574,14000,《唐宋诗举要》,吴曰：盛唐古风，李、杜以外，右丞、嘉州其杰出者。,true
575,14000,全唐文,參。南陽人。天寶三年進士。累官右補闕。改起居郎。由庫部郎中出為嘉州刺史。杜鴻漸鎮西川。表為從事。以職方郎兼御史領幕職。,false
576,20818,中國歷代人名大辭典,"【生卒】：約710—約780
【介紹】：
唐吳興人，字仲文。大歷十才子之一。詩與郎士元齊名，時稱：“前有沈、宋，后有錢、郎。”玄宗天寶九載進士。所作《省試湘靈鼓瑟》詩末二句“曲終人不見，江上數峰青”，為世傳誦。肅宗乾元中任藍田縣尉，與王維相過從。歷司勛員外郎、司封郎中，終考功郎中，世稱錢考功。有集。",false
577,20818,唐詩大辭典 修訂本,"【生卒】：710?—782?
    字仲文，排行大。吳興(今浙江湖州)人。玄宗天寶十載(751)登進士第(一說九年)，釋褐授秘書省校書郎。安史亂起，逃難在外，肅宗至德二載(757)在長安迎肅宗還京。乾元元年(758)前后任藍田縣尉，與隱居終南山之王維酬唱，得王維稱許。寶應二年(763)后入朝任司勛員外郎、司封郎中，終考功郎中、太清宮使。傳附《<a href='https://cnkgraph.com/Book/2425' target='_blank'>舊唐書·錢徽傳</a>》，事跡見《<a href='https://cnkgraph.com/Book/8464' target='_blank'>極玄集</a>》卷上、《<a href='https://cnkgraph.com/Book/2326' target='_blank'>新唐書·盧綸傳</a>》、《<a href='https://cnkgraph.com/Book/4771' target='_blank'>嘉泰吳興志</a>》卷一六、《<a href='https://cnkgraph.com/Book/2071' target='_blank'>唐才子傳</a>》卷四等。今人傅璇琮有《錢起考》。錢起詩才清逸，為“大歷十才子”之冠。因久歷臺閣，詩多應景獻酬之作。長于餞送，與郎士元齊名，時稱“前有沈、宋，后有錢、郎”。達官貴人出使作牧而無二人詩祖餞者，時論鄙之。其詩不甚接觸社會現實，有粉飾太平之傾向。然藝術水平較高，高仲武稱其“體格新奇，理致清贍”(《<a href='https://cnkgraph.com/Book/8463' target='_blank'>中興間氣集</a>》卷上)，列于大歷詩人之首。其詩眾體兼擅，不拘一格。歌行風華流麗，為大歷翹楚；古詩清空工致，在盛唐渾厚質樸外別開一境。近體閑雅纖秀，語言洗練，足以代表大歷詩風。五絕《藍田溪雜詠二十二首》步武王維《輞川集》，別有恬淡趣味，頗為人稱道。《<a href='https://cnkgraph.com/Book/2326' target='_blank'>新唐書·藝文志四</a>》著錄詩1卷，《<a href='https://cnkgraph.com/Book/2338' target='_blank'>直齋書錄解題</a>》卷一九著錄《錢考功集》10卷。今人王定璋有《錢起詩集校注》。《<a href='https://cnkgraph.com/Book/2484' target='_blank'>全唐詩</a>》存詩4卷，混入其孫錢珝詩多首，如《江行無題一百首》、《同程九早入中書》、《赴章陵酬李卿贈別》、《罷章陵令山居過中峰道者二首》等。今人吳企明《錢起錢珝詩考辨》一文有辨析。《全唐詩外編》及《全唐詩續拾》補詩8首，斷句2。",false
578,20818,唐诗汇评,钱起，生卒年不详，字仲文，吴兴（今属浙江）人。天宝十载（751）登进士第。释褐授秘书省校书郎。乾元中任蓝田尉，与王维频有唱和。大历中，官司勋、祠部员外郎，迁考功郎中。建中末或贞元初卒。起工诗，与郎士元齐名，时称“钱郎”。又与卢纶、韩翃、吉中孚、司空曙、苗发、耿湋、崔峒、李端、夏侯审合称“大历十才子”。有《钱起诗》一卷。今有《钱考功集》十卷行世，其中《江行无题一百首》等乃其曾孙钱珝诗误入。《<a href='https://cnkgraph.com/Book/2484' target='_blank'>全唐诗</a>》编诗四卷。,false
579,20818,《中兴间气集》,员外诗，体格新奇，理致淸贍。越从登第，挺冠词林，文宗右丞，许以高格，右丞没后，员外为雄。芟齐宋之浮游，削梁陈之靡嫚，迥然独立，莫之与群。且如“鸟道挂疏雨，人家残夕阳”，又“牛羊上山小，烟火隔林疏”，又“长乐钟声花外尽，龙池柳色雨中深”，皆特出意表，标雅古今。又“穷达恋明主，耕桑亦近郊”，则礼义克全，忠孝兼著，足可弘长名流，为后楷式。士林语曰：前有沈、宋，后有钱、郎。,true
580,20818,《南部新书》,大历来，自丞相已下出使作牧，无钱起、郎士元诗祖送者，时论鄙之。,true
581,20818,《韵语阳秋》,钱起与郎士元齐名，时人语曰：“前有沈、宋，后有钱、郎。”然郞岂敢望钱哉！起《中书遇雨》诗云：“云衔七曜起，雨拂九门来。”《宴李监宅》云：“晚钟过竹静，醉客出花迟。”《罢官后》云：“秋堂入闲夜，云月思离居。”《对雨》云：“生事萍无定，愁心云不开。”亦可谓奇句矣。士元诗岂有如此句乎？《赠盖少府新除江南尉》云：“客路寻常随竹影，人家大抵傍山岚。”《题王季友半日村別业》云：“长溪南路当群岫，半景东邻照数家。”此何等语！余读其诗，尽帙未见有可喜处，以是知不及起远甚。,true
582,20818,《唐诗品汇》,天宝以还，钱起、刘长卿并鸣于时，与前诸家实相羽翼，品格亦近似。至其赋咏之多，自得之妙，或有过焉。,true
583,20818,《批点唐诗正声》,钱诗亦有奇趣，盖刘为主盟，而钱为尸祝矣。排律自钱起以后，自是一格，中间随珠、燕石俱在，观者少失淘洗，便坠迹蹊径矣。,true
584,20818,《四溟诗话》,钱、刘七言近体，两联多用虚字，声口虽好，而格调渐下，此文随世变故尔。钱仲文七言律，《品汇》所取十九首，上四字虚者亦强半。,true
585,20818,《唐诗归》,钟云：钱诗精出处，虽盛唐妙手不能过之，亦有秀于文房者。泛览全集，冗易难读处实多，以此知诗之贵选也。,true
586,20818,《诗薮》,诗至钱、刘，遂露中唐面目。钱才远不及刘，然其诗尚有盛唐遗响。,true
587,20818,《唐诗韵汇》,唐诗七律……钱仲文清新闲雅，风趣一变。,true
588,20818,《唐音癸签》,唐七言律……钱、刘稍加流畅，降为中唐，又一变也。,true
589,20818,《诗源辨体》,钱、刘才力既薄，风气复散……五七言律造诣兴趣所到，化机自在。,true
590,20818,《唐诗品汇刪》,流利清隽，钱、刘亦可式也。,true
591,20818,《唐诗归折衷》,敬夫云：刘颇闲婉，其失也浮；钱稍峭厉，其失也滞。似正相反，不知当时何以钱、刘并称。,true
592,20818,《唐诗别裁》,仲文五言古仿佛右丞，而清秀弥甚。然右丞所以高出者，能冲和，能浑厚也。,true
593,20818,《大历诗略》,钱起诗尽有裴、王意，其失也浅。储、王作清诗，定有厚气裹其笔端。（《小澥草堂杂论诗》仲文五言稍近宣城，亦工起调，顾语多轻俊，体质不厚，为逊储、王。,true
594,20818,《大历诗略》,仲文诗如芷珠春色，精丽绝尘，右丞以后，一人而已。,true
595,20818,《四库全书总目》,大历以还，诗格初变，开、宝浑厚之气渐远渐漓，风调相高，稍趋浮响。升降之关，十子实为之职志。起与郎士元，其称首也。然温秀蕴藉，不失风人之旨，前辈典型，犹有存焉。,true
596,20818,《说铃》,予谓中唐七言律诗，……唯钱员外规模摩诘，差属秾丽。,true
597,20818,《唐诗笺要》,理致清淡，仲文之长。高仲武称其芟齐宋之浮游，削梁陈之靡嫚，未免太过。,true
598,20818,《石洲诗话》,盛唐之后，中唐之初，一时雄俊，无过钱、刘。然五言秀绝，固足接武，至于七言歌行，则独立万古，已被杜公占尽，仲文、文房皆浥右丞馀波耳。然却亦渐于转调伸缩处，微微小变。诚以熟到极处，不得不变，虽才力各有不同，而源委未尝不从此导也。,true
599,20818,《石洲诗话》,钟仲文七律，平雅不及随州，而撑架处转过之。,true
600,20818,《岘傭说诗》,大历钱.刘古诗亦近摩诘，然清气中时露工秀，淡字、远字、微字皆不能到，此所以日趋于薄也。,true
601,20818,《三唐诗品》,其源出于谢朓，淸新扬采，寥然远音。《登高》、《愁望》、《苦雨》、《秋夜》诸篇，蒨逸神清，宛然齐秀。《行路难》、《秋夜长》，亦梁陈之选也。五律则“山来樵路”、“岸去花林”，与老杜“青惜峰峦”、“黄知橘柚”体境同工，不徒“江上峰青”、湘灵千古。,true
602,20818,全唐诗补逸,钱起字仲文，吴兴人。天宝十载李巨榜及第。大历中，与韩翃、李端辈号十才子。补诗一首。,false
603,20818,全唐文,起。吳興人。天寶十年進士。釋褐祕書省校書郎。大歷中官司勳員外郎司封郎中。終考功郎中。,false
604,12931,中國歷代人名大辭典,"【生卒】：719—772
【介紹】：
唐河南魯山人，字次山，自稱浪士，亦號猗玕子、漫郎、漫叟、聱叟。元延祖子，元德秀族弟。玄宗天寶進士，由國子司業蘇源明薦于肅宗，召為右金吾兵曹參軍，歷仕山南西道節度參謀、水部員外郎、道州刺史、容管經略使。結有吏才，卓有政聲。文章戛戛自異，變排偶綺靡之習。有集，又編沈千運、王季友等七人詩為《<a href='https://cnkgraph.com/Book/8459' target='_blank'>篋中集</a>》。",false
605,12931,唐詩大辭典 修訂本,"【生卒】：715—772，舊說生于723，誤
    字次山，自稱元子，又號猗玗子(猗玗，或作猗犴、琦開，今從《<a href='https://cnkgraph.com/Book/2326' target='_blank'>新唐書</a>》本傳)、浪士、漫郎、漫叟、聱叟等。先世本鮮卑拓拔氏，北魏孝文帝時改姓元。其先居太原(今屬山西)，后遷居魯山(今屬河南)。17歲始從學于宗兄元德秀。天寶十三載(754)登進士第，復舉制科。安史亂起，率家南下避難。乾元二年(759)，以右金吾兵曹參軍攝監察御史，充山南東道節度參謀，一度代攝荊南節度使事，有戰功。后歷任道州(治今湖南道縣)、容州(治今廣西北流)刺史，加授容州都督充本管經略守捉使，政績甚著。大歷四年(769)因母喪辭歸。七年復入朝，病逝長安，贈禮部侍郎。生平詳見顏真卿《元君表墓碑銘》及《<a href='https://cnkgraph.com/Book/2326' target='_blank'>新唐書</a>》本傳。元結詩文兼擅，為中唐古文運動與新樂府運動之先導者。其詩多自寫胸次、針砭現實之作，詩風簡古，淳淡自然，所作《舂陵行》、《賊退示官吏》，曾受杜甫推崇。金元好問曾云：“浪翁水樂無宮徵，自是云山韶濩音。”(《論詩絕句》)唯“樸質處過甚”(清翁方綱《<a href='https://cnkgraph.com/Book/6686' target='_blank'>石洲詩話</a>》卷一)。所選《<a href='https://cnkgraph.com/Book/8459' target='_blank'>篋中集</a>》體現其反對“拘限聲病，喜尚形似”(《篋中集序》)之詩學主張。其文亦自成一家。著有《元子》10卷、《猗玗子》1卷、《<a href='https://cnkgraph.com/Book/1777' target='_blank'>文編</a>》10卷，今已佚。明湛若水輯有《元次山文集》，今人孫望校訂之《元次山集》更為詳核。《<a href='https://cnkgraph.com/Book/2484' target='_blank'>全唐詩</a>》存詩2卷，《全唐詩續拾》補詩3首又2句。",false
606,12931,唐诗汇评,元结（719-772），字次山，自号漫叟、聱叟。鲁山（今属河南）人。年十七，折节读书，师事从兄元德秀。天宝十二载（753），登进士第。安史乱起，举家南奔，避难于猗犴洞（在今湖北大冶）。乾元二年，苏源明荐为右金吾兵曹参军、山南东道节度参谋，抗击史思明。迁水部员外郎、荆南节度判官。代宗初，召为著作郎，后出守道州，招抚流亡，颇有政声。迁容州都督。卒。结反对当世“拘限声病，喜尚形似”之风，编录沈千运等七人诗二十四首为《<a href='https://cnkgraph.com/Book/8459' target='_blank'>箧中集</a>》，今存。其所著《元子》十卷、《<a href='https://cnkgraph.com/Book/1777' target='_blank'>文编</a>》十卷等均已散佚。后人辑有《元次山文集》十卷行世。《<a href='https://cnkgraph.com/Book/2484' target='_blank'>全唐诗</a>》编诗二卷。,false
607,12931,欧阳修《唐元结华阳岩铭》,元结，好奇之士也。其所居山水，必自名之，唯恐不奇。而其文章用意亦然，而气力不足，故少遗韵。,true
608,12931,《郡斋读书志》,结性耿介，有忧道悯世之思，逢天宝之乱，或仕或隐，自谓与世聱牙。岂独其事而然，其文辞亦如之。然其辞义幽约，譬古钟磬不谐于里耳，而可寻玩。在当时名出萧、李下，至韩愈称数唐之文人，独及结云。,true
609,12931,《唐才子传》,（元结）性梗僻，深憎薄俗，有忧道悯世之心，《中兴颂》一文，灿烂金石，清夺湘流。作诗著辞，尚聱牙。天下皆知敬仰。,true
610,12931,湛若水《元次山集序》,余自北游，观艺于燕冀之都，得《元子》而异焉。欲质不欲野，欲朴不欲陋，欲拙不欲固，卓然自成其家者也。唐之大家，风斯下矣，其骎骎手中古而不已矣乎！其泯而不传，将文末之世而已乎！,true
611,12931,《唐诗镜》,元结诗每有真性，浅而可讽。,true
612,12931,《唐诗归》,钟云：元次山诗，溪刻直奥，有异趣，有奇响，在盛唐中自为调。不读此，不知古人无所不有；若掩其姓名以示俗人，决不以为盛唐人作矣。又云：不知者笑其稚朴，知者惊其奇险，当观其意法深老处。又云：只是一字不肯近人。,true
613,12931,《诗源辨体》,元结五言古，声体尽纯，在李、杜、岑参外另成一家。结《与刘侍御宴会诗序》云：“文章道丧久矣。时之作者，烦杂过多，歌儿舞女，且相喜爱，系之《风》《雅》，谁道是耶？”故其诗不为浮泛，关系实多；但其品高性洁，激扬太过，故往往伤于讦直。中如《贱士吟》、《贫妇词》、《下客谣》等，质实无华，最为淳古。其他意在匠心，故多游戏自得，而有奇趣。盖上源渊明，下开白、苏之门户矣，惜调多一律耳。,true
614,12931,《诗源辨体》,元结《箧中集序》谓：“近世作者，更相沿袭，拘限声病。”故其五言古极意洗削，声体之纯，远胜光羲诸子。但矫枉太过，往往有稚朴戆直之句。,true
615,12931,《诗筏》,唐诗人能以真朴自立门户者，唯元次山一人。次山不唯不似唐人，并不似元亮。盖次山自有次山之真朴，此其所以自立门户也。,true
616,12931,《载酒园诗话又编》,疏率自任，元次山之本趣也，然亦有太轻太朴者。酬赠、游宴诸诗，须分别存之；唯悯贫穷、悲兵燹之言，宜备矇瞍之诵，为人牧者，尤宜置之座右。,true
617,12931,《野鸿诗的》,次山效伟长而有获。,true
618,12931,《唐诗别裁》,次山诗自写胸次，不欲规模古人，而奇响逸趣，在唐人中另辟门径，前人譬诸古钟磬不谐里耳，信然。,true
619,12931,《絸斋诗谈》,元次山诗悠然自适，一种冲穆和平之味，又在少陵以上。,true
620,12931,《絸斋诗谈》,高古浑穆，老杜甘处其下，王摩诘更不必言。惟韦苏州略近，而矜贵终让一筹。,true
621,12931,《小澥草堂杂论诗》,元次山朴素中更饶妩媚。,true
622,12931,《剑溪说诗》,元次山诗，在唐人中又是一格，所谓“仁义之人，其言蔼如”也。,true
623,12931,《四库全书总目》,结性不谐俗，亦往往迹涉诡激……颇近古之狂。然制行高洁，而深抱悯时忧国之心；文章戛戛自异，变排偶绮靡之习。杜甫尚和其《舂陵行》，称其可为天地万物吐气。晁公武谓其文如古钟磬，不谐俗耳。高似孙谓其文章奇古，不蹈袭。盖唐文在韩愈以前毅然自为者，自结始，亦可谓耿介拔俗之姿矣。皇甫堤尝题其《浯溪中兴颂》曰：“次山有文章，可惋只在晬。然长于指叙，约洁有馀态。心语适相应，出句多分外，于诸作者间，拔戟成一队。”其品题亦颇近实也。,true
624,12931,《读雪山房唐诗序例》,元次山古调独弹，冰襟雪抱，令人不敢亵玩。,true
625,12931,《艺概•诗概》,元、韦两家皆学陶。然苏州犹多一“慕陶直可庶”之意，吾尤爱次山以不必似为真似也。,true
626,12931,《三唐诗品》,其源出于应德琏、刘公幹。《贫妇》、《农臣》、《下客》诸篇，托风深微，扑而不野。《闵荒》、《舂陵》，古思同颉。杂言七字，别具风味，正如未下盐豉，千里莼羹。,true
627,12931,《石遗室诗话》,次山五言古，开香山讽谕之体。,true
628,12931,陈兆奎《王志》,附案：次山在道州诸作，笔力遒劲，充以时事，可诵可谣，其体极雅。少陵气势较博，而深永匀饬不若也。,true
629,12931,词学图录,元结（719-772） 字次山，号漫叟、聱叟。鲁县（今河南鲁山）人。新乐府运动先行者。有集十卷，今编诗二卷，有《欸乃曲》等词。,false
630,12931,全唐文,結。河南人。天寶十三載進士。擢右金吾兵曹參軍。攝監察御史。為山南西道節度參謀。以討史思明功遷監察御史裏行。進水部員外郎。代宗立。拜道州刺史。進容管經畧使。加左金吾衞將軍。卒年五十。贈禮部侍郎。,false
631,18851,中國歷代人名大辭典,"【介紹】：
唐僧。吳興人。俗姓謝，字清晝。謝靈運十世孫。幼入道，肄業湖州杼山，與陸羽同居妙喜寺，為莫逆之交。顏真卿為刺史，集文士撰《韻海鏡源》，皎然預其論著，至是聲價藉甚。李端在匡獄，依止稱門生。一時名公，俱相友善。登戒于靈隱。文章雋麗，當時號為釋門偉器。貞元中卒。有《<a href='https://cnkgraph.com/Book/14696' target='_blank'>詩式</a>》及集。",false
632,18851,唐詩大辭典 修訂本,"【生卒】：720?—798前
    字清晝，晚年以字行，俗姓謝，湖州長城(今浙江長興)人。自稱謝靈運十世孫，實為謝安十二世孫。玄宗天寶三載(744)前后出家于潤州江寧縣長干寺，七載登戒于常州福業寺。天寶后期曾漫游各地名山，安史之亂后定居湖州，與歷任州縣長吏、過往士大夫及江南隱士詞客交游唱酬不絕。曾與劉長卿、李季蘭、陸羽、朱巨川、閻伯均、靈澈、劉禹錫、孟郊、陸長源、韋應物等人唱酬。其唱酬活動之最著稱者在大歷八年至十二年(773-777)，顏真卿時刺湖州，召集包括皎然在內共32位文人修撰韻編類書《韻海鏡源》，并以顏、皎為中心，形成一個多達95人之聯唱詩人群，其唱和作品結集為《吳興集》10卷。受其師守真影響，皎然對律宗、天臺宗、密宗、南北禪宗兼收并蓄，自大歷后期起則日益傾心于南宗禪。生平事跡見《<a href='https://cnkgraph.com/Book/861' target='_blank'>宋高僧傳</a>》本傳，今人賈晉華有《皎然年譜》。文章清麗，詩名甚著，并長于詩歌理論。有《晝上人集》(又題《皎然集》、《<a href='https://cnkgraph.com/Book/1186' target='_blank'>杼山集</a>》)10卷，于頔編于貞元八年，今存。另著有論詩著作《<a href='https://cnkgraph.com/Book/14696' target='_blank'>詩式</a>》5卷，今存；《詩議》(一作《詩評》)3卷，今存1卷。又有《儒釋交游傳》、《內典類聚》40卷、《號呶子》10卷、《茶訣》1篇，今皆不傳。《<a href='https://cnkgraph.com/Book/2484' target='_blank'>全唐詩</a>》存詩7卷，另收其所參與聯句詩22首，《全唐詩續拾》補2首。",false
633,18851,唐詩大辭典 修訂本,福州(今屬福建)人。五代時閩僧。嗣雪峰義存。后住福州長生山，世稱長生和尚。《<a href='https://cnkgraph.com/Book/13287' target='_blank'>祖堂集</a>》卷一〇、《<a href='https://cnkgraph.com/Book/13288' target='_blank'>景德傳燈錄</a>》卷一八有傳，《<a href='https://cnkgraph.com/Book/13287' target='_blank'>祖堂集</a>》存其詩偈2首，《全唐詩續拾》據之收入。,false
634,18851,唐诗汇评,皎然（约720-约800），俗姓谢，晚年字清昼，湖州长城（今浙江长兴）人。早年勤学，出入经史百家，中年暮神仙。玄宗时，曾访名山，游长安，千王侯。后隐庙霅溪，皈依佛教。从杭州灵隐寺僧守直受戒。复居湖州杼山妙喜寺，与陆羽、吴季德、李㟧、皇甫曾、崔子向等交游。颜真卿守湖州，修《韵海镋源》，皎然亦襄其事。历任湖州刺史如崔论、卢幼平、陆长源、于頔等，俱与之交游唱和。工诗、著述甚多，与清江并称“会稽二清”。贞元五年（789），撰成《<a href='https://cnkgraph.com/Book/14696' target='_blank'>诗式</a>》五卷，乃唐代较系统之诗论专著，今存。八年，集贤院征其文集，刺史于頔编其诗文十卷，纳之。有《<a href='https://cnkgraph.com/Book/1186' target='_blank'>杼山集</a>》（一名《皎然集》）十卷行世。《<a href='https://cnkgraph.com/Book/2484' target='_blank'>全唐诗</a>》编诗七卷。,false
635,18851,权德舆《送灵澈上人庐山回归沃州序》,吴兴长老昼公，撰六义之精英，首冠方外。,true
636,18851,于顾《释皎然抒山集序》,有唐吴兴开士释皎然，字清昼，即康乐之十世孙，得诗人之奥旨，传乃祖之菁华，江南词人，莫不楷范。极于缘情绮靡，故辞多芳泽：师古兴制，故律尚清壮。其发明之理，则深契真如，又不可得而思议也。,true
637,18851,《因话录》,吴兴僧昼，字皎然，工律诗。尝谒韦苏州，恐诗体不合，乃于舟中抒思，作古体十数篇为贽。韦公全不称赏。昼极捻。明日，写其旧制献之。韦公吟咏，大加叹咏，因语昼云：“师几失声名。何不但以所工见投，而猥希老夫之意？人各有所得，非卒能致。”昼大伏其鉴别之精。,true
638,18851,《唐语林》,楚僧灵一，律行高洁，而能为诗。吴僧皎然，一名昼一，工篇什，著《诗评》三卷。及卒。德宗遣使取其遗文。中世文僧，二人首出。,true
639,18851,《沧浪诗话》,释皎然之诗，伤唐诸僧之上。,true
640,18851,《对床夜语》,唐僧诗，除皎然、灵澈三两辈外，馀者率皆衰败不可救，盖气宇不宏而见闻不广也。,true
641,18851,《唐才子传》,（皎然）外学超然，诗兴闲适，居第一流、第二流不过也。,true
642,18851,《唐诗品》,皎师卧深山壑，思绕沧州，游从既胜，兴致复远。其诗深窥色相，骋其才力，在诸衲间，一公之外，卓非等等。然禅悟未彻，机锋犹近。,true
643,18851,《唐诗归》,钟云：僧诗有僧诗气习，僧而必不作僧诗，便有不作僧诗气习。皎然清淳淹远，当于诗中求之，不当于憎中求之。,true
644,18851,李维桢《汪文宏诗序》,皎然不能为唐初盛诗，而谈诗得唐初盛法，时代所限，难以自超。,true
645,18851,《唐音癸签》,皎然《抒山集》清机逸响，闲淡自如，读之觉别有异味，在咀嚼之表，当由雅慕曲江，取则不远尔。,true
646,18851,《诗辩坻》,皎然精于诗法，而己作不能称，较之清江气骨，故应却步。,true
647,18851,《唐七律隽》,皎公诗婉隽，不特为诗僧冠，可与文房、仲文并辔中原。,true
648,18851,《东目馆诗见》,皎然兴高词瞻，各体皆备，诗僧中豪者也。昔人评永师书有冷斋饭气。昼诗不然，知非菜肚阿师矣。,true
649,18851,全唐文,清晝字皎然。俗姓謝氏。宋靈運十世孫。住吳興興國寺。有詩名。與刺史顏真卿諸名士酬唱。預撰韻海鏡源。貞元中。勅寫其文集入祕閣。,false
650,18851,新脩科分六學僧傳,"字如晝。吳興長城人。姓謝氏。康樂侯靈運十世孫也。幼負異材。不為世俗所覊絆。遂削染。登具于靈隱戒壇。復依守真律師。究毗尼學。儒編老什。靡弗臻其極。尤工著述。辭章俊麗。吟詠尤造微賾。與會稽靈徹錢塘道標齊名。故時諺曰。越之徹洞冰雪。杭之標摩雲霄。霅之晝能清秀。中年徧訪禪席。南能北秀之指。皆所參扣。貞元初。居東溪草堂。歎曰。使雖有仲尼之博識。胥臣之多聞。終朝目前矜道侈義。適足以自撓性真。豈若孤松片雲。蒲團相對。無言而意得。至靜而神諧者哉。於是作文謝遣筆硯。遁居杼峰。五年五月。會前御史中丞李洪。自河北負譴。再移守吳興。一見語合。請益宗乘大略。異日汎論及詩。皎命門人出藁一卷以視。且言近日廢置之故。洪驚曰。向甞讀沈約品藻。慧休翰林。庾信詩箴。三子所論。殊不及此宜益自力。以鼓舞天下。而乃中輟。以棄其成可乎。
每夜施鬼神食。舊居京之興國寺。軍吏沈釗德清人。暮乘馬抵駱駞橋。月色如練。見數人盛衣冠立。釗問其故。曰項王祠東興國寺皎公。脩齋召我耳。長城赳卒錢沛。泊舟呂山南。見數百人。持食負帛。笑語而過。問之則曰。赴皎公齋歸。
後終於抒峯。皎平生所交遊士大夫。則有韋應物盧幼平吳季德李蕚皇甫曾梁肅薛逢呂渭楊達陸羽。其制作。則有號呶子十卷。內典類聚四十卷。儒釋交遊傳。外有韵海二十卷。蓋相國于公頔。魯公顏真卿所脩。而皎寔裨其行云。",false
651,18851,宋高僧傳,釋皎然。名晝。姓謝氏。長城人。康樂侯十世孫也。幼負異才性與道合。初脫羈絆漸加削染。登戒于靈隱戒壇守直律師邊聽毘尼道。特所留心於篇什中。吟詠情性。所謂造其微矣。文章俊麗。當時號為釋門偉器哉。後博訪名山。法席罕不登聽者。然其兼攻並進。子史經書各臻其極。凡所遊歷京師則公相敦重。諸郡則邦伯所欽。莫非始以詩句牽勸令入佛智。行化之意本。在乎茲。及中年謁諸禪祖了心地法門。與武丘山元浩會稽靈澈為道交。故時諺曰。之晝能清秀。貞元初居于東溪草堂。欲屏息詩道非禪者之意。而自誨之曰。借使有宣尼之博識胥臣之多聞。終朝目前矜道侈義。適足以擾我真性。豈若孤松片雲禪座相對無言而道合至靜而性同哉。吾將入杼峯與松雲為偶所著詩式及諸文筆併寢而不紀。因顧筆硯曰。我疲爾役爾困我愚。數十年間。了無所得。況汝是外物何累於人哉。住既無心去亦無我。將放汝各歸本性。使物自物不關於予。豈不樂乎。遂命弟子黜焉。至五年五月會前御史中丞李洪自河北負譴再移為湖守。初相見未交一言。怳若神合。素知公精於佛理。因請益焉。先問宗源次及心印。公笑而後答。他日言及詩式。具陳以宿昔之志。公曰不然。固命門人檢出草本。一覽而歎曰。早年曾見沈約品藻慧休翰林庾信詩箴。三子所論殊不及此。奈何學小乘褊見以宿志為辭邪遂舉邑中辭人吳季德。梁常侍均之後。其文有家風。予器而重之。晝以陸鴻漸為莫逆之交。相國于公頔顏魯公真卿。命裨贊韻海二十餘卷。好為五雜徂篇。用意奇險實不忝江南謝之遠裔矣。晝清淨其志高邁其心。浮名薄利所不能啖。唯事林巒與道者遊。故終身無惰色。又興冥齋蓋循燋面然故事施鬼神食也。晝舊居州興國寺。起意自捐衣囊施之。甞有軍吏沈釗。本德清人也。夕從州出乘馬到駱駝橋。月色皎如。見數人盛飾衣冠。釗怪問之。如何到此。曰項王祠東興國寺然公修冥齋。在茲伺耳。釗翌日往覆。果是鬼物矣。又長城赳胥錢沛。行役泊舟呂山南。見數十百人得非提食器負束帛怡然語笑而過。問其故云。赴然師齋來。時顏魯公為刺郡。早事交遊而加崇重焉。以貞元年終山寺。有集十卷。于頔序集。貞元八年正月勅寫其文集入于祕閣。天下榮之。觀其文也亹亹而不厭。合律乎清壯。亦一代偉才焉。晝生常與韋應物盧幼平吳季德李萼皇。甫曾梁肅崔子向薛逢呂渭楊逵。或簪組。或布衣。與之交結必高吟樂道。道其同者則然始定交哉。故著儒釋交遊傳及內典類聚共四十卷號呶子十卷。時貴流布。元和四年太守范傳正會稽釋靈澈。同過舊院。就影堂傷悼彌久。遺題曰。道安已返無何鄉慧遠來過舊草堂。余亦當時及門者。共吟佳句一焚香。其遺德後賢所慕者相繼有焉。又唐黃州大石山釋福琳。姓元氏。荊州人也。父為襄陽判司。素崇釋氏。琳幼好佛門恒循檢操。早知割愛。就玄靜寺謙著師下剃染登滿足法已。躬禮荷澤祖師乃契真心。後至黃陂剪茅營舍。終成大院安集四方禪侶。琳終時年八十二。興元二年四月入塔。,false
652,13632,中國歷代人名大辭典,"【生卒】：720?—790?
【介紹】：
唐廣平人，一說京兆人，字文明，一作文初。登進士第。代宗永泰中至大歷初，累官左拾遺，于長安與盧綸、獨孤及、錢起等唱和，為大歷十才子之一。后貶為長林丞。德宗貞元初，以水部郎中銜任職于劍南西川節度使韋皋幕府。官終虞部郎中。有集。",false
653,13632,唐詩大辭典 修訂本,"【生卒】：720?—790?
    字文明，一作文初，排行十四，廣平(今河北雞澤東南)人。盧綸表兄。早年曾赴京應試，不第。安史亂起，避地南方。代宗大歷初任洛陽主簿，后入朝為左拾遺。德宗建中年間貶長林縣丞。貞元四年(788)前后，在劍南西川節度使韋皋幕中，官檢校水部郎中，終于虞部郎中。事跡散見《<a href='https://cnkgraph.com/Book/2326' target='_blank'>新唐書·盧綸傳</a>》附、苻載《劍南西川幕府諸公圖贊》、《<a href='https://cnkgraph.com/Book/8464' target='_blank'>極玄集</a>》卷上、《<a href='https://cnkgraph.com/Book/2092' target='_blank'>唐詩紀事</a>》卷三〇、《<a href='https://cnkgraph.com/Book/2071' target='_blank'>唐才子傳</a>》卷四。今人傅璇琮《司空曙考》頗詳備。司空曙工詩，為“大歷十才子”之一。其詩多送別贈答與羈旅漂泊之作，善以樸實真率之詞句表現異鄉流落之感與窮愁失意之情。如“他鄉生白發，舊國見青山”(《賊平后送人北歸》)、“乍見翻疑夢，相悲各問年”(《云陽館與韓紳卿宿別》)、“雨中黃葉樹，燈下白頭人”(《喜外弟盧綸見宿》)等，皆深沉含蓄，歷來稱為警句。長于近體，尤善五律。絕句如《江村即事》、《詠古寺花》、《金陵懷古》，或瀟灑雅淡，或渾厚沉著，亦堪稱佳作。胡震亨譽為“婉雅閑淡，語近性情”(《<a href='https://cnkgraph.com/Book/2088' target='_blank'>唐音癸簽</a>》卷七)。《<a href='https://cnkgraph.com/Book/2326' target='_blank'>新唐書·藝文志四</a>》著錄詩集2卷，《<a href='https://cnkgraph.com/Book/2484' target='_blank'>全唐詩</a>》亦編為2卷。",false
654,13632,唐诗汇评,司空曙（？-约790），字文明，一字文初，广平（今河北永年）人，一说京兆（今陕西西安）人。安史乱起，避难寓居江南。后登进士第，官主簿。大历末，自左拾遗贬长林丞。贞元初佐剑南西川节度使韦皋幕，检校水部郎中。官终虞部郎中。曙乃卢纶表兄，与纶同为“大历十才子”之一。有《司空曙诗集》（一作《司空文明集》）二卷。《<a href='https://cnkgraph.com/Book/2484' target='_blank'>全唐诗</a>》编诗二卷。,false
655,13632,《吴礼部诗话》,司空文明结思尤精。,true
656,13632,《唐才子传》,（司空曙）多结契双林，暗伤流景。寄暕上人诗云：“欲就东林寄一身，尚怜儿女未成人。柴门客去残阳在，药圃虫暄秋雨频。近水方同梅市隐，曝衣多笑阮家贫。深山兰若何时到？羡与闲云作四邻。”闲园即事，高兴可知，属调幽闲，终篇调畅，如新花笑日，不容熏染。锵锵美誉，不亦宜哉！,true
657,13632,《唐诗品》,文明诗气候清华，感赏至到，中唐作者前有继躅，后罕联肩，诵之口吻调利，情意触发，可谓风人之度矣。如“雨（云）白当山雨，风清满峡波”、“澹日非云映，清风似雨馀”，景象依然，模写切至。如“酒杯同寄世，客掉任销年”、“他乡生白发，归国见青山”，情寄宛转，绰有馀思。如“连雁下时秋水在，行人过尽暮烟生”，景物萧然，含思凄惋，虽桓大司马汉南之叹，无是过矣。,true
658,13632,《诗薮》,七言律最难，迄唐世工不数人，人不数篇，初则必简、云卿、廷硕、巨山、延清、道济，盛则新乡、太原、南阳、渤海、驾部、司勋，中则钱、刘、韩、李、皇甫、司空，此外蔑矣。,true
659,13632,《唐音癸签》,司空虞部婉雅闲淡，语近性情，抗衡长文不足，平视茂政兄弟有馀。,true
660,13632,《诗源辨体》,曙五言律如“中散诗传画，将军扇续书”，七言律如“云生客到侵衣湿，花落僧禅覆地多”、“讲席旧逢山鸟至，梵经初向竺僧求”，乃晚唐奇僻之渐，学者所当慎始。,true
661,13632,《近体秋阳》,曙诗清气刻思，著手便不同，似其一逞飘萧，儿将逸正，已而过之，诚中唐之人杰也。,true
662,13632,《大历诗略》,司空文明诗亦以情胜，真到处与卢允言可云鲁、卫。,true
663,13632,《三唐诗品》,其源出于沈、宋，而音思就短，弥近晚唐，在大历十人之中，亚于卢、李。七言稀见，“丝结”一歌，㛹娟赠雅。五言则《分流水》，《关山月》，古情跌宕，清言隽永，足以参孟方王。,true
664,21491,中國歷代人名大辭典,"【介紹】：
唐鄧州南陽人，字君平。玄宗天寶十三載進士。善詩，為大歷十才子之一。侯希逸鎮淄青，辟為從事。府罷，閑居十年。李勉鎮宣武，復辟之。德宗建中初，以駕部郎中知制誥。時有兩韓翃，其一為刺史，宰相請孰與，帝命與詩人韓翃。官終中書舍人。有集。",false
665,21491,唐詩大辭典 修訂本,生卒年不詳。字君平，南陽(今屬河南)人。玄宗天寶十三載(754)登進士第。肅宗寶應元年(762)在淄青節度使侯希逸幕中為從事，檢校金部員外郎。代宗永泰元年(765)侯希逸為部下所逐，韓翃隨之歸朝，在長安閑居10年。大歷九年(774)后，在汴宋節度使幕中任職。德宗建中初(780)因《寒食》詩見賞于德宗，擢為駕部郎中、知制誥，遷中書舍人卒。其與柳氏之愛情故事，盛傳一時，許堯佐撰為傳奇《柳氏傳》，《<a href='https://cnkgraph.com/Book/3403' target='_blank'>本事詩·情感</a>》亦載其事。生平見《<a href='https://cnkgraph.com/Book/2326' target='_blank'>新唐書·盧綸傳</a>》、《<a href='https://cnkgraph.com/Book/8464' target='_blank'>極玄集</a>》卷下、《<a href='https://cnkgraph.com/Book/2071' target='_blank'>唐才子傳</a>》卷四，今人傅璇琮有《關于〈柳氏傳〉與〈本事詩〉所載韓翃事跡考實》。韓翃久在軍幕，其詩多為送別酬贈之作，頗負盛名。高仲武《<a href='https://cnkgraph.com/Book/8463' target='_blank'>中興間氣集</a>》卷上云：“韓員外詩，匠意近于史。興致繁富，一篇一詠，朝士珍之。”翃為“大歷十才子”之一，然詩風富麗華美，異于諸人。五律洗煉清麗，佳句迭見，《酬程延秋夜即事見贈》、《題僧房》、《送故人歸魯》為其名作。七律以技巧圓熟著稱，《送客水路歸陝》、《同題仙游觀》等為大歷七律佳構。古詩《奉送王相公縉赴幽州巡邊》、《送孫潑赴云中》，氣勢沉雄，為大歷邊塞詩之名作。七絕則風華流麗，為中唐名家。《<a href='https://cnkgraph.com/Book/2326' target='_blank'>新唐書·藝文志四</a>》著錄詩集5卷，已佚。明人輯有《韓君平集》。《<a href='https://cnkgraph.com/Book/2484' target='_blank'>全唐詩</a>》存詩3卷。《全唐詩外編》補詩2首。,false
666,21491,唐诗汇评,韩翃，生卒年不详，字君平，南阳（今属河南）人。天宝十三载（754），登进士第。代宗初，入侯希逸淄青幕为从事。希逸被逐，闲居将十年。大历中，入田神功汴宋幕。九年，神功死，弟神玉代为节度，翊仍在幕中。后又佐李希烈、李勉汴州幕。建中初，以《寒食》诗受知于德宗，征为驾部郎中、知制诰。官终中书舍人。翊工诗，为“大历十才子”之一。有《韩翊诗集》五卷。明人重编《韩君平集》八卷行世。《<a href='https://cnkgraph.com/Book/2484' target='_blank'>全唐诗</a>》编诗三卷。,false
667,21491,《中兴间气集》,韩员外诗，匠意近于史，兴致繁富，一篇一咏，朝士珍之，多士之选也。如“星河秋一雁，砧杵夜千家”，又“客衣筒布润，山舍荔枝繁”，又“疏帘看雪卷，深户映花关”，方之前载，芙蓉出水，未足多也。其比兴深于刘员外，筋节成于皇甫冉也。,true
668,21491,《唐诗品》,君平意气清华，才情俱秀，故发调誓拔，节奏琅然，每一篇出，辄相传布，亦雅道之中兴也。七言古作，性情奔会，词采蓊郁，虽格稍不振，而风调弥远，讽其华要，亦足解于烦襟矣。,true
669,21491,《升庵诗话》,唐人评韩翃诗，谓“比兴深于刘长卿，筋节减于皇甫冉”。比兴，景也，筋节，情也。,true
670,21491,《少室山房笔丛》,余谓君平之诗，比兴不深于长卿，筋节不减于皇甫也。,true
671,21491,《诗薮》,中唐钱、刘虽有风味，气骨顿衰，不如所为近体。惟韩翃诸绝最高，如《江南曲》、《宿山中》、《赠张千牛》、《送齐山人》、《寒食》、《调马》，皆可参入初盛间。,true
672,21491,《唐音癸签》,君平高华之句，几夺右丞之席，无奈其使事堆垛堪憎，见珍朝士以此，见侮后进亦以此。,true
673,21491,《诗源辨体》,翃七言绝，后二句多偶对者，藻丽精工，是其特创，晚唐人决不能有也。,true
674,21491,《诗源辨体》,韩七言古艳冶婉媚，乃诗馀之渐。,true
675,21491,《诗辩坻》,君乎长篇，天才逸丽，兴逐笔生，复工染缀，色泽秾妙，在天宝后，文房、仲文俱当却席者也。,true
676,21491,《载酒园诗话又编》,贞元以前人诗多朴重，韩翃在天宝中已有名，其诗始修辞逞态，有风流自赏之意，昌黎曰：“欢愉之辞难工，穷苦之言易好。”独翱反是。其佳句如“寒雨送归千里外，东风沉醉包花前”、“露色点衣孤屿晓，花枝妨帽小园春”、“池畔花深斗鸭栏，桥边雨洗藏鸦柳”、“门外碧潭春洗马，楼前红烛夜迎人”、“急管昼催平乐酒，春衣夜宿杜陵花”，皆豪华逸乐之慨。唯《送李少府入蜀》诗“孤城晚闭秋江上，匹马寒嘶山露中”，稍觉凄然可念。然在集中，亦如九十春光，一朝风雨耳。第姿韵虽增，风气亦渐降。至若“葛花满地能消酒，栀子同心好赠人”……骎骎已入轻靡，为晚唐风调矣。,true
677,21491,《大历诗略》,歌行诸制，笔力不高，而调态新颖动人。诸绝句兴寄或深或浅，具有乐府意。韩舍人翃才调翩翩，大历能品。,true
678,21491,《石园诗话》,韩君平翃七律健丽而对仗天成，七铯亦神情疏畅。“雨馀衫袖冷，风急马蹄轻”，“星河秋一雁，砧杵夜千家”、“鸣磬夕阳尽，卷帘秋色来”、“万叶秋声里，千家落照时”，为五言佳句。如“小县春生日，公孙吏隐时”、“远水流春色，回风送落晖”、“过淮芳草歇，千里又东归”、“县舍江去里，心闲境又偏”、“还家不落春风后”、“白晳风流似有须”、皆工于发端。,true
679,21491,《三唐诗品》,其源出于谢元晖，泛艳轻华，已无深致。歌行法初唐之体，亦能卷舒命匠，经纬成机。律体自亚李、卢，犹称芳润。,true
680,21491,词学图录,韩翃，字君平。南阳人。官至中书舍人。大历十才子之一。有《韩君平诗集》。其爱姬柳氏乱离中曾被番奖沙叱利所夺，因作《章台柳》词赠姬，姬和《杨柳枝》，附韩诗集中。,false
681,21491,全唐诗补逸,韩翃字君平，南阳人。天宝十三载杨纮榜进士。其诗兴致繁富，人谓如芙蓉出水云。补诗二首。,false
682,21491,全唐文,翃字君平。南陽人。侯希逸在淄青。李勉在宣武。皆辟佐幕府。後以駕部郎中知制誥。終中書舍人。,false
683,21659,中國歷代人名大辭典,"【介紹】：
唐蘇州人，字逋翁。肅宗至德二載進士。善為歌詩，工畫山水。初為韓混江南判官。德宗時，柳渾輔政，薦為秘書郎。素善于李泌，師事之，得其服氣之法。及泌相，自謂當得達官，久之，遷著作郎，心不樂，求歸于吳。及泌卒，作《海鷗詠》嘲誚權貴，大為所嫉。德宗貞元五年被憲司劾貶饒州司戶，遂全家去，隱茅山，自稱華陽山人。有《<a href='https://cnkgraph.com/Book/1191' target='_blank'>華陽集</a>》。",false
684,21659,唐詩大辭典 修訂本,"【生卒】：727?—816?
    字逋翁，號華陽山人，又號悲翁，排行十二，蘇州海鹽(今浙江海鹽)人。曾求知新亭監，監在鹽官(即海鹽)海濱，見《<a href='https://cnkgraph.com/Book/7994' target='_blank'>尚書故實</a>》。肅宗至德二載(757)進士及第。代宗大歷八、九年(773、774)于永嘉一帶任度支鹽鐵轉運使府下屬官；十年，曾至江西，與李泌、柳渾交往，吟詠自適。德宗建中二年(781)至貞元二年(786)，在鎮海軍節度使韓滉幕下任判官。后隨韓滉入朝，為大理寺司直。貞元三年，柳渾輔政，顧為校書郎；李泌繼入，遷為著作郎(一說著作佐郎)。貞元五年(789)，柳、李相繼去世，顧乃為眾所排，貶為饒州司戶參軍。途經蘇州、杭州、睦州、信州，與當地刺史韋應物、房孺復、韋儹、劉太真相唱和。貞元十年返蘇州，定居茅山。曾來往湖州、揚州、宣州、嘉興、常熟等地，約卒于憲宗元和十一年(816)。生平事跡見皇甫湜《唐故著作佐郎顧況集序》、《<a href='https://cnkgraph.com/Book/2425' target='_blank'>舊唐書·李泌傳</a>》附《顧況傳》。顧況視詩歌為“理亂之所經，王化之所興”，反對徒求文采之麗。所作《上古之什補亡訓傳十三章》，開白居易新樂府先聲。張為《<a href='https://cnkgraph.com/Book/14705' target='_blank'>詩人主客圖</a>》以白居易為廣大教化主，列顧況為升堂。其詩頗有縱橫奇詭之作，皇甫湜言其“逸歌長句，駿發踔厲，往往若穿天心，出月脅，意外驚人語非尋常所能及”(《顧況集序》)。有明刻本《<a href='https://cnkgraph.com/Book/1191' target='_blank'>華陽集</a>》，內詩賦2卷、文1卷。又《唐詩百名家全集》有《顧逋翁詩集》4卷。今人王啟興、張虹有《顧況詩注》。《<a href='https://cnkgraph.com/Book/2484' target='_blank'>全唐詩</a>》存詩4卷，《全唐詩外編》及《全唐詩續拾》補4首，斷句2。",false
685,21659,唐诗汇评,顾况（约727-820），字逋翁，自号华阳山人。云阳（今江苏丹阳）人，亦称苏州（今属江苏）人，或海盐（今属浙江）人。至德二载，登进士第。尝求知新亭监，又为盐铁从事，大历中粜盐温州。建中中，以大理司直为润州节度使韩滉判官。与李泌、柳浑善，贞元三年，柳浑为相，荐为秘书郎。李泌为相，转著作佐郎。五年，泌卒，况作《海鸥咏》嘲诮权贵，贬饶州司户。后归吴，隐于茅山，卒年九十馀。有《顾况集》二十卷，己佚。后人辑有《顾华阳集》三卷行世。《<a href='https://cnkgraph.com/Book/2484' target='_blank'>全唐诗</a>》编诗四卷。,false
686,21659,皇甫湜《唐故著作佐郎顾况集序》,吴中山泉，气状英淑怪丽……君出其中间，翕轻清以为性，结冷汰以为质，煦鲜荣以为词。偏于逸歌氏句，骏发踔厉，往往若穿天心，出月胁，意外惊人语非寻常所能及，最为快也。李白、杜甫已死，非君将谁与欤？,true
687,21659,《唐国史补》,吴人顾况：词句清绝，杂之以诙谐，尤多轻薄。为著作郎，傲毁朝列，贬死江南。,true
688,21659,《南部新书》,顾况志尚疏逸，近于方外。时辈招以好官，况以诗答之曰：“四海如今已太平，相公何用唤狂生？此身还侣笼中鹤，东望瀛洲叫一声。”,true
689,21659,《沧浪诗话》,顾况诗多在元、白之上，稍有盛唐风骨处。,true
690,21659,《唐诗品》,况诗天才不足，而问辩有馀，虽有骨气，殊乏风采。其《补亡》诸诗，颇有流调可讽，然词旨不圆，终违机悟。晚居华山，自号华阳真逸。今观其诗，类非裁谢风尘，超脱凡径，此岂感贶于山灵者耶！,true
691,21659,《诗薮》,唐人诸古体，四言无论，为骚者太白外，王维、顾况二家，皆意浅格卑，相去千里。,true
692,21659,《大历诗略》,逋翁乐府歌行多奇趣，拟之青莲近似，但无逸气耳……其稍平正可法者却高。,true
693,21659,《石洲诗话》,顾逋翁歌行，邪门外道，直不入格。,true
694,21659,查世沣《重刻顾华阳集序》,观其气度之磊落，诗笔之骏发踔厉，语必惊人，正孔门中狂者，故自称狂生。翁尝称皇甫堤为扬雄、孟某，翁即杨雄、孟某矣。其祭陆端公文曰：“有书满屋，与人共分，破富为贫，好事日闻。”何胸次之豁达开朗如是也！翁盖自写其郁抑不平之气，借友人为杯酒耳，非狂者而能作如是语乎？,true
695,21659,贺桂龄《重订顾华阳集序》,其文体与顾亭林先生有间，而骨力之苍雄、志气之豪迈，踔厉峻发，不可一世。,true
696,21659,《三唐诗品》,其源出于汤惠休，幽永善怀，如层波叠藻，虽渊澜未阔，而芳润相因。行路悲歌，扣乐府之噤喉，傅齐梁之粉泽，六朝香草，犹胜晚季风华。,true
697,21659,《诗学渊源》,况乐府歌行颇著于时。其杂曲长短句以体质自高，微伤于直率。《补亡》、《拟古》诸作，犹落言诠。间作绝句宫词，则殊不减王建，然已逗晚唐之先。其乐府则齐梁也。,true
698,21659,词学图录,顾况(727-815)，字逋翁，苏州人，与元结同时而略晚，亦新乐府作者。有《竹枝》等词。,false
699,21659,全唐诗补逸,顾况字逋翁，海盐人。补诗一首。,false
700,21659,黄鹤楼志,顾况（约727—约820） 唐代诗人。字逋翁，号华阳山人，晚年自号悲翁。苏州海盐（今属浙江）人。至德二年（757）进士，历官润州刺史、镇海军节度使幕府判官、著作佐郎，贬饶州司户参军。善画，著《画评》一卷，已佚。《<a href='https://cnkgraph.com/Book/2484' target='_blank'>全唐诗</a>》存其诗四卷，《<a href='https://cnkgraph.com/Book/3378' target='_blank'>全唐文</a>》存其文三卷。有《<a href='https://cnkgraph.com/Book/1191' target='_blank'>华阳集</a>》。曾在黄鹤楼游赏，作诗《黄鹄楼歌送独孤助》送别故人，“鄂州杂诗碑”录存该诗。,false
701,21659,全唐文,况字逋翁。蘇州人。至德二年進士。以校書郎徵。遷著作郎。貶饒州司戶參軍。,false
702,15243,中國歷代人名大辭典,"【生卒】：732—789
【介紹】：
唐潤州金壇人，字幼公，一作次公。為蕭穎士弟子，工詩，以文辭著。代宗大歷中，曾應劉晏召，于鹽鐵轉運使府中任職。德宗建中中，曹王李皋領湖南觀察使、江西節度使，叔倫入其幕府。皋征李希烈，留叔倫領府事，試守撫州刺史。民歲爭灌溉，為作均水法，一郡便之。貞元四年，遷容州刺史，兼御史中丞、容管經略使，威名流聞。次年，上表請為道士，旋卒。有集。",false
703,15243,唐詩大辭典 修訂本,"【生卒】：732—789
    字幼公，一作次公，又作名融，字叔倫。郡望譙國(今安徽亳州)，籍貫潤州金壇(今江蘇金壇)。少從蕭穎士學，有才名。安史亂起，避地江西鄱陽。代宗初，由劉晏薦為秘書省正字，入其鹽鐵轉運使幕。由廣文博士轉監察御史里行。大歷初，任湖南轉運留后，至大歷末調河南轉運留后。德宗建中元年(780)出為東陽縣令，四年入江西節度使李皋幕任判官。興元元年(784)守撫州刺史，翌年封譙縣開國男。貞元二年(786)辭官還鄉，四年復起家授容州(今廣西容縣)刺史、容管經略使、兼御史中丞。故后人稱為戴容州。翌年因病受代，卒于道。生平事跡見權德輿撰《墓志銘》、梁肅撰《神道碑》(見《重修戴氏宗譜》)、《<a href='https://cnkgraph.com/Book/2326' target='_blank'>新唐書</a>》本傳、《<a href='https://cnkgraph.com/Book/2071' target='_blank'>唐才子傳</a>》卷五。今人傅璇琮有《戴叔倫的事跡系年及作品的真偽考辨》。蔣寅有《戴叔倫簡譜》。叔倫著有詩論，曾編選唐詩(今均不傳)，在詩歌體裁上有多方面探索。《女耕田行》上承杜甫傳統，下啟新樂府詩人。五律《除夜宿石頭驛》、《客夜與故人偶集》等，寄深慨于平易之中，意達詞暢，感人至深。絕句《過三閭廟》、《關山月》等融情入景，含蓄有味。其題材、風格、手法均體現出唐詩由盛轉中之脈絡。故胡應麟以為濫觴晚唐者“戴叔倫尤甚”(《<a href='https://cnkgraph.com/Book/6663' target='_blank'>詩藪</a>》內編卷四)。《<a href='https://cnkgraph.com/Book/876' target='_blank'>郡齋讀書志</a>》著錄《述稿》10卷、《書狀》1卷、詩1卷，已佚。明人輯有詩集2卷，其中多竄入他人詩。整理本有蔣寅《戴叔倫詩集校注》。《<a href='https://cnkgraph.com/Book/2484' target='_blank'>全唐詩</a>》仍編叔倫詩為2卷。《全唐詩續拾》補詩1首，斷句2，存目4首。",false
704,15243,唐诗汇评,戴叔伦（732-789），字次公，一作幼公，润州金坛（今江苏金坛）人。少师萧颖士。至德末，避兵乱居鄱阳。刘晏表授秘书正字，迁广文博士。大历中，晏掌财赋，以叔伦为监察御史，主湖南转运。建中初，出补东阳令。嗣曹王李皋镇湖南、江西，辟为从事，由大理司直迁殿中侍御史。后检校礼部郎中，兼侍御史。贞元初，官抚州刺史，后遇谤被代。贞元四年，起为容管经略使，次年，罢任北返，卒于道。有《述稿》十卷，已佚。明人辑有《戴叔伦集》。《<a href='https://cnkgraph.com/Book/2484' target='_blank'>全唐诗</a>》编诗二卷，其中除与唐方干等人诗重出外，尚大量羼入宋王安石、周瑞臣、元丁鹤年、明刘崧、张以宁、汪广洋、刘绩等人作品。,false
705,15243,《中兴间气集》,叔伦之为人，温雅善举止，无贤与不肖，见皆尽心。……其诗体格虽不越中（格），然“廨宇经山火，公田没海潮”，亦指事造形。其骨稍软，故诗家少之。,true
706,15243,《石林诗话》,司空图记戴叔伦语云：“诗人之词，如蓝田日暖，良玉生烟。”亦是形似之微妙者，但学者不能味其言耳。,true
707,15243,《唐才子传》,工诗……诗兴悠远，每作惊人。,true
708,15243,《唐诗品》,幼公未致羽仪之节，早收兰玉之誉，修辞合节，精研太始，亦可谓难士矣。夫太始之音，词以情胜，音以调谐。幼公情旨馀旷，而调颇促急，要之含气未融，心无流润，故虽工于斫炼，而寡于华要矣。,true
709,15243,《批点唐音》,幼公以下，说情渐细。格律之累，正坐此境。,true
710,15243,《唐诗别裁集》,高仲武谓叔伦骨气稍轻，晁公武谓唐史不称其能诗，正以少其绵弱。然尔时诗格日卑，幼公已云矫矫，愚不能人云亦云也。,true
711,15243,《大历诗略》,大历五言皆纡而不迫，幼公后出，气调为小变，顾情来之作，有不自知其然者。,true
712,15243,《石洲诗话》,容州七古，皮松肌软，此又在钱、刘诸公下矣。,true
713,15243,《石洲诗话》,戴容州尝拈“蓝田日暖，良玉生烟”之语以论诗，而其所自作，殊平易浅薄，实不可解。,true
714,15243,《三唐诗品》,其源出于沈休文，选韵笙和，谐音玉节，清歌平调，亦复睦耳关神。七言古风，如月林虚籁，晴霄霞绮，自然清丽，不杂微尘。五律高言壮阔，情语婉绵，在孟襄阳、刘随州之亚。,true
715,15243,《诗学渊源》,诗清新典雅，而不涉秾纤。乐府如《巫山高》等篇，颇似长吉。,true
716,15243,词学图录,戴叔伦（732-789） 字幼公，一作次公。金坛（今属江苏）人。有《戴叔伦集》，词存《调笑令·边草》一首。,false
717,15243,全唐文,叔倫字幼公。潤州金壇人。釋褐祕書省正字。累官祠部郎中。拜撫州刺史。封譙縣男。遷容管經畧使。貞元五年卒。年五十八。,false
718,16967,中國歷代人名大辭典,"【介紹】：
唐趙州人。登進士第。工詩，為大歷十才子之一。自校書郎移疾江南，授杭州司馬。有詩集。",false
719,16967,唐詩大辭典 修訂本,"【生卒】：?—785?
    字正己，排行二，趙州(今河北趙縣)人。李嘉祐從侄。少時慕神仙，曾居嵩山學道。代宗大歷五年(770)登進士第，授秘書省校書郎。後因病辭官，居終南山草堂寺。德宗建中年間出為杭州司馬，不知所終。生平見《<a href='https://cnkgraph.com/Book/2425' target='_blank'>舊唐書·李虞仲傳</a>》附、《<a href='https://cnkgraph.com/Book/2071' target='_blank'>唐才子傳</a>》卷四。今人傅璇琮有《李端考》。端為“大歷十才子”之一，才思敏捷，曾在駙馬郭曖筵上立成七律二首，人以為宿構(《國史補》卷上)。其詩多酬贈送行之作，感嘆身世，又多出世之思，情調低沉，然遣詞造語洗練灑脫，有俊逸之氣。十才子多以五律見長，李端兼擅七言歌行，《贈康洽》、《胡騰兒》、《瘦馬行》等篇頗得李頎神韻。《聽箏》、《拜新月》生動傳神，廣為傳誦。喬億以為端詩“思致彌清，徑陌迥別，品第在盧允言、司空文明之上”(《大歷詩略》卷四)。《<a href='https://cnkgraph.com/Book/2326' target='_blank'>新唐書·藝文志四</a>》著錄其詩3卷。《<a href='https://cnkgraph.com/Book/2484' target='_blank'>全唐詩</a>》存詩3卷，《全唐詩外編》及《全唐詩續拾》補詩1首、斷句4。",false
720,16967,唐诗汇评,李端，生年年不详，赵州（今河北赵县）人。李嘉祐从侄。大历五年（770）登进士第，授秘书省校书郎。以病辞官，居终南山草堂寺。出为杭州司马。卒于建中、贞元之标。端为诗工捷，为“大历十才子”之一。有《李端诗集》三卷。《<a href='https://cnkgraph.com/Book/2484' target='_blank'>全唐诗</a>》编诗三卷。,false
721,16967,《唐诗品》,李生养望未隆，含声亟发，词华既艳，节调亦谐。今观郑（赠）都尉二首，迥驾时髦，绰有风人之旨，始疑终信，无怪人然。其在大历诸子，置列最微，数分亦薄，而声望遽华，几与允言相并，虽坎䌰江外，亦复慕于中朝矣。,true
722,16967,《唐音癸签》,李司马端任胸多疏，七字俊语亮节，开口欲佳，故当以捷成表长。,true
723,16967,《载酒园诗话又编》,初读李端集，苦于平熟，遇其时一作态，即新警可喜。……但细观之，终有折腰龋齿之态，暂见则妍，效颦即丑。李诗自有正大时佳者，如《雪夜寻太白道士》：“出游居鹤上，避祸入羊中”，不在摩诘“饮人聊割酒，送客乍分风”之下。《瘦马行》颇有少陵之遗。《杂歌》长篇，宛似太白，中曰：“酒沽千日人不醉，琴弄一弦心已悲。”最为警策。,true
724,16967,《近体秋阳》,中唐自刘、钱主风会，专务闲雅，不理奇杰，不咨高深，漠漠数十年。二皇甫差强人意，然诗不多。至端而翩然遒上，如《山下泉》、《过宋州》，奇逸高空，一时绝调，七言尤妙。庶几司空曙得相与颉颃，顾至于七言，则又远不逮是矣。,true
725,16967,《大历诗略》,李司马正己思致弥清，径陌迥别，品第在卢允音、司空文明上。,true
726,16967,《唐诗笺注》,李端写景极清幽，而意味却少。,true
727,17561,中國歷代人名大辭典,"【介紹】：
唐河東解人，名談，以字行。柳宗元族叔。有文名。蕭穎士愛其才，以女妻之。與李端、張芬友善唱酬。仕為洪府戶曹參軍。",false
728,17561,唐詩大辭典 修訂本,生卒年不詳。名淡(以避武宗諱，書作澹)，以字行，河東(今山西永濟西)人。為柳宗元族人，與弟中行皆有文名(見柳宗元《先君石表陰先友記》)。蕭穎士愛其才，以女妻之(見《<a href='https://cnkgraph.com/Book/2326' target='_blank'>新唐書·文藝中·柳并傳</a>》)。曾授洪州戶曹掾，不就。早亡。與李端為詩友。生平事跡散見《<a href='https://cnkgraph.com/Book/16887' target='_blank'>因話錄</a>》卷三、《<a href='https://cnkgraph.com/Book/2092' target='_blank'>唐詩紀事</a>》卷三一、岑仲勉《元和姓纂四校記》卷七。《<a href='https://cnkgraph.com/Book/2484' target='_blank'>全唐詩</a>》存詩13首。,false
729,17561,唐诗汇评,柳中庸（？-775），名淡，以字行。京兆（今陕西西安）人，郡望河东解县（今山西永济）。柳宗元族叔。幼善属文，学通百氏，与兄并、弟中行均有文名。受学于萧颖士，颖士爱其才，以女妻之。中庸淡于名利，曾诏授洪府户曹，不就。与陆羽、皎然等交厚。《<a href='https://cnkgraph.com/Book/2484' target='_blank'>全唐诗</a>》存诗十三首。,false
730,17561,《唐诗纪事》,中庸，子厚之族，御史并之弟也。与弟中行，皆有文名，咸为官早死。,true
731,17561,《大历诗略》,此公七绝，亦体源于乐府，微嫌笔头太重，无轩轩霞举意。而五言轻艳，殆不减梁、陈间人。,true
732,21277,中國歷代人名大辭典,"【生卒】：737—791?
【介紹】：
唐京兆萬年人。韋待價曾孫。初以三衛郎事玄宗，后折節讀書，肅宗時入太學。代宗永泰中，為洛陽丞，遷京兆府功曹。德宗建中二年，累除比部員外郎，出為滁州刺史，尋改江州刺史，追赴闕，遷左司郎中。貞元初，復出為蘇州刺史，世稱韋蘇州。后罷居蘇州永定寺，齋心屏除人事。工詩，與顧況、劉長卿等相酬唱。與王維、孟浩然、柳宗元合稱“王孟韋柳”，或與陶淵明合稱“陶韋”。有集。",false
733,21277,唐詩大辭典 修訂本,"【生卒】：737—792?
    京兆萬年(今陝西西安)人。排行十九。曾任左司郎中，人稱韋左司；又曾任江州刺史、蘇州刺史，人稱韋江州、韋蘇州。出身關中望族，玄宗天寶十載(751)以門資恩蔭入宮為三衛郎，頗任俠負氣。十五載六月，安史叛軍進長安，失職流落。肅宗乾元元年(758)進太學，折節讀書。代宗廣德元年(763)為洛陽丞，剛直為政，鞭笞軍騎，見訟于居守，永泰二年(766)罷任。曾東游淮海，經淮陰、寶應等地，抵廣陵。大歷九年(774)為京兆府功曹。不久，攝高陵宰、轉鄠縣令。十四年轉櫟陽令，即因疾辭歸，居灃水北岸善福寺，又稱西齋，曾編成《灃上西齋吟稿》數卷(見王欽臣《韋蘇州集序》)。德宗建中二年(781)任尚書比部員外郎。四年出為滁州刺史，旋即罷任，閑居滁州西澗。貞元元年(785)任江州刺史。三年入朝為左司郎中，次年出為蘇州刺史。六年罷任，寓居蘇州城外永定寺。約于貞元八年(792)卒于蘇州。一說文宗大和(827—835)中，尚以太僕少卿兼御史中丞，為諸道鹽鐵轉運江淮留后(見沈作喆《補韋刺史傳》)，葉夢得、錢大昕、余嘉錫等已辨其非。生平見宋王欽臣《韋蘇州集序》、姚寬《<a href='https://cnkgraph.com/Book/7975' target='_blank'>西溪叢語</a>》卷下、沈作喆《補韋刺史傳》。近人萬曼有《韋應物傳》、孫望有《韋應物事跡考略》、傅璇琮有《韋應物系年考證》。韋應物秉性高潔，其詩淡遠清瑟，人比之陶潛。《四庫全書總目提要》稱韋詩“源出于陶而镕化于三謝，故真而不樸，華而不綺”。長于五言，“高雅閑淡，自成一家體”(白居易《與元九書》)。其“歌行，才麗之外，頗近興諷”(同上)，劉熙載亦云：“韋蘇州憂民之意如元道州。”(《藝概·詩概》)《<a href='https://cnkgraph.com/Book/2484' target='_blank'>全唐詩</a>》存詩10卷，《全唐詩外編》及《全唐詩續拾》補4首。通行之詩集有四部叢刊本《韋刺史詩集》10卷附錄1卷，叢書集成初編本《韋蘇州集校正拾遺》1卷(清盧文弨編校)。注本有陶敏、王友勝《韋應物集校注》。",false
734,21277,唐诗汇评,韦应物（约737-约792），京兆万年（今陕西西安）人。天宝末，为玄宗三卫近侍，时年十五，颇任侠负气。后入太学，折节读书。广德中，任洛阳丞，被讼，弃官闲居。大历中，任京兆府功曹，摄高陵令，又历鄠县、栎阳二令。建中中，除比部员外郎，出为滁州刺史。贞元元年，转江州刺史。三年，入为左司郎中，出守苏州，卒。世称韦江州、韦左司或韦苏州。应物工诗，五言诗高雅闲淡，自成一家之体。有《韦应物诗集》十卷。北宋王钦臣重加校定编次，仍为十卷，題《<a href='https://cnkgraph.com/Book/1188' target='_blank'>韦苏州集</a>》，行于世。《<a href='https://cnkgraph.com/Book/2484' target='_blank'>全唐诗</a>》编其诗为十卷。,false
735,21277,李肇《国史补》,韦应物立性高洁，鲜食寡欲，所至焚番扫地而坐。其为诗驰骤建安以还，各得其风韵。,true
736,21277,白居易《与元九书》,韦苏州歌行，才丽之外、颇近兴讽。其五言诗又高雅闲澹，自成一家之体。今之秉笔者谁能及之？,true
737,21277,苏轼《书黄子思诗集后》,李、杜之后，诗人继出，虽间有远韵，而才不逮意。独韦应物、柳宗元发纤秾于简古，寄至味于澹泊，非馀子所及也。,true
738,21277,《临汉隐居诗话》,韦应物占诗胜律诗，李德裕、武元衡律诗胜古诗，五字句又胜七字。张籍、王建诗格极相似，李益古、律诗相称，然皆非应物之比也。,true
739,21277,《后山诗话》,右丞、苏州，皆学于陶、王，得其自在。,true
740,21277,《蔡宽夫诗话》,苏州诗律深妙，白乐天辈固皆尊称之，而行事略不见唐史为可恨。以其诗语观之，其人物亦当高胜不凡。,true
741,21277,《蔡百衲诗评》,韦苏州诗如浑金璞玉，不假雕琢成妍，唐人有不能到。至其过处，大似村寺高僧，奈时有野态。,true
742,21277,《陵阳室中语》,韦苏州……诗清深妙丽，虽唐诗人之盛，亦少其比。,true
743,21277,《童蒙诗训》,徐师川言：人言苏州诗，多言其古淡，乃是不知言苏州诗。李、杜以来，古人诗法尽废，惟苏州有六朝风致，最为流丽。,true
744,21277,《岁寒堂诗话》,韦苏州诗，韵高而气清。王右丞诗，格老而味长。虽皆五言之宗匠，然互有得失，不无优劣。以标韵观之，右丞远不逮苏州，至于词不迫切而味甚长，虽苏州亦所不及也。,true
745,21277,《郡斋读书志》,诗律自沈、宋以后，日益靡曼，锼章刻句，揣合浮切，虽音韵婉谐，属对丽密，而娴雅平淡之气不存矣，独应物之诗驰骤建安以还，得其风格云。,true
746,21277,《清邃阁论诗》,其诗无一字做作，直是自在，其气象近道，意常爱之。问比陶如何？曰：陶却是有力，但语健而意闲。隐者多是带气负性之人为之，陶却有为而不能者也，又好名；韦则自在，其诗直有做不着处便倒塌了底。,true
747,21277,《清邃阁论诗》,韦苏州诗高于王维、孟浩然诸人，以其无声色臭味也。,true
748,21277,《臞翁诗评》,韦苏州如园客独茧，暗合音徽。,true
749,21277,《后村诗话》,韦诗律深妙，流出肝肺，非学力所可到也。,true
750,21277,《王孟诗评》,韦应物居官自愧，闵闵有恤人之心，其诗如深山采药，饮泉坐石，日晏忘归。孟浩然如访梅问柳，偏入幽寺。二人意趣相似，然入处不同。韦诗润者如石；孟诗如雪，里淡无彩色，不免有轻盈之意。诵韦苏州一二语，髙处有山泉极品之味。,true
751,21277,《唐诗品》,苏州诗气象清华，同端闲雅，其源出于靖节，而深沉顿郁，又曹、谢之变也。唐人作古调，虽各有门户，要之律体方精，弥多附寄，而专业之流鲜矣。苏州独骋长轡，大窥曩代，而又去其拘挛补衲之病，盖一大家也。当时词流秾郁、感荡成波，其视苏州淡泊无文，未淹高听，而大羹幺味，足配元英。虽不足以嬉春弄物，要之心灵跨俗，自致上列，不与浊此争长矣。,true
752,21277,《四友斋丛说》,左司性情闲远，最近风雅，其恬淡之趣，不减陶靖节。唐人中，五言古诗有陶、谢遗韵者，独左司一人。,true
753,21277,《诗薮》,苏州五言古优入盛唐，近体婉约有致，然自适大历声口，与王、孟稍有不同。,true
754,21277,《唐诗归》,钟云：韦苏州等诗，胸中腕中，皆先有一段真至深永之趣，落笔肖然清妙，非专以浅淡拟陶者。世人误认陶诗作浅淡，所以不知节诗也。谭云：总是“清”之一字，要有来历、不读书不深思人。侥幸假借不得。,true
755,21277,《诗镜总论》,诗之所贵者，色与韵而已矣。韦苏州诗，有色有韵，吐秀含芳，不必渊明之深情，康乐之灵悟，而已自佳矣。,true
756,21277,《诗镜总论》,盈盈秋水，淡淡春山，将韦诗陈对其间，自觉形神无间。,true
757,21277,《诗源辨体》,唐人五言古气象宏远，惟韦应物、柳子厚。其源出于渊明，以萧散冲淡为主。然要其归，乃唐体之小偏，亦犹孔门视伯夷也。,true
758,21277,《诗源辨体》,韦、柳五言古，犹摩诘五言绝，意趣幽玄，妙在文字之外。,true
759,21277,《诗源辨体》,应物之诗，较子厚虽精密弗如，然其句亦自有法，故其五言古短篇仄韵最工；七言古既多矫逸，而劲峭独出。乃知二公是由工入微，非若渊明平淡出于自然也。,true
760,21277,《诗源辨体》,东坡云：“柳子厚诗在渊明下、韦苏州上”。朱子云：“韦苏州高于王维、孟浩然诸人，以其无声色臭味也。”愚按：韦、柳虽由工入微，然应物入微而不见工，子厚虽入微，而经纬绵密，其功自见。故白唐人而论，是柳胜韦；由渊明而论，是韦胜柳。,true
761,21277,《诗源辨体》,六朝五言，谢灵运俳偶雕刻，正非流丽。玄晖虽稍见流丽，而声渐入律，语渐绮靡，遂成杂体，若应物，萧散冲淡，较六朝更自迥別。,true
762,21277,《诗源辨体》,应物五七言律绝，萧散冲淡。与五言古相类，然所称则在占也。,true
763,21277,《同上》,韦于五言古，汉晋之大宗也。俯视诸子，要当以儿孙畜之，不足以充其衙官之位。其安顿位置，有所吝留，有所挥斥。其吝留者必流俗之挥斥，其挥斥者必流俗之吝留，岂其以摆脱自异哉！吟咏家唯于此千锻百炼，如《考工记》所称五气俱尽、金锡融浃者，方可望作者肩背。,true
764,21277,《唐律消夏录》,唐诗之修闲澄澹，韦公为独至。五言古律二体。读之每令人作登仙入佛想。,true
765,21277,《载酒园诗话又编》,韦诗皆以平心静气出之，故多近于有道之言。,true
766,21277,《载酒园诗话又编》,韦诗诚佳，但观刘须溪细评，亦太钻皮出羽。唯云“韦诗润者如石，孟诗如雪，虽淡无釆色，不免有轻盈之意”，比喻尚好。至谓二人意趣相似，则又不然。“自顾躬耕者，才非管乐俦。闻君荐草泽，从此泛沧洲”，自是隐士高尚之言。“促戚下可哀，宽政身致患。日夕思自退，出门望故山”，自是循吏倦还之语。原不同床，何论各梦！宋人又多以韦、柳并称，余细观其诗，亦甚相悬。韦无造作之烦，柳极锻炼之力。韦真有旷达之怀，柳终带排遣之意。诗为心声，自不可强。,true
767,21277,《分甘馀话》,东坡谓“柳泖州诗，在陶彭泽下，韦苏州上。”此言误矣。余更其语曰：韦诗在陶彭泽下，柳柳州上。余昔在扬州作论诗绝句，有云：“风怀澄澹推韦柳，佳处多从五字求。解识无声弦指妙，柳州那得并苏州！”又常谓：陶如佛语，韦如菩萨语，王右丞如祖师语也。,true
768,21277,《唐音审体》,昔人谓韦与王、孟鼎立为三，以其皆近陶体也，冯复京曰：韦公本有六朝浓丽之意，而澄之为唐调，突过唐人之上。,true
769,21277,《剑溪说诗又编》,韦诗不唯古澹，兼以静胜。古澹可儿，静非澄怀观道不可能也。,true
770,21277,《剑溪说诗又编》,诗中有画，不若诗中有人。左司高于右丞以此。,true
771,21277,《四库全书总目》,其诗七言不如五言，近体不如古体，五言古体源出于陶，而熔化于三谢。故真而不朴，华而不绮。但以为步趋柴桑，未为得实。如“乔木生夏凉，流云叶华月”，陶诗安有是格耶？,true
772,21277,《石洲诗话》,王孟诸公，虽极超诣，然其妙处，似犹可得以言语形容之。独至韦苏州，则其奇妙全在淡处，实无迹可求。,true
773,21277,《岘傭说诗》,后人学陶，以韦公为最深，盖其襟怀澄澹，有以契之也。,true
774,21277,《三唐诗品》,其源出于渊明，在当时已定论，唯其志洁神疏，故能淡言造古。《拟古》十二篇，虽未远迹陶公，亦得近裁白傅。乃如“画寝清香”、“郡斋夜雨”，琅然疏秀，有杂仙心。至若“乔木生夏凉，流云吐华月”，亦复自然作妙，不假雕饰之功。唯气格未遒，视古微疑涣散。,true
775,21277,《诗学渊源》,其诗闲淡简远，人比之陶潜，虽或过当，而其《拟古》之作，寝几于《十九首》；效陶一体，亦极冲淡之怀，但微嫌着迹耳，着迹则近于刻画矣。然当此之时，高古旷达，殊无出其右者。,true
776,21277,《诗境浅说》,五律中有高唱入云，风华掩映，而见意不多者，韦诗其上选也。,true
777,21277,词学图录,"韦应物（737-约791） 京兆长安人。少年时以三卫郎事玄宗，豪横放浪。安史乱起，流落失职，始立志读书，后中进士，为江州刺史、左司郎中、苏州刺史、故称韦江州、韦左司、韦苏州。著名山水田园诗人，后人每以""王孟韦柳""并称，东坡有""乐天长短三千首，却爱韦郎五字诗""之句。今传有10卷本《韦江州集》，2卷本《韦苏州诗集》、10卷本 《<a href='https://cnkgraph.com/Book/1188' target='_blank'>韦苏州集</a>》。散文存一篇。词存四首，见《<a href='https://cnkgraph.com/Book/8600' target='_blank'>尊前集</a>》。",false
778,21277,全唐诗补逸,韦应物，京兆长安人。生开元二十五年。少以三卫郎事明皇。乾元间为太学生，始折节读书。永泰中为洛阳丞。大历间历仕京兆府功曹参军。十四年，自鄠县令制除栎阳令，以疾辞不就。建中中拜尚书比部员外郎，出为滁州刺史。调江州。追赴阙，改左司郎中。复出为苏州刺史。约卒于贞元九年。其诗閒澹简远，人比之陶潜，称陶韦云。补诗一首。,false
779,21277,全唐文,應物。京兆長安人。少以三衞郎事元宗。永泰中授京兆功曹。遷洛陽丞。大歷中授鄠令。建中三年拜比部員外郎。出為滁州刺史。調江州。改左司郎中。後出為蘇州刺史。,false
780,15634,中國歷代人名大辭典,"【生卒】：?—約779
【介紹】：
唐襄州人。字懿孫。天寶十二載登進士第。安史亂起，避地吳越。大歷初入京官侍御。后以檢校祠部員外郎充轉運判官，分掌財賦于洪州。詩多登臨紀行之作，清遠自然，不事雕琢。《楓橋夜泊》最為著名。有《張祠部詩集》。",false
781,15634,唐詩大辭典 修訂本,生卒年不詳。字懿孫，排行二十。籍貫襄州(今湖北襄樊)，郡望則為南陽(今屬河南)。天寶十二載(753)進士及第。安史之亂起，張繼在吳越游歷，其淹留會稽當在肅宗至德二載(757)頃。代宗大歷四、五年(769、770)，西上武昌。大歷末檢校祠部員外郎，分掌財賦于洪州。據劉長卿《哭張員外繼詩》自注，張繼與夫人“相次沒于洪州”，確年無考。事跡散見《<a href='https://cnkgraph.com/Book/2326' target='_blank'>新唐書·藝文志四</a>》、《<a href='https://cnkgraph.com/Book/2092' target='_blank'>唐詩紀事</a>》卷二五、《<a href='https://cnkgraph.com/Book/2071' target='_blank'>唐才子傳</a>》卷三。高仲武謂張繼“詩體清迥”“比興深矣”，概觀高仲武《<a href='https://cnkgraph.com/Book/8463' target='_blank'>中興間氣集</a>》卷下所選張繼3詩及《<a href='https://cnkgraph.com/Book/371' target='_blank'>唐詩品匯</a>》所選近10首詩，此評不為無據。《楓橋夜泊》一詩，尤傳誦千古。今人周義敢有《張繼詩注》。《<a href='https://cnkgraph.com/Book/2484' target='_blank'>全唐詩</a>》存詩1卷。《全唐詩續拾》補收詩3首，斷句2。,false
782,15634,唐诗汇评,张继，生年年不详，字懿孙，襄阳（今湖北襄樊）人，郡望南阳（今属河南）。天宝十二载（753）登进士第。安史乱起，流寓吴越。约代宗初年，官御史。大历中，官检校祠部员外郎，分掌财赋于共州，与其妻相次而殁，刘长卿有诗哭之。与皇甫冉、窦叔向等友善。有《张继诗》一卷。《<a href='https://cnkgraph.com/Book/2484' target='_blank'>全唐诗</a>》编诗一卷，颇与他人作品相杂。,false
783,15634,《中兴间气集》,员外累代词伯，积习弓裘。其于为文，不雕自饰。及尔登第，秀发当时，诗体清迥，有道者风。如“女停襄邑杼，农废汶阳耕”。可谓事理双切。又“火燎原犹热，风摇海未平”，比兴深矣。,true
784,15634,《石林诗话》,继诗三十馀篇，余家有之，往往多佳句。,true
785,15634,《唐才子传》,继博览有识，好谈论。知治体，亦尝领郡，辄有政声。诗情爽激，多金玉音，盖其累代词伯，积袭弓裘。其于为文，不雕自饰，丰姿清迥、有道者风。,true
786,15634,《诗学渊源》,继诗多弦外音，适意写心，不求工而自工者也。然绝句已渐改盛唐之旧，而下逗中晚体格矣。,true
787,13496,中國歷代人名大辭典,"【生卒】：約748—約798或799，一作約737—約799
【介紹】：
唐河中蒲人，祖籍范陽，字允言。自玄宗天寶末至代宗大歷初，屢舉進士不第。德宗建中間，渾瑊辟為元帥府判官。貞元中，以韋渠牟薦，德宗召之內殿，令和御制詩，超拜戶部郎中。尋卒。綸與吉中孚、韓翃、錢起、司空曙、苗發、崔峒、耿湋、夏侯審、李端皆能詩齊名，時號“大歷十才子”。",false
788,13496,唐詩大辭典 修訂本,"【生卒】：?—799?
    字允言，郡望范陽(今河北涿州)，籍貫蒲州(今山西永濟西)。玄宗天寶末曾舉進士不第。安史亂起，避地江西鄱陽，與吉中孚為林下之友。代宗大歷初年屢試不報，經宰相王縉、元載舉薦，授閿鄉尉，遷集賢院學士、秘書省校書郎，后出為陝府戶曹參軍、河南密縣令。德宗建中初(780)任昭應縣令，四年冬朱泚叛亂，一度陷于賊中。翌年，渾瑊辟為判官。亂平，隨渾瑊鎮河中，官至檢校戶部郎中。貞元十三、十四年間(797、798)，舅韋渠牟于德宗前稱其才，召入內殿，令和御制詩。未幾卒于河中。綸夙負詩名，為“大歷十才子”之一。其詩多為送別贈答、奉陪游宴之作，軍中之作則多慷慨之音，以《和張仆射塞下曲》六首、《臘日觀咸寧王部曲娑勒擒豹歌》等為善。盧綸工于敘事，兼擅眾體，古詩歌行不乏氣勢，律詩亦洗練明快，《晚次鄂州》、《長安春望》、《送李端》等均為大歷名篇。胡震亨云：“盧詩開朗，不作舉止，陡發驚彩，煥爾觸目。篇章亦富埒錢、劉。以古體未遒，屈居二氏亞等。”(《<a href='https://cnkgraph.com/Book/2088' target='_blank'>唐音癸簽</a>》卷七)王士禛則以之為“大歷十才子之冠冕”(《分甘余話》卷四)。生平見《<a href='https://cnkgraph.com/Book/2425' target='_blank'>舊唐書·盧簡辭傳</a>》、《<a href='https://cnkgraph.com/Book/2326' target='_blank'>新唐書·文藝傳下</a>》、《<a href='https://cnkgraph.com/Book/2071' target='_blank'>唐才子傳</a>》卷四。今人王達津《盧綸生平系詩》、傅璇琮《盧綸考》考其事跡頗詳。《<a href='https://cnkgraph.com/Book/2326' target='_blank'>新唐書·藝文志四</a>》著錄詩集10卷，已佚，今所傳10卷本皆非全本。《<a href='https://cnkgraph.com/Book/2484' target='_blank'>全唐詩</a>》編為5卷。今有劉初棠《盧綸詩集校注》。",false
789,13496,唐诗汇评,卢纶（748-约799），字允言，河中蒲（今山西永济）人，郡望出范阳（今河北涿县）。安史乱起，寄居鄱阳。大历初，举进士不第。元载荐以为阌乡尉。迁密县令。建中初，为眧应令。浑城任京城西面副元帅，召为判官。珹镇河中，纶亦随之，检校户部郎中。贞元十四年，其舅太府卿韦渠牟得幸德宗，表其才，召见禁中，令和御制诗。居无何，卒。纶工诗，为“大历十才子”之一。有《卢纶诗集》十卷，已佚。有《卢纶诗集》三卷行世。《<a href='https://cnkgraph.com/Book/2484' target='_blank'>全唐诗</a>》编诗五卷。,false
790,13496,《旧唐书》本传,大历中，诗人李端、钱起、韩翃辈能为五言诗，而辞情捷丽，纶作尤工。至贞元末，钱、李诸公凋落，纶尝为怀旧诗五十韵，叙其事曰“吾与吉侍郎中孚、司空郎中曙、苗员外发、崔补阙峒、耿拾遗湋、李校书端，风尘追游，向三十载。数公皆负当时盛称，荣耀未几，俱沉下泉。伤悼之际，畅博士当追感前事，赋诗五十韵见寄，辄有所酬，以申悲旧，兼寄夏侯审侍御。”其历言诸子云：“侍郎文章宗，杰出淮楚灵，掌赋若吹籁，间言如建瓴。郎中善馀庆，雅韵与琴清，郁郁松带雪，萧萧鸿入冥。员外真贵儒，弱冠被华缨，月香飘桂实，乳溜沥琼英。补阙思冲融，巾拂艺亦精，彩蝶戏芳圃，瑞云滋翠屏。拾遗兴难侔，逸调旷无程，九酝贮弥洁，三花寒转馨。校书才智雄，举世一娉婷，赌墅鬼神变，属辞鸾凤惊。差肩曳长裾，总辔奉和铃，共赋瑶台雪，同观金谷笙。倚天方比剑，沉水忽如瓶。君持玉盘珠，写我怀袖盈，读罢涕交颐，愿言跻百龄。”纶之才思，皆此类也。,true
791,13496,《后村诗话》,卢纶、李益善为五言绝句，意在言外。,true
792,13496,时天彝《唐百家诗选评》,卢纶与李益中表，唱酬交赞，在大历十才子中号为翘楚。,true
793,13496,《唐才子传》,纶与吉中孚、韩翃、耿湋、钱起、司空曙、苗发、崔峒、夏侯审、李端，联藻文林，银黄相生，且同臭味，契分俱深，时号“大历十才子”。唐之文体，至此一变矣。纶所作特胜，不减盛时，如三河少年，风流自赏。,true
794,13496,《唐音癸签》,卢诗开朗，不作举止，陡发惊彩，焕尔触目，篇章亦富埒钱、刘。以古体未遒，屈居二氏亚等。,true
795,13496,《汇编唐诗十集》,唐云：卢诗尚朴，别是一种风味，恨篇各有瑕，似乏全力。钟爱其僻，所选独富，要不可作正法门。,true
796,13496,《唐诗选脉会通评林》,周珽曰：允言才情雄灏，律诗煮古为饵，眼以石浆，气之所嘘，俱成金鹊脑，中唐词坛赤帜也。,true
797,13496,《唐诗选脉会通评林》,陈继儒曰：卢诗奇悍之中，自饶雅致。,true
798,13496,《诗源辨体》,七言古，卢气胜于刘，才胜于钱，故稍为轶荡而有格，但未能完美耳。,true
799,13496,《唐诗评选》,大历、贞元，国几于亡，音乃乱矣。卢纶、耿湋当为风气所摄。,true
800,13496,《载酒园诗话又编》,刘长卿外，卢纶为佳。其诗亦以真而入妙。如“少孤为客早，多难识君迟”、“貌衰缘药尽，起晚为山寒”、“语少心长苦，愁深醉自迟”、“顔衰重喜归乡闻，身贱多惭问姓名”、“高歌犹爱《思归引》，醉语惟夸漉酒巾”、“故友九泉留语别，逐臣千里寄书来”，皆能使人情为之移，甚者欷戯欲绝。写景之工，则如“估客昼眠知浪静，舟人夜语觉潮生”、“上方月晓闻僧语，下界林疏见客行”、“孤村树色昏残雨，远寺钟声带夕阳”、“折花朝露滴，漱石野躲清”、“泉急龟依藻，花繁鸟近人”、“路湿云初上，山明日正中”、“人随雁迢递，栈与云重叠”，悉如目见也。,true
801,13496,《大历诗略》,卢允言诗意境不远，而语辄中情，调亦圆劲，大历妙手。,true
802,13496,《读雪山房唐诗序例》,大历诸子兼长七言古者，推卢纶、韩翃，比之摩洁、东川可称具体。,true
803,13496,《养一斋诗话》,大历十老子，卢纶第一，吾乡吉侍郎中孚第二。卢诗清高，可以与刘文房区，不愧称首。吉尝荐卢于朝，卢集忆吉诗甚多，两人盖万相契也。,true
804,13496,潘德衡《唐诗评选》,纶诗五绝进作劲健语；七律则情致深婉，有一唱三叹之音。,true
805,13496,《三唐诗品》,其源出于王筠、庾信。七古为优，明茂相宣，在君虞之亚；《冬日登城》首，太白之遗也。绝句清英独秀，工写神情。排律端凝，尚见陈隋实务。,true
806,15274,中國歷代人名大辭典,"【生卒】：748—829
【介紹】：
唐隴西姑臧人，字君虞。李揆族子。代宗大歷四年登進士第。德宗建中四年登書判拔萃科。客游燕趙，幽州節度使劉濟辟為從事。憲宗元和中歷秘書少監、集賢學士、散騎常侍等。文宗大和元年，以禮部尚書致仕。歌詩與李賀齊名，樂工爭求之。佳作妙句，人或施之圖繪、或以為歌詞。一說，乃大歷十才子之一。有集。",false
807,15274,唐詩大辭典 修訂本,"【生卒】：748—829
    字君虞，排行十，涼州姑臧(今甘肅武威)人。代宗廣德二年(764)涼州陷于吐蕃前，隨家遷離故土，定居洛陽。大歷四年(769)登進士第，授華州鄭縣尉。兩年后又中諷諫主文科，擢鄭縣主簿。九年入渭北節度使臧希讓幕，隨軍北征備邊。德宗建中二年(781)轉入朔方節度使李懷光幕，曾巡行朔野。四年以書判登拔萃科，授侍御史。貞元元年(785)后輾轉于天德軍杜希全、邠寧張獻甫、幽州劉濟幕，至十六年方離軍府。后入朝官都官郎中、中書舍人、河南少尹、秘書少監、集賢殿學士，官至右散騎常侍。文宗大和元年(827)加禮部尚書銜致仕。生平見新、舊《<a href='https://cnkgraph.com/Book/2195' target='_blank'>唐書</a>》本傳，今人卞孝萱有《李益年譜稿》、譚優學有《李益行年考》頗詳備。李益詩名早著，其經歷與創作可分三期。一為入軍幕前之青年期，詩風近“十才子”，以五律為長，《喜見外弟又言別》、《竹窗聞風寄苗發司空曙》等為代表作；二為處軍旅中達26年之壯年期，多作邊塞詩，為創作之頂峰。內容豐富，思緒深沉，抒發從戎之心情，描繪塞上之風光，《塞下曲》、《夜上受降城聞笛》、《從軍北征》等豪邁慷慨，為七絕之代表作。七律《過五原胡兒飲馬泉》、《同崔邠登鸛雀樓》，亦氣勢雄健，境界壯闊，亦為大歷七律所罕見。三為入朝后之晚年作品，多流連光景，慕仙向道之作，追慕閑適，成就不高。李益身跨大歷、元和兩代，其七絕凝煉含蓄，韻味深長，甚得后人推崇，胡應麟以為“七言絕，開元之下，便當以李益為第一”(《<a href='https://cnkgraph.com/Book/6663' target='_blank'>詩藪</a>》內編卷六)。他體亦頗多佳作。《<a href='https://cnkgraph.com/Book/2338' target='_blank'>直齋書錄解題</a>》卷一九著錄其詩2卷，今存《李益集》(一名《李君虞集》)2卷。今人范之麟有《李益詩注》。臺灣學者王夢鷗撰有《唐詩人李益和他的作品》，分段考述其生平系詩，不乏獨到之見。《<a href='https://cnkgraph.com/Book/2484' target='_blank'>全唐詩</a>》存詩2卷，《全唐詩續拾》補入1首。",false
808,15274,唐诗汇评,李益（748-约829），字君虞，陇西姑臧（今甘肃武威）人。大历四年（769）登进士第。六年，登制科举，授郑县主簿。历参渭北臧希让、朔方李怀光、灵州杜希全、邠宁张献甫幕。元和中召为都官郎中、中书舍人，出为河南少尹，复入为秘书少监、集贤学士，历太子右庶子。元和末，迁右散骑常侍。大和初，以礼部尚书致仕，卒。益风流有文词，诗名早著，其诗或画工图绘，或唱为乐曲，流播一时。有《李益集》（一名《李君虞集》）二卷行世。《<a href='https://cnkgraph.com/Book/2484' target='_blank'>全唐诗</a>》编诗二卷。,false
809,15274,《国史补》,李益诗名早著，有“征人歌且行”一篇”，好事者画为图障。又有云：“回乐峰前沙似肯，受降城外月如霜。不知何处吹芦管，一夜征人尽望乡。”天下亦唱为乐曲。,true
810,15274,《诗人主客图》,李益：清夺雅正主。,true
811,15274,《旧唐书》本传,（益）长为歌诗，贞元与宗人李贺齐名。每作一篇，为教坊乐人以赂求取，唱为供奉歌词。,true
812,15274,《唐诗纪事》,益录其从军诗赠左补阙卢景亮，自序云：从事十八载，五在兵间，故为文多军旅之思。或因军中酒酣，或时塞上兵寝，投剑秉笔，散怀于斯文。率皆出乎慷慨意气，武毅果厉。,true
813,15274,《唐才子传》,（益）风流有词藻，与宗人贺相埒，每一篇就，乐工赂求之，被于雅乐，供奉天子。如《征人》、《早行》篇天下皆施之绘画。二十三受策秩，从军十年，运筹决胜，尤其所长。往往鞍马间为文，横槊赋诗，故多抑扬激历悲离之作，高适、岑参之流也。,true
814,15274,《唐诗品》,君虞生习世纷，中遭顿抑，边朔之气，身所经闻。故《从军》、《出塞》之作，尽其情理，而慕散投林，更深遐思。古诗郁纡盘薄，姿态变出，自非中唐之致。其七言小诗，与张水部作等，亦《国风》之次也。,true
815,15274,《艺苑卮言》,岑参、李益诗语不多，而结法撰意雷同者几半，始信少陵如韩淮阴“多多益善”耳。,true
816,15274,《诗镜总论》,李益五古，得太白之深，所不能者澹荡耳。太白力有馀闲，故游衍自得，益将矻矻以为之。,true
817,15274,《唐音癸签》,李君虞生长西凉，负才尚气；流落戎旃，坎壈世故。所作从军诗，悲壮宛转，乐人谱入声肷，至今诵之，令人凄断。,true
818,15274,《唐音癸签》,唐人诗谱入乐者，初、盛王维为多，中、晚李益、白居易为多。,true
819,15274,《诗源辨体》,李益，贞元时人。五言古多六朝体，效永明者，酷得其风神。七言古，气格绝类盛唐。……五言律，气格亦胜，《白马羽林儿》一篇，可配开、宝；“霜风先独树，瘴雨失荒城”一联，雄伟亦类初唐。七言绝，开、宝而下，足称独步。,true
820,15274,《诗源辨体》,李益、权德舆在大历之后，而其诗气格有类盛唐者，乃是其气质不同，非有意复古也。,true
821,15274,《唐诗别裁》,七言绝句，中唐以李庶子、刘宾客为最，音节神韵，可追逐龙标、供奉。,true
822,15274,《大历诗略》,李尚书益久在军戎，故所为诗多风云之气。其视钱、刘，犹岑参之于王、孟，鲍照之于颜、谢也。七绝尤高，在大历间无与颉颃者。,true
823,15274,《山满楼笺注唐诗七言律》,此公下笔，獐无弱调。自是天宝以后有数人物，其名噪一时，有以也夫。,true
824,15274,《养一斋诗话》,大抵益诗深于七绝，律体乃其所短。,true
825,15274,张澍《李尚书诗集序》,迹汉以来，仲宣赋从军，只贡颂谀；灵运送秀才，徒述怀思。唯君虞以爽飒之气，写征戍之情，览关塞之胜，极辛苦之状。当朔风驱雁，荒月拜狐，抗声读之，恍见士卒踏冰而皲瘃，介马停秣而悲鸣，讵非才之所独至耶？其他章句，亦清丽绝伦，宜与长吉齐名，无所愧让。,true
826,15274,《越缦堂读书记》,若论绝句，则李十郎之雄浑高奇，不特冠冕十子，即太白、龙标亦当退让。,true
827,15274,《三唐诗品》,其源出于邱希范、吴叔庠，而参宗于摩诘。长于托咏，朗润风华，正如落花依草，妍然妩媚。馀作少衰，开晚唐之派.大历十人，固其杰也。,true
828,15274,《诗学渊源》,其诗辞藻秀发，自然清丽，源出齐梁，而独多高致，但少古耳。近体七律如《马嵬》诸作，虽格高调逸，晚唐莫及，然已为西昆“三十六体”之宗矣。,true
829,15274,全唐文,益。宰相揆族子。第進士。憲宗聞其名。召為秘書少監集賢殿學士。遷太子賓客。轉右散騎常侍。太和初以禮部尚書致仕卒。時又有太子庶子李益同在朝。故世言文章李益以別之。,false
830,13340,中國歷代人名大辭典,"【生卒】：?—789或791
【介紹】：
唐河間人，一說宣城人，河間為其郡望，字文房。玄宗天寶進士。肅宗至德中官監察御史，後為長洲縣尉，因事下獄，貶南巴尉。代宗大歷中任轉運使判官，知淮西、鄂岳轉運留后，又被誣再貶睦州司馬。德宗建中年間，官終隨州刺史，世稱劉隨州。工詩，長于五言，自稱“五言長城”。有集。",false
831,13340,唐詩大辭典 修訂本,"【生卒】：?—790?
    字文房，排行八，宣州(今安徽宣城)人(見《<a href='https://cnkgraph.com/Book/2012' target='_blank'>元和姓纂</a>》卷五、《<a href='https://cnkgraph.com/Book/8464' target='_blank'>極玄集</a>》卷下)，一說河間(今屬河北)人(見《<a href='https://cnkgraph.com/Book/8463' target='_blank'>中興間氣集</a>》卷下李季蘭條)，似均指其郡望。早歲居洛陽。曾任隨州(今屬湖北)刺史，世稱劉隨州。玄宗開元中即已應進士舉，天寶后期始登第(《<a href='https://cnkgraph.com/Book/8464' target='_blank'>極玄集</a>》謂開元二十一年進士，誤)。釋褐長洲尉。肅宗至德三載(758)攝海鹽令。同年以事下獄，貶南巴，復勘后得量移。代宗永泰元年(765)前后入京。大歷初以檢校祠部員外郎出為轉運使判官，駐揚州。后擢鄂岳轉運留后。為鄂岳觀察使吳仲孺誣奏，貶睦州司馬。德宗建中初遷隨州刺史。建中三年(782)李希烈叛，據隨州，長卿流寓江州。晚歲入淮南節度使幕。約卒于貞元六年(790)前后。其事跡散見于《<a href='https://cnkgraph.com/Book/2326' target='_blank'>新唐書·藝文志四</a>》、《<a href='https://cnkgraph.com/Book/2092' target='_blank'>唐詩紀事</a>》卷二六、《<a href='https://cnkgraph.com/Book/2071' target='_blank'>唐才子傳</a>》卷二等處，頗多缺誤。今人傅璇琮主編之《唐才子傳校箋》考辨較備。劉長卿年輩與杜甫相若，早年工詩，然以詩名家，則在肅、代以后。與錢起并稱錢劉，為大歷詩風之主要代表。平生致力于近體，尤工五律，自稱“五言長城”，時人許之。詩中多身世之嘆，于國計民瘼，亦時有涉及。其詩詞旨朗雋，情韻相生。故方回云：“長卿詩細淡而不顯煥，觀者當緩緩味之。”(《<a href='https://cnkgraph.com/Book/8485' target='_blank'>瀛奎律髓</a>》卷四二)方東樹云：“文房詩多興在象外，專以此求之，則成句皆有余味不盡之妙矣。”(《<a href='https://cnkgraph.com/Book/6692' target='_blank'>昭昧詹言</a>》卷一八)唐人評長卿詩，尚多微辭。如高仲武云：“(劉)詩體雖不新奇，甚能鏈飾。大抵十首已上，語意稍同，于落句尤甚，思銳才窄也。”(《<a href='https://cnkgraph.com/Book/8463' target='_blank'>中興間氣集</a>》)其后則評價日高。陳繹曾至謂：“劉長卿最得騷人之興，專主情景。”(《<a href='https://cnkgraph.com/Book/2088' target='_blank'>唐音癸簽</a>》卷七引《吟譜》)王士禛則云：“七律宜讀王右丞、李東川。尤宜熟玩劉文房諸作。”(見何世璂《然鐙記聞》)其集稱《<a href='https://cnkgraph.com/Book/1187' target='_blank'>劉隨州集</a>》，一作10卷，一作11卷。有《四部叢刊》本、《四部備要》本通行于世。今人注本有儲仲君《劉長卿詩編年箋注》、楊世明《劉長卿詩編年校注》。《<a href='https://cnkgraph.com/Book/2484' target='_blank'>全唐詩</a>》存詩5卷，《全唐詩外編》及《全唐詩續拾》補詩2首。",false
832,13340,唐诗汇评,刘长卿（？—790左右），字文房，宣城（今属安徽）人，郡望河间（今河北献县），寓居京兆（今陕西西安）。天宝中，登进士第。至德中，江东选补使崔涣选授长洲尉，摄海盐令。因事陷狱，貶南巴尉。广德中，为监察御史。大历中以检校祠部员外郎为转运使判官，知淮西、鄂岳转运留后，为观察使吴仲孺诬奏，贬睦州司马。德宗初年，擢随州刺史，建中末去任，约卒于贞元五至七年间。长卿擅长五言，尤工五律，自许“五言长城”。有《刘长卿集》十卷，今存。《<a href='https://cnkgraph.com/Book/2484' target='_blank'>全唐诗</a>》编诗五卷。,false
833,13340,《中兴间气集》,长卿有吏干，刚而犯上，两遭迁谪，皆自取之。诗体虽不新奇，甚能炼饰，大抵十首以上，语意稍同，于落句尤甚，思锐才窄也。如“草色加湖绿，松声小雪寒”；又“沙鸥惊小吏，湖色上高枝”；又“细雨湿衣看不见，闲花落地听无声”。裁长补短，盖丝之颣欤！其“得罪风霜苦，全生天地仁”，可谓伤而不怨，亦足以发挥风雅矣。,true
834,13340,《云溪友议》,刘长卿郎中，皆谓“前有沈、宋、王、杜，后有钱、郎、刘、李”。刘君曰：“李嘉祐、郎士元，焉得与予齐称也！”每题诗，不言其姓，但“长卿”而已，以海内合知之乎？士林或之讥也。,true
835,13340,《瀛奎律髓》,长卿诗细淡而不显焕，当缓缓味之，不可造次一观而已。刘长卿号“五言长城”，细味其诗，思致幽缓，不及贾岛之深峭，又不似张籍之明白，盖颇欠骨力而有委曲之意耳。,true
836,13340,《麓堂诗话》,《刘长卿集》凄婉清切，尽羁人怨士之思，盖其情性固然，非但以迁谪故，譬之琴有商调，自成一格。,true
837,13340,《批点唐音》,刘公雅畅清夷，中唐独步。表曰“五言长城”，允矣无愧。,true
838,13340,《批点唐诗正声》,刘长卿七、五言稍觉不协，以李、杜大家及盛唐诸公在前，故难为继耳。唐诸公七言古诗当以李、杜为祖，故诸诗难看。,true
839,13340,《艺苑卮言》,钱，刘并称故耳，钱似不及刘。钱意扬，刘意沉；钱调轻，刘调重。如“轻寒不入宫中树，佳气常浮仗外峰”，是钱最得意句，然上句秀而过巧，下句宽而不称。刘结语“匹马翩翩春草绿，昭陵西去猎平原”，何等风调！“家散万金酬士死，身留一剑答君恩”，自是壮语。,true
840,13340,《唐诗归》,钟云：中、晚之异于初、盛、以其俊耳，刘文房犹从朴入。然盛唐俊处皆朴，中、晚人朴处皆俊。文房气有极厚者，语有极真者。真到极快透处，便不免妨其厚。,true
841,13340,《全唐风雅》,黄绍夫云：刘文房登第于开元，正当玄宗盛时，与钱、郎颉颃。诗格调清峭而词气深厚，“五言长城”语不虚也，不知者列之中唐，误矣。,true
842,13340,《诗源辨体》,钱、刘五言古，平韵者多忌“上尾”，仄韵者多忌“鹤膝”。刘句多偶丽，故平韵亦间杂律体，然才实胜钱。七言古，刘似冲淡而格实卑，调又不纯；钱格若稍胜而才不及，故短篇多郁而不畅，盖欲铺叙而不能耳。,true
843,13340,《诗源辨体》,五，七言律、刘体尽流畅，语半清空，而句意多相类。,true
844,13340,《诗源辨体》,中唐五、七言绝，钱、刘而下皆与律诗相类，化机自在，而气象风格亦衰矣。,true
845,13340,《骚坛秘语》,刘长卿最得骚人之兴，专主情景。,true
846,13340,《唐诗善鸣集》,文房在盛、晚转关之时，最得中和之气。,true
847,13340,《唐诗归折衷》,中唐诸家各有独至处，即各有偏蔽处，人皆知避之。至于文房，则几无瑕可指矣。嫌其有意炼饰，引人入平稳一路。学者法此，一望雷同，黯然无色，有害于诗教不浅也。故于文房诗，当赏其沉淡，去其平夷。,true
848,13340,《二刘诗叙》,文房与钱郎中齐名，时称“钱刘”。然刘诗温而钱微燥，刘诗纯而钱微驳。故善读随州，则不第可该郎、钱，并可以洞视韦、柳之清深，旁通贾、孟之孤秀。,true
849,13340,《诗筏》,刘长卿诗能以苍秀接盛唐之绪，亦未免以新隽开中晚之风。其命意造句，似欲揽少陵、摩诘二家之长而兼有之，而各有不相及、不相似处。其不相似、不相及，乃所以独成其为文房也。,true
850,13340,《载酒园诗话又编》,随州绝句，真不减盛唐。次则莫妙于排律。排律惟初盛为工，元和以还，牵凑冗复，深可厌也，惟随州真能接武前贤。,true
851,13340,《载酒园诗话又编》,刘有古调，有新声。盛唐人无不高凝整浑，随州短律，始收敛气力，归于自然，首尾一气，宛若面语。其后遂流为张籍一派，益事流走，景不越于目前，情不逾于人我，无复高足阔步、包括宇宙、综揽人物之意。虽孟襄阳诗，亦有因语真而意近，以机圆而体轻者，然不佻不纤，随州始有作态之意，实溽暑中之一叶落也。,true
852,13340,《唐诗成法》,唐七律，随州词藻清洁，抑扬反覆，有味外之味，最耐人吟诵。但结句多弱，又多同，昔人谓才小，未必，但法律不精严耳。,true
853,13340,《唐诗笺要》,文房诸律，如玉馔时花，有口目者共赏。,true
854,13340,《唐诗观澜集》,文房五言，格韵高妙，绝处不减摩诘。,true
855,13340,《唐诗别裁》,中唐诗渐秀渐平，近体句意日新，而古体顿减浑厚之气矣。权德舆推文房为“五言长城”，亦谓其近体也。,true
856,13340,《唐诗别裁》,中唐诗近收敛，选言取胜，元气不完，体格卑而声调亦降矣。刘文房工于铸意，巧不伤雅，犹有前辈体段。,true
857,13340,《小澥草堂杂论诗》,刘文房五言长律，博厚深醇，不减少陵；求杜得刘，不为失求。,true
858,13340,《大历诗略》,文房古体概乏气骨，就中歌行情调极佳，然无复崔颢、王昌龄古致矣。,true
859,13340,《大历诗略》,文房固“五言长城”，七律亦最高，不矜才，不使气，右丞、东川以下，无此韵调也。,true
860,13340,《大历诗略》,文房诗为大历前茅，清夷闲旷，饶有怨思。,true
861,13340,《瀛奎律髓汇评》,纪昀：随州五言骨韵天然，非浪仙、文昌所可望。,true
862,13340,《石洲诗话》,随州七律，渐入坦迤矣。坦迤则一往易尽，此所以启中，晚之滥觞也。,true
863,13340,《昭昧詹言》,刘文房七律宗派，李东川色相华美，所以李辅辋川为一派，而文房又所以辅东川者也。大历十子以文房为最。……文房诗多兴在象外，专以此求之，则成句皆有馀味不尽之妙矣。较宋人入议论、涉瑰趣、以文以语录为诗者，有灵蠢仙凡之别。,true
864,13340,《养一斋诗话》,随州古近体清妙，可与王、孟埒。若“楚国苍山古，幽州白日寒”；“卷帘高楼上，万里看日落”，直摩少陵之垒，又不止请妙而已。,true
865,13340,《艺概·诗概》,刘文房诗，以研炼字句见长，而清瞻闲雅，蹈乎大方。其篇章亦尽有法度，所以能断截晚唐家数。,true
866,13340,《三唐诗品》,其源出于柳浑、薛道衡。驰思波润，流音玉亮，尤工五律，当时号为“五字长城”。“老至居人下，春归在客先”，以雅淡宣情；“叠浪浮元气，中流没太阳”，以雄浑取概。暮帆夏口，寒雨巴邛，楚国苍山，幽州白日。“空江人语”，动石濑之吟；“川日寒蝉”，托江湖之想。皆振采苍凝，体物弥工者也。《石梁湖》、《洞庭》、《京口》诸作，方之小谢，异曲同工矣。,true
867,13340,《诗学渊源》,长卿诗务质实，尚情性，尤善使事。格高气劲，自然沉着。古诗句法，犹袭齐梁，而无秾纤之敝；近体五、七言，无杜老之峻峭，过白傅之高雅；其绝句则于江宁、太白之外，独树一帜者也。,true
868,13340,《诗境浅说》,盛唐之诗人怀古，多沉雄之作。至随州而秀雅生姿，殆风会所趋耶！,true
869,13340,词学图录,"刘长卿（？-约789） 字文房。河间人。官至随州刺史，世称刘随州。诗工五言，有""五言长城""之称。有《刘随州诗集》，词存《谪仙怨》一首。",false
870,13340,全唐文,長卿字文房。河間人。開元二十一年進士。德宗朝為監察御史檢校祠部員外郎轉運使判官。知淮南鄂岳轉運留後。終隨州刺史。,false
871,14010,中國歷代人名大辭典,"【生卒】：751—814
【介紹】：
唐湖州武康人，生于昆山，字東野。少隱居嵩山。性狷介，與韓愈友善。年四十五、六方登進士第。后調溧陽尉。鄭餘慶為東都留守，署為水陸轉運判官。后餘慶鎮興元，又奏為參謀。工詩，與賈島齊名，并稱“郊島”，又以詩風瘦硬，有“郊寒島瘦”之說。卒，張籍私謚貞曜先生。有集。",false
872,14010,唐詩大辭典 修訂本,"【生卒】：751—814
    字東野，排行十二，湖州武康(今浙江德清)人。郡望平昌(今山東商河縣西北)。少隱嵩山，稱處士。德宗貞元十二年(796)登進士第。十六年任溧陽縣尉，抑郁不得志，遂辭官。曾任河南水陸運從事，試協律郎。憲宗元和九年(814)，因山南西道節度使鄭馀慶奏，遷為興元軍參謀，試大理評事，赴任時暴死途中。終生貧困潦倒，死后竟無錢下葬。友人張籍等私謚貞曜先生。生平詳見韓愈《貞曜先生墓志銘》及新、舊《<a href='https://cnkgraph.com/Book/2195' target='_blank'>唐書</a>》本傳。有近人夏敬觀《孟郊年譜》、今人華忱之《孟郊年譜》，后者較完備。孟郊早年居湖州，曾參加僧皎然組織之“詩會”(見《送陸暢歸湖州因憑題故人皎然塔陸羽墳》、《醉會中贈鄭方回》等)，其詩歌思想受皎然影響甚巨。詩與韓愈齊名，為韓孟詩派之開派者。其詩可以德宗貞元八年(792)長安應試為界分為前后兩期。前期由隱而仕，詩亦要求有為而作，詩歌基調積極明快，步武盛唐。后期仕途蹭蹬，遂由言志轉向抒情，形成險怪詩風。其詩反映社會生活較廣泛，或歌吟生民疾苦，或指斥藩鎮割據，均體現其“下筆證興亡，陳詞備風骨”(《讀張碧集》)之主張。大部分詩則抒寫一己之窮苦情懷，與賈島詩有類同處，故有“郊寒島瘦”之稱(見蘇軾《祭柳子玉文》)。“寒”既指其詩內容之嗟悲嘆苦，亦謂其詩有清冷之意境美。用字造句力避平庸淺率，追求生新瘦硬之美，韓愈稱之為“刃迎縷解，鉤章棘句，掐擢胃腎。神施鬼設，間見層出。”(《貞曜先生墓志銘》)“橫空盤硬語，妥貼力排奡”。(《薦士》)詩集10卷，明凌濛初刻《<a href='https://cnkgraph.com/Book/220' target='_blank'>孟東野詩集</a>》，載有宋人國材、劉辰翁評語。今人華忱之點校之《<a href='https://cnkgraph.com/Book/220' target='_blank'>孟東野詩集</a>》較完備。注本有華忱之、喻學才《孟郊詩集校注》，韓泉欣《孟郊集校注》。《<a href='https://cnkgraph.com/Book/2484' target='_blank'>全唐詩</a>》編其詩為5卷，《全唐詩外編》補詩1首。",false
873,14010,唐诗汇评,孟郊（751-814），字东野，湖州武康（今浙江德清）人。早年屡举进士不第，曾客游河南、邠宁等地，贞元十四年（798），登进士第。寄寓汴州。十六年，授溧阳尉。因终日吟诗，多废吏事，令白府，以假尉代之，分其半俸，竟辞官归。元和元年，河南尹郑馀庆辟为水陆转运从事，武协律郎。九年，余庆出镇兴元，奏为参谋，试大理评事，行次阌乡，暴疾年。友人张籍等私谥为贞矅先生。郊一生到意为诗，长于五古、乐府。与韩愈、张籍、李翱、卢仝等友善，名重于时。北宋宋敏求编有《孟东野集》十卷行世。《<a href='https://cnkgraph.com/Book/2484' target='_blank'>全唐诗</a>》编诗十卷。,false
874,14010,韩愈《送孟东野序》,孟郊东野，始以其诗鸣，其高出魏晋，不懈而及于古，其它浸淫乎汉氏矣。,true
875,14010,《因话录》,韩文公与孟东野友善，韩文公至高，孟长于五言，时号“孟诗韩笔”。,true
876,14010,《诗人主客图》,清奇僻古主：孟郊。,true
877,14010,《唐摭言》,孟效……工古风，诗名播天下，与李观、韩退之为友。,true
878,14010,《新唐书》本传,郊为诗有理致，最为愈所称，然思苦奇涩。,true
879,14010,《中山诗话》,孟东野诗，李习之所称“食荠肠亦苦，强歌声不欢。出门如有碍，谁谓天地宽”，可谓知音。今此传郊集五卷，诗百篇。又有集号《咸池》者，仅三百篇，其间语句尤多寒涩，疑向五卷是名士所删取者。东野与退之联句诗，宏壮博辩，若不出一手。王深父云：“退之容有润色也。”,true
880,14010,《王直方诗话》,李希声语余曰：孟郊诗正如晁错为人，不为不佳，所伤者峻直耳。,true
881,14010,《临汉隐居诗话》,孟郊诗蹇涩穷僻，琢削不假，真苦吟而成。观其句法，格力可见矣。,true
882,14010,《童蒙诗训》,徐师川问山谷云：“人言退之、东野联句，大胜东野平日所作，恐是退之有所润色。”山谷云：“退之安能润色东野？若东野润色退之，即有此理也。”,true
883,14010,《菪溪诗话》,孟郊诗最淡且古，坡谓“有如食彭越，竟日嚼空螯”。退之论数子，乃以张籍学古淡，东野为天葩吐奇芬，岂勉所长而讳所短，抑亦东野古淡自足，不待学耶？,true
884,14010,《彦周诗话》,东坡《祭柳子玉》文：“郊寒岛瘦，元轻白俗。”此语具眼。,true
885,14010,《岁寒堂诗话》,退之于籍、湜辈，皆儿子畜之，独于东野极口推重，虽退之谦抑，亦不徒然。世以配贾岛而鄙其寒苦，盖未之察也。郊之诗，寒苦则信矣，然其格致高古，词意精确，其才亦岂可易得！,true
886,14010,《唐诗纪事》,李翱荐郊于张建封云：“兹有平昌孟郊，贞士也。伏闻执事旧知之。郊为五言诗，自前汉李都尉、苏属国，及建安诸子，南朝二谢，郊能兼其体而有之。”李观荐郊于梁肃补阙书曰：“郊之五言诗，其有高处，在古无上；其有平处，下顾两谢。”韩愈送郊诗曰：“作诗三百首，杳默《咸池》音。”彼二子皆知言也，岂欺天下之人哉！,true
887,14010,《臞翁诗评》,孟东野如埋泉断剑，卧壑寒松。,true
888,14010,《沧浪诗话•诗评》,孟郊之诗刻苦，读之使人不欢。,true
889,14010,《沧浪诗话•诗评》,孟郊之诗，憔悴枯槁，其气局促不伸，退之许之如此，何邪？诗道木正大，孟效自为之限阻耳。,true
890,14010,《后村诗话》,孟生纯是苦语，略无一点温厚之意，安得不穷？此退之所以欲和其声欤！,true
891,14010,《后村诗话》,孟诗亦有平淡闲雅者，但不多耳。,true
892,14010,《诗林广记》,朱文公云：孟郊吃饱了饭，思量到人不到处。,true
893,14010,《滹南诗话》,郊寒白俗，诗人类鄙薄之，然郑厚评诗，荆公、苏、黄辈曾不比数，而云乐天如柳阴春莺，东野如草根秋虫，皆造化中一妙，何哉？哀乐之真，发乎情性，此诗之正理也。,true
894,14010,《唐诗镜》,孟郊语好创造，然多生强，不成章趣。人谓郊寒岛瘦，余谓郊拙岛苦。,true
895,14010,《唐诗归》,钟云：东野诗有孤峰峻壑之气，其云郊寒者，高则寒，深则寒也。忽作贫寒一例看。谭云：诗家变化，自盛唐诸家而妙已极，后来人又欲别寻出路，白不能无东野、长吉一派。,true
896,14010,《唐诗类苑序》,东野苦心，其诗枯瘠。,true
897,14010,《唐音癸签》,韩公甚重郊诗，评者亦尽以为韩不及郊。独苏长公有诗论郊云：“未足当韩豪。”后元遗山诗亦云：“东野悲呜死不休，高天厚地一诗囚。江山万古潮阳笔，合卧元龙百尺楼。”详二公之指，盖亦论其大局欤！不可不知。,true
898,14010,《诗源辨体》,东野五言古，不事敷叙而兼用兴比，故觉委婉有致，然皆刻苦琢削，以意见为诗，故快心露骨而多奇巧耳，此所以为变也。,true
899,14010,《诗源辨体》,东野诗诸体仅十之一，五言古居十之九，故知其专工在此，然其用力处皆可寻摘，大要如连环贯珠，此其所长耳。,true
900,14010,《诗源辨体》,古人自许不谬。东野诗云：“诗骨耸东野，诗涛浦退之。”以涛归韩，以骨自许，不谬。但退之非不足于骨，而东野实不足于涛。如东野《峡哀》十首，语亦奇险，然无退之之才，故终不足于涛。,true
901,14010,《唐诗归折衷》,吴敬夫云：中唐诸君子各有矫时易俗之志，因其质之所近，而以一体自见焉。东野之气悲，气悲则非激越吞吐之间，不足以展其概，故于五古为最近也，,true
902,14010,《说诗晬语》,孟东野诗，亦从《风》、《骚》中出，特意象孤崚，元气不无斫削耳。以郊、岛并称，铢两未敌也。元遗山云：“东野穷愁死不休，高天厚地一诗囚。江山万古潮阳笔，合在元龙百尺搂。”扬韩抑孟，毋乃太过？,true
903,14010,《唐诗别裁》,东坡目为“郊寒岛瘦”，岛瘦固然，郊之寒过求高深，邻于刻削，其实从真性情流出，未可与岛并论也。,true
904,14010,《剑溪说诗》,孟郊诗笔力高古，从古歌谣、汉乐府中来，而苦涩其性也，胜元、白在此，不及韦、柳亦在此。,true
905,14010,《剑溪说诗》,郊诗类幽愤之词，读之令人气塞。,true
906,14010,《四库全书总目》,郊诗托兴深微，而结体古奥，唐人自韩愈以下，莫不推之。,true
907,14010,《瀛奎律髓汇评》,（孟郊）刻意苦吟，字字沉着。苦语是东野所长。,true
908,14010,《石洲诗话》,谏果虽苦，味美于回。孟东野诗则苦涩而无回味，正是不鸣其善鸣者。不知韩何以独称之？且至谓“横空盘硬语，妥贴力排奡”，亦太不相类，此真不可解也。苏诗云：“那能将两耳，听此寒虫号”，乃定评不可易。,true
909,14010,《读雪山房唐诗序例》,孟东野蜇吻涩齿，然自是盘餐中所不可少。,true
910,14010,《北江诗话》,孟东野诗，篇篇皆似古乐府，不仅《游子吟》、《送韩愈从军》诸首已也。即如“良人昨日去，明月又不圆”，魏晋后即无此等言语。,true
911,14010,《昭昧詹言》,姜坞先生曰：笔瘦多奇，然自是小。如《谷梁》，孟郊诗是也，大家不然。,true
912,14010,《昭昧詹言》,孟东野出于鲍明远，以《园中秋散》等篇观之可见。但东野思深而才小，篇幅枯隘，气促节短，苦多而甘少耳。,true
913,14010,《养一斋诗话》,每读东野诗，至“南山塞天地，日月石上生。山中人自正，路险心亦平”。“短松鹤不巢，高石云始栖。君今潇湘去，意与云鹤齐”。“江与湖相通，二水洗高空。定知一日帆，使得千里风”。“天台山最高，动蹑赤城霞。何以静双目？扫山除妄花。灵境物皆直，万松无一斜”诸句，顿觉心境空阔，万缘退听，岂可以寒俭目之！……其《送别崔寅亮》云：“天地唯一气，用之自偏颇，忧人成苦吟，达士为高歌”，词意圆到，岂专于愁苦者哉！,true
914,14010,《艺概•诗概》,昌黎、东野两家诗，虽雄富清苦不同，而同一好难争险。惟中有质实深固者存，故较李长吉为老成家数。,true
915,14010,《艺概•诗概》,孟东野诗好处，黄山谷得之，无一软熟句；梅圣俞得之，无一热俗句。,true
916,14010,《湘绮楼论唐诗》,东野用思艰涩，同于昌谷，时有嘲讽；然千篇一格，近于隘者，固非大家。,true
917,14010,《岘傭说诗》,孟东野奇杰之笔万不及韩，而坚瘦特甚。譬之偪阳之城，小而愈固，不易攻破也。东坡比之“空螯”，遗山呼为“诗囚”，毋乃太过！,true
918,14010,《岘傭说诗》,孟郊、贾岛并称，谓之“郊寒岛瘦”。然贾万不及孟，孟坚贾脆，孟探贾浅故也。,true
919,14010,《东目馆诗见》,东野五言能兼汉魏六朝体，真苦吟而成，其刿目鉥心，致退之叹为咸池音者，须于句法、骨力求之，不然退之拔鲸牙乎，何取乎憔悴枯槁？,true
920,14010,《东目馆诗见》,许彦周曰：东野可爱不可学，亦非仅言其凄戾。余谓高妙简古，直是难学，惟遗物而立于独者近之。,true
921,14010,《东目馆诗见》,东野清峭、意新、音脆、最不凡，亦少疲薾语。乌得以“寒”概之，殆以退之雄崛相形耳。,true
922,14010,《诗法萃编》,阆仙、东野并擅天才，东野才力尤大，同时惟昌黎伯与相敌，观集中联句诗可见，两人生李、杜之后，避千门万户之广衢，走羊肠鸟道之仄径，志在独开生面，遂成僻涩一体。而东野古诗神旺兴来，天骨开张之作，不特追逐李、杜，抑且希风汉京。,true
923,14010,《三唐诗品》,（孟郊）与韩退之、李长吉同源，而镌容露骨，故与阆仙有寒瘦之讥，而语重意𠆻，固可针砭浮靡。七言苍劲，有明远之风。,true
924,14010,《瓶粟斋诗话》,孟东野诗源出谢家集中，如《献襄阳于大夫》及《汝州陆中丞席喜张从事至》、《游枋口柳溪》诸作，时见康乐家数，特其句法出之镵刻耳。洪北江评东野诗，以为篇篇似占乐府，非确论也。,true
925,14010,全唐文,郊字東野。湖州武康人。年五十始第進士。調溧陽尉。鄭餘慶鎮興元。奏為參謀。卒年六十四。張籍諡之曰貞曜先生。,false
926,15294,中國歷代人名大辭典,"【生卒】：759—818
【介紹】：
唐天水略陽人，字載之。權皋子。四歲即能屬詩，十五歲為文數百篇，成《童蒙集》，名聲日大。德宗雅聞其名，征為太常博士。遷起居舍人，兼知制誥，再遷中書舍人。貞元末，拜禮部侍郎，三掌貢舉，號為得人。憲宗元和初，歷兵部、吏部侍郎，後拜禮部尚書、同中書門下平章事。后罷相，改刑部尚書，以檢校吏部尚書出鎮興元。德輿綜貫經術，其文雅正贍縟。卒謚文。有集。",false
927,15294,唐詩大辭典 修訂本,"【生卒】：758—815
    字載之，排行三，原籍天水略陽(今甘肅秦安東北)，后徙潤州丹徒(今江蘇鎮江)，權皋之子。幼慧，15歲為文已數百篇。德宗時任包佶轉運從事、太常博士、左補闕、知制誥、中書舍人、禮部侍郎等職，三掌貢士，號為得人。元和五年(810)相于憲宗，直言敢諫，寬和待下。3年后，出為東都留守、刑部尚書、檢校吏部尚書、山南西道節度使，以疾歸闕，歿于道。生平事跡見韓愈《唐故相權公墓碑》與新、舊《<a href='https://cnkgraph.com/Book/2195' target='_blank'>唐書</a>》本傳。今有蔣寅《權德輿年譜略稿》。詩文雅正贍縟，為一代宗匠。“工古調，樂府極多情致”(《<a href='https://cnkgraph.com/Book/2071' target='_blank'>唐才子傳</a>》卷五)，以奉和、應制、酬贈、送別為主要內容，五古、五絕成績較大，嚴羽以為有“絕似盛唐者”，“有似韋蘇州、劉長卿處”(《<a href='https://cnkgraph.com/Book/14720' target='_blank'>滄浪詩話·詩評</a>》)，王世貞稱其詩為“鐵中錚錚者”(《藝苑卮言》卷四)。有《<a href='https://cnkgraph.com/Book/8180' target='_blank'>權載之文集</a>》50卷傳世。其詩，《<a href='https://cnkgraph.com/Book/2484' target='_blank'>全唐詩</a>》編為10卷，《全唐詩外編》及《全唐詩續拾》補詩10首。",false
928,15294,唐诗汇评,权德與（761-818），字载之，秦州略阳（今甘肃秦安东北）人，居润州丹问（今江苏丹阳）建中中，为包佶转运从事。贞元初，以大理评事摄监察御史，佐江西李兼幕。七年，召为太常博士，改右补阙。迁起居舍人、驾部员外郎、司勋郎中，均知制诰。除中书舍人，十八年，兼知贡举。迁礼部侍郎，转户、兵、吏三部侍郎、太子宾客，复为兵部，迁太常卿。元和五年，拜礼部尚书、同平章事。八年，留守东都。复历大常卿、刑部尚书。十一年，出镇兴元。卒。德輿工诗善文，掌诰九年，三知贡举，位历卿相，故时人尊为宗匠。达官名人碑志集序，多出其手。有《权德輿集》五十卷，今存。又《制集》五十卷、《童蒙集》十卷，均佚。《<a href='https://cnkgraph.com/Book/2484' target='_blank'>全唐诗</a>》编诗十卷。,false
929,15294,《石林诗话》,德舆在唐不以诗名，然词亦雅畅。,true
930,15294,《唐诗纪事》,德舆，字载之，元和中为相。其文雅正赡缛，动止无外饰，其酝藉风流，向然可慕。,true
931,15294,《沧浪诗话》,权德舆之诗，却有绝似盛唐者。权德舆或有似韦苏州、刘长卿处。,true
932,15294,《唐才子传》,德舆能赋诗，工古调，乐府极多情致。积思经术，无不贾综，手不释卷。虽动土无外饰，其酝藉风流，自然可慕。,true
933,15294,《唐诗品》,权公幼有令度，神情超越，遂专词艺，为时所慕。贞元以后，近体既繁，古声渐杳，公乃独专其美，取隆高代。五言近体，亦先气格而后讨藻，然气候既至，藻亦自丰，其在开元名手，亦堂奥之间者也。,true
934,15294,《诗源辨体》,权德舆，贞元时人，五言古虽不甚工，然杂用律体者少，中有四、五篇，气格绝类盛赓。七言古语虽绮艳，而格亦不卑。律诗，五言声气实胜，而七言则未为工。,true
935,15294,《诗辩坻》,元和诗响，不振已极，唯权文公乃颇见初唐遗构，亦一奇也。,true
936,15294,《灵芬馆诗话》,权文公以文草名世，而诗多丰缛修整，无可动人。惟《敷水驿》一绝：“空见水名敷，秦楼诗事无。临风驻征骑，聊复将髭须。”颇有风趣。《清明弋阳》云：“自叹清明在远方，桐花覆水葛溪长。家人定是持薪火，点作孤灯照洞房。”亦清婉有致。此种甚少也。权公《危语》诗：“被病独行逢乳虎，托风骇浪失棹橹。举人看榜闻晓鼓，孱夫孽子遇妒母。”皆有矛头淅米之意，然无如“举人看榜”一语之妙，身历扯境者与知之也。,true
937,15294,《三唐诗品》,其源出于陆韩卿，而远祖嵇叔夜，风流典瞻，累在才多，下笔不休，取评冗散。乃如“浩歌坐虛室，庭树生凉风”，亦自工意发端，通体神远。律裁清稳，七言绮丽；离合建除，称名六府；梁陈小体，亦拟简文，而艳炼不如也。,true
938,15294,全唐诗补逸,权德舆字载之，天水田各阳人。元和十三年八月，以病自山南西道节度使任乞还，卒于道，年六十。补诗一首。,false
939,15294,全唐文,德輿字載之。天水畧陽人。貞元時累官禮部侍郎。轉戶部。元和五年拜禮部尚書同中書門下平章事。罷為本官檢校吏部尚書留守東都。封扶風郡公。拜太常卿。徙刑部尚書。出鎮興元。卒年六十。贈左僕射。諡曰文。,false
940,15063,中國歷代人名大辭典,"【介紹】：
唐池州人。十年不窺園以苦學。懿宗咸通進士。唐末隱居九華山。工詩，風格清雅，與許棠等并稱“十哲”，俱以韻律馳聲。有集。",false
941,15063,唐詩大辭典 修訂本,字伯遷，池州(今屬安徽)人。懿宗咸通中，與許棠、喻坦之、鄭谷等合稱十哲。咸通末，李頻主京兆府試，喬及許棠、張𧏖、周繇皆九華人，時號九華四俊。試《月中桂》詩，喬擅場，以許棠老于場屋，以為首薦。是年許棠登進士第。《<a href='https://cnkgraph.com/Book/2345' target='_blank'>唐摭言</a>》卷一〇稱喬不中科，《<a href='https://cnkgraph.com/Book/8142' target='_blank'>劇談錄</a>》卷下亦有此說，而集中有《省中偶作》，自稱“二轉郎曹”，疑喬嘗登咸通末進士第，抑不知此詩是否喬作。黃巢兵起，退隱九華。事跡散見《<a href='https://cnkgraph.com/Book/2092' target='_blank'>唐詩紀事</a>》卷七〇、《<a href='https://cnkgraph.com/Book/2345' target='_blank'>唐摭言</a>》卷一〇、《<a href='https://cnkgraph.com/Book/2071' target='_blank'>唐才子傳</a>》卷一〇、《<a href='https://cnkgraph.com/Book/2797' target='_blank'>登科記考</a>》卷二三“許棠”附。其詩多為五律，境界開朗壯闊。其絕句筆致秀逸，音節優美，猶有中唐格調。《<a href='https://cnkgraph.com/Book/2484' target='_blank'>全唐詩</a>》存詩2卷。《全唐詩續拾》補詩1首。,false
942,15063,唐诗汇评,张乔，生卒年不详，池州（今安徽贵池）人。咸通中，应进士举。时京兆府试《月中桂》诗，乔诗擅场。与许棠、郑谷、喻坦之等齐名，合称“咸通十哲”。曾漫游吴越、荆襄、河洛、关中等地。黄巢兵起，罢举，归隐九华山。有《张乔诗集》二卷。《<a href='https://cnkgraph.com/Book/2484' target='_blank'>全唐诗</a>》编诗二卷。,false
943,15063,《唐摭言》,张乔，池州九华人也。诗句清雅，夐无与伦。,true
944,15063,《唐才子传》,（乔）有高致，十年窥园以苦学，诗句清雅，迥少其伦。当时东南多才子，如许棠、喻坦之、剧燕、吴罕、任涛、周繇、张𧏖、郑谷、李栖远与乔，亦称“十哲”，俱以韵律驰声。,true
945,15063,《唐诗品》,乔之七言小诗，出于文昌律调，稍不作瘦语。时风方扇，亦与诸君联翩求出世耳。寻源远韶，安从发此致耶？,true
946,15063,《唐音癸签》,张乔，咸通骑驴之客，吟价颇高。如《听琴》之幽淡，《送许棠》之惊耸，亦集中翘英。,true
947,15063,《诗辩坻》,张乔“波影逐游人，自是游人老”，叠句可憎。,true
948,15063,《载酒园诗话又编》,乔亦有一气贯串之妙，尤能作景语。如《华山》：“树粘靑霭合，崖夹白云浓。”《赠敬亭僧》：“砌木欹临水，窗峰直倚天。”《沿汉东归》：“绝壁云衔寺，空江雪洒船。”《题郑侍御蓝田別业》：“云霞朝入镜，猿鸟夜窥灯。”《送许棠》：“夜火山头市，春江树抄船。”《思宜春寄友人》：“断虹全岑雨，斜月半溪烟。”至若“有景终年住，无机是处闲”，则又真率而妙，此殆兼两派之长。,true
949,15063,《近体秋阳》,乔诗高清，突绽漂忽而来，迥出尘外，读之令人风生习习。许浑以才情赡迈，雄视晚朝，每拈一题如泉涌云蒸，视张郎辈，几区区不屑，而不知一种不受烟火之气，飘萧遥越，虽百浑身要不能一得矣。,true
950,15063,《石园诗话》,张乔《送许棠下第游蜀》云：“天下猿多处，西南是蜀关。”工于发端。其五七律起句，俱多挺拔语。,true
951,15063,全唐文,喬。池州人。咸通中進士。黃巢之亂。隱九華山。,false
952,17276,中國歷代人名大辭典,"【介紹】：
唐金陵女子。初為浙西節度使李錡妾。憲宗元和初，錡敗，秋娘籍沒入宮，有寵于憲宗。至穆宗時，命為皇子漳王傅姆。文宗大和中，漳王廢，賜歸故里。詩人杜牧于金陵見之，感其窮且老，為賦長詩。",false
953,17276,词学图录,杜秋娘，即杜秋，生卒不详。本镇江人，后为金陵女子，善歌《金缕衣》曲，初为镇海节度使李锜妾，锜叛唐被杀，没籍入宫，为宪宗宠。穆宗立，为皇子漳王保姆，皇子废，遣金陵，杜牧过金陵，感其贫老，为作《杜秋娘诗》。有《金缕曲》等词。,false
954,18626,中國歷代人名大辭典,"【介紹】：
名或作澣。唐并州晉陽人，字子羽。少豪健恃才。睿宗景云初擢進士第。張說引為秘書正字，遷通事舍人，駕部員外郎。玄宗開元十四年，出為汝州長史，改仙州別駕。卒于道州司馬。工詩。以《涼州詞》知名。有集。",false
955,18626,唐詩大辭典 修訂本,生卒年不詳。一作王澣。字子羽，并州晉陽(今山西太原)人。少豪健恃才，喜縱酒。睿宗景云元年(710)登進士第。玄宗開元八年(720)前后，受并州長史張嘉貞、張說之器重禮遇。復中直言極諫科，調昌樂縣尉。后又中超拔群類科。張說為相時，召為秘書省正字，擢通事舍人，轉駕部員外郎。十四年，張說罷相，翰出為汝州長史，徙仙州別駕。后坐與豪俠飲樂游畋，貶道州司馬，卒。生平見新、舊《<a href='https://cnkgraph.com/Book/2195' target='_blank'>唐書</a>》本傳、《<a href='https://cnkgraph.com/Book/2092' target='_blank'>唐詩紀事</a>》卷二一、《<a href='https://cnkgraph.com/Book/2071' target='_blank'>唐才子傳</a>》卷一。今人譚優學有《王翰行年考》，傅璇琮有《王翰考》。翰能文善詩，與祖詠、杜華相唱和。其詩善寫邊塞生活，尤以《涼州詞》二首為著名。《<a href='https://cnkgraph.com/Book/2425' target='_blank'>舊唐書</a>》本傳及《<a href='https://cnkgraph.com/Book/2326' target='_blank'>新唐書·藝文志四</a>》均記其有集10卷，已佚。《<a href='https://cnkgraph.com/Book/2484' target='_blank'>全唐詩</a>》存詩1卷，《全唐詩續拾》補1首。,false
956,18626,唐诗汇评,王翰，生卒年不详，翰一作澣，字子羽，并州晋阳（今山西太原）人。睿宗景云元年（710）登进士第。开元初，连举直言极谏、超拔群类科。张说由并州长史入相，召为秘书正字，擢通事舍人，迁驾部员外郎。开元十四年，说罢相，翰出为汝州刺史，改仙州别驾。以穷乐畋饮，贬道州司马。开元二十三年杜甫至洛阳应试时，翰尚在世。翰兼擅诗丈，有《王教集》十卷，已佚。《<a href='https://cnkgraph.com/Book/2484' target='_blank'>全唐诗</a>》存诗一卷。,false
957,18626,《大唐新语》,卷八引张说语：王翰之文，有如琼林玉斝，虽烂然可珍，而多有玷缺。若能箴其所阙，济其所长，亦一时之秀也。,true
958,18626,《唐才子传》,翰工诗，多壮丽之词。文士祖咏、杜华等，尝与游从。华母崔氏云：“吾闻孟母三迁、吾今欲卜居，使汝与王翰为邻足矣。”其才名如此。,true
959,18626,全唐文,翰。并州晉陽人。第進士。為祕書正字。遷駕部員外。出為汝州長史。貶道州司馬。,false
960,19921,唐詩大辭典 修訂本,失姓名。玄宗天寶年間，哥舒翰為安西節度使，控地數千里，甚著威令。當地人為詩歌之，見《<a href='https://cnkgraph.com/Book/935' target='_blank'>南部新書</a>》庚。《<a href='https://cnkgraph.com/Book/2484' target='_blank'>全唐詩</a>》錄存此詩，《全唐詩外編》亦存錄此詩，而后一聯不同。,false
961,19921,唐诗汇评,西鄙人，天宝时西北边境人，姓名无考。时哥舒翰为河西、陇右节度使，抗击吐蕃，威名甚著，故西部人为作《哥舒歌》，收入《<a href='https://cnkgraph.com/Book/2484' target='_blank'>全唐诗</a>》。,false
962,15628,中國歷代人名大辭典,"【生卒】：約767—約830
【介紹】：
唐吳郡人，寓居和州烏江，字文昌。德宗貞元十五年進士。憲宗元和元年，補太常寺太祝，十年不得升遷，家貧，有眼疾，孟郊嘲為“窮瞎張太祝”。后累遷水部員外郎、國子司業，也稱張司業或張水部。與當時名士多有交游，韓愈尤賢重之。長于樂府詩，頗得白居易推崇。與王建齊名，并稱張王。有集。",false
963,15628,唐詩大辭典 修訂本,"【生卒】：766?—830?有生于767、768、772，卒于829等說
    字文昌，排行十八，祖籍吳郡(今江蘇蘇州)，后移居和州(今安徽和縣)。德宗貞元十五年(799)登進士第。歷任太常寺太祝、國子助教、國子博士、水部員外郎、主客郎中、國子司業等職，世稱“張水部”或“張司業”。又因家境貧困，眼疾嚴重，故孟郊稱其為“窮瞎張太祝”(《寄張籍》)。曾從學于韓愈，且得其稱揚，世稱韓門弟子。當時朝野名士皆與之游，如王建、孟郊、賈島、于鵠，多所贈答。生平見新、舊《<a href='https://cnkgraph.com/Book/2195' target='_blank'>唐書</a>》本傳。今人卞孝萱有《張籍簡譜》。張籍又與白居易相友善，其文學觀念亦與白相近。其詩工于樂府，與王建齊名，并稱“張王樂府”。白居易稱譽曰：“張君何為者，業文三十春。尤工古樂府，舉代少其倫。”(《讀張籍古樂府》)其樂府詩多用口語，精警凝煉而又平易自然，正如宋王安石所言：“看似尋常最奇崛，成如容易卻艱辛。”(《題張司業詩》)著有《<a href='https://cnkgraph.com/Book/955' target='_blank'>張司業集</a>》，通行本有《四部叢刊》景明刊本8卷。《<a href='https://cnkgraph.com/Book/2484' target='_blank'>全唐詩</a>》存詩6卷，《全唐詩續拾》補詩1首。",false
964,15628,唐诗汇评,张籍（约766-830），字文昌，和州乌江（今安徽和县乌江镇）人，一说吴郡（今江苏苏州）人。贞元十五年（799）登进士第。元和初，调补太常寺太祝。十一年转国子助教。十五年迁祕书省秘书郎，经韩愈推荐，授国子博士。长庆二年，除水部员外郎。宝历末为主客郎中。大和二年，迁国子司业。卒。世称“张水部”或“张司业”。籍工诗，尤长乐府古风，甚为时辈所重，与王建齐名，称“张王乐府”。当时诗人，如元稹、白居易、刘禹锡、姚合、贾岛等均有往还唱和，与韩愈、孟郊交谊尤骂。后进诗人朱庆馀、项斯等，亦得其推挽。宥《张籍诗集》七卷。今有《<a href='https://cnkgraph.com/Book/955' target='_blank'>张司业集</a>》八卷行世。《<a href='https://cnkgraph.com/Book/2484' target='_blank'>全唐诗</a>》编诗五卷。,false
965,15628,张洎《张司业诗集序》,公为占风最善，自李杜之后，风雅道丧，继其美者，唯公一人。故白太傅读公集曰：“张公何为者？业文三十春。尤丁乐府词，举代少其伦。”又姚秘监尝赠公诗云：“妙绝江南曲，凄凉怨女诗。古风无手敌，新语是人知。”其为文人推服也如此。元和中，公及元丞相、白乐天、孟东野歌词，天下宗匠，谓之“元和体”。又长于今体律诗。贞元已前，作者间出，大抵互相祖尚，拘于常态，迨公一变，而章句之妙，冠于流品矣。,true
966,15628,张洎《项斯诗集序》,吴中张水部为律格诗，尤工于匠物，字清意远，不涉旧体，天下莫能窥其奥。唯朱庆馀一人亲授其旨。沿流而下，则有任藩、陈标、章孝标、倪胜、司空图等，咸及门焉。,true
967,15628,《旧唐书•张籍传》,（籍）性诡激，能为古体诗，有警策之句传于时。,true
968,15628,《新唐书•张籍传》,籍为诗长于乐府，多笞句。,true
969,15628,《岁寒堂诗话》,张司业诗与元、白一律，专以道得人心中事为工，位白才多而意切，张思远而语精，元体轻而词躁尔。籍律诗虽有味而少文，远不逮李义山、刘梦得、杜牧之，然籍之乐府，诸人未必能也。,true
970,15628,《竹坡诗话》,唐人作乐府者甚多，当以张文昌为第一。,true
971,15628,《臞翁诗评》,张籍如优工行乡饮，酧献秩如，时有诙气。,true
972,15628,《能改斋漫录》引刘次庄《乐府尘土黄词序》,张籍则平易优游，足有雅思，而气骨差弱。,true
973,15628,《唐才子传》,公于乐府古风，与王司马自成机轴，绝世独立。自李、杜之后，风雅道丧，至元和中，暨元、白歌诗，为海内宗匠，谓之“元和体”，病格稍振，无愧洪河砥柱也。,true
974,15628,《吴礼部诗话》引时天彝《唐百家诗选评》,建乐府固仿文昌，然文昌姿态横生，化俗为雅，建则从，俗而已。,true
975,15628,《唐诗品汇•七言古诗叙目》,大历以还，古声愈下，独张籍、王建二家，体制相似，稍复古意。或旧曲新声，或新题古义，词旨通畅，悲欢穷泰，慨然有古歌谣之遗风，皆名为乐府。虽未必尽被于弦歌，是亦诗人引古以讽之义欤？抑亦唐世流风之变而得其正也欤！,true
976,15628,《唐诗品》,水部长于乐府古辞，能以冷语发其含意，一唱三叹，使人不忍释手。张舍人序其能继李、杜之美，予谓李、杜浑雄过之，时水部凄惋最胜，虽多出瘦语，而俊拔独擅，贞元以后，一人而已。……其近律专事平净，固亦乐天之流也。,true
977,15628,《批点唐音》,张公用意殊胜于王，为有含藏耳口。,true
978,15628,《批点唐音》,文昌知厌晚唐，每每解脱。,true
979,15628,《批点唐诗正声》,张籍、王建音节颇同，然皆为佳词，但专务巧思而意兴不足，晚唐之风于此开矣。,true
980,15628,《唐诗归》,钟云：张文昌妙情秀质，而别有温夷之气，思绪清密，读之无探苦之迹，在中唐最为蕴籍。谭云：司业诗，少陵所谓“冰雪净聪明”足以当之。,true
981,15628,《唐音癸签》,引陈绎曾语：张籍祖国风，宗汉乐府，思难辞易。王建似张籍，古少今多。,true
982,15628,《唐音癸签》,文章穷于用古，矫而用俗，如《史》、《汉》后六朝史之入方言俗语是也。籍、建诗之用俗亦然。王荆公题籍集云：“看是寻常最奇崛，成如容易却艰辛。”凡俗言俗事入诗，较用古更难。知两家诗体，大费铸合在。,true
983,15628,《唐诗选脉会通评林》,周秉伦云：文昌七律刻意雅驯，赋景抒情觉多。,true
984,15628,《诗源辨体》,张籍五言古极少，王建五言古声调反纯，然不成语者多；乐府七言，二公又是一家。王元美云：“乐府之所贵者，事与情而已。张籍善言情，王建善征事，而境皆不佳。”冯元成谓：“较李、杜歌行，判若河汉。”是也。愚按：二公乐府，意多恳切，语多痛快，正元和体也。然析而论之，张语造古淡，较王稍为婉曲，王则语语痛快矣。且王诗多，而入录者少，故知其去张实远也。其仄韵亦多上、去二声杂用。,true
985,15628,《诗源辨体》,大历而后，五七言律体制、声调多相类；元和间，贾岛、张籍、王建始变常调。张、王五言清新峭拔。较贾小异，在唐体亦为小偏。张如“椰叶瘴云湿，桂丛蛮鸟声”、“夜鹿伴茅屋，秋猿守栗林”、“渡口过新雨，夜来生白蘋”、“竹深村路暗，月出钓船稀”、“月明见潮上，江静觉鸥飞”、“夜静江水白，路回山月斜”、“乘舟向山寺，着屐到渔家”、“新露湿茅屋，暗泉冲竹篱”，王如“瘴烟沙上起，阴火雨中生”、“水国山魈引，蛮乡洞主留”、“石冷啼猿影，松昏戏鹿尘”、“闭门留野鹿，分食养山鸡”、“雨水洗荒竹，溪沙填废渠”、“野桑穿井长，荒竹过墙生”等句，皆清新峭拔，另外一种，五代诸公乃多出此矣。,true
986,15628,《才调集补注》,钝吟云：水部五言多名句。张君破题极用意，不似他人良下。,true
987,15628,《诗辩坻》,文昌乐府与仲初齐名，然王促薄而调急，张风流而情永，张为胜矣。,true
988,15628,《唐诗归折衷》,吴敬夫云：文昌乐府，伯仲仲初，而弥加蕴藉，诸体亦淡雅宜人。王元美谓张籍善言情，王建善征事，而境昏不佳。“殷勤为看初着时，征夫身上宜不宜”、“梨园子弟偷曲谱，头白人间教歌舞”，情、事与境皆佳矣。,true
989,15628,《诗筏》,七言古须具轰雷掣电之才，排山倒海之气，乃克为之。张司业籍以乐府、古风合为一体，深秀古质，独成一家，自是中唐七言古别调，但可惜边幅稍狭耳。,true
990,15628,《载酒园诗话又编》,高棅《品汇》设立名目，取舍不能尽当。唯七言古以张、王并列，极为有识。文昌善为哀婉之音，有娇弦玉指之致。仲初妙于不于含蓄，亦自有晓钟残角之思。,true
991,15628,《古欢堂杂著》,白香山、张司业名言妙句，侧见横出，浅淡精洁之至。,true
992,15628,《说诗晬语》,张文昌、王仲初乐府，专以口齿利便胜人，雅非贵品。,true
993,15628,《唐诗别裁》,文昌长于新乐府，虽古意渐失，而婉丽可诵。五古亦不入卑靡。,true
994,15628,《唐诗别裁》,张、王乐府，有新声而少古意，王渔洋所谓“不曾辛苦学妃豨”也。然心思之巧，辞句之隽，最易肩人聪颖，高青丘每肖之，存之以备一格。,true
995,15628,《读雪山房唐诗序例》,乐府古词，陈陈相因，易于取厌。张文呂、王仲初创为新制，文今意古，言浅讽深，颇合《三百篇》兴、观、群、怨之旨。,true
996,15628,《重订中晚唐诗主客图》,水部五言，体清韵远，意古神闲，与乐府词相为表里，得风骚之遗。当时以律格标异，信非偶然。得其传者，朱庆馀而外，又有项斯、司空图、任翻、陈标、章孝标、滕倪诸贤。……兹得奉水部为“清真雅正主”，而以诸贤附焉。,true
997,15628,《射鹰楼诗话》,李石洞曰：余读贞元以后近体诗，称量其体格，得两派焉，一派张水部，天然明丽，不事雕镂而气味近道，学之可以除躁妄矫饰。一派贾长江，力求险奥，不吝心思而气骨凌霄，学之可以屏浮靡，却凡俗。,true
998,15628,《石园诗话》,刘攽《诗话》云：“张文昌乐府清丽深婉，五言律诗亦平淡可爱，七言律诗则质多文少。”然文昌五言不乏清丽深婉之句，如“长因送人处，忆得别家时”，家贫无易事，身病是闲时”、“眼昏书字大，耳重语声高”、“山情因月甚，诗语入秋高”、“尚俭经营少，居闲意思长”，不独平淡可爱也。《寄和刘使君》云：“晓来江气连城白，雨后山光满郭青”，及《赠贾岛》之“篱落荒凉僮仆饥”，则义文质兼备矣。,true
999,15628,《养一斋诗话》,魏泰谓“张籍、白居易乐府，述情叙怨，委曲周详，言尽意尽，更无馀味。”嘻！何其大而无当也。文昌乐府，古质深挚，其才下于李、杜一等，此外更无人到。,true
1000,15628,《养一斋诗话》,文昌“药看辰日合，茶到卯时煎。草长晴来地，虫飞晚后天”，绝似乐天。大抵中唐人气味往往相近。然乐天胜微之，文昌胜仲初，名虽相埒，又当细求其分别与优劣处，乃作无星秤耳。,true
1001,15628,《三唐诗品》,其出与王仲初同源，当时并称张、王乐府。夫其发音苍远，质胜于王，而转变生姿，自复同澜逊势。,true
1002,15628,《诗学渊源》,时虽谓其长于乐府，今读其诗，殊伤于直率，寡风人之旨，调既生涩，语多强致，以吉乐府，去题远矣。,true
1003,15628,全唐文,籍字文昌。和州烏江人。貞元中進士。終國子司業。,false
1004,51027,简介,即高丽太祖，字若天，新罗松岳郡（今朝鲜开城）人，生逢朝鲜半岛“后三国”乱世，二十岁时投奔弓裔，率水陆军队攻城略地，成为弓裔麾下爱将，官至弓裔泰封政权的广评侍中（首相）。政开五年（918年）受“四骑将”（洪儒、裴玄庆、申崇谦、卜智谦）推戴，取代弓裔，登上王位，国号高丽，年号天授。天授十六年（933年）接受后唐册封为“高丽国王”。清泰二年（935年）合并新罗，清泰三年（936年）灭后百济，统一了朝鲜半岛清川江以南区域。,false
1005,51027,全唐文,建字若天。松嶽郡人。大順景福間。新羅政衰。弓裔據高句麗之地。國號泰封。建事裔為侍中。梁貞明四年。逐裔自立。後唐長興中冊為大義軍使特進檢校太保使持節元菟州都督上柱國高麗王。晉天福六年加授開府儀同三司檢校太師。開運二年卒。,false
1006,21679,中國歷代人名大辭典,"【生卒】：768—824
【介紹】：
唐河南河陽人，字退之，郡望昌黎，世稱韓昌黎。韓介弟。德宗貞元八年進士。幼孤，由嫂撫養。及長，盡通《六經》、百家學。工詩文，自成一家。經其指授，皆稱韓門弟子。董晉鎮宣武，辟為巡官。汴軍亂，依張建封，鯁言無所忌。調四門博士，遷監察御史。上疏極論宮市，德宗怒，貶陽山令。憲宗元和中，歷遷國子博士、中書舍人、刑部侍郎。帝遣使迎佛骨入禁，愈上表極諫，貶潮州刺史，改袁州。召拜國子祭酒，轉兵部侍郎，后以吏部侍郎為京兆尹。卒謚文，世又稱韓文公。有《昌黎先生集》。",false
1007,21679,唐詩大辭典 修訂本,"【生卒】：768—824
    字退之，排行二，河南河陽(今河南孟州)人，郡望昌黎，后人因稱“韓昌黎”。晚任吏部侍郎，謚“文”，后人又稱“韓吏部”、“韓文公”。韓愈幼孤，由兄嫂撫育成人。德宗貞元八年(792)登進士第，三上吏部試無成，乃任節度推官，其后任監察御史等職。貞元十九年，因言關中旱災，觸權臣怒，貶陽山令。貞元二十一年正月，順宗即位，王伾、王叔文執政，韓愈持反對態度。秋，憲宗即位，量移江陵府法曹參軍。憲宗元和元年(806)，召拜國子博士。元和十二年從裴度討淮西吳元濟有功，升任刑部侍郎。元和十四年，上表諫憲宗迎佛骨，貶潮州刺史。次年穆宗即位，召拜國子祭酒。穆宗長慶二年(822)，以赴鎮州宣慰王廷湊軍有功，轉任吏部侍郎、京兆尹等職。長慶四年(824)十二月卒于長安。生平詳見皇甫湜《昌黎韓先生墓志銘》、李翱《韓公行狀》及新舊《<a href='https://cnkgraph.com/Book/2195' target='_blank'>唐書</a>》本傳。年譜多家，以宋洪興祖《韓子年譜》為較完備。有今人徐敏霞輯呂大防諸家年譜之《韓愈年譜》，中華書局1991年出版。韓愈乃唐代著名思想家及作家，一生以恢宏儒道、排斥佛老為己任，與柳宗元共倡古文。宋蘇軾稱其“文起八代之衰，而道濟天下之溺”(《潮州韓文公廟碑》)。韓愈之詩與孟郊齊名。韓詩中多有反映現實、抨擊時弊之作，如《豐陵行》、《華山女》等。又有詠懷述志及表現生活瑣事之作，如《秋懷》、《贈劉師服》等。內容較廣泛。當時元稹等人論詩揚杜抑李，韓愈則兼崇之。李白之奇情壯思，杜甫之千錘百煉，皆影響韓詩甚巨。韓詩風格雄奇壯偉，光怪陸離，《南山》、《陸渾山火》等大篇尤呈此貌，司空圖稱其“驅駕氣勢，若掀雷抉電，撐扶于天地之間”(《題柳柳州集后》)。然韓詩并不專以奇險見長，清趙翼云：“昌黎自有本色，乃在文從字順中自然雄厚博大。”(《<a href='https://cnkgraph.com/Book/6684' target='_blank'>甌北詩話</a>》卷三)其詩法之尤著稱于世者乃“以文為詩”，即以古文之章法句式為詩(如《山石》、《八月十五夜贈張功曹》)，且多議論(如《薦士》、《謝自然詩》)，此于宋詩之散文化、議論化有極大影響。后人之褒貶大多著眼于此，如宋沈括貶韓詩為“押韻之文耳”，“終不是詩”(見惠洪《<a href='https://cnkgraph.com/Book/8007' target='_blank'>冷齋夜話</a>》卷二)，金趙秉文則稱“韓愈又以古文之渾浩溢而為詩，然后古今之變盡矣”(《與李天英書》)。清葉燮論韓詩之歷史地位曰：“韓愈為唐詩之一大變。其力大，其思雄，崛起特為鼻祖。宋之蘇、梅、歐、蘇、王、黃，皆愈為之發其端，可謂極盛。”(《<a href='https://cnkgraph.com/Book/6667' target='_blank'>原詩</a>》內篇)韓集通行者，有宋世綵堂本《昌黎先生集》，詩文合編。詩集注本有清顧嗣立《昌黎先生詩集注》、清方世舉《<a href='https://cnkgraph.com/Book/5821' target='_blank'>韓昌黎詩集編年箋注</a>》等，今人錢仲聯《韓昌黎詩系年集釋》尤能集前注之大成。研究資料有今人吳文治《韓愈資料匯編》，較完備。《<a href='https://cnkgraph.com/Book/2484' target='_blank'>全唐詩</a>》存詩10卷，《全唐詩外編》及《全唐詩續拾》補詩12首。",false
1008,21679,唐诗汇评,韩愈（768-824），字退之，河南河阳（今河南孟州）人，郡望昌黎（今属河北）。贞元八年（792）登进士第。后连辟为宣武军董晋、徐泗张建封二幕节度推官。十八年，授四门博士，迁监察御史。因论事，贬阳山令。顺宗即位，移江陵府法曹参军。元和元年，召为国子博士。旋分教东都。为河南令，召为职方员外郎，复为国子博士分司。后历都官员外郎、比部郎中、史馆修撰、考功郎中知制语、中书舍人、太子右庶子等职。十二年为彰义军节度使裴度行军司马，淮西平，迁刑部侍郎。十四年，因上书谏迎佛骨获罪，贬潮州刺史。量移袁州。穆宗即位，征为国子祭酒。历兵部侍郎、京兆尹、吏部侍郎。卒，谥文。世称韩文公，又称韩昌黎、韩吏部。愈在古文、诗歌的理论和创作上都有重大成就，对后世有巨大影响。门人李汉编其遗文为《韩愈集》四十卷。今有《昌黎先生集》四十卷并《外集》行世。《<a href='https://cnkgraph.com/Book/2484' target='_blank'>全唐诗</a>》编诗十卷。,false
1009,21679,司空图《题柳柳州集后序》,愚尝览韩吏部歌诗累百首，其驱驾气势，若掀雷抉电，奔腾于大地之间，物状奇变，不得不鼓舞而徇其呼吸也。,true
1010,21679,《六一诗话》,退之笔力，无施不可，而尝以诗为文章末事，故其诗曰“多情怀酒伴，馀事作诗人”也。然其资谈笑，助谐谑，叙人情，状物态，一寓于诗，而曲尽其妙。此在雄文大手固不足论，而余独爱其工于用韵也。盖其得韵宽，则波澜横溢，泛入傍韵，乍还乍离，出入回合，殆不可拘以常格，如《此日足可惜》之类是也。得韵窄则不复傍出，而因难见巧，愈险愈奇，如《病中赠张十八》之类是也。余尝与圣俞论此，以谓譬如善驭良马者，通衢广陌，纵横驰逐，惟意所之；至于水曲蚁封，疾徐中节，而不少蹉跌，乃天下之至工也。,true
1011,21679,苏轼《评韩柳诗》,柳子厚诗，在陶渊明下，韦苏州上；退之豪放奇险则过之，而温丽靖深不及也。,true
1012,21679,《后山诗话》,诗文各有体，韩以文为诗，杜以诗为文，故不工尔。,true
1013,21679,《后山诗话》,退之于诗本无解处，以才高而好尔。,true
1014,21679,《蔡宽夫诗话》,退之诗豪健雄放，自成一家，世特恨其深婉不足。,true
1015,21679,《冷斋夜话》,沈存中、吕惠卿吉甫、正存正仲、李常公择，治平中在馆中夜谈诗。存中曰：“退之诗，押韵之文耳，里健美富贍，然终不是诗。”吉甫曰：“诗正当如是。吾谓诗人亦未有如退之者。”正仲是存中，公择足吉甫，于是四人者相交攻，久不决。……予尝熟味退之诗，真出自然，其用事深密，高出老杜之上。如《符读书城南》诗“少氏聚嬉戏，不殊同队鱼”，又“脑脂盖眼卧壮士，大招挂壁何由弯”，诗自然也。,true
1016,21679,《苕溪渔隐丛话后集》,韩退之诗，山立霆碎，自成一法，然臂之樊候冠佩，微露粗疏。,true
1017,21679,《岁寒堂诗话》,韩退之诗，爱憎相半。爱者以为虽杜子美亦不及，不爱者以为退之于诗本无所得。……退之诗大抵才气有馀，故能擒能纵，颠倒崛奇，无施不可。放之则如长江大河，澜翻汹涌，滚滚不穷；收之则藏形匿影，乍出乍没，姿态横生，变怪百出；可喜可愕，可畏可服也。苏黄门子由有云：唐人诗当推韩、杜，韩诗豪，杜诗雄，然杜之雄亦可以兼韩之豪也。此论得之。诗文字画，大抵从胸臆中出。子美笃于忠义，深于经术，故其诗雄时正；李太白喜任侠，喜神仙，故其诗豪而逸；退之文章侍从，故其诗文有廊庙气。退之诗正可与太白为故，然二豪不并立，当屈退之第三。,true
1018,21679,《唐诗品汇》,今观昌黎之博大而文，鼓吹六经，搜罗百氏，其诗聘驾气势，崭绝崛强，若掀雷决电，千夫万骑，横骛别驱，汪洋大肆，而莫能止者。又《秋怀》数首及《暮行河堤上》等篇，风骨颇逮建安，但新声不类，此正中之变也。,true
1019,21679,《唐诗归》,钟云：唐文奇碎，而退之舂融，志在挽回。唐诗淹雅，而退之艰奥，意专出脱。诗文出一手，彼此犹不相袭，真持世特识也。至其乐府，讽刺寄托，深婉忠厚，真正风雅。读《猗兰》、《拘幽》等篇可见。,true
1020,21679,《唐音癸签》,韩公挺负诗力，所少韵致，出处既掉运不灵，更以储才独富，故犯恶韵斗奇，不加栋择，遂致丛杂难观，得妙笔汰用，瑰宝自出。第以为类押韵之文者过。,true
1021,21679,《诗源辨体》,唐人之诗，皆由于悟入，得于造诣。若退之五七言古，虽奇险豪纵，快心露骨，实自才力强大得之，固不假悟入，亦不假造诣也。然详而论之，五言最工，而七言稍逊。,true
1022,21679,《诗源辨体》,退之五七言古，字句奇险，皆有所本，然引用妥帖，殊无扭捏牵率之态。其论孟郊诗云：“横空盘硬语，妥帖力排奡。”盖自况也。,true
1023,21679,《诗源辨体》,退之五七言律，篇什甚少，入录者虽近中晚，而无怪僻之调；七言“三百六旬”一篇，则近宋人。排律咏物诸篇，偶对工巧，摹写细碎，尽失本相，兹并不录。,true
1024,21679,《楚天樵话》,昌黎诗笔恢张时不遗贾岛、孟郊，故人皆山斗仰之。,true
1025,21679,《原诗》,唐诗为八代以来一大变，韩愈为唐诗之一大变，其力大，其思雄，崛起特为鼻祖。宋之苏、梅、欧、苏、王、黄，皆愈为之发其端，可谓极盛，而俗儒且谓愈诗大变汉、魏，大变盛唐，格格而不许，何异居蚯蚓之穴，习闻其长鸣，听洪钟之响而怪之，窃窃然议之也。,true
1026,21679,《原诗》,举韩愈之一篇一句，无处不可见其骨相棱嶒，俯视一切，进则不能容于朝，退又不肯独善于野，疾恶甚严，爱才若渴，此韩愈之面目也。,true
1027,21679,《原诗》,杜甫之诗，独冠今古。此外上下千馀年，作者代有，惟韩愈、苏轼，其才力能与甫抗衡，鼎立为三。韩诗无一字犹人，如太华削成，不可攀跻。若俗儒论之，摘其杜撰，十且五六，辄摇唇鼓舌矣。,true
1028,21679,《唐音审体》,唐自李杜崛起，尽翻六朝窠臼，文章能事已尽，无可变化矣。昌黎生其后，乃尽废前人之法，而创为奇辟拙拗之语，遂开千古未有之面目。,true
1029,21679,《说诗晬语》,昌黎豪杰自命，欲以学间才力跨越李、杜之上，然恢张处多，变化处少，力有涂而巧不足也。独四言大篇，如《元和圣德》、《平淮西碑》之类，义山所谓句奇语重、点窜涂改者，虽司马长卿亦当敛手。,true
1030,21679,《唐诗别裁》,善使才音当留其不尽，昌黎诗不免好尽。要之，意归于正，规模宏阔，骨格整顿，原本雅颂，而不规规于风人也。品为大家，谁曰不宜？,true
1031,21679,《一瓢诗话》,韩昌黎学力正大，俯视群蒙；匡君之心，一饭不忘；救时之念，一刻不懈；惟是疾恶太严，进不获用，而爱才若渴，退不独善，尝谓直接孔孟薪传，信不诬也。,true
1032,21679,《瓯北诗话》,韩昌黎生平所心摹力追者，惟李杜二公。顾李杜之前，未有李杜，故二公才气横恣，各开生面，遂独有千古。至昌黎时，李杜已在前，纵极力变化，终不能再辟一径。惟少陵奇险处，尚有可推扩，故一眼觑定，欲从此辟山开道，自成一家。此昌黎注意所在也。然奇险处亦自有得失。盖少陵才思所到，偶然得之；而昌黎则专以此求胜，故时见斧凿痕迹。有心与无心，异也。其实昌黎自有本色，仍在“文从字顺”中，自然雄厚博大，不可捉摸，不专以奇险见长。恐昌黎亦不自知，后人平心读之自见。若徒以奇险求昌黎，转失之矣。,true
1033,21679,《瓯北诗话》,昌黎诗中律诗最少，五律尚有长篇及与同人唱和之作，七律则全集仅十二首，盖才力雄厚，惟古诗足以恣其驰骤。一束于格式声病，即难展其所长，故不肯多作。然五律中如《咏月》、《咏雪》诸诗，极体物之工，措词之雅；七律更无一不完善稳妥，与古诗之奇崛判若两手，则又极随物赋形、不拘一格之能事。,true
1034,21679,马允刚《唐诗正声》,韩昌黎在唐之中叶，不屑趋时，独追踪李杜。今其诗五七言古，直逼少陵，余体亦皆硬笔屈盘，力大气雄，而用意一归于正，得雅颂之遗，有典诰之质，非同时柳子厚、刘梦得所能及，鼎足李杜，非过论也。,true
1035,21679,《昭昧詹言》,韩公当知其“如潮”处，非但义理层见叠出，其笔势涌出，读之拦不住，望之不可极，测之来去无端涯，不可穷，不可竭。当思其肠胃绕万象，精神驱五岳，奇崛战斗鬼神，而又无不文从字顺，各识其职，所谓“妥贴力排奡”也。,true
1036,21679,《昭昧詹言》,韩公诗，文体多，而造境造言，精神兀傲，气韵沈酣，笔势弛骤，波澜老成，意象旷达，句字奇警，独步千古，与元气侔。,true
1037,21679,《昭昧詹言》,韩公笔力强，造语奇，取境阔，蓄势远，用法变化而深严，横跨古今，奄有百家，但间有长语漫势，伤多成习气。,true
1038,21679,《昭昧詹言》,韩诗无一句犹人，又恢张处多，顿挫处多。韩诗虽纵横变化不逮李杜，而规摩堂庑，弥见阔大。,true
1039,21679,《诗比兴笺》,谓昌黎以文为诗者，此不知韩者也。谓昌黎无近文之诗者，此不知诗者也。《谢自然》、送灵惠，则《原道》之支澜；《荐孟郊》、《调张籍》，乃谭诗之标帜。以此属词，不如作论。世迷珠椟，俗駴骆驼。语以周情孔思之篇，翻同《折杨》、《皇荂》之笑。岂知排比铺陈，乃少陵之赋砆；联句效体，宁吏部之《韶濩》？以此而议其诗，亦将以谀墓而概其文乎？当知昌黎不特约六经以为文，亦直约风骚以成诗。,true
1040,21679,《艺概》,诗文一源。昌黎诗有正有奇，正者所谓“约六经之旨而成文”，奇者即所谓“时有感激怨怼奇怪之辞”。,true
1041,21679,《艺概》,昌黎诗陈言务去，故有倚天拔地之意。,true
1042,21679,《艺概》,昌黎七古出于《招隐士》，当于意思刻画、音节遒劲处求之。使第谓出于《桕梁》，犹未之尽。,true
1043,21679,《艺概》,昌黎诗往往以丑为美，然此但宜施之古体，若用之近体则不受矣。是以言各有当也。,true
1044,21679,《岘傭说诗》,退之五古，横空硬语，妥帖排奡，开张处过于少陵，而变化不及。中唐以后，渐近薄弱，得退之而中兴。,true
1045,21679,《岘傭说诗》,韩孟联句，字字生造，为古来所未有，学者不可不穷其变。,true
1046,21679,《岘傭说诗》,七古盛唐以后，继少陵而霸者，唯有韩公。韩公七古，殊有雄强奇杰之气，微嫌少变化耳。,true
1047,21679,《岘傭说诗》,少陵七古，多用对偶；退之七古，多用单行。退之笔力雄劲，单行亦不嫌弱，终觉钤朿处太少。,true
1048,21679,《岘傭说诗》,少陵七古，间用比兴；退之则纯是赋。,true
1049,21679,《三唐诗品》,其源出于陆士衡，而隳其体貌。盘空硬语，抉奥险词，雅音璆然，独造雄占。郊、岛、卢同，相与并作。五言长篇，嫌见排比之迹耳。,true
1050,21679,《诗学渊源》,其诗格律严密，精于古韵。全集所载，《琴操》最佳。古诗硬语盘空，奇崛可喜，唯以才气自雄，排阖过甚，转觉为累，又善押强韵，故时伤于粗险。诗至汉魏以降，属文叙事，或取一端，以简为资，颇不尚奇。及盛唐诸人开拓意境，始为铺张，然亦略工点缀，未以此为能事也。至愈而务其极，虚实互用，类以文法为诗，反复驰骋，以多为胜，篇什过长，辞旨繁冗，或失之粗率。其律诗典雅，则仍大历之旧，较之古诗，而目全非矣。绝句以五言为胜，七言质实，故少风致，综其敝则务在必胜，故时有过火语。令人莫耐。《潼关》之作，格尤凡下。赵宋诗人，每宗师之，取法乎中，则斯下矣。,true
1051,21679,全唐文,愈字退之。鄧州南陽人。貞元八年進士。憲宗朝累官刑部侍郎。貶潮州刺史。移袁州。徵為國子祭酒。遷京兆尹兼御史大夫。拜吏部侍郎。長慶四年卒。年五十七。贈禮部尚書。諡曰文。,false
1052,14603,中國歷代人名大辭典,"【生卒】：772—842
【介紹】：
唐洛陽人，自言系出中山，字夢得。德宗貞元進士，又登博學宏辭科。官監察御史，以參與王叔文政治革新，貶朗州司馬，遷連州刺史。后裴度薦為太子賓客、檢校禮部尚書，世稱劉賓客。與柳宗元友善，并稱“劉柳”。又與白居易唱和，并稱“劉白”。工詩，曾仿民歌體作《竹枝詞》、《柳枝詞》、《插田歌》等組詩。又著有《天論》等。有集。",false
1053,14603,唐詩大辭典 修訂本,"【生卒】：772—842
    字夢得，排行二十八。匈奴族後裔，北魏孝文帝時改漢姓，占籍洛陽(今屬河南)。唐安史之亂時，全家避居嘉興(今屬浙江)，劉禹錫自稱“余少為江南客”(《金陵五題》引)。貞元九年(793)，登進士第，又登宏詞科。十一年，登吏部取士科，開始進入仕途。二十一年(當年八月改元永貞)，順宗即位，任用王叔文改革弊政，劉禹錫時任屯田員外郎，為革新之核心人物，被稱為“二王(叔文、伾)劉柳(宗元)”。順宗被迫讓位與憲宗，革新失敗，劉禹錫貶為朗州司馬。元和十年(815)召回，又出為連州刺史，歷夔、和二州。文宗初，為主客、禮部郎中，兼集賢殿學士。不久，出為蘇、汝、同三州刺史。開成元年(836)，以太子賓客分司東都。武宗初，加檢校禮部尚書銜。世稱劉賓客、劉尚書。劉禹錫生平見其臨終前所撰《子劉子自傳》，新、舊《<a href='https://cnkgraph.com/Book/2195' target='_blank'>唐書</a>》本傳，及今人卞孝萱所著《劉禹錫年譜》、《劉禹錫叢考》、《劉禹錫評傳》。劉禹錫以詩文稱，哲理亦佳。“早與柳宗元為文章之友，稱‘劉柳’，晚與居易為詩友，號‘劉白’”(《<a href='https://cnkgraph.com/Book/876' target='_blank'>郡齋讀書志</a>》卷四上)。存詩約800余首，名篇甚多。評者謂其“無體不備，蔚為大家”(清管世銘《讀雪山房唐詩鈔序例》)。“樂府小章，優于大篇”(宋黃庭堅《跋劉夢得〈三閣辭〉》)。“七言尤工”(宋張戒《<a href='https://cnkgraph.com/Book/14727' target='_blank'>歲寒堂詩話</a>》卷上)。“絕句尤工”(宋劉克莊《<a href='https://cnkgraph.com/Book/1445' target='_blank'>后村詩話</a>》前集卷一)。又謂其“始以議論入詩，下開杜紫微一派”。“《竹枝》始于劉夢得，……后人仿為之者，總無能掩出其上也”(《讀雪山房唐詩鈔序例》)。劉禹錫“為詩用僻事，須有來處”(《<a href='https://cnkgraph.com/Book/8076' target='_blank'>劉賓客嘉話錄</a>》)之主張，為宋代江西詩派所信服(參閱清趙翼《<a href='https://cnkgraph.com/Book/6684' target='_blank'>甌北詩話</a>》卷八)，所撰之若干作品，已開江西詩派風氣(參閱元方回《<a href='https://cnkgraph.com/Book/8485' target='_blank'>瀛奎律髓</a>》卷一〇、清紀昀《瀛奎律髓刊誤》卷四八)。其詩文合集，以《四部叢刊》本《劉夢得文集》、《四部備要》本《<a href='https://cnkgraph.com/Book/2270' target='_blank'>劉賓客文集</a>》較通行，中華書局《中國古典文學基本叢書》本《劉禹錫集》較完備。注本有近人瞿蛻園《劉禹錫集箋證》。《<a href='https://cnkgraph.com/Book/2484' target='_blank'>全唐詩</a>》編為12卷，《全唐詩外編》及《全唐詩續拾》補詩6首，斷句5句。",false
1054,14603,唐诗汇评,刘禹锡（772-842），字梦得，洛阳（今属河南）人。贞元九年登进士第，又登吏部取士科，授大子校书。为淮南节度使杜佑幕从事，调渭南主薄。入为监察御史。永贞元年，转屯田员外郎、判度支盐铁案。参与王叔文革新活动。宪宗主，贬连州刺史，再贬朗州司马。元和十年奉诏还京，因作诗语涉讥刺，复贬授播州刺史，改连州。长庆、宝历中，历夔、和二州刺史。大和初，入朝为主客、礼部郎中，充集贤直学士，复出为苏、汝、同三州刺史。开成元年，为太子宾客，分司东都，改秘书监分司，加检校礼部尚书。卒，世称刘宾客。禹锡诗造精绝，白居易称之为“诗豪”。与白居易并称“刘白”，与柳宗元并称“刘柳”。有《刘禹锡集》四十卷，宋初佚其十卷。今有《刘梦得文集》（一名《<a href='https://cnkgraph.com/Book/2270' target='_blank'>刘宾客文集</a>》）四十卷行世，其中《外集》十卷乃北宋宋敏求所辑。《<a href='https://cnkgraph.com/Book/2484' target='_blank'>全唐诗</a>》编诗十二卷。,false
1055,14603,白居易《刘白唱和集解》,彭城刘梦得，诗豪者也，其锋森然，少敢当者。,true
1056,14603,《诗人主客图》,瑰奇美丽主：武元衡。上入室一人：刘禹锡。,true
1057,14603,《新唐书》,素善诗，晚节尤精，与白居易酬复颇多，居易以诗自名者，尝推为“诗豪”。,true
1058,14603,《蔡百衲诗评》,刘梦得诗，典则既高，滋味亦厚。但正若巧匠矜能，不见少拙。,true
1059,14603,《童蒙诗训》,苏子由晚年多令人学刘禹锡诗，以为用意深远，有曲折处。,true
1060,14603,《岁寒堂诗话》,李义山、刘梦得、杜牧之三人，笔力不能相上下，大抵工律诗而不工古诗，七言尤工，五言微弱，虽有佳句，然不能如韦、柳、王、孟之高致也，义山多奇趣，梦得有高韵，牧之专事华藻，此其优劣耳。,true
1061,14603,《沧浪诗话》,大历后，刘梦得之绝句，张籍、王建之乐府，我所深取耳。,true
1062,14603,《困学纪闻》,刘梦得文不及诗。,true
1063,14603,《竹庄诗话》,山谷云：大概刘梦得乐府，小章优于大篇，诗优于他文耳。,true
1064,14603,《杜工部草堂诗话》,上自齐梁诸公，下至刘梦得、温飞卿辈，往往以绮丽风花累其正气，其过在于理不胜而词有馀也。,true
1065,14603,《臞翁诗评》,刘梦得如镂冰雕琼，流光自照。,true
1066,14603,《瀛奎律髓》,刘梦得诗格高，在元、白之上，长庆以后诗人皆不能及。且是句句分晓，不吃气力，别无暗昧关锁。,true
1067,14603,《吟谱》,刘禹锡诗以意为主，有气骨。,true
1068,14603,《升庵诗话》,元和以后，诗人之全集可观者数家，当以刘禹锡为第一。其诗入选及人所脍炙，不下百首矣……宛有六朝风致，尤可喜也。,true
1069,14603,《诗薮》,唐七言律……梦得骨力豪劲，在中、晚间自为一格，又一变也。,true
1070,14603,《诗镜总论》,刘梦得七言绝，柳子厚五言古，俱深于哀怨，谓骚之馀派可。刘婉多风，柳直损致，世称韦柳，则以本色见长耳。,true
1071,14603,《唐音癸签》,禹锡有诗豪之目。其诗气该今古，词总平实，运用似无甚过人，却都惬人意，语语可歌，其才情之最豪者。司空图尝言：禹锡及杨巨源诗各有胜会，两人格律精切欲同；然刘得之易，杨却得之难，入处迥异尔。,true
1072,14603,《诗源辨体》,刘虽与内齐名，而其集变体实少。五七言古及五言律俱未为工，七言律……两三篇声有类盛唐，……七言绝气格甚胜。,true
1073,14603,《载酒园诗话又编》,刘梦得五言古诗，多学南北朝。如《观舞柘枝》曰：“曲尽回身处，层波犹注人。”宫体中佳语也。唯近体中间杂古调，终有乌孙学汉之讥，不若唐音自佳。,true
1074,14603,《载酒园诗话又编》,梦得佳诗，多在朗、连、夔、和时作，主客以后，始事疏纵，其与白傅倡和者，尤多老人衰飒之音。长律虽有美言，亦多语工而调熟。,true
1075,14603,《五七言今体诗钞》,东坡天才，有不可思议处，其七律只用梦得、香山格调。,true
1076,14603,《初白庵诗评》,陆放翁七律全学刘宾客，细味乃得之。,true
1077,14603,《说诗晬语》,大历十子后，刘梦得骨干气魄，似又高于随州。人与乐天并称，缘刘、白有《倡和集》耳。白之浅易，未可同日语也。,true
1078,14603,《唐诗别裁》,大历后诗，梦得高广文房。与白傅唱和，故称“刘白”。实刘以风格胜，白以近情胜，各自成家，不相肖也。,true
1079,14603,《剑溪说诗》,新城公曰：“刘史部公他云：‘七律较五律多二字耳，其难什倍，譬开硬弩，只到七分，若到十分满，古今亦罕矣。……求其十分满者，惟杜甫、李颀、李商隐、陆游，及明之空同、沧溟二李数家耳。’”愚谓王维、刘禹锡亦有十分满者，岂反作故翁、沧溟下耶？,true
1080,14603,《石洲诗话》,刘宾客之能事，全在《竹枝同》，至于铺陈排比，辄有怆俗之气。山谷云：“梦得《竹枝》九章，词意高妙，昔子瞻尝闻余咏第一篇，叹曰：‘此奔轶绝尘，不可追也。’”义云：“梦得乐府小章，优于大篇。”极为确论。,true
1081,14603,《读雪山房唐诗序例》,刘宾客长篇，虽不逮韩之奇横，而健举略足相当。七古刘之敌韩，犹五古郊之匹愈也。即梦得五言，亦自质雅可诵。世乃谓其不工古诗，何其武断！,true
1082,14603,《读雪山房唐诗序例》,至刘、柳出，乃复见诗人本色，观听为之一变，子厚骨耸，梦得气雄，元和之二豪也。,true
1083,14603,《读雪山房唐诗序例》,刘宾客无体不备，蔚为大家，绝句中之山海也。始以议论入诗，下开杜紫微一派。,true
1084,14603,《静居绪言》,梦得古诗边幅较文房为大，律诗不及。其酷嗜杜陵“年去年来洞庭上，白蘋愁杀白头人”，及张籍“药酒欲开期好客，朝衣暂脱见闹身”，又爱吟右丞“兴阑啼鸟缓，坐久落花多，”亦可知其用意处。,true
1085,14603,《退馀丛话》,大抵七律最忌率易成章。今人多著意颔联，能讲究起句及结句者甚少。又五、六一联，每患气弱，或不能开宕。刘梦得于此处倍研练，能操笔，最可法。,true
1086,14603,《养一斋诗话》,乐天称梦得为诗豪，又谓其诗“在处应有神物护持”。予读其集，唯律绝过人，古诗三卷，风格平弱，雅不足称作者。,true
1087,14603,《昭昧詹言》,大约梦得才人，一直说去，不见艰难吃力，是其胜于诸家处，然少顿枰沉郁，又无自己在诗内，所以不及杜公。先君云：七律中以文言叙俗情入妙者，刘宾客也。次则义山。义山资之以藻饰。,true
1088,14603,《艺概》,刘梦得诗稍近径露，大抵骨胜于白，而韵逊于柳。要其名隽独得之句，柳亦不能掩也。,true
1089,14603,《唐诗五七言近体五七言绝句选评》,中唐七律，梦得呵继随州。后人与乐天并称，因刘、白有唱和集耳，神彩骨干，恶可同日语？,true
1090,14603,《桐城吴先生评点唐诗鼓吹》,昔人论刘梦得为豪放，其体为东坡七律所自出，固不得而轻议之也。,true
1091,14603,《诗法萃编》,唐人擅长七律者，老杜外……中唐作者，刘梦得、刘文房皆巨擘。,true
1092,14603,《老生常谈》,七律与以工部为宗，附以刘梦得、李义山两家。,true
1093,14603,《东目馆诗见》,梦得歌行，咏古皆爽脆，饶别致。五作极精深，惟五古多涩雅处。,true
1094,14603,《东目馆诗见》,梦得主怨刺，故胜《主客阁》列之“瑰奇美丽”，尚未觉其典则高而滋味厚也。谓乐府小章优于大篇，山谷实具只服。,true
1095,14603,《三唐诗品》,五言体杂不一。有如“深春风日净”、“昔听东武吟”等篇，宛转徘徊，取涂乐府；“秋江早望”、“谪居悼往”，则结休允晖。若“水禽残月”，模休文之韵思；“楚望苍然”，結韩卿之茂体。馀或放言理，失于音调，未求刻意，累在才多也。《女儿》作楚挽之哀词，《泰娘》谱新声之凄奏，七言此其选矣。《聚蚊》、《百舌》托意深微，亦得乐府遗意。律体独多，莹瑕间采。,true
1096,14603,《诗学渊源》,其诗极似王维，清新流丽，格调自高。长篇间入魏晋，元和诗人自当首屈一指。韩、刘、元、白虽属异曲，未见同工也。,true
1097,14603,词学图录,刘禹锡（772-842） 字梦得。洛阳人。晚迁太子宾客，终于检校礼部尚书，世称刘宾客。有《<a href='https://cnkgraph.com/Book/2270' target='_blank'>刘宾客文集</a>》，词存40余首。,false
1098,14603,黄鹤楼志,刘禹锡（772—842） 唐代文学家、哲学家。字梦得。洛阳（今河南洛阳）人，自称汉中山靖王刘胜之后，故又称中山人。德宗贞元九年（793）登进士、博学宏词二科，历官监察御史、郎州司马、连州刺史、太子宾客加检校礼部尚书，世称“刘宾客”。为唐代古文运动的积极参加者，与柳宗元并称“刘柳”，又与白居易并称“刘白”。有《刘宾客集》。游览黄鹤楼时曾写下《武昌老人说笛歌》《出鄂州界怀表臣》及《梦黄鹤楼》等诗。,false
1099,14603,全唐文,禹錫字夢得。彭城人。貞元九年進士。又登博學宏詞科。順宗朝擢屯田員外郎。憲宗立。貶連州刺史。開成中官至太子賓客分司。會昌二年卒。年七十一。贈戶部尚書。,false
1100,18804,中國歷代人名大辭典,"【生卒】：772—846
【介紹】：
唐華州下邽人，祖籍太原，字樂天，晚號香山居士，又號醉吟先生。白季庚子。德宗貞元十六年進士。授秘書省校書郎。憲宗元和時，歷遷翰林學士、左拾遺、東宮贊善大夫。宰相武元衡遇刺身亡，居易首上疏，請亟捕兇手。以越職言事，貶江州司馬。穆宗長慶初，累擢中書舍人，乞外任，為杭州刺史，筑堤捍錢塘湖，溉田千頃。久之，以太子左庶子分司東都，復除蘇州刺史。文宗立，入為秘書監，遷刑部侍郎。大和三年為太子賓客，分司東都，遂居洛陽。晚年奉佛，以詩酒自娛。武宗會昌二年，以刑部尚書致仕。卒謚文。工詩，倡導“新樂府”運動。詩文與元稹齊名，世號“元、白”。晚年與劉禹錫唱和，又稱“劉、白”。有《<a href='https://cnkgraph.com/Book/2271' target='_blank'>白氏長慶集</a>》等。",false
1101,18804,唐詩大辭典 修訂本,"【生卒】：772—846
    字樂天，晚年自號香山居士。又號醉吟先生。排行二十二。下邽(今陝西渭南)人，郡望太原(今屬山西)。先世本龜茲人，漢時賜姓白氏。卒謚文，后人又稱白文公。德宗貞元十六年(800)登進士第。十九年中書判拔萃科，授秘書省校書郎。憲宗元和元年(806)中才識兼茂明于體用科，授盩厔(今陝西周至)尉，二年自集賢校理充翰林學士。五年改官京兆府戶曹參軍、翰林學士，六年丁母憂去官。此數年為諫官期間，屢上奏章請革弊政，為宦官及舊官僚集團所切齒痛恨，其“惟歌生民病”之輝煌組詩《秦中吟》、《新樂府》即作于此時。十年六月，因上書論奏宰相武元衡被刺身死，主張捕賊雪恥，引起宦官及舊官僚集團不滿，以越職言事之罪，自太子左贊善大夫貶為江州(今江西九江)司馬。后轉任忠州(今重慶忠縣)刺史，十五年夏，被召回長安，任尚書司門員外郎，旋改授主客郎中、知制誥及中書舍人。穆宗長慶二年(822)七月，自中書舍人出為杭州(今屬浙江)刺史。敬宗寶歷元年(825)自太子左庶子分司東都再出為蘇州(今屬江蘇)刺史。在杭州及蘇州期間，興修水利，恤貧安民，深受百姓愛戴。后返長安，相繼出任秘書監及刑部侍郎，愈感宦途險惡，乃于文宗大和三年(829)春辭刑部侍郎，以太子賓客分司東都歸洛陽(今屬河南)，自此未再返回長安。武宗會昌二年(842)以刑部尚書致仕。卒于六年八月，葬于洛陽龍門山。生平見李商隱《唐刑部尚書致仕贈尚書左仆射太原白公墓碑銘》及新、舊《<a href='https://cnkgraph.com/Book/2195' target='_blank'>唐書</a>》本傳。年譜有宋陳振孫《白文公年譜》、清汪立名《白香山年譜》，以今人朱金城《白居易年譜》為詳備。白居易為唐代著名詩人、散文家及文學理論家，與元稹齊名，并稱“元白”，然白實勝于元，故宋人錢易稱“白居易為人才絕”(《<a href='https://cnkgraph.com/Book/935' target='_blank'>南部新書</a>》卷三)。白居易之散文在唐代亦有甚高之地位，《<a href='https://cnkgraph.com/Book/2425' target='_blank'>舊唐書·元白傳贊論</a>》盛稱其奏議為“極文章之壺奧，盡治亂之根荄”。白居易之思想兼受儒、道、佛三家之影響，而“達則兼濟天下，窮則獨善其身”之儒家思想實居主導地位，其早期“志在兼濟”之諷諭詩乃其文學理論“文章合為時而著，歌詩合為事而作”(《與元九書》)之實踐，如《秦中吟》、《新樂府》組詩等均為諷諭詩之名篇，尤以《新樂府》五十首為最，不僅主題鮮明，措辭尖銳，且整體構架精巧縝密，體現敘事與議論之統一，突破“怨而不怒”之傳統，描寫人物形象細膩生動，確系詩歌領域一大創新。“元和體”之創制亦為白氏之重大貢獻。所謂“元和體”，以作者個人言之，即包括其《長恨歌》、《琵琶行》等長篇歌行、《東南行一百韻》等長篇排律及次韻相酬之作、流連光景之小詩，其中尤以“感傷詩”中之《長恨歌》、《琵琶行》，在當時已享“童子解吟《長恨》曲，胡兒能唱《琵琶》篇”之盛譽(唐宣宗吊白居易詩)，后世且譽為“古今長歌第一”(何良俊《<a href='https://cnkgraph.com/Book/5609' target='_blank'>四友齋叢說</a>》卷二五)。其余如“雜律詩”內景中寓情之《錢塘湖春行》、以白描手法見長之《問劉十九》等，皆能以小見大，以少勝多，成為千古傳誦之名篇。白氏之作雖傷于“大露太盡”(翁方綱《<a href='https://cnkgraph.com/Book/6686' target='_blank'>石洲詩話</a>》卷二)，語言樸直，而其藝術特點乃“用語流便”(許學夷《詩源辨體》)，平易近人，章法變化多端，每能以俗為雅，以故為新，“用常得奇”(《藝概·詩概》)，“眼前能轉物，筆下盡逢源”(張鎡《<a href='https://cnkgraph.com/Book/431' target='_blank'>南湖集</a>》卷四《讀樂天詩》)。晚年詩“極高妙”(趙令畤《<a href='https://cnkgraph.com/Book/8103' target='_blank'>侯鯖錄</a>》卷七引蘇軾語)，愈益淡遠曠達。許學夷復謂其詩“敘事詳明，議論痛快，此皆以文為詩，實開宋人之門戶耳”(《詩源辨體》卷二八)。總之，白詩之藝術境界須千錘百煉始能臻此，世以“輕率”譏之，實不足取。明江進之《雪濤小書·評唐》論白居易之歷史地位云：“前不照古人樣，后不照來者議。意到筆隨，景到意隨，世間一切都著并包囊入我詩內。詩之境界，到白公不知開闊多少。較諸秦皇、漢武，開邊啟境，名曰‘廣大教化主’，所自來矣。”白居易詩文全集向無注本。今人朱金城《白居易集箋校》最為完備。研究著作有陳寅恪《元白詩箋證稿》等。資料匯編有陳友琴《白居易資料匯編》。《<a href='https://cnkgraph.com/Book/2484' target='_blank'>全唐詩</a>》存詩39卷，《全唐詩外編》及《全唐詩續拾》補詩38首，44句。",false
1102,18804,唐诗汇评,白居易（772-846），字乐天，祖籍太原（今属山西），徙居下邽（今陕西渭南），生于新郑（今属河南）。幼聪慧。建中末，两河用兵，寄家符离，播迁吴越。贞元十六年（800），登进士第。又登书判拔萃、贤良方正能直言极谏科。元和元年，授盩厔尉。三年，除左拾遗，为翰林学士，居谏职内廷，直言无讳避；又为《秦中吟》、《新乐府》，指斥时事，故为权近所恶。丁母忧，服除，授太子左赞善大夫。十年，上疏请捕刺武元衡之凶手，贬江州司马。量移忠州刺史。穆宗即位，召为司门员外郎、主客郎中知制诰、中书舍人，出为杭、苏二州刺史。大和初，任秘书监、刑部侍郎。三年春病免，遂以太子宾客分司东都。历河南尹、太子少傅分司。会昌二年，以刑部尚书致仕。晚年闲居洛阳，皈依佛教，吟咏自适，自号“醉吟先生”、“香山居士”。卒。居易于元和中提倡新乐府，指斥时弊，反映民瘼，创通俗一派，影响深远。与元稹交厚，世称“元白”，诗称“元白体”。晚年居洛，与刘禹锡唱和甚多，世称“刘白”。自编《白氏文集》七十五卷，宋初佚五卷。今有《<a href='https://cnkgraph.com/Book/2271' target='_blank'>白氏长庆集</a>》（一名《白香山集》）七十一卷行世。《<a href='https://cnkgraph.com/Book/2484' target='_blank'>全唐诗</a>》编诗三十九卷。,false
1103,18804,元稹《白氏长庆集序》,乐天之长，可以为多矣。夫讽谕之诗长于激；闲适之诗长于遣；感伤之诗长于切；五言律诗百言而上长于赡；五字七字百言而下长于情。,true
1104,18804,《诗人主客图》,广大教化主：白居易。,true
1105,18804,司空图《与王驾评诗》,元白力勍而气孱，乃都市豪估耳。,true
1106,18804,《唐摭言》,白乐天去世，大中皇帝以诗吊之曰：“缀玉联珠六十年，谁教冥路作诗仙。浮云不系名居易，造化无为字乐天。童子解吟长恨曲，胡儿能唱琵琶篇。文章已满行人耳，一度思卿一怆然。”,true
1107,18804,《旧唐书》本传,居易文辞富艳，尤精于诗笔。自雠校至结绶畿甸，所著歌诗数十百篇，皆意存讽赋，箴时之病，补政之缺，而士君子多之，而往往流闻禁中。,true
1108,18804,《六一诗话》,仁宗朝，有数达官以诗知名，常慕“白乐天体”，故其语多得于容易。,true
1109,18804,《诗病五事》,如白乐天诗词甚工，然拙于纪事，寸步不移，犹恐失之，此所以望老杜之藩垣而不及也。,true
1110,18804,《临汉隐居诗话》,白居易亦善作长韵叙事，但格制不高，局于浅切，又不能更风操，虽百篇之意，只如一篇，故使人读而易厌也。,true
1111,18804,《冷斋夜话》,白乐天每作诗，令一老妪解之，问曰：“解否？”妪曰解，则录之；不解，则易之。故唐末之诗近于鄙俚。,true
1112,18804,《西清诗话》,白乐天诗自擅天然，贵在近俗；恨为苏小，虽美终带风尘耳。,true
1113,18804,《诗话总龟后集》,作诗贵雕琢，又畏有斧凿痕；贵破的，又畏粘皮骨：此所以为难。刘梦得称白乐天诗云：“郢人斤斫无痕迹，仙人衣裳弃刀尺。世人方内欲相从，行尽四维无处觅。”,true
1114,18804,《岁寒堂诗话》,梅圣俞云：“状难写之景，如在目前。”元微之云：“道得人心中事。”此固白乐天长处，然情意失于太详，景物失于太露，遂成浅近，略无馀蕴，此其所短处。,true
1115,18804,《猗觉寮杂记》,“亲家翁”、“开素”、“鹊楼河”，皆俗语。白乐天用俗语为多，《赠皇甫郎中亲家翁》诗：“晚核嘉姻不失亲。”又云：“月终斋满谁开素，须记奇章置一筵。”又云：“凶似鹊楼河：,true
1116,18804,《观林诗话》,乐天云：“近世韦苏州歌行，才丽之外，颇近兴讽。其五言诗文，又高雅闲淡，自成一家之体，今之秉笔者，谁能及之。”然乐天既知韦应物之诗，而乃自甘心于浅俗，何耶？岂才有所限乎？,true
1117,18804,《苕溪渔隐丛话》,《法藏晬金》云：余尝爱乐天词旨旷达，沃人胸中。有句云：“我无奈命何，委顺以待终。命无奈我何，方寸如虚空。”夫如是则造化均偏，不足为休戚，而况时情物态，安能刺鲠其心乎？,true
1118,18804,《朱子全书•论诗》,乐天人多说其清髙，其实爱官职，诗中及富贵处，皆说得口津律底涎出。,true
1119,18804,《臞翁诗评》,白乐天如山东父老课农桑，事事言言皆着实。,true
1120,18804,《诗人玉屑》,张文潜云：世以乐夭诗为得于容易，而耒尝于洛中一士人家见白公诗草数纸，点窜涂抹，及其成篇，殆与初作不侔。,true
1121,18804,《诗人玉屑》,苕溪渔隐臼：乐天诗虽涉浅近，不至尽如冷斋所云。余旧尝于一小说中曾见此说，心不然之，惠洪乃取而载之诗话，是岂不思诗至于老妪解，乌得成诗也哉！余故以文潜所言，正其谬耳。,true
1122,18804,《诗人玉屑》,白氏集中，颇有遣怀之作，故达道之人，率多爱之。,true
1123,18804,《诗林广记》,陈后山云：陶渊明之诗，写其胸中之妙。无陶之妙而学其诗，终为乐天耳。《<a href='https://cnkgraph.com/Book/8095' target='_blank'>青箱杂记</a>》云：白乐天诗，达者之词也。,true
1124,18804,《滹南诗话》,乐天之诗，情致曲尽，入人肝脾，随物赋形，所在允满，殆与元气相侔。至长韵大篇，动数百千言，而顺适惬当，句句如一，无争张牵强之态。此岂撚断吟须、悲鸣口吻者所能至哉！而世或以浅易轻之，盖不足与言矣。,true
1125,18804,《四友斋丛说》,余最喜白太傅诗，正以其不事雕饰，直写性情。夫《三百篇》何尝以雕绘为工耶？世又以元微之与白并称，然元已自雕绘，唯讽谕诸篇差可比肩耳。,true
1126,18804,《艺苑卮言》,张为称白乐天“广大教化主”。用语流便，使事平妥，固其所长，极有冗易可厌者。少年与元稹角靡逞博，意在警策痛快，晚更作知足语，千篇一律。诗道未成，慎勿轻看，最能易人心手。,true
1127,18804,《艺苑卮言》,白极推重刘“雪里高山头早白，海中仙果子生迟”，“沉舟侧畔千帆过，病树前头万木春”，以为有神助，此不过学究之小有致者。白又时时颂李颀“渭水自清泾至浊，周公大圣接舆狂”，欲模拟之而不可得。徐凝“千古长如白练飞，一条界破青山色”，极是恶境界，白亦喜之，何也？风雅不复论矣，张打油、胡钉铰，此老便是作俑。,true
1128,18804,李维桢《读苏侍御诗》,香山以禅为诗，以诗为禅。前乎此者，有王右丞；后乎此者，有苏端明，与香山材相等。三人诗格多因时代，不必求异，不必求同，此其入禅深处。夫无名，名之至也。,true
1129,18804,《诗薮•内编》,乐天诗世谓浅近，以意与语合也。若语浅意深，语近意远，则最上一乘，何得以此为嫌？《明妃曲》云：“汉使却回频寄语，黄金何日赎蛾眉？君土若问妾颜色，莫道不如宫里时。”《三百篇》、《十九首》不远过也。,true
1130,18804,胡应麟《题白乐天集》,唐诗文至乐天，自别是一番境界、一种风流，而世规规以格律掎之，胡耳目之隘也？,true
1131,18804,《唐音癸签》,引刘全白语：白性倜傥，苦赋诗，尤工古歌。才调逸迈，往往兴会属辞，古人之善诗者亦不逮。,true
1132,18804,《逸老堂诗话》,白乐天诗，善用俚语，近乎人情物理。元微之虽同称，差不及也。,true
1133,18804,《诗源辨体》,白乐天五言古，其源出于渊明，但以其才大而限于时，故终成大变。其叙事详明，议论痛快，此皆以文为诗，实开宋人之门户耳。,true
1134,18804,《诗源辨体》,五言古，退之语奇险，乐天语流便，虽其相反，而快心露骨处则同；就其所造，各极其至，非馀子所及也。司空图谓“元白力勍而气孱”，盖以其语太率易，不苍劲故耳。,true
1135,18804,《诗源辨体》,乐天五言古最多，而诸家选录者少，盖以其语太率易而时近于俗，故修词者病之耳。然元和诸公之诗，贵快心尽意时纵恣自如，故予谓乐天诗在退之之下，东野之上。或有取于东野而无取于乐天，非所以论元和也。,true
1136,18804,《诗源辨体》,乐天七言古，《长恨》、《琵琶》叙事鲜明，新乐府议论痛快，亦变体也。,true
1137,18804,《诗源辨体》,乐天五七言律绝悉开宋人门户，但欠苍老耳。五言排律华赡整栗，而对尚工切，语皆琢磨，乃正变也。,true
1138,18804,《诗源辨体》,乐天诗，非不自知其变，但以其才大不能束缚，故不得不然。观其《和答微之诗序》云：“顷者在科试间，常与足下同笔砚，每下笔时辄相顾，共患其意太切而理太周。故理太周则辞繁，意太切则言激。然与足下为文，所长在于此，所病亦在于此。”故知其不得不然耳。,true
1139,18804,《诗辩坻》,何元朗最喜白太傅，称其“不事雕饰，直写性情”，不知此政诗格所由卑也。,true
1140,18804,《才调集补注》,白公讽刺诗，周详明直，娓娓动人，自创一体，古人无是也。凡讽谕之义，欲得深隐，使言者无罪，闻者足戒。白公尽而露，其妙处正在周详，读之动人，此亦出于《小雅》也。,true
1141,18804,《载酒园诗话又编》,白傅实一清奇之才，歌行、曲引、乐府、杂律诗，故多可观者。其病有二：一在务多，一在强学少陵。率尔下笔，秦武王与乌获争雄，一举鼎而绝脰矣。,true
1142,18804,《载酒园诗话又编》,选白诗从无精识，喜恬澹者兼收鄙俚，尚气格者并削风藻，此子瞻所云“不与饭俱咽，即与饭俱吐”者也。,true
1143,18804,《唐音审体》,白傅诗平易坦直，如家人妇子谈布帛菽粟事.自我作古，前人从无此格，岂非千古绝调，然必不可效也。效他家不得，各随其力之所至；而效白体不得，将流为浅率俚俗。刻鹄画虎之辨，学者不可不慎所择。,true
1144,18804,《古欢堂集杂著》,乐天（五律）极清浅可爱，往往以眼前事为见到语，皆他人所未发。（七绝）山峙云行，水流花开，似以作绝句为乐事者。,true
1145,18804,《唐七律选》,乐天为中唐一大作手，其七古五排，空前掩后，独七律下乘耳，然犹领袖元和、长庆间。宝、太以后窃脂乞泽者，越若干年亦文豪也，若同时倡和，争相摩仿，终不得似。此如东家效西家，才分悬远。,true
1146,18804,《中晚唐叩弹集例言》,唐人至白香山，独辟杼机，摆脱羁绁于诸家中，最为浩瀚。比之少陵，则泰山乔岳，一则长江大河。忧乐不同，而天真烂漫未尝不同也；难易不一，而沉着痛快未尝不一也。学者熟之，可以破拘挛，洗涂泽。,true
1147,18804,《原诗》,白居易诗，传为老妪可晓，余谓此言亦未尽然。今观其集，矢口而出者固多，苏轼谓其局于浅切，又不能变风操，故读之易厌。夫白之易厌，更胜于李（白）。然有作意处，寄托深远，如《重赋》、《致仕》、《伤友》、《伤宅》等篇，言浅而深，意微而昆，此风人之能事也。至五言排律，属对精紧，使事严切，章法变化中，条理井然，读之使人唯恐其竞，杜甫后不多得者；人每易视白，则失之矣。,true
1148,18804,《唐诗成法》,白傅才大如海，书破万卷，使生盛唐，当与李、杜并驱中原，未知鹿死谁手。末季各有时尚，遂出真切平易，故往往失之浅俗，文章果关乎气运耶！然虽无江河急流之势，泰华崭绝之峰，而中正和平，意如扪丝，兼以转折灵变，动循法度，所以超乎群伦之上，出乎众妙之中，至今脍炙人口，沁人心脾，良有以也。后人或无其才，或不肯读书，喜其明白易解，妄步邯郸，止得浅俗，故日趋卑下耳。呜呼，白诗岂易学者哉！,true
1149,18804,高澍然《种竹山房诗稿序》,乐天取源之地何？杜子美是已。夫白之疏达，视杜之沉郁不类也，要其性厚而气舒，体博而完固，何一非出于杜？其视之甚易，得之甚逸，所谓不必似之，取其自然者耳。兹所以为唐一大宗欤？宋之欧阳永叔、陆务观皆祖杜而宗白，复为宋大宗，则白之武往尾来，其源流远矣，学之者乌可不审其自哉！,true
1150,18804,《唐诗别裁》,乐天忠君爰国，遇事托讽，与少陵相同。特以平易近人，变少陵之沉雄浑厚，不袭其貌而得其神也。,true
1151,18804,《唐诗别裁》,元、白译律，滔滔百韵，使事亦复工稳，但流易有馀，变化不足。,true
1152,18804,《贞一斋诗说》,五言排律，至杜集观止。若多至百韵，杜老止存一首，末亦未免铺缀完局，缘险韵留剩后幅故也。白香山窥破此法，将险韵参错前后，略无痕迹，遂得绰有馀裕。故百韵叙事，当以香山为法。但此亦不必多作，恐涉夸多斗靡之习。,true
1153,18804,《剑溪说诗又编》,白乐天中怀坦荡，见之于诗，亦洞澈表里，曲尽事情，俾读者欣然如对乐易友也。然往往意太尽，语涉粗俗，似欠澄汰之功。,true
1154,18804,《唐宋诗醇》,唐人诗篇什最富者，无如内居易诗。其源亦出于杜甫，而视甫为多……盖根柢六义之旨，而不失乎温厚和平之意，变杜甫雄浑苍劲而为流丽安详，不袭其面貌而得其神味者也。,true
1155,18804,《随园诗话》,周元公云：“白香山诗似平易，间观所存遗稿，涂改甚多，竟有终篇不留一字者。”余读公诗云：“旧句时时改，无妨悦性情。”,true
1156,18804,《瓯北诗话》,中唐以后，诗人皆求工于七律，而古体不甚精诣，故阅者多喜律体，不喜古体。唯香山诗，则七律不甚动人，古体则令人心赏意惬，得一篇辄爱一篇，几于不忍释手。盖香山主于用意。用意，则属对排偶，转不能纵横如意；而出之以古诗，则唯意之所至，辨才无碍。且其笔快如并剪，锐如昆刀，无不达之隐，无稍晦之词；工夫又锻炼至洁，看是平易，其实精纯。刘梦得所谓“郢人斤斫无痕迹，仙人衣裳弃刀尺”者，此古体所以独绝也。然近体中五言排律，或百韵，或数十韵，诗研炼精切，语工而词赡，气劲而神完，虽千百岂亦沛然有馀，无一懈笔。当时元、白唱和，雄视万代者正在此，后世卒无有能继之，此又不徒以古体见长也。,true
1157,18804,《瓯北诗话》,中唐诗以韩、孟、元、白为最。韩、孟尚奇警，务言人所不敢言；元、白尚坦易，务言人所共欲言。试平心论之，诗本性情，当以性情为主。奇警者，犹第在同句间争难斗险，使人荡心骇目，不敢逼视，而意味或少焉。坦易者多触景生情，因事起意，眼前景、口头语，自能沁人心脾，耐人咀嚼。此元、白较胜于韩、,true
1158,18804,《瓯北诗话》,元、白二人，才力本相敌。然香山自归洛以后，益觉老干无枝，称心而出，随笔抒写，并无求工见好之意，而风趣横生，一喷一醒，视少年时与微之各以才情工力竞胜者，更进一筹矣。故白自成大家，而元稍次。,true
1159,18804,《石洲诗话》,白公五古上接陶，下开苏、陆；七古乐府，则独辟町畦，其钩心斗角，接榫合缝处，殆于无法不备。,true
1160,18804,《石洲诗话》,白公之为广大教化主，实其诗合赋、比、兴之全体，合《风》、《雅》、《颂》之诸体，他家所不能奄有也。若以渔洋论诗之例例之，则所谓广大教化主者，真是粗细雅俗之不择，泥沙瓦砾之不拣耳。,true
1161,18804,《五七言今体诗钞序目》,香山以流易之体，极富赡之思，非独俗士夺魄，亦使胜流倾心。然滑俗之病，遂至滥恶，后皆以太傅为藉口矣。非慎取之，何以维雅正哉！,true
1162,18804,《艺概》,常语易，奇语难，此诗之初关也；奇语易，常语难，此诗之重关也。香山用常得奇，此境良非易到。,true
1163,18804,《艺概》,白香山乐府与张文昌、王仲初同为自出新意，其不同者在此平旷而彼峭窄耳。,true
1164,18804,《岘傭说诗》,香山五言，直率浅露，殆无可法。《秦中吟》诸篇较有意思，而亦伤平直。,true
1165,18804,《岘傭说诗》,香山七古，所谓“长庆体”，然终是平弱漫漶。,true
1166,18804,《三唐诗品》,其源出于程晓、应璩，亦参法陶公，研淡为华，琢虚成隽，虽与微之同訾轻俗，要自神清。《续古》十篇，夭条明丽，虽劲惭彭泽，高谢枚生，而挺秀缘情，正如子山拟阮，寓意微词，清思绝径。唯与微之赠答，少损其韵，亦缘精神相属，动与形模也。《秦中吟》、《讽喻诗》，则染采王建，青蓝异色，各尽其妍矣。,true
1167,18804,《陈石遗先生谈艺录》,白诗之妙，实能于杜、韩外扩充境界。宋诗十之七八从《长庆集》中来，然皆能以不平变化其平处。,true
1168,18804,词学图录,白居易（772-846） 字乐天，晚号香山居士，又号醉吟先生。祖籍太原，徙居下邽（今陕西渭南东北）。有《<a href='https://cnkgraph.com/Book/2271' target='_blank'>白氏长庆集</a>》，存词30余首。,false
1169,18804,全唐诗补逸,白居易字乐天，其先太原人，后迁居下邽。贞元十六年擢进士第，元和初又擢才识兼茂、明于体用科。任左拾遗，出为江州司马，历刺杭、苏二州，以刑部尚书致仕。会昌六年卒，年七十五。补诗二首。(复出一首),false
1170,18804,黄鹤楼志,白居易（772—846） 唐代诗人。字乐天，号香山居士、醉吟先生。祖籍太原（今山西太原），后迁居下邽（今陕西渭南），生于河南新郑。贞元十六年（800）进士，后与元稹同登书判拔萃科。历任翰林学士、江州司马、襄州别驾、苏州刺史、太子少傅分司东都，后人又称白傅或白太傅，官终刑部尚书。为新乐府运动的倡导者，与元稹并称“元白”，又与刘禹锡并称“刘白”。曾作七律《卢侍御与崔评事为予于黄鹤楼置宴，宴罢同望》《行次夏口，先寄李大夫》等诗，借黄鹤楼抒发自己忧国忧民之情。,false
1171,18804,全唐文,居易字樂天。其先太原人。徙下邽。貞元十四年進士。元和元年制策乙等。累轉主客郎中知制誥。文宗朝授太子少傅。封馮翊縣侯。會昌中以刑部尚書致仕。大中元年卒。年七十六。贈右僕射。,false
1172,17578,中國歷代人名大辭典,"【生卒】：773—819
【介紹】：
唐河東解人，字子厚，世稱柳河東。柳鎮子。德宗貞元九年擢進士第，十四年登博學宏詞科。授集賢殿正字，調藍田尉，拜監察御史里行。與王叔文友善。及叔文主政，擢禮部員外郎，參與革新政治。叔文敗，宗元貶永州司馬。憲宗元和十年徙柳州刺史，人稱柳柳州。與韓愈并稱“韓柳”，共倡古文運動，其文峭拔矯健。又工詩，風格清峭。有《<a href='https://cnkgraph.com/Book/2268' target='_blank'>柳河東集</a>》。",false
1173,17578,唐詩大辭典 修訂本,"【生卒】：773—819
    字子厚，排行八，河東(今山西永濟西)人，后人稱“柳河東”。晚年貶官柳州(今屬廣西)，并卒于此，后人又稱“柳柳州”。德宗貞元九年(793)登進士第。十二年任秘書省校書郎。十四年第博學宏詞科，任集賢殿書院正字。三年后調藍田尉。十九年閏十月，擢任監察御史里行，與韓愈、劉禹錫同官。二十一年正月，順宗即位，重用王叔文、王伾等人，實行政治革新，柳宗元被任命為禮部員外郎，與劉禹錫同為王叔文集團核心人物。同年八月，順宗內禪，憲宗即位，“二王”被貶。九月，柳宗元貶為邵州刺史，十一月，加貶為永州(今屬湖南)司馬。憲宗元和十年(815)正月奉詔回長安，三月又貶為柳州刺史。十四年十月五日卒于柳州。生平詳見韓愈《柳子厚墓志銘》及新、舊《<a href='https://cnkgraph.com/Book/2195' target='_blank'>唐書</a>》本傳。年譜多種，以宋文安禮《柳先生年譜》為較早而完備。柳宗元為唐著名思想家、文學家，與韓愈共倡古文運動，均有卓越貢獻。其詩今存163首，多為貶官后所作，各體皆有造詣。內容較為廣泛，風格豐富多彩；反映農民疾苦之作如《田家三首》，采用白描手法，平易淺近；譏刺時政之作如《行路難》、《籠鷹詞》等，則用寓言筆調，含蓄犀利；傷悼友人之作如《哭呂衡州》、《哭連州凌員外司馬》等，情意深摯，慷慨悲健；歌頌唐初反侵擾之作如《鐃歌鼓吹曲十二篇》，形象瑰偉，造語奇警。而詩中為數較多者，則為抒寫離鄉去國后哀怨情懷之作，如《登柳州城樓寄漳汀封連四州》、《與浩初上人同看山寄京華親故》、《酬曹侍御過象縣見寄》等，寓憤激之情于景物之中，風格明凈簡峭，清峻沉郁。柳詩中最為后人稱頌者，則為描寫貶謫生活而較為閑適之作，如《雨后曉行獨至愚溪北池》、《漁翁》、《夏晝偶作》等，明朗圓潤，韻致悠揚。蘇軾稱柳詩“溫麗清深”，“外枯而中膏，似淡而實美”(《東坡題跋》卷二)，“發纖秾于簡古，寄至味于淡泊”(《書黃子思詩集后》)，當即指此。柳集通行者，有今人吳文治等校點本《柳宗元集》，詩文合編。詩注本有王國安《柳宗元詩箋釋》。研究資料有吳文治《古典文學研究資料匯編·柳宗元卷》。《<a href='https://cnkgraph.com/Book/2484' target='_blank'>全唐詩</a>》存詩4卷，《全唐詩續拾》補詩3首。",false
1174,17578,唐诗汇评,柳宗元（773-819），字子厚，河东（今山西永济）人，居长安（今陕西西安）。贞元九年（793）登进士第。十四年，登博学宏词科，授集贤正字，调蓝田尉。十九年，入为监察御史里行。永贞元年，擢礼部员外郎，参与王叔文等革新。宪宗即位，贬邵州刺史，再贬永州司马。元和十年召还，复出为柳州刺史。十四年卒于柳州。世称柳柳州，又称柳河东。与刘禹锡交厚，且出处进退略同，世称“刘柳”。又与韩愈同为古文运动倡导者，世称“韩柳”。宗元少以功业自期，及受挫，久贬南荒，心情郁结，发之为诗，多忧愤之词。有《柳宗元集》三十卷。今有《<a href='https://cnkgraph.com/Book/2268' target='_blank'>柳河东集</a>》三十卷行世。《<a href='https://cnkgraph.com/Book/2484' target='_blank'>全唐诗</a>》编诗四卷。,false
1175,17578,《司空图题柳柳州集后序》,今于华下，方得柳诗，味其搜研之致，亦深远矣。俚其穷而克寿，抗精极思，则固非琐琐者轻可拟议其优劣。,true
1176,17578,《旧唐书》本传,（宗元）少聪警绝众，尤精西汉诗骚。下笔构思，与古为侔。精裁密致，灿若珠贝。当时流辈咸推之。,true
1177,17578,苏轼《书黄子思诗集后》,东坡云：李、杜之后，诗人继作，虽间有远韵。而才不逮意。独韦应物、柳宗元，发纤秾于简占，寄至味于淡泊，非余子所及也。,true
1178,17578,苏轼《评韩柳诗》,柳子厚诗，在陶渊明下，韦苏州上。退之豪放奇险则过之，而温丽靖深不及也。所贵于枯淡者，谓其外枯而中膏，似澹而实美，渊明、子厚之流是也。苦中边皆枯，澹亦何足道。,true
1179,17578,《扪虱新话》,晏同叔云：若其祖述坟典，宪章骚雅，上铄三古，下继百世，横行阔视于缀述之场，子厚一人而已。,true
1180,17578,《蔡宽夫诗话》,子厚之贬，其忧悲憔悴之叹，发于诗者，特为酸楚。闵己伤志，固君子所不免，然亦何至是，卒以愤死，未为达理也。,true
1181,17578,《蔡百衲诗评》,柳柳州诗，若捕龙蛇，搏虎豹，急与之角而力不敢睱，非轻荡也。,true
1182,17578,《蔡百衲诗评》,柳子厚诗雄深简淡、迥拔流俗，致味自高，直揖陶、谢，然似入武库，但觉森严。,true
1183,17578,《休斋诗话》,柳子厚小诗幻眇清妍，与元、刘并驰而争先，而长句大篇，便觉窘迫，不若韩之雍容。,true
1184,17578,《岁寒堂诗话》,柳柳州诗，字字如珠玉，精则精矣，然不若退之之变态百出也。使退之收敛而为子厚则易，使子厚开拓而为退之则难。意味可学，而才气则不可强也。,true
1185,17578,《竹庄诗话》,韩子苍云：渊明诗，惟韦苏州得其清闲，尚不得其枯淡。柳州独得之，但恨其少遒尔。柳诗不多，体亦备众家，惟效陶诗，是其性所好，独不可及也。,true
1186,17578,《臞翁诗评》,柳子后如高秋独眺，霁晚孤吹。,true
1187,17578,《后村诗话》,子厚永、柳以后诗，高者逼陶、阮，然身老迁谪，思含凄怆。,true
1188,17578,《后村诗话》,柳子厚才高，他文惟韩可对垒，古律诗精妙，韩不及也。当举世为元和体，韩犹未免谐俗，面子厚独能为一家之言，岂非豪杰之土乎？昔何文缜尝语老汉老云：“如柳子厚诗，人生岂可不学他做数百首！”汉老退而叹曰：“得一二首似之，足矣！”,true
1189,17578,《后村诗话》,韩、柳齐名，然柳乃本色诗人。自渊明没，雅道儿熄、当一世竞作唐诗之时，独为古体以矫之，未尝学陶和陶，集中五言凡十数篇，杂之陶集，有未易辨者。其幽微者可玩而味，其感慨者可悲而泣也。其七言五十六字尤工。,true
1190,17578,《沧浪诗话》,唐人惟柳子厚深得骚学，退之、李观皆所不及。,true
1191,17578,《沧浪诗话》,若柳子厚五言古诗，尚在韦苏州之上，岂元、白同时诸公所可望耶？,true
1192,17578,《诗人玉屑》,五言古诗，句雅淡而味深长者，陶渊明、柳子厚也。,true
1193,17578,《瀛奎律髓》,柳柳州诗精绝工致，古体尤高。世言韦、柳，韦诗淡而缓，柳诗峭而劲。此五律诗，比老杜尤工矣，杜诗哀而壮烈，柳诗哀而酸楚，亦同而异也。,true
1194,17578,《唐诗品汇》,刘辰翁曰：子厚古诗短调，纡郁清美，闲胜长篇，点缀精丽，乐府托兴飞动，退之故当远出其下，并言韩、柳亦不偶然。,true
1195,17578,《唐诗品》,柳州古诗，得于谢灵运，而自得之趣鲜可俦匹，此其所短。然在当时，作者凌出其上多矣。《平淮雅诗》足称高等，《铙歌鼓吹曲》其在唐人鲜可追躅，而词饰促急，不称雅乐，七德九功之象，殆可如此！,true
1196,17578,《艺苑卮言》,柳州刻削虽工，去之稍远，近体卑凡，尤不足逍。,true
1197,17578,《艺苑卮言》,子厚于《风》、《雅》、《骚》、赋，似得一斑。,true
1198,17578,《诗镜总论》,诗贵真，诗之真趣，又在意似之间，认真则又死矣。柳子厚过于真，所以多直面寡委也。,true
1199,17578,《诗源辨体》,子厚七言古，气格虽胜，然锻炼深刻，已近于变。,true
1200,17578,《唐诗归折衷》,吴敬夫云：人皆学陶矣，学陶之弊流于枯深，故子厚从精深入也。,true
1201,17578,《诗筏》,严沧浪谓：“柳子厚五言古诗在韦苏州之上。”然余观子厚诗，似得摩诘之洁，而颇近孤峭。其山水诗，类其《钴鉧潭》诸记，虽边幅不广，而意境已足。如武陵一隙，自有日月，与韦苏州诗未易优劣。惟《田家》诗，直与储光羲争席，果胜苏州一筹耳。,true
1202,17578,《载酒园诗话又编》,大历以还，诗多崇尚自然。柳子厚始一振历，篇琢句锤，起颓靡而荡秽浊，出入《骚》、《雅》，无一字轻率。其初多务溪刻，故神峻而味冽，既亦渐近温醇。柳五言诗犹能强自排遣，七言则满纸涕泪。,true
1203,17578,《韩柳诗选》,柳州诸律诗，格律娴雅，最为可玩。,true
1204,17578,《唐诗成法》,柳柳州诗属对工稳典切，情景悲凉，声调亦高，刻苦之作，法最森严，但首首一律，全无跳踯之致耳。,true
1205,17578,《说诗晬语》,柳子厚哀怨有节，律中《骚》体，与梦得故是敌手。,true
1206,17578,《絸斋诗谈》,柳柳州气质悍戾，其诗精英出色，俱带矫矫凌人意。文词虽揜饰些，毕竟不和平，使柳州得志，也了不得。柳文让韩，诗则独胜。,true
1207,17578,《剑溪说诗》,柳州歌行甚古，遒劲处非元、白、张、王所及。,true
1208,17578,《剑溪说诗》,八司马之才，无过刘、柳者，柳之胜刘，又不但诗文。其谪居自多怨艾意，而刘则无之。,true
1209,17578,《瀛奎律髓汇评》,陆贻典：子厚诗律细于昌黎，至柳州诸咏，尤极神妙，宣城、参军之匹。无名氏：柳州推激风骚，兼能精炼。,true
1210,17578,《雨村诗话》,柳子厚文配韩，其诗亦可配韩，在王摩诘、孟浩然、韦苏州之上，根柢厚，取精多，用物宏也。,true
1211,17578,《读雪山房唐诗钞》,十子而降，多成一幅面目，未免屡见不鲜，至刘、柳出，乃复见诗人本色，观听为之一变，子厚骨耸，梦得气雄，元和之二豪也。,true
1212,17578,《昭昧詹言》,柳子厚才又大于梦得，然境地得失，与梦得相似。,true
1213,17578,《唐七律隽》,昌黎文独步千古，而同时柳州与之抗衡，韩文雄而肆，柳文雅而健，然有伯仲之分也。至其诗则不然，韩诗雄而刻，柳诗雅而洁，柳州当弟视盛昌黎矣。柳州五言上追彭泽、下匹左司，昌黎惟琴操最为高古，余诗则多芜音累句，张籍、王建一流入耳。虽甚奡兀刻划，实开宋人蹊径，近世俱尊宋诗而并尊宋诗之祖，位置杜陵之上矣。而柳州诗则无人齿及，因录之。,true
1214,17578,《岘傭说诗》,柳子厚幽怨有得骚旨而不甚似陶公，盖怡旷气少，沉至语少也。《南涧》…作，气清神敛，宜为坡公所激赏。,true
1215,17578,《唐七律诗钞》,七律至大历间，开、宝浑厚之风鲜矣。……自是而降，作手寥寥，刘、柳起而精神为之一振。,true
1216,17578,《三唐诗品》,五言整饰，其源盖出任彦升，至其弛骋之作，则前尤所阻，宋元诗派此滥觞焉。七言造怀自喻，饶费苦吟，俊逸生新，神伤刻露，要外之储，韦以降，无愧一家之言。《淮雅》《贞符》，纯为文体，无复和音，虽精意求章，而丽则衰矣、《铙歌鼓吹》，犹存魏晋之遗。,true
1217,17578,《石遗室诗话》,柳州五言，大有不安唐古之意。胡应麟只举《南涧》一篇，以为六朝妙诣，不知其诸篇固酷摹大谢也。,true
1218,17578,全唐文,宗元字子厚。河東人。貞元九年進士。又中博學宏詞科。貞元十九年為監察御史裏行。順宗朝擢禮部員外郎。坐黨王叔文貶邵州刺史。再貶永州司馬。移柳州刺史。元和十四年卒。年四十七。,false
1219,14615,中國歷代人名大辭典,"【生卒】：779—831
【介紹】：
唐河南人，字微之。歷舉明經、書判拔萃、才識兼茂明于體用諸科，憲宗元和初拜左拾遺。論事為執政者所忌，出為河南尉，復遷監察御史。與內官爭廳，貶江陵士曹參軍。元和末召拜膳部員外郎。穆宗長慶中，荊南監軍宦官崔潭峻進其歌詞于帝，擢知制誥，進中書舍人、翰林學士承旨，進同中書門下平章事。因裴度彈劾而罷相，出為越州刺史、浙東觀察使。文宗大和中，官武昌節度使，卒。稹詩風平易，與白居易齊名，時稱元白，號“元和體”。宮中呼為“元才子”。在越州與竇鞏唱和，號“蘭亭絕唱”。所作傳奇《會真記》為后來《西廂記》所本。有集。",false
1220,14615,唐詩大辭典 修訂本,"【生卒】：779—831
    字微之，別字威明，排行九，洛陽(今屬河南)人。北魏鮮卑族拓跋部後裔。八歲喪父，受異母兄排擠，隨生母鄭氏遠赴鳳翔，依倚舅族。貞元九年(793)以明經擢第。十九年，登書判拔萃科。元和元年(806)，登才識兼茂明于體用科。元稹受知于宰相裴垍，任監察御史，勇于彈劾，得罪宦官權貴，貶為江陵府士曹參軍。歷通州司馬、虢州長史。自裴垍去世，元稹政治上失去倚靠，轉而依附宦官崔潭峻。元和十四年，回朝任膳部員外郎。次年，得崔潭峻援引，擢祠部郎中、知制誥，遷中書舍人，充翰林學士承旨。長慶二年(822)，以工部侍郎同平章事。居相位三月，為李逢吉所傾，出為同州刺史，歷浙東觀察使、尚書左丞、武昌軍節度使，卒于鎮。其生平見白居易所撰墓志銘，新、舊《<a href='https://cnkgraph.com/Book/2195' target='_blank'>唐書</a>》本傳，及今人卞孝萱所著《元稹年譜》。元稹為著名之傳奇作家和詩人。其詩與白居易齊名，并稱“元白”。風格相近，合稱“元白體”。元稹詩歌創作中，樂府詩占重要地位。素推崇杜甫之創作，繼承其“即事名篇”之精神，與李紳、白居易等一同創作新樂府。其后，又與劉猛、李馀一同創作“雖用古題，全無古義”、“頗同古義，全創新詞”之古樂府。在元稹詩中，艷體詩與悼亡詩最具特色。前者大多是追念少時情人之作，后者則為悼念亡妻韋叢而作。在詩歌形式方面，“古人酬唱不次韻，此風始盛于元、白，皮、陸”(宋嚴羽《<a href='https://cnkgraph.com/Book/14720' target='_blank'>滄浪詩話·詩評</a>》)。元稹與李紳合撰《鶯鶯傳》及《歌》，是貞元、元和間新興之傳奇體裁(參閱今人陳寅恪《元白詩箋證稿》第一章)。評者認為：“中唐詩以韓、孟，元、白為最。韓、孟尚奇警，務言人所不敢言；元、白尚坦易，務言人所共欲言。……此元、白較勝于韓、孟。”(清趙翼《<a href='https://cnkgraph.com/Book/6684' target='_blank'>甌北詩話</a>》卷四)元稹詩文合集，名《<a href='https://cnkgraph.com/Book/2565' target='_blank'>元氏長慶集</a>》，《四部叢刊》本及文學古籍刊行社影印鈔本較通行，中華書局《中國古典文學基本叢書》本《元稹集》較完備。注本有今人楊軍《元稹集編年箋注》。《<a href='https://cnkgraph.com/Book/2484' target='_blank'>全唐詩</a>》編其詩為28卷。《全唐詩外編》及《全唐詩續拾》補詩10首，斷句53。",false
1221,14615,唐诗汇评,元稹（779-831），字微之，河南（今河南洛阳）人。贞元九年（793），以明经登第，十八年，举书判拔萃科，授秘书省校书郎。元和元年，复登制举甲科，授左拾遗，贬河南尉。四年，拜监察御史，奉使东川，又分司东台，以执法不回触怒权贵，贬江陵士曹参军。九年，移唐邓从事，历通州司马、虢州长史。十四年，征为膳部员外郎，累迁祠部郎中知制诰、翰林学士、中书舍人。长庆二年二月，拜相，六月，出为同州刺史。次年，授浙东观察使。大和三年，入为尚书左丞，寻出为武昌节度使，卒于镇。稹与白居易为至交，同倡新乐府，唱和极多，世称“元白”，诗称“元白体”。有《<a href='https://cnkgraph.com/Book/2565' target='_blank'>元氏长庆集</a>》一百卷，又《小集》十卷，均佚。宋人辑有《<a href='https://cnkgraph.com/Book/2565' target='_blank'>元氏长庆集</a>》六十卷行世。《<a href='https://cnkgraph.com/Book/2484' target='_blank'>全唐诗</a>》编诗二十八卷。,false
1222,14615,白居易《河南元公墓志铭》,（稹）尤工诗，在翰林时，穆宗前后索诗数百篇，命左右讽咏，宫中呼为“元才子”，自六宫两都八方至南蛮东夷国，皆写传之。每一章一句出，无胫而走，疾下珠玉。,true
1223,14615,顾陶《唐诗类选沿序》,若元相国稹、白尚书居易，擅名一时，天下称为“元白”、学者翕然，号“元和诗”。,true
1224,14615,杜牧《唐故平卢军节度巡官陇西李府君墓志铭》,述李戡语：自元和己来，有元、白诗者，纤艳不逞，非庄士雅人，多为其所破坏。流于民间，疏于屏壁，子父女母，交口教授，淫言媟语，冬寒夏热，入人肌骨，不可除去。吾无位，不得用法以治之。,true
1225,14615,《诗人主客图》,广大教化主：白居易。……入室三人：张祜、羊士谔、元稹。,true
1226,14615,黄滔《答陈磻隐论诗书》,大唐前有李、杜，后有元、白，信若沧溟无际，平岳干天，,true
1227,14615,韦毂《才调集序》,暇日因阅李、杜集，元、白诗，其间天海混茫，风流挺特。,true
1228,14615,《旧唐书•元稹传》,稹聪警绝人，年少有才名，与太原白居易友善。工为诗，善状咏风态物色，当时言诗者称“元白”焉。自衣冠士子，至闾阎下俚，悉传讽之，号为“元和体”。,true
1229,14615,苏轼《祭柳子玉文》,元轻白俗。,true
1230,14615,谢迈《书元稹遗事》,稹与白居易同时，俱以诗名天下，然多纤艳无实之语，其不足论明矣。,true
1231,14615,《岁寒堂诗话》,元、内、张籍诗，皆自陶、阮中出，专以道得人心中事为工，本不应格卑。但其词伤于太烦，其意伤于太尽，遂成冗长皁陋尔。比之吴融、韩偓俳优之词，号为格卑，则有间矣。若收敛其词，而少加含蓄，其意味岂复可及也！,true
1232,14615,《臞翁诗评》,元微之如李龟年说天宝遗事，貌悴而神不伤。,true
1233,14615,《诗林广记》,高秀实云：元微之诗，艳丽而有骨。,true
1234,14615,《后村诗话》,元、白皆唐大诗人。余观古作者必以艰深文浅近，必以尖新革尘腐，二公独不然。,true
1235,14615,元好问《论诗三十首》,排比铺张特一途，藩篱如此亦区区。少陵自有连城璧，争奈微之识赋砆。,true
1236,14615,《唐才子传》,稹诗变体，往往宫中东色皆诵之，呼为才子。然缀属虽广，乐府专其警策也。,true
1237,14615,《诗谱》,白诗祖乐府，务欲为风俗之用。元与白同志。白意古词俗，元词古意俗。,true
1238,14615,《诗镜总论》,元、白潦倒成家，意必尽言，言必尽兴，然其力足以达之。微之多深着色，乐天多浅着趣；趣近自然，而色亦非貌取也。总皆降格为。凡意欲其近，体欲其轻，色欲其妍，声欲其脆：此数者，格之所由降也。元、白偷快意，则纵肆为之矣。,true
1239,14615,《唐诗归》,钟云：元、白浅俚处，皆不足为病，正恶其太直耳。诗贵言其所欲言，非直之谓也；直则不必为诗矣。又二人酬唱，似惟恐一语或异，是其大病。所谓同调，亦不在语语同也。,true
1240,14615,《唐音癸签》,唐七言歌行……太白、少陵，化而大矣，能事毕矣。降时钱、刘，神情未远，气骨顿衰。元相、白傅，起而振之，敷演有馀，步骤不足。,true
1241,14615,《唐音癸签》,元微之以杜之铺陈终始，排比故实，大或千言，小犹数百，为非李所及。白乐天亦云：杜诗贯穿古今，覙缕格律，尽善尽美，过于李。二公盖专以排律及五言大篇定李、杜优劣，不知杜句律之高，自在才具兼该，笔力变化，亦不专在排比铺陈，贯穿覙缕也。深于杜者，要自得之。,true
1242,14615,《诗源辨体》,元微之少年与白乐天角靡骋博，故称“元白”，然元实不如白。白五言古入录者，虽长篇而体自匀称，意白联络；元体多冗漫，意多散缓，而语更轻率，可采者不能十一。……故知微之本非乐天俦耳。,true
1243,14615,《诗源辨体》,东坡言“元轻白俗”，昔人谓为定论。尝读微之《连昌宫词》及七言律一二入选者，声气似胜，乌得为轻？既而读其集，惟五言排律长篇及窄韵者稍工，馀不免太轻率耳。,true
1244,14615,《诗源辨体》,元不如白，乃是功有疏密，非才有大小也，观张文潜沦乐天，及微之《酬乐天诗序》，便可知矣。,true
1245,14615,《载酒园诗话又编》,诗至元白，实又一大变。两人虽并称，亦各有不同。选语之工，白不如元；波澜之阔，元不如白。白苍莽中间存古调，元精工处亦杂新声。既由风气转移，亦自材质有限。,true
1246,14615,《唐音审体》,元、白号称大家，皆以长篇擅胜，其于七肓八句，竟似无意求工。,true
1247,14615,《唐音审体》,元相用笔专以段落曲折见奇，亦前古所未有。其大篇多冗长，《<a href='https://cnkgraph.com/Book/899' target='_blank'>才调集</a>》所载多靡艳。,true
1248,14615,《唐音审体》,元相诗以风致宕逸自喜，世因有“元轻”之目……元白绝唱，乐府歌行第一，长韵律诗次之，七言四韵又其次也。,true
1249,14615,《香祖笔记》,李长吉诗云：“骨重神寒天庙器。”“骨赏神寒”四字，可喻诗品。……元、白正坐少此四字，故其品不贵。,true
1250,14615,《原诗》,元稹作意胜于白，不及内舂容暇豫。白俚俗处而雅亦在其中，终非庸近可拟。二人同时得盛名，必有其实，俱未可轻议也。,true
1251,14615,《唐诗别裁》,白乐天同对策，同倡和，诗称“元白体”，其实远不逮白。白修直中皆雅音，元意拙语纤，又流于涩。东坡品为“元轻白俗”，非定论了。,true
1252,14615,《一瓢诗话》,元、白诗，言浅而思深，意微而词显，风人之能事也。至于属对精警，使事严切，章法变化，条理井然，其俚俗处，而雅亦在其中，杜浣花之后不可多得者也。盖因元和、长庆间，与开元、天宝时，诗之运会，又当一变，故知之者少。而其即用现前俚语，如“矮张”、“短李”之类，断不可学。,true
1253,14615,《随园诗话》,元、白在唐朝所以能独竖一帜者，正为其不袭盛唐窠臼也。,true
1254,14615,《石洲诗话》,张、王已不规规于格律声音之似古矣，至元、白乃又伸缩柚换，至于不可思议，一层之外，又有一层，古人必无依样临摹以为近者也。,true
1255,14615,《石洲诗话》,诗至元、白，针线钩贯，无乎不到：所以不及前人者，太露太尽耳。,true
1256,14615,《读雪山房唐诗钞•七律凡例》,元微之太近甜俗，一篇而外，不可强登也。,true
1257,14615,《三唐诗品》,其源与香山同出一科，而气格就衰，神情又减，《遣兴》诸章，情然苕秀，知非刻意之作；惟其璆然天籁，乃偶得之。《江陵三梦》，则潘岳悼亡，江淹清减，情至文生，古今一致，《曲江》百韵，与乐天讽喻同规。《连昌》一篇，足媲华清《长恨》。,true
1258,14615,《元白诗笺证稿》,微之自编诗集，以悼亡诗与艳情分归两类……微之以绝代之才华，抒写男女生死离别悲欢之情感，其哀艳缠绵，不仅在唐人诗中不可多见，而影响于后来之文学者尤臣。,true
1259,14615,《元白诗笺证稿》,读微之打题乐府，殊觉其旨趣丰富，文采艳发，似胜于其新题乐府。,true
1260,14615,黄鹤楼志,元稹（779～831） 唐代诗人、文学家。字微之，别字威明，河南洛阳人，北魏昭成帝拓跋什翼犍十世孙。少时即有才名，贞元十九年（803）以明经登第，授秘书省校书郎，曾任江陵府士曹参军、翰林承旨学士等职，官至宰相（同平章事）。卒于江夏（武昌）武昌军节度使任所，追赠尚书右仆射。与挚友白居易共倡新乐府运动，世称“元白”。有《<a href='https://cnkgraph.com/Book/2565' target='_blank'>元氏长庆集</a>》。曾数次在黄鹤楼宴游，其副手窦巩诗云：“时奉登楼宴，闲休上水船。”皇甫枚《元稹烹鲤得镜》云：“丞相元稹之镇江夏也，尝秋夕登黄鹤楼。”《<a href='https://cnkgraph.com/Book/301' target='_blank'>太平广记</a>》中亦载有元稹在黄鹤楼“烹鲤得镜”的轶事。,false
1261,14615,全唐文,稹字微之。河南人。擢明經判入等。補校書郎。元和元年舉制科。對策第一。拜左拾遺。穆宗朝擢祠部郎中知制誥。入翰林為承旨學士。長慶二年進同中書門下平章事。貶同州刺史。改浙東觀察使。太和四年拜武昌節度使。卒年五十三。贈右僕射。,false
1262,20204,中國歷代人名大辭典,"【生卒】：779—843
【介紹】：
唐范陽人，字閬仙，一作浪仙，自稱碣石山人。初為僧，名無本。工詩。與孟郊齊名，并稱“郊島”。嘗于京師騎驢苦吟，煉“推”“敲”二字未定，引手作勢，不覺沖京兆尹韓愈輿。愈詰之，島以實對。愈駐久之，言“敲”字佳，遂并轡論詩，因教以為文。后島還俗，屢舉進士不第。文宗時，為長江縣主簿，世稱賈長江。武宗會昌中，以普州司倉參軍遷司戶，未受命卒。有集。",false
1263,20204,唐詩大辭典 修訂本,"【生卒】：779—843
    字浪仙，一作閬仙，自稱碣石山人，范陽(今北京西南)人。先世名爵不詳。早年曾為僧，法名無本。憲宗元和年間在洛陽以詩文投謁韓愈，后隨愈入長安，返俗應舉，然終生未第(按后蜀何光遠《鑒戒錄》謂其先應舉后為僧，或誤)。文宗開成二年(837)，坐飛謗責授遂州長江(今四川蓬溪西)主簿，世稱賈長江。3年秩滿，遷普州司倉參軍，武宗會昌三年(843)卒于任所。生平概見蘇絳《賈司倉墓志銘》、何光遠《鑒戒錄》卷八及《<a href='https://cnkgraph.com/Book/2326' target='_blank'>新唐書</a>》本傳。今人李嘉言有《賈島年譜》。賈島詩以苦吟著名，曾有吟詩沖犯韓愈之“推敲”故事流傳。其五古宗法韓、孟，喜為詠懷述志，刻琢窮苦之言(如《古意》、《劍客》、《朝饑》、《客喜》)。生新瘦硬，后人有“郊塞島瘦”之稱(蘇軾《祭柳子玉文》)。元和后則專攻五律，獨樹一幟，上承大歷諸子而變格入僻，多吟詠情性，刻畫景物之作，尤喜寫“螢火”、“蟻穴”、“行蛇”、“怪禽”等狹小暗僻之事物，詩風清奇僻苦，峭直刻深，如《送無可上人》、《暮過山村》、《題李凝幽居》等篇，尤見其格。蘇絳稱其“孤絕之句，記在人口”。賈島詩杰出于貞元、元和詩歌極盛之后，且開晚唐尖新狹僻一派之詩風，然賈詩以寄情偏僻，鑄字煉句取勝，故往往缺乏情思，有句無篇，后人之褒貶亦大多著眼于此，如唐司空圖稱其“時有警句，視其全篇，意思殊餒”(《與李生論詩書》)。晚唐詩人則多有效其體者，南宋四靈等更奉之為“唐宗”(見嚴羽《<a href='https://cnkgraph.com/Book/14720' target='_blank'>滄浪詩話</a>》)。清許印芳論賈島之詩歌創作曰：“生李杜之后，避千門萬戶之廣衢，走羊腸鳥道之仄徑，志在獨開生面，遂成僻澀一體。”(《詩法萃編》卷六)賈詩通行者，有四部叢刊本《<a href='https://cnkgraph.com/Book/8184' target='_blank'>長江集</a>》，今人李嘉言《長江集新校》。注本有今人陳延杰《賈島詩注》，齊文榜《賈島集校注》。《<a href='https://cnkgraph.com/Book/2484' target='_blank'>全唐詩</a>》存詩4卷，《全唐詩外編》及《全唐詩續拾》補詩2首，斷句14。",false
1264,20204,唐诗汇评,贾岛（779-843），字浪仙，一作阆仙，范阳（今河北涿县）人。初为僧，法名无本，后还俗。元和中，南游京洛，投谒名公，累举进士不第。长庆中，因以《病蝉》诗讥刺公卿，与平曾等被并称“举场十恶”。开成初，坐飞谤贬授遂州长江主簿。秩满，迁普州司仓参军。会昌三年，改司户参军，未受命而卒。人称贾长江。岛工诗，长于五律，与韩愈、孟郊、张籍、王建、姚合、无可等交游酬唱，为著名苦吟诗人。有《<a href='https://cnkgraph.com/Book/8184' target='_blank'>长江集</a>》十卷、《小集》三卷。今有《贾长江集》十卷行世。《<a href='https://cnkgraph.com/Book/2484' target='_blank'>全唐诗</a>》编诗四卷。,false
1265,20204,苏绛《贾司仓墓志铭》,妙之尤者，属思五言，孤绝之句，泛在人口……所著之篇，不以新句倚靡为意，淡然蹑陶、谢之踪。片云独鹤，高步尘表。,true
1266,20204,《诗人主客图》,清奇雅正主：李益……升堂七人：方干、马戴、任蕃、贾岛、厉玄、项斯。,true
1267,20204,司空图《与李生论诗书》,贾浪仙诚有警句，视其全篇，意思殊馁，大抵附于蹇涩，方可致才，亦为体之不备也。,true
1268,20204,《唐摭言》,元和中，元、白尚轻浅，岛独变格入僻，以矫浮艳，虽行坐寝食，吟味不辍。,true
1269,20204,吕居仁《书长江集后》,岛之诗，约而覃，明而深，杰健而闲易，故为不可多得。韩退之称岛为文“身大不及胆”，又云“奸穷怪变得，往往造平淡”者，予考于集，信然。,true
1270,20204,《诗林广记》,欧阳公云：岛尝为衲子，故枯寂气味，形之于诗句中。,true
1271,20204,方岳《深雪偶谈》,贾阆仙，燕人，生寒苦地，故立心亦然。诚不欲以才力气势，掩夺情性，特于事物理态，毫忽体认。深者寂入仙源，峻者迥出灵岳。古今人口数联，固于劫灰之上泠然独存矣。至以其全集，经岁逾纪咀绎，如芊葱佳气，瘦隐啸吟，徐露其妙，令人首肯，无一可以厌致。,true
1272,20204,《瀛奎律髓》,贾浪仙五言诗律高古，平生用力之至者；七言律诗不逮也。,true
1273,20204,《诗镜总论》,贾岛衲气终身不除，语虽佳，其气韵自枯寂耳。,true
1274,20204,《骚坛秘语》,炼景情真，太拘声病。,true
1275,20204,《批点唐音》,浪仙诗清新沉实，自足为一家，但少从容敦厚耳。温飞卿辈同伦，当侪之长吉、元、白间可也。,true
1276,20204,《诗源辨体》,贾岛与孟郊齐名，故称“郊岛”，郊称五言古，岛称五言律……岛五言律气味清苦，声韵峭急，在唐体尚为小偏，而句多奇僻，在元和则为大变。东坡云“郊寒岛瘦”，唐人诗论气象，此正言气象耳。,true
1277,20204,《唐诗归折衷》,自有诗以来，无如浪仙之刻削者，宜其自苦吟得之也……特其守气过矜，取途太逼，故止长于五律，而长篇散体病未遑焉。,true
1278,20204,《唐诗鼓吹笺注》,先生诗亦只是寻常律格，只为揣摩心苦，不肯轻易下笔，读去自觉别出尖新。,true
1279,20204,《重订中晚唐诗主客图》,浪仙诗无七古，其五古、五七言律以及绝句，皆生峭险僻，锤炼之功不遗馀力。……尤好为五言律，存遗二百涂篇，较别体为多，东野所谓燕本越淡，五言宝刀也。沿流而下，李洞之外，又有周贺、曹松、喻凫，皆宗派之可考者。其他诸贤，虽古无闻，体格不殊，可推而得之。……尊为“清奇僻苦主”，与张水部分坛领袖。,true
1280,20204,《东目馆诗见》,贾长江刻意无凡语，五律尤妙。,true
1281,20204,《三唐诗品》,不知其源所出，却是后来黄山谷、陈无己诸家所祖。精于用意，拙在修词，佳处能戛然独造，一空浮响。浮筋害体，无蕴藉之容，虽与东野齐名，然固不逮也。,true
1282,20204,许印芳《诗法萃编》,浪仙在元和中，元、白诗体尚轻浅，乃独变格入僻，以矫艳俗，较诸颓靡波流者相去远矣……孙仅叙少陵诗云：“郊得其气焰，岛得其奇僻。”可谓知言。,true
1283,20204,全唐诗补逸,贾岛字浪仙，范阳人。初为僧，法名无本。韩愈重其才，劝之还俗。文宗时为长江(属剑南道遂州)主簿，后改普州(亦属剑南道)司仓参军。武宗会昌三年七月卒，年六十四(据苏绛撰《唐故司仓参军贾公墓志铭》)。补诗一首。,false
1284,20204,黄鹤楼志,贾岛（779—843） 唐代诗人。字阆仙，一作浪仙。范阳（今河北涿州市）人。初为僧，法号无本，后还俗。屡应进士试不中，做过遂州长江县主簿等小官，世称“贾长江”。为唐代著名苦吟诗人，与孟郊并称“郊岛”。曾写七律《黄鹤楼》诗一首，诗中无一个“愁”字，而字字见愁。,false
1285,15618,中國歷代人名大辭典,"【介紹】：
名或誤作祐。唐清河人，一說南陽人，字承吉。初依李光顏，后寓姑蘇，曾謁白居易。長慶中令狐楚表薦之，為內臣所抑，一說為元稹所抑。遂至淮南。會昌中與杜牧游。性耿介不容物，數受召幕府，輒自劾去。愛丹陽曲阿地，筑室隱居以終。卒于宣宗大中年間，年約六十余。以宮詞著名。有集。",false
1286,15618,唐詩大辭典 修訂本,"【生卒】：782?—852以后
    一作張祐。《<a href='https://cnkgraph.com/Book/8141' target='_blank'>桂苑叢談</a>》言祜子為冬瓜堰官，張曰：“冬瓜合出祜子(瓠子)。”知作“祜”字為是。字承吉。排行三。郡望清河東武城(今山東武城西北)，籍貫南陽(今屬河南)，晚年居丹陽(今屬江蘇)。以布衣終身。雖“屢蒙方鎮論薦”，卻未沾朝廷寸祿。長年浪跡江湖，或為外府從事，或為大僚幕賓。所歷之地極廣，北至塞北，南極嶺南，西至襄漢、馬嵬，東極于海，均有詩篇可考。自云“顛狂遍九州”。陸龜蒙謂祜“受辟諸侯府，性狷介不容物，輒自劾去”(《甫里先生文集》卷一〇《和過張祜處士丹陽故居》詩序。《<a href='https://cnkgraph.com/Book/2092' target='_blank'>唐詩紀事</a>》卷五二作“皮日休云”，誤。下引同)。故一生蹭蹬。事跡見《<a href='https://cnkgraph.com/Book/2092' target='_blank'>唐詩紀事</a>》卷五二、《<a href='https://cnkgraph.com/Book/2071' target='_blank'>唐才子傳</a>》卷六、《<a href='https://cnkgraph.com/Book/8082' target='_blank'>云溪友議</a>》等。譚優學有《張祜行年考》。祜詩之佳者首推宮詞，委婉多諷，藝術造詣之高，容或在元、白之上。次則體物圖貌，描繪山水，題詠名寺之作，誠如陸龜蒙所云：“善題目佳境，言不可刊置別處。”其邊塞詩數量雖少而質量卻高，能嗣高、岑遺響。其投獻大僚諸作，類皆五言長律，頗見工力，按之皆與史合，有少陵之遺風。祜詩無僻字僻典，無詭怪陸離之狀，純熟工整，流轉自然。俱眼前事、眼前景，人人習見，而祜為之，情趣盎然，平易近人而不流于淺易庸俗。上海古籍出版社影宋蜀刻《張承吉文集》10卷，最稱完備。《<a href='https://cnkgraph.com/Book/2484' target='_blank'>全唐詩</a>》存詩2卷，遺漏甚多。《全唐詩外編》及《全唐詩續拾》補詩155首，斷句8，題1則。",false
1287,15618,唐诗汇评,张祜（约791-约852），字承吉，南阳（今属河南）人，一说清河（今属河北）人。初寓居苏州。元和、长庆中，漫游大河南北及江南各地。尝以诗投谒节帅李愿、李愬、田弘正、名公韩愈、裴度等，求汲引。长庆末，赴杭州取解，受抑。大和五年，令狐楚表荐之，至京献诗三百首，无成而归。会昌五年，往谒池州刺史杜牧，游宴唱和，甚为相得。会昌末大中初，经楚州北游河阳、滑州等地。归丹阳，卒。祜工诗，元和中，即以宫体小诗得名。同辈及后辈诗人令狐楚、杜牧、皮日休、陆龟蒙等均极钦重。有《张承吉文集》十卷行世。《<a href='https://cnkgraph.com/Book/2484' target='_blank'>全唐诗</a>》编诗二卷，遗佚甚多。,false
1288,15618,皮日休《论白居易荐徐凝屈张祜》,祜元和中作宫体诗，词曲艳发，当时轻薄之流重其才，合噪得誉。及老大，稍窥建安风格，诵乐府录，知作者本意，讲讽怨谲，时与六义相左右，此为才之最也。……祜在元、白时，其誉不甚持重。杜牧之刺池州，祜且老矣，诗益高，名益重。,true
1289,15618,《诗人主客图》,广大教化主：白居易……入室三人：张祜、羊士谔、元稹。,true
1290,15618,《唐摭言》,张祜，元和、长庆中深为令狐文公所知。公镇天平日，自草荐表，令以新旧格诗三百篇表进。献辞略曰：凡制五言，苞含六义，近多放诞，靡有宗师。前件人久在江湖，早工篇什，研机甚苦，搜象颇深，辈流所推，风格罕及，云云。谨令录新旧格诗三百首，自光顺门进献，望清宣付中书门下。祜至京师，方属元江夏偃仰内庭，上因召问祜之词藻上下，稹对曰：“张祜雕虫小巧，壮夫耻而不为者，或奖激之，恐变陛下风教。”上颔之，由是寂寞而归，祜以诗自悼，略曰：“贺知章口徒劳说，孟浩然身更不疑。”,true
1291,15618,《诗话总龟》,张祜素藉诗名，凡知己者皆当世英儒。故杜牧之云：“谁人得似张公子，千首诗轻万户侯。”祜有《华清宫》诗，为世所称。,true
1292,15618,《韵语阳秋》,张祜喜游山而多苦吟，凡历僧寺，往往题咏……信知僧房佛寺赖其诗以标榜者多矣。,true
1293,15618,《后村诗话》,张祜诗有“天下三分明月夜，二分无赖是扬州”及“人生只合扬州死，禅智山冈好墓田”之句，其放浪如此，然五言如“断桥荒藓”、“空院落花”之语，林和靖有“妙入神”之褒。,true
1294,15618,《吴礼部诗话》引时天彝《唐百家诗选评》,张祜乐府，时有美丽。,true
1295,15618,《唐诗品》,处士诗长干模写，不离本色，故览物品游，往往超绝，可谓五言之匠也。其宫体小诗，声唱流美，颇谐音调。中唐以后诗人，如处士者裁思精利，安可多得？但龟蒙序略，谓之稍窥建安风格，则泯乎未之有见。,true
1296,15618,《唐音癸签》,张承吉五言律诗，善题目佳境，不可刊置他处。当吋以乐府得名，未是定论。,true
1297,15618,《诗源辨体》,张祜元和中作宫体七言绝三十馀首，多道天宝宫中事，入录者较王建工丽稍逊，而宽裕胜之。其外数篇，声调亦高。,true
1298,15618,《石洲诗话》,张祜绝句，每如鲜葩颭滟，焰水泊浮，不特“故国三千里”一章见称于小杜也。,true
1299,15618,《读雪山房唐诗序例》,张祜喜咏天宝遗事，合者亦自婉绝可思。,true
1300,15618,《重订中晚唐诗主客图》,承吉作宫词绝句，韵味风情不下王仲初；乐府长歌，亦各成格调。独五言近体，刻入处太通阆仙，或亦私淑贾氏者也。断为及门一人。,true
1301,15618,《唐七律隽》,承言初不遇于乐天，后见抑于微之，独见知于杜牧之，故牧之赠诗，有“睫在眼前犹不见”之句，盖讥元、白也。,true
1302,15618,《三唐诗品》,不详其源所出。七言构体生新，劲过张、王而同其风味，琢词洗骨在东野、长吉之间，“雁门思归”尤推高唱，五律蹇涩之中时生俊采，其雅琴之变曲，隐士之幽音乎？,true
1303,15618,《诗学渊源》,张祜……以宫词名，然别作亦有大历风格。与徐凝齐名，为元、白所重。凝诗多绝句，其律诗已是晚唐，祜胜凝多矣。,true
1304,15618,词学图录,张祜（约785-849？），字承吉，清河东武城（今山东武城）人。初寓姑苏，后至长安，集十卷，其《题金陵渡》、《宫词二首》颇传诵。有《胡渭州》等词。,false
1305,15618,全唐诗补逸,张祜字承吉，清河人。元和中作宫体小诗，情词艳发，稍流轻薄。晚岁乃窥建安风格，短章大篇，往往间出，谏讽怨谲，颇深寄意，为时所称，皮日休、陆龟蒙尤重之。大中中卒于丹阳。补诗四卷。（按《<a href='https://cnkgraph.com/Book/2484' target='_blank'>全唐诗</a>》卷五百十及卷五百十一编张祜诗二卷，又卷八百七十收谐谑诗二首，其中《戏颜郎中骑猎诗》一首已见正卷，盖复出，又卷八百八十三补遗卷有诗五首。本编所辑四卷，均所未及。今从北京图书馆藏南宋蜀刻本《张承吉文集》、《<a href='https://cnkgraph.com/Book/14383' target='_blank'>永乐大典</a>》、韦庄《又玄集》、《<a href='https://cnkgraph.com/Book/301' target='_blank'>太平广记</a>》引唐康骈《<a href='https://cnkgraph.com/Book/8142' target='_blank'>剧谈录</a>》、唐冯翊子《<a href='https://cnkgraph.com/Book/8141' target='_blank'>桂苑丛谈</a>》等书录出之。祜，诸书或有作佑者，误。）,false
1306,19980,中國歷代人名大辭典,"【介紹】：
唐潤州丹陽人，祖籍安陸，字用晦，一作仲晦。許圉師六世孫。文宗太和六年進士。歷當涂、太平縣令，以病免。久之，起為潤州司馬。宣宗大中中拜監察御史，歷虞部員外郎，睦、郢二州刺史。后抱病退居潤州丁卯橋村舍。自少苦學多病，喜愛林泉。工律詩，多登高懷古之作，為晚唐名家。有《丁卯集》。",false
1307,19980,唐詩大辭典 修訂本,"【生卒】：788?—858，—說791—858
    字用晦，一字仲晦，排行七，郡望安陸(今屬湖北)，籍貫洛陽(今屬河南)。成年后移家京口(今江蘇鎮江)丁卯澗，以丁卯名其詩集，后人因稱“許丁卯”。文宗大和六年(832)登進士第。仕文宗、武宗、宣宗三朝，歷任當涂、太平縣令，虞部員外郎，監察御史，潤州司馬，郢、睦二州刺史等職。事跡散見《<a href='https://cnkgraph.com/Book/876' target='_blank'>郡齋讀書志</a>》卷四中、《<a href='https://cnkgraph.com/Book/2071' target='_blank'>唐才子傳</a>》卷七等。其一生不作古詩，專攻律體；題材以懷古、田園詩為佳，藝術則以偶對整密、詩律純熟為特色。后人于此毀譽懸殊。明胡應麟云：“俊爽若牧之，藻綺若庭筠，精深若義山，整密若丁卯，皆晚唐錚錚者。”(《<a href='https://cnkgraph.com/Book/6663' target='_blank'>詩藪</a>》外編卷四)其“溪云初起日沉閣，山雨欲來風滿樓”(《咸陽城東樓》)為歷代傳誦之名聯。清何焯評《灞東題司馬郊園》詩為“不減王右丞”(《唐賢三體詩句法》卷六)。而宋陳師道則云：“后世無高學，舉俗愛許渾。”(《次韻蘇公西湖觀月聽琴》)蓋詩壇時代風尚興替使然。許詩誤入杜牧集者甚多。許集通行者有續古逸叢書本《許用晦文集》、四部叢刊本《丁卯集》。注本有清許培榮《<a href='https://cnkgraph.com/Book/5825' target='_blank'>丁卯集箋注</a>》，今人羅時進《丁卯集箋證》。《<a href='https://cnkgraph.com/Book/2484' target='_blank'>全唐詩</a>》編為11卷，多混入他人作品。《全唐詩外編》及《全唐詩續拾》補詩4首，斷句2。",false
1308,19980,唐诗汇评,许浑（？-约858），字用晦，一云字仲晦，润州丹阳（今江苏丹阳）人。武后时宰相许圉师六世孙。大和六年（832），登进士第。开成中，任当涂尉，摄当涂、太平二县令。后佐岭南幕，大中初，入朝为监察御史。三年，谢病东归润州丁卯桥别墅。起为润州司马，以虞部员外郎分司东都，官终睦、郢二州刺史。浑工诗，尤长律体，属对精切，声律谐婉，以整密称。大中四年居丁卯桥时，曾自编诗为《丁卯集》。今有《丁卯集》二卷行世。《<a href='https://cnkgraph.com/Book/2484' target='_blank'>全唐诗</a>》编诗十一卷，尚有部分诗作混入杜牧诗中，本集反失收。,false
1309,19980,《诗人主客图》,瑰奇美丽主：武元衡……升堂四人：卢频、陈羽、许浑、张萧远。,true
1310,19980,韦庄《题许浑诗卷》,江南才子许浑诗，字字清新句句奇。十斛明珠量不尽，惠休虚作碧云词。,true
1311,19980,《唐音癸签》,引孙光宪语：世言许浑诗不如不做，言其无才藻。鄙其无教化也。,true
1312,19980,陆游《跋许用晦<丁卯集>》,许用晦居于丹阳之丁卯桥，故其诗名《丁卯集》，在大中以后亦可为杰作。自是而后，唐之诗益衰矣，悲夫！,true
1313,19980,《对床夜语》,七言律诗极不易，唐人以诗名家者，集中十仅一二，且未见其可传。盖语长气短者易流于卑，而事实意虚者又几乎塞，用物时不为物所赘，写情而不为情所牵，李、杜之后，尚学者许浑而已。,true
1314,19980,《对床夜语》,许浑绝句亦佳，但句法与律诗相似，是其所短耳。,true
1315,19980,《后村诗话》,其诗如天孙之织，巧匠之斫，尤善用古事以发新意。,true
1316,19980,《后村诗话》,杜牧、许浑同时，然各为体。牧于唐律中常寓少拗峭，浑则不然……律切丽密或过牧，而抑扬顿挫不及也。,true
1317,19980,《瀛奎律髓》,诗出于元、白之后，体格太卑，对偶太切。,true
1318,19980,《瀛奎律髓》,浑句联多重用，其诗似才得一句便拏捉一句为联者，所以无自然真味。,true
1319,19980,《吴礼部诗话》引时天彝《唐百家诗选评》,许用晦工为七言。,true
1320,19980,《唐才子传》,浑乐林泉，亦慷慨悲歌之士，登高怀古，已见壮心。故其格调豪丽，犹强弩初张，牙浅弦急，俱无留意耳。至今慕者极多，家家自谓得骊龙之照夜也。,true
1321,19980,《麓堂诗话》,人但知律诗起结之难，而不知转语之难，第五、第七句尤宜著力。如许浑诗，前联是景，后联又说，殊乏意致耳！,true
1322,19980,《唐诗品》,元和以后，专事声偶，文藻疏薄而神气委靡，无足取者。许浑之在当时，独以精密俊丽见称。今观其集，旨趣物理，研穷意象，天然秀出，不可变动。如“湘潭云尽暮山出，巴蜀雪消春水来”，如“石燕拂云晴亦雨，江豚吹浪夜还风”，如“溪云初起日沉阁，山雨欲来风满楼”，为世传诵，不但披沙见宝而已。后来时作，往往祖尚郢州，虽未登于珪璋之列，而烟云风鸟之思，形容揉弄殆已尽其华态，亦何可少耶！,true
1323,19980,《升庵诗话》,唐诗至许浑，浅陋极矣，而俗喜传之，至今不废。高棅编《<a href='https://cnkgraph.com/Book/371' target='_blank'>唐诗品汇</a>》，取至百馀首，甚矣，棅之无月也！棅不足言，而杨仲弘选《<a href='https://cnkgraph.com/Book/1141' target='_blank'>唐音</a>》，自谓详于盛唐而略于晚唐，不知浑乃晚唐之尤下者，而取之极多。忡弘之赏鉴，亦羊质而虎皮乎？陈后山云：“近世无高学，举俗爱许浑。”斯卓识矣。孙光宪“许浑诗，李远赋，不如不做。”当时已有公论，惜乎伯谦辈之僧子此也！,true
1324,19980,《少室山房笔丛》,丁卯诗，浅陋诚有之，时俊语亦自不减，在晚唐较铮铮。,true
1325,19980,《诗源辨体》,晚唐诸子体格虽卑，然亦是一种精神所注。浑五七言律工巧衬贴，便是其精神所注也。,true
1326,19980,《诗源辨体》,许浑五七言律体格渐卑者，特以情浅而词胜，工巧衬贴，而多见斧凿痕耳。,true
1327,19980,王夫之《古诗评选》,取景从人取之，自然生动。许浑唯不如此，是以费尽巧心，终得恶诗之誉。,true
1328,19980,《近体秋阳》,许浑以才情赡迈，雄眡晚朝，每拈一题，如泉浦云蒸，视张、郑辈儿区区不屑，而不知一种不受烟火之气，飘萧遥越，虽行浑身，要不能得矣。,true
1329,19980,《围炉诗话》,许浑诗有力量，而当时以为“不如不作”，无比兴，说死句也。,true
1330,19980,《载酒园诗话》,许诗情好景好，持意少事少。愚意西昆过于征实，丁卯迹于空虚，俱是一病。若节取之，则秦绨赵毅，均可适体。必弘人帛之风，咸归并黜，好尚虽端，亦有目胶离朱、指捩工倕之叹。,true
1331,19980,《贞一斋诗说》,许丁卯格甚凝炼，气未深厚。,true
1332,19980,《一瓢诗话》,许丁卯思正气清，诗中君子，但苦声调低哑有之，在当时韦端己、杜牧之皆有诗推许可证。杨诚斋诋其浅陋，竞似道听途说，不曾亲读此公诗者。,true
1333,19980,《唐诗笺要》,丁卯集多选声设色工作，如“风吹药蔓迷樵役，水暗芦花大约船”，“一樽酒尽青山暮，干里书回碧树秋”，皆律度可仿，胜枯木湿鼓之音远矣。,true
1334,19980,《唐贤小三昧集续集》,丁卯诗格律匀称，工夫极细，而天分稍庸，较之玉溪、牧之，仙凡判矣。,true
1335,19980,陈文述《书许丁卯诗后》,余于三唐诸家，李、杜外，古诗嗜岑嘉州，近体嗜许丁卯，以神清骨秀也。丁卯佳句，色韵尤胜……五雀六燕，铢两悉称，金篇何尝不浑成！学者于此种究心，必无浮滑粗豪之病。,true
1336,19980,《瀛奎律髓汇评》,纪昀：用晦五律胜七律，然终是意境浅狭，如老于世故人，言动衣冠毫无圭角，而有一种说不出可厌处……用晦之病在格意凡近，不尽在句法也。,true
1337,19980,《重订中晚唐诗主客图》,用晦诗丰润有馀，清瘦不足，故格少降。然韵远情长，工于近物，撰力不在朱庆馀下，或起结少逊耳。其宗水部，虽无明文，而渊源可寻。……特著为升堂第二，以为学古先路。,true
1338,19980,《石洲诗话》,许丁卯五律，在杜牧之下、温岐之上，固知此事不尽关涂泽也。七律亦较温清迥矣。,true
1339,19980,《养一斋诗话》,大抵浑之绝句、五律，绰有家法；若必推重其七律，则久将以熟套为诗，而无独得之妙。,true
1340,19980,《唐七律隽》,浑七律工稳流丽，但出之流便，故数见不鲜，若汰去熟调，存其精英，不在李义山、温飞卿、杜牧之诸人下，亦晚唐一大作手，未必如升庵所云也。,true
1341,19980,《三唐诗品》,其源出于柳恽。新隽有馀，浑坚不足，颉颃中、盛，弥近晚街。五律清腴，特饶风韵。“残云太华”、“疏雨中条”、“山开殿响”、“水卷帘寒”，俱一时之隽。,true
1342,19980,《诗学渊源》,（浑）思致清切典雅，有大历风格。,true
1343,19980,全唐诗补逸,许浑字用晦，丹阳人，故相国圉师之后。登太和六年李圭榜进士第。补诗二首。,false
1344,19980,全唐文,渾字用晦。丹陽人。故相圉師之後。太和六年進士第。當塗太平二縣令。以病免。起潤州司馬。大中三年為監察御史。歷虞部員外郎睦郢二州刺史。,false
1345,18032,中國歷代人名大辭典,"【生卒】：約801—約866或約812—約870
【介紹】：
唐太原祁人，本名岐，字飛卿。溫彥博裔孫。少敏悟，工詩詞。數舉進士不第。宣宗大中中，以攪擾試場，黜為隨縣尉。襄陽節度使徐商署為巡官。不得志，去歸江東。后至長安，任國子助教。貶方城尉，卒。其詩辭藻華麗，與李商隱齊名，并稱溫李。其詞多寫閨情，風格濃艷，后收入《<a href='https://cnkgraph.com/Book/1613' target='_blank'>花間集</a>》，為花間派詞人之首，又與韋莊并稱溫韋。時試律賦，八韻一篇，相傳庭筠文思敏捷，叉手一吟便成一韻，八韻只須八叉八吟，故號為溫八叉、溫八吟，有《金筌集》及詩集等。",false
1346,18032,唐詩大辭典 修訂本,"【生卒】：812—870
    本名岐，字飛卿，排行十六，太原祁(今山西祁縣)人。少負才華，尤長于詩賦，然生性傲岸，好譏諷權貴，得罪宰相令狐綯，因此累舉不第，僅任方城尉、隋縣尉、國子監助教等微職。生平見新、舊《<a href='https://cnkgraph.com/Book/2195' target='_blank'>唐書</a>》本傳。夏承燾有《溫飛卿系年》。溫庭筠為晚唐詞壇巨擘，亦有詩名，當時與李商隱齊名，號為“溫李”。時人又稱其與李商隱、段成式之詩風為“三十六體”，因三人皆排行十六故也。才性敏捷，每與試，押官韻，未嘗起草，每一韻一吟，場中曰“溫八吟”。又謂八叉手成八韻，故又稱“溫八叉”或“溫八韻”。溫詩語言風格較為秾艷，予人以綺錯婉媚之感。此種特征尤以樂府篇什為最。其懷古之作，多含諷諭意義；其寫女性之詩則多具悲劇色彩。亦有少量直接揭示社會矛盾之篇什，故不能將溫詩一概斥之為“側艷之詞”。詩體以近體為較擅，氣韻清拔，格調高峻，如《過陳琳墓》、《經五丈原》等。其寫景小詩則清新可喜，如《商山早行》中“雞聲茅店月，人跡板橋霜”二句，向稱名句。由清人曾益編集作注、顧予咸補輯、顧嗣立補注重訂之《<a href='https://cnkgraph.com/Book/959' target='_blank'>溫飛卿詩集箋注</a>》，乃最完善之溫詩注本，存詩近330首。《<a href='https://cnkgraph.com/Book/2484' target='_blank'>全唐詩</a>》存詩9卷，《全唐詩外編》及《全唐詩續拾》補詩1首，斷句6。",false
1347,18032,唐诗汇评,溫庭筠（约801-约870），本名岐，字飞卿，太原祁（今山西祁县）人。才情敏捷，每入试，八叉手而成八韵，人号“温八叉”。然恃才傲物，放浪不羁，又好讥讽权贵，多犯忌讳，故屡举进士不第。曾东游吴越，南极黔巫，西北至萧关、回中，行踪极为广泛。大中末，谪为隋县尉。徐商镇襄阳，辟为巡官，与段成式、韦蟾等唱和。咸通七年，官国子助教，竟流落而终。工诗，与李商隐齐名，时号“溫李”。又工词，为《<a href='https://cnkgraph.com/Book/1613' target='_blank'>花间集</a>》中首要词人，后人尊为花间鼻祖。有《握兰集》三卷、《金筌集》十卷、《诗集》五卷、《汉南真稿》十卷，均佚。今有《温飞卿集》七卷，别集一卷行世。《<a href='https://cnkgraph.com/Book/2484' target='_blank'>全唐诗</a>》编诗九卷。,false
1348,18032,《旧唐书•文苑传》,（李商隐）与太原温庭筠、南郡段成式齐名，时号“三十六”。文思清丽，庭筠过之。,true
1349,18032,《唐摭言》,温庭筠烛下未尝起草，但笼袖凭几，每赋一咏一吟而已，故场中号为“温八吟”。,true
1350,18032,《北梦琐言》,温庭云字飞卿，或“云”作“筠”字，旧名岐，与李商隐齐名，时号曰“温李”。才思艳丽，工于小赋，每入试，押官韵作赋，凡八叉手而八韵成。多为邻铺假手，号口“救数人”也。,true
1351,18032,《唐才子传》,（庭筠）少敏悟，天才雄瞻，能走笔成万言……侧词艳曲，与李商隐齐名，时号“温李”。才情绮丽，尤工律赋。,true
1352,18032,《批点唐音》,温生作诗，全无兴象，又乏清温，句法刻俗，无一可法，不知后人何故尊信。大抵清高难及，粗俗易流，差便于流俗浅学耳。余恐郑声乱耳，故特排击之。,true
1353,18032,《唐诗镜》,温庭筠诗如浪芷浮花，初无根蒂，丽而浮者，伤其质矣。,true
1354,18032,《唐音癸签》,温飞卿与义山齐名，诗体丽密概同，笔径较独酣捷。七言乐府，似学长吉，第局脉紧慢稍殊，彼愁思之言促，此淫思之言纵也。,true
1355,18032,《诗源辨体》,庭筠五言律有六朝体，酷相类。七言人录者调多清逸，语多闲婉，在晚唐另为一种。,true
1356,18032,《载酒园诗话又编》,大抵温氏之才，能瑰丽而不能澹远，能尖新而不能雅正，能矜饰而不能自然，然警慧处，亦非流俗浅学所易及。正如苎萝女，昵之虽欲倾城，然使其终身负薪，则亦不平。,true
1357,18032,《唐音审体》,飞卿乐府歌行，不妨出义山之上，而今体诗不逮远甚。虽曰义山学杜，飞卿学李，渊源本异，而工力浅深，自不可掩。,true
1358,18032,《野鸿诗的》,飞卿古诗与义山近体相埒，题既无谓，诗亦荒谬；若不论义理而只取姿态，则可矣。,true
1359,18032,《唐诗别裁》,语曰：“情生于文，文生于情。”情不足而文多，晚唐诗所以病也。得此意以去取温诗，则真诗出矣。,true
1360,18032,《一瓢诗话》,温飞卿，晚唐之李青莲也，故其乐府最精，义山亦不及。……唯长诗则温不迨李。李有收束法，凡长篇必作一小束，然后再收，如山川跌换之势；温则一束便住，难免有急龙急脉之嫌。,true
1361,18032,《石洲诗话》,飞卿七古，调子元好，即如《湖阴同》等曲，即阮亭先生之音节所本也。然飞卿多作不可解语。且同一浓丽，而较之长吉，觉有伧气，此非大雅之作也。,true
1362,18032,《石洲诗话》,温诗五律，在姚武功之上。,true
1363,18032,《读雪山房唐诗序例》,温飞卿久困名场，故学力独为透到。其于玉谿，何止偏师之攻！顾华玉盛诋之，亦蚍蜉撼树也。,true
1364,18032,《石园诗话》,愚谓飞卿才思艳丽，韵格清拔，随题措辞，无不工致，恰如其“有丝即弹，有孔即吹”之妙。,true
1365,18032,《南堂辍锻录》,温飞卿五律甚好，七律唯《苏武庙》、《五丈原》可与义山、樊川比肩。五七古、排律则外强中干耳。,true
1366,18032,《东目馆诗见》,飞卿与玉谿并称，其歌谣岂玉谿所能幾及！清拔处亦不似长吉刿心镂肝。,true
1367,18032,《唐七律隽》,温、李并称，飞卿松秀似胜义山，而宋人学西昆者有此精到否？,true
1368,18032,《三唐诗品》,其源滥觞明远，而衍派子山，是义山一流。顾律多浮藻，无婉密之音。五言规古，自存璆亮。歌行炼色揣声，密于义山，疏于长吉。刘彦和谓“穷力追新”，陆士衡谓“雅而能艳”者。,true
1369,18032,词学图录,温庭筠（？-866） 原名岐，字飞卿。太原人。花间词人鼻祖。有《握兰集》三卷、《金荃集》十卷，皆佚，词存《<a href='https://cnkgraph.com/Book/1613' target='_blank'>花间集</a>》、《金奁集》中，王静安辑《金荃词》一卷。,false
1370,18032,全唐文,庭筠本名岐。字飛卿。太原人。數舉進士不第。徐商鎮襄陽。署為巡官。歷方城隋縣尉卒。,false
1371,17274,中國歷代人名大辭典,"【生卒】：803—852
【介紹】：
唐京兆萬年人，字牧之。杜佑孫。文宗大和二年進士。初為弘文館校書郎。曾入江西、宣歙觀察使沈傳師幕與淮南節度使牛僧孺幕，歷監察御史，黃、池、睦諸州刺史，入為司勛員外郎。武宗會昌中，歷遷考功郎中、知制誥、中書舍人。時劉從諫守澤潞，何進滔據魏博，頗驕蹇不循法度。牧作《罪言》，論朝廷用兵之策。后澤潞平，略如其言。又曾注《孫子兵法》。善屬文，工詩，世稱小杜，以別于杜甫。后得病，自為墓志，悉取所為文章焚之。有《<a href='https://cnkgraph.com/Book/956' target='_blank'>樊川文集</a>》。",false
1372,17274,唐詩大辭典 修訂本,"【生卒】：803—852
    字牧之，排行十三。京兆萬年(今陝西西安)人，祖居長安下杜樊鄉(今陝西長安縣東南)，因稱“杜樊川”；嘗為淮南節度府掌書記，稱“杜書記”；曾官司勛員外郎，稱“杜司勛”；官至中書舍人，稱“杜舍人”；開元中曾稱中書省為紫微省，稱中書舍人為紫微舍人，故又稱“杜紫微”；世人為區別于杜甫，又稱之為“小杜”。宰相杜佑之孫。文宗大和二年(828)進士及第，登賢良方正能直言極諫科，授弘文館校書郎。同年應江西觀察使沈傳師之辟，為江西團練巡官。其后沈轉宣歙觀察使，牧隨赴宣州。七年應牛僧孺之辟，在揚州任淮南節度府推官，后轉掌書記。九年回長安任監察御史，后分司東都。開成二年(837)為宣州團練判官。四年復回長安，任左補闕，后轉膳部、比部員外郎，皆兼史職。武宗會昌二年(842)出為黃州刺史，后遷池州、睦州。宣宗大中二年(848)擢司勛員外郎、史館修撰，后轉吏部員外郎。四年出為湖州刺史。五年入為考功郎中、知制誥，次年為中書舍人，卒。臨終作《自撰墓志銘》。新、舊《<a href='https://cnkgraph.com/Book/2195' target='_blank'>唐書</a>》有傳。今人繆鉞撰《杜牧年譜》，敘其生平尤詳。杜牧為晚唐杰出之詩人與散文家。好讀書，善論兵，曾注《<a href='https://cnkgraph.com/Book/7745' target='_blank'>孫子</a>》。自詡留心于“治亂興亡之跡，財賦兵甲之事”，以濟時命世為己任。早期即有《罪言》、《原十六衛》、《戰論》、《守論》等文，痛陳藩鎮之禍與時政之失，頗有見地。作文主張“以意為主，以氣為輔，以辭采章句為之兵衛”(《答莊充書》)。詩學杜甫，其五古如《感懷詩》、《郡齋獨酌》、《杜秋娘詩》、《張好好詩》，堪稱晚唐獨步。然長于律、絕，其絕句，如《泊秦淮》、《秋夕》、《赤壁》、《寄揚州韓綽判官》、《華清宮絕句三首》等尤為膾炙人口。杜牧詩歌之主要特色為俊爽圓純，明胡應麟稱之曰“俊爽”(《<a href='https://cnkgraph.com/Book/6663' target='_blank'>詩藪</a>》外編卷四)；清劉熙載謂“雄姿英發”(《藝概》卷二)；宋敖陶孫喻為“如銅丸走坂，駿馬注坡”(《詩評》)。杜牧好議論，故其詩又往往“含思悲凄，流情感慨，抑揚頓挫之節，尤其所長。以時風委靡，獨持拗峭。”(《<a href='https://cnkgraph.com/Book/2088' target='_blank'>唐音癸簽</a>》卷八引徐獻忠語)與李商隱齊名，時號“小李杜”。詩文之外，書法、繪畫皆有相當造詣。所著《<a href='https://cnkgraph.com/Book/956' target='_blank'>樊川文集</a>》20卷，為其甥裴延翰編。清馮集梧有《樊川詩集注》，繆鉞有《杜牧詩選》，臺灣學人譚黎宗慕有《杜牧研究資料匯編》。《<a href='https://cnkgraph.com/Book/2484' target='_blank'>全唐詩</a>》存詩8卷，《全唐詩外編》及《全唐詩續拾》補詩9首，其中1首為殘詩。",false
1373,17274,唐诗汇评,杜牧（803—853），字牧之，京兆万年（今陕西西安）人。杜佑之孙。大和二年（828），登进士第，又登贤良方正能直言极谏科，授弘文馆校书。沈传师廉寨江西，辟为团练巡官；沈徙镇宣歙，牧亦从之。府罢，淮南节度使牛僧孺辟为掌书记，颇好游宴，纵情声色。九年，入朝为监察御史，旋分司东都。开成中，历宣州团练判官、左补阙、史馆修撰、膳部员外郎等职。会昌二年，出守黄州，历池、睦二州刺史。大中二年，入为司勋员外郎、史馆修撰，复出为湖州刺史，终官中书舍人。牧知兵，善古文。工诗，尤擅七言近体，清丽俊爽，自成一家，与李商隐夺名，亦称“李杜”。其甥裴延翰集其诗文为《<a href='https://cnkgraph.com/Book/956' target='_blank'>樊川文集</a>》二十卷，今存。后人复摭拾集外诗文为《外集》、《别集》、《补遗》各一卷，多杂他人作品。《<a href='https://cnkgraph.com/Book/2484' target='_blank'>全唐诗</a>》编诗八卷，其第七卷几全为许浑诗。,false
1374,17274,杜牧《献诗启》,某苦心为诗，唯求高绝，不务奇丽，不涉习俗，不今不古，处于中间。,true
1375,17274,裴延翰《樊川文集后序》,窃观仲舅（按指杜牧）之文，高聘敻历，旁绍曲摭，洁简浑园，劲出横贾，涤濯滓窳，支立欹倚。呵磨皲瘃，如火照焉；爬梳痛痒，如水洗焉。其抉刎挫偃，敢断果行，若誓牧野，前无有敌；其正视严听，前冲后銮，如整冠裳，祗谒宗庙；其甛蛰爆聋，迅发不慄，矜大吕劲呜，洪钟横撞，撑裂噎暗.戛切《韶》、《濩》；其砭熨嫉恶，堤障初终，若濡槁于未焚，膏痈于未穿。栽培教化，翻正治乱，变醨养瘠，尧醲舜薰，斯有意趋贾、马、刘、班之藩墙者耶！……其馀述喻赞诫，兴讽愁伤，易格异状，机键杂发，虽绵远穷幽，脓腴魁 ，笔酣兴健，窕眇碎细，包诗人之轨宪，整扬、马之牙阵，耸曹、刘之骨气，掇颜、谢之物色，然未始十拔斸治丰，縆幅道义，钩深于经史，觝御于理化也。,true
1376,17274,《诗人主客图》,高古奥逸主：孟云卿……入室六人：李贺、杜牧、李馀、刘猛、李涉、胡幽贞。,true
1377,17274,《新唐书》本传,牧于诗，情致豪迈，人号为“小杜”以别杜甫云。,true
1378,17274,《郡斋读书志》,牧善属文，刚直有奇节，敢论列大事.指陈利病。为诗情致豪迈，人号“小杜”。,true
1379,17274,《直斋书录解题》,牧才高，俊迈不羁，其诗豪而艳，有气概，非晚唐人所能及也。,true
1380,17274,《风月堂诗话》,杜牧之风味极不浅，但诗律少严；其属辞比事殊不精致，然时有自得为可喜也。,true
1381,17274,《蔡百衲诗评》,杜牧之诗风调高华，片言不俗，有类新及第少年，略无少退藏处，固难求一唱而三叹也。,true
1382,17274,《臞翁诗评》,杜牧之如铜丸走坂，骏马注坡。,true
1383,17274,《瀛奎律髓》,郊、岛、元、白下世之后，张祜、赵嘏诸人皆不及牧之，盖颇能用老杜句律，自为翘楚，不卑卑于晚唐之酸楚凑砌也。,true
1384,17274,《唐诗品》,牧之鄠社遗风，名家远绍。其诗含思悲凄，流情感慨，下语精切，含声圆整，而抑扬顿挫之节尤其所长。然以时风委靡，独持拗峭，虽云矫其流弊，而持情亦巧。或者比之许浑，两人之作，南北异调，了了可辨，岂风气囿诸情性，不能自达干中声者乎？初席先辈，西北居多，而含宫调徴，各谐其节，未有如牧之者。,true
1385,17274,《升庵诗话》,律诗至晚唐，李义山而下，唯杜牧之为最，宋人评其诗豪而艳，宕而丽，于律诗中特寓拗峭，以矫时弊，信然。,true
1386,17274,《骚坛秘语》,（牧之）主才，气俊思活。,true
1387,17274,《诗薮》,中唐绝，如刘长卿、韩翃、李益、刘禹锡，尚多可讽咏。晚唐则李义山、温庭筠、杜牧、许浑、郑谷，然途轨纷出，渐入宋、元。多歧亡羊，信哉！,true
1388,17274,《唐音癸签》,杜牧之门第既高，神颖复隽，感慨时事，条划率中机宜，居然具宰相作略。……自牧之后，诗人擅经国誉望者概少，唐人材益寥落不振矣。,true
1389,17274,《诗源辨体》,杜牧才力或优于浑，然奇僻处多出于元和。五七言古恣意奇僻，且多失体裁，不能如韩之工美，援引议论处益多以文为诗矣。其仄韵亦多上、去二声杂用。,true
1390,17274,《诗源辨体》,杜牧亦尚奇尚意而又以老硬为主，实僻涩怪恶也。宋人之法多出于此。,true
1391,17274,《诗源辨体》,杜牧七存律出意虽深，而造语实僻。,true
1392,17274,《唐音审体》,樊川笔健调响，而绝少全璧。如《甲雁》诗前半绝唱，而后幅殊劣，岂非恨事。,true
1393,17274,《唐诗别裁》,晚唐诗多柔靡，牧之以拗峭矫之。人谓之“小杜”，以别于少陵。配以义山，时亦称“李杜”。,true
1394,17274,《瓯北诗话》,杜牧之作诗，恐流于平弱，故措词必拗峭，立意必奇辟，多作翻案语，无一平正者。方岳《深雪偶谈》所谓“好为议论，大概出奇立异，以自见其长”也。,true
1395,17274,《四库全书总目》,牧诗冶荡甚于元、白，其风格则实出元、白之上。,true
1396,17274,《雨村诗话》,杜牧之诗轻倩秀艳，在唐贤中另是一种笔意。故学诗者不读小杜，诗必不韵。,true
1397,17274,《北江诗话》,中唐以后，小杜才识，亦非人所能及。文章则有经济，古近体诗则有气势，倘分其所长，亦足以了数子。宜其薄视元、白诸人也！,true
1398,17274,《北江诗话》,杜牧之与韩、柳、元、白同时，而文不同韩、柳，诗不同元、白，复能于四家外，诗文皆别成一家，可云特立独行之士矣！,true
1399,17274,《石洲诗话》,樊川真色真韵，殆欲吞吐中晚千万篇，正亦何必效杜哉！,true
1400,17274,《读雪山房唐诗序例》,杜紫微天才横逸，有太白之风，而时出入于梦得。七言绝句一体，殆尤专长。观玉溪生“高楼风雨”云云，倾倒之者至矣。,true
1401,17274,《唐七律隽》,元、白而下，牧之较有气骨，然七律多随笔而出，于锻炼之功殊缺也，实开宋人生涩一派。宋人评其诗豪而艳、宕而丽……盖以气味相近故也。虽与熟滑卑调不同，而初盛典型荡然矣。,true
1402,17274,曾国藩《大潜山房诗题语》,山谷学杜公，七律专以单行之气，运于偶句之中。东坡学太白，则以长古之气，运于律句之中。樊川七律，亦有一种单行票姚之气。余尝谓小杜、苏、黄，皆豪士而有侠客之风者。,true
1403,17274,《东目馆诗见》,牧之五言浩灏，却仍是白描。虽题咏好异于人，而识解既大，风调高华，笔如辘轳，亦无懈可击。熟于军计，洞知形势，故其议论利弊，胸开眼大。发于吟咏，焉得无寄托？数诗人治才，牧之实第一。诚斋曰：“不是樊川珠玉句，日长淡杀个衰翁。”亦谓其味耐寻也。,true
1404,17274,《三唐诗品》,其出与元、白同源，古风愈况，时伤浮露，无复春容。律诗、绝句情韵覃渊，足以方驾龙标，囊括温、李。,true
1405,17274,《瓶粟斋诗话》,晚唐唯小杜诗纵横排宕，得大家体势。其诗大抵取材汉赋，而极于骚，遗词用字，绝不沿袭六朝人语，所谓“高摘屈宋艳，浓熏班马香”者，可以知其祇响矣。独是才多为患，其性又能刚而不能柔，遂未能一洗凌杂粗悍之病。,true
1406,17274,《诗学渊源》,其诗情致豪边，而造语精密，不落粗疏。七言歌行，风调尤胜，唯古诗声调未化耳。,true
1407,17274,词学图录,"杜牧（803-852） 字牧之，杜佑孙。京兆万年（今西安）人。官至中书舍人。人称杜甫为""老杜""，牧为""小杜""。有《<a href='https://cnkgraph.com/Book/956' target='_blank'>樊川文集</a>》。有《八六子》等词。",false
1408,17274,全唐诗补逸,杜牧，字牧之，京兆万年人。卒大中七年，五十一岁。(据岑仲勉先生作《李德裕会昌伐叛编证》一文所推定之结论。)补诗一首。,false
1409,17274,黄鹤楼志,杜牧（803—852） 唐代文学家。字牧之。京兆万年（今陕西西安）人，中唐宰相和史学家杜佑之孙。文宗大和二年（828）进士，历任监察御史，出任黄、池、睦、湖等州刺史，官至中书舍人，人称“杜紫薇”。晚年居长安城南樊川别墅，世称杜樊川。诗风明快，长于绝句，与李商隐并称“小李杜”，有《<a href='https://cnkgraph.com/Book/2272' target='_blank'>樊川集</a>》。曾作《寄牛相公赴黄鹤楼崔侍御宴》《送王侍御赴夏口座主幕》等。,false
1410,17274,全唐文,牧字牧之。駕部員外郎從郁子。第進士。復舉賢良方正。文宗朝官殿中侍御史。遷左補闕。轉膳部比部員外郎。歷黃池睦三州刺史。遷司勛員外郎。轉吏部。授湖州刺史。入拜考功郎中知制誥。遷中書舍人。卒年五十。,false
1411,21163,中國歷代人名大辭典,"【介紹】：
五代時嶺表劍浦人，字嵩伯，號三教布衣。少游學于長安，南唐李昪昇元中，隱居洪州西山。工詩，兼通釋志、天文歷象。有《文錄》。",false
1412,21163,唐詩大辭典 修訂本,"【生卒】：803?—879?
    字嵩伯，長江以北人。舉進士不第。文宗大和初南游，足跡遍于江南、嶺南等地，作詩投獻趙棨、桂仲武、羅讓、周墀、韋廑等方伯連帥。與任畹友善。約宣宗大中三年(849)，隱居于洪州(今江西南昌)西山，與蔡京、貫休往還。令山童賣柑以為山貲，日以讀書種蘭吟詩飲酒為事。卒，方干、曹松、杜荀鶴均有詩哭之。其事跡多與南唐另一陳陶相混，后人多將二人誤為一人，其集中亦混入南唐陳陶及他人作品，尚有待甄辨。今人陶敏有《陳陶考》。陶工樂府，《隴西行》傳誦甚廣。其著《文錄》10卷，已佚。后人輯有《陳嵩伯詩集》1卷。《<a href='https://cnkgraph.com/Book/2484' target='_blank'>全唐詩</a>》存詩2卷。",false
1413,21163,唐詩大辭典 修訂本,"【生卒】：894?—968?
    劍浦(今福建南平)人，或云鄱陽(今江西鄱陽)人。好游學，善解天文，長于雅頌。自負臺鉉之器，不事干謁。南唐烈祖時，宋齊丘秉政，陶鄙其為人，遂隱于洪州(今江西南昌)西山，以吟詠自適，專以服食煉氣為事，宋初猶在。或云仙去。生平事跡見于《<a href='https://cnkgraph.com/Book/7565' target='_blank'>釣磯立談</a>》、《<a href='https://cnkgraph.com/Book/1357' target='_blank'>江南野史</a>》卷八及馬令、陸游《南唐書》本傳。由于此陳陶與唐詩人陳陶時代接近，均隱居洪州西山，此陳陶傳記中誤載唐陳陶史料，后人多誤二人為一人，此陳陶詩亦誤收入唐陳陶詩集。如《續古二十九首》云“生值揖遜歷，長歌東南春”，即指吳楊溥禪位于南唐徐知誥事，是詩當為此陳陶所作。",false
1414,21163,全粤詩,陳陶，字嵩伯。嶺南人。世居嶺表，以儒業名家。唐宣宗大中時，挾冊遊學長安，聲詩曆象無不精究，常以台鉉之器自負，恨世亂不得逞。南唐昇元中，南奔將求見烈祖李昪，自度不合，乃隱洪州西山，後不知所終。宋馬令《南唐書》卷十五、宋陸遊《南唐書》卷四有傳。詩十卷，後人編爲二卷。,false
1415,21163,唐诗汇评,陈陶（803？―879？），字嵩伯，长江以北人。初举进士，不第。大和初南游，足迹遍今闽、浙、苏、皖、赣、桂、粤诸省，作诗投献赵棨、桂仲武、罗让、周墀、韦廑等方伯连帅，与任畹友善。大中中，隐于洪州西山，与蔡京、贯休往还，令山童卖柑为山赀，日以读书种兰吟诗饮酒为事。卒，方干、曹松、杜荀鹤均有诗哭之。其事迹与南唐另一陈陶相混，宋以后多将二人混为一人。陶工诗，长于乐府，有《文录》十卷，己佚。后人辑有《陈嵩伯诗集》一卷行世。《<a href='https://cnkgraph.com/Book/2484' target='_blank'>全唐诗</a>》编诗二卷，亦混入南唐陈陶及他人作品。,false
1416,21163,《北梦琐言》,大中年，洪州处士陈陶者，有逸才，歌诗中似负神仙之术，或露王霸之说，虽文章之士，亦未足凭，而以诗见志，乃宣父之遗训也。,true
1417,21163,《沧浪诗话》,陈陶之诗，在晚唐人中最无可观。,true
1418,21163,《唐才子传》,陶工赋诗，无一点尘气，于晚唐诸人中，最得平淡，要非时流所能企及者。,true
1419,21163,《唐绝诗钞注略》,陈宏渚刻陈集书后云：陶瑰响骤发，杰思突来，如《鸡鸣曲》、《陇西行》，千古绝调也。,true
1420,21163,《诗学渊源》,陈陶……诗宗元和，格调高于诸人，而诙奇间类长吉，乐府诸作尤神似焉。,true
1421,19718,中國歷代人名大辭典,"【介紹】：
唐蒲州河東人，字陶臣。武宗會昌進士。初任秘書省校書郎，累遷侍御史、尚書郎。逢文詞俊拔，然恃才褊忿，為人所鄙。累遷秘書監卒。",false
1422,19718,唐詩大辭典 修訂本,生卒年不詳。字陶臣，蒲州河東(今山西永濟西)人。武宗會昌元年(841)登進士第，釋褐秘書省校書郎。宣宗大中三年(849)擢為萬年尉，歷侍御史、尚書郎。以持論鯁切，為劉瑑所排，出為巴州(一云嘉州)刺史。懿宗咸通時，復斥為蓬、綿二州刺史。召為太常少卿、歷給事中，官終秘書監。生平見新、舊《<a href='https://cnkgraph.com/Book/2195' target='_blank'>唐書</a>》本傳、《<a href='https://cnkgraph.com/Book/2512' target='_blank'>舊五代史</a>》卷六八、《<a href='https://cnkgraph.com/Book/2092' target='_blank'>唐詩紀事</a>》卷五九、《<a href='https://cnkgraph.com/Book/2071' target='_blank'>唐才子傳</a>》卷七。今人譚優學有《薛逢行年考》。逢工詩善賦，以才名著于時。所作《鑿混沌》、《真珠簾》等賦大為時人所稱。尤工七律。胡震亨稱其“殊有寫才，不虛俊拔之目。長歌似學白氏，雖以此得名，未如七律多警”(《<a href='https://cnkgraph.com/Book/2088' target='_blank'>唐音癸簽</a>》卷八)。辛文房則謂其“天資本高，學力亦贍，故不甚苦思。豪逸之態，長短皆卒然而成，未免失淺露俗”(《<a href='https://cnkgraph.com/Book/2071' target='_blank'>唐才子傳</a>》卷七)。亦擅法書，陶宗儀稱其“書法渾厚奇秀”(《<a href='https://cnkgraph.com/Book/1592' target='_blank'>書史會要</a>》卷五)。《<a href='https://cnkgraph.com/Book/2326' target='_blank'>新唐書·藝文志四</a>》著錄《薛逢詩集》10卷，《別紙》13卷。《<a href='https://cnkgraph.com/Book/876' target='_blank'>郡齋讀書志</a>》卷四中著錄《薛逢歌詩》2卷，《<a href='https://cnkgraph.com/Book/2338' target='_blank'>直齋書錄解題</a>》卷一六、卷一九則記其《四六集》1卷、《薛逢集》1卷，諸書皆已散佚。《<a href='https://cnkgraph.com/Book/2484' target='_blank'>全唐詩</a>》存薛逢詩1卷。《全唐詩續拾》補收詩2首，斷句1。,false
1423,19718,唐诗汇评,薛逢，生卒年不详，字陶臣，河东（今山西永济）人。会昌元年（841），登进士第，授校书郎，佐崔铉河中幕。大中中，历万年尉、秘书郎，直弘文馆，预修《续会要》。迁侍御史、尚书郎、分司东都。咸通初，出为成都少沪，历嘉、绵二州刺史，又曾更巴、蓬二州刺史。以太常少卿召还，后历给事中、秘书监，卒。逢工诗，有《薛逢诗集》十卷、《别纸》十三卷、《赋集》十四卷，均佚。《<a href='https://cnkgraph.com/Book/2484' target='_blank'>全唐诗</a>》存诗一卷。,false
1424,19718,《沧浪诗话》,薛逢最浅俗。,true
1425,19718,《唐才子传》,逢天资本高，学力亦赡，故不甚苦思，而自有豪逸之态。第长短皆率然而成，未免失浅露俗，盖亦当时所尚，非离群绝俗之诣也。,true
1426,19718,《唐音癸签》,薛陶臣殊有写才，不虚俊拔之目。长歌似学白氏，虽以此得名，未如七律多警。,true
1427,19718,《诗源辨体》,薛逢七言律《老听笙歌》一篇，声气亦胜……其他人录者，声多宣朗，语多秾丽，亦有渐入纤巧者。,true
1428,19718,《唐诗笺要》,薛秘书诗看核典籍，略伤浑雅之气，然初学于此籍手，亦登堂斋胾之一助也。,true
1429,19718,全唐文,逢字陶臣。河東人。會昌中進士。累遷侍御史尚書郎。大中末出為巴州刺史。徙蓬州。入為太常少卿。遷祕書監卒。,false
1430,16489,中國歷代人名大辭典,"【生卒】：813—858
【介紹】：
唐懷州河內人。字義山，號玉谿生。登進士第。累官東川節度使判官、檢校工部員外郎。時牛僧孺、李德裕兩黨水火不相容，商隱本為牛黨令狐楚門客，后娶李黨王茂元女，雖始終與黨爭無關，仍因此為楚子綯所惡。后綯為相，商隱長期被排擠。工詩文，曾從綯學章奏，因習駢體，與溫庭筠、段成式齊名，時號“三十六體”。詩與溫庭筠并稱溫李。庭筠多綺羅脂粉之調，而商隱則感時傷事，頗得風人之旨。有《樊南文集》、《<a href='https://cnkgraph.com/Book/3546' target='_blank'>樊南文集補編</a>》行世。",false
1431,16489,唐詩大辭典 修訂本,"【生卒】：812—858，有生于811、813等說
    字義山，號玉谿生，又號樊南生，排行十六。祖籍懷州河內(今河南沁陽)，自祖父起遷居鄭州(今屬河南)。郡望隴西成紀。文宗大和三年(829)謁令狐楚于洛陽，旋隨楚至鄆州，為天平節度使巡官。六年、八年分別佐楚太原幕及兗海觀察使崔戎幕。開成二年(837)登進士第。三年春應博學宏辭試不取，入涇原節度使王茂元幕，娶其女。四年釋褐為秘書省校書郎，旋調補弘農尉，以免除或減輕蒙冤犯人之刑獄觸忤觀察使孫簡，將罷去，會姚合代簡，諭使還官。五年冬，赴王茂元陳許幕。武宗會昌二年(842)以書判拔萃復入秘書省為正字，旋丁母憂居家。四年暮春，自關中移家永樂。五年冬，服闋入京，仍為秘省正字。宣宗大中元年(847)，隨桂管觀察使鄭亞赴桂林，為支使掌表記。二年春，亞貶循州，商隱罷幕北歸。冬抵長安，補周至尉，旋為京兆尹留假參軍事，奏署掾曹，專章奏。三年十月，武寧軍節度使盧弘止奏充商隱為判官，得侍御銜，赴徐州。四年夏，隨盧弘止至汴州幕，曾奉使入關。五年春夏間罷汴幕歸京，妻王氏已卒。任太學博士。會柳仲郢鎮東川，辟為節度書記。十月商隱抵梓州，改節度判官。約七年末，曾回京探望兒女。十年春，隨內征之仲郢還朝，任鹽鐵推官，其間或曾游江東。十二年病廢還鄭州，未幾卒。新、舊《<a href='https://cnkgraph.com/Book/2195' target='_blank'>唐書</a>》有傳。年譜以馮浩《玉谿生年譜》、張采田《玉黔生年譜會箋》較精審。商隱一生與牛、李兩黨重要成員均有交往，自兩《<a href='https://cnkgraph.com/Book/2195' target='_blank'>唐書</a>》以來，史家與研究者對其黨屬頗多異說(大要有黨李、黨牛、出入牛李、無與黨局諸說)。自實際情況而言，其前期交往者固多牛黨，然多屬私誼，未必有黨牛意圖，后入王茂元幕，亦無所謂去牛就李(茂元非李黨)。然后期宣宗朝所歷幕主，則多為李德裕會昌為相時所倚重之人物，結合有關詩文，大體可見其后期較進步之政治傾向。商隱為晚唐大詩家與駢文名家，與杜牧并稱“小李杜”，與溫庭筠并稱“溫李”。其詩頗多憂懷國運、慨諷時事之作，如《行次西郊作一百韻》、《有感二首》、《重有感》、《曲江》等；亦多抒寫懷抱、感慨身世之篇，如《安定城樓》、《晚晴》等。其詠史、詠物、無題諸篇，及七律、七絕二體，成就尤高。前人評其詩“深情綿邈”(劉熙載《藝概》卷二《詩概》)、“沉博絕麗”(朱鶴齡《李義山詩集箋注》序引錢謙益語)、“寄托深而措辭婉”(葉燮《<a href='https://cnkgraph.com/Book/6667' target='_blank'>原詩</a>》)，大體均指其近體而言。而寄慨身世，情調感傷，多用象征暗示，情思意境朦朧，尤為其詩思想內容與藝術風貌之顯著特征。其詩淵源頗廣，而宋玉之感傷、杜甫之沉郁、李賀之象征對商隱影響尤深。詩集重要注本有清朱鶴齡《李義山詩集箋注》、清馮浩《玉谿生詩箋注》、今人葉蔥奇《李商隱詩集疏注》、劉學鍇、余恕誠《李商隱詩歌集解》等。廣西師范大學出版社于1998年出版王蒙、劉學鍇主編《李商隱研究論集(1949—1997)》。《<a href='https://cnkgraph.com/Book/2484' target='_blank'>全唐詩</a>》存詩3卷，《全唐詩外編》及《全唐詩續拾》補詩4首，斷句5。",false
1432,16489,唐诗汇评,李商隐（813-858），字义山，号玉谿生，怀州河内（今河南沁阳）人。大和中，令狐楚为天平节度使，爱其才，署为巡官，亲授骈文。开成二年（837）登进士第。令狐楚卒，入泾原节度使王茂元幕，茂元以女妻之。时党争方炽，令狐父于属牛党，茂元属李党，牛党以为背恩。故坎𡒄终身。四年，授校书郎，调弘农尉。会昌二年，登书判拔萃科，授秘书省正字。大中初，为桂管观察使郑亚掌书记。郑亚贬循州，还京，补盩厔尉，摄京兆参军，典章奏。又佐卢弘止徐州幕，为判官。府罢，入朝为太学博士。复佐柳仲郢东川幕。仲郢入朝，奏为盐铁推官。罢还郑州，病卒。商隐工骈文及近体诗，尤长七律，与杜牧齐名，亦称“李杜”，又与温庭筠齐名，称“温李”。其诗构思新巧，想象丰富，属对精切，色彩绮丽，音律谐婉，精于用典，后人效之。有《玉谿生诗》三卷。又有《樊南甲集》、《乙集》各二十卷，《赋》、《文》各一卷，多佚。今有《<a href='https://cnkgraph.com/Book/223' target='_blank'>李义山诗集</a>》六卷及后人所辑《樊南文集》、《<a href='https://cnkgraph.com/Book/3546' target='_blank'>樊南文集补编</a>》行世。《<a href='https://cnkgraph.com/Book/2484' target='_blank'>全唐诗</a>》编诗三卷。,false
1433,16489,《新唐书》本传,商隐初为文，瑰迈奇古，及在令狐楚府，楚本工章奏，因授其学。商隐俪偶长短，而繁缛过之。时温庭筠、段成式俱用是相夸，号“三十六体”。,true
1434,16489,《彦周诗话》,李义山诗，字字锻炼，用事婉约，仍多近体，唯有《韩碑》诗一首是古体。,true
1435,16489,《潜溪诗眼》,义山诗世人但称其巧丽，至与温庭筠齐名，盖俗学只见其皮肤，其高情远意，皆不识也。,true
1436,16489,《蔡宽夫诗话》,王荆公晚年亦喜称义山诗，以为唐人知学老杜而得其藩篱，唯义山一人而已。……义山诗合处信有过人，若其用事深僻，语工而意不及，自是其短。,true
1437,16489,《石林诗话》,唐人学老杜，唯商隐一人而已，虽未尽造其妙，然精密华丽，亦自得其仿佛。,true
1438,16489,《岁寒堂诗话》,李义山、刘梦得、杜牧之三人，笔力不能相上下，大抵工律诗而不工古诗，七言尤工，五言微弱，虽有佳句，然不能如韦、柳、王、孟之高致也。,true
1439,16489,《韵语阳秋》,公（按指杨亿）尝论义山诗，以谓包蕴密致，演绎平畅，味无穷而炙愈出，镇弥坚而酌不竭，使学者少窥其一斑，若涤肠而洗骨。,true
1440,16489,《臞翁诗评》,李义山如百宝流苏，千丝铁网，绮密瑰妍，要非适用。,true
1441,16489,《瀛奎律髓》,义山诗感事托讽，运意深曲，佳处往往逼杜，非飞卿所可比肩。,true
1442,16489,元好问《论诗三十首》,望帝春心托杜鹃，佳人锦瑟怨华年。诗家总爱西昆好，独恨无人作郑笺。,true
1443,16489,袁桷《书汤西楼诗后》,玉谿生往学草堂诗，久而知其力不能逮，遂别为一体，然命意深切，用事精远，非止于浮声切响而已。,true
1444,16489,《唐才子传》,商隐工诗，为文瑰迈奇古，辞难事隐，及从楚学俪偶长短，而繁缛过之。每属缀多检阅书册，左右鳞次，号“獭祭鱼”。而旨能感人，人谓其横绝前后。,true
1445,16489,《木天禁语》,李商隐家数微密闲艳，学者不察，失于细碎。,true
1446,16489,《唐诗品汇》,元和后，律体屡变，其间有卓然成家者，皆自鸣所长。若李商隐之长于咏史……其造意幽深，律切精密，有出常情之外者。,true
1447,16489,《诗镜总论》,李商隐七言律，气韵香甘。唐季得此，所谓枇杷晚翠。,true
1448,16489,《诗镜总论》,李商隐丽色闲情，雅道虽漓，亦一时之胜。,true
1449,16489,《诗源辨体》,商隐七言古，声调婉媚，大半入诗馀矣。,true
1450,16489,《诗源辨体》,商隐律诗较古诗稍显易，而七言为胜。,true
1451,16489,《诗源辨体》,商隐七言绝……较古、律艳情尤丽。,true
1452,16489,《唐诗评选》,义山诗寓意俱远，以丽句影出，实自楚辞来。宋初诸人，得其衣被，遂使西昆与香奁并目。,true
1453,16489,钱谦益《注李义山诗集序》,义山之诗，宋初为词馆所宗，优人内燕，至于“挦撦商隐”之谑。元季作者惩西江学杜之弊，往往跻义山，祧少陵，流风迨国初未变。……少陵当杂种作逆，藩镇不庭，疾声怒号，如人之疾病而呼天呼父母也，其志直，其词危。义山当南北水火，中外箝结，若喑而欲言也，若餍而求寤也，不得不纡曲其指，诞谩其辞，婉娈托寄，讔谜连比，此亦风人之遐思，《小雅》之寄位也。,true
1454,16489,《漫堂说诗》,世之称诗者，易言律，尤易言七言律。义山造意幽邃，感人尤深，学者皆宜寻味。,true
1455,16489,《义门读书记》,义山五言出于庾开府，七言出于杜工部，不深究本源，未易领其佳处也。七言句法兼学梦得。,true
1456,16489,《义门读书记》,晚唐中，牧之与义山俱学子美。然牧之豪健跌宕，而不免过于放……不如义山顿挫曲折，有声有色，有情有味，所得为多。,true
1457,16489,吴乔《西昆发微序》,义山始虽取法少陵，而晚能规模屈、宋，优柔敦厚，为此道瑶草琪花。凡诸篇什，莫不深远幽折，不易浅窥。,true
1458,16489,《围炉诗话》,于李、杜、韩后，能别开生路、自成一家者，唯李义山一人。既欲自立，势不得不行其心之所喜深奥之路。义山思路既自深奥，而其造句也，又不必使人知其意，故其诗七百年来知之者尚鲜也。高棅以为隐辞，又以为属对精切，陆游辈谓《无题》为艳情，杨孟载亦以艳情和之，能不使义山失笑九原乎？,true
1459,16489,《才调集补注》,引冯班语：王荆公言学杜当自义山入。余初得荆公此论，心不谓然，后读《<a href='https://cnkgraph.com/Book/2187' target='_blank'>山谷集</a>》，粗硬槎牙，殊不耐看，始知荆公此言正以救江两派之病也。若从义山入，便都无此病。山谷用事琐碎，更甚于昆体；然温、李、杨、刘用事，皆有古法，比物连类，妥贴深稳。山谷疏硬，如食生物未化，如吴人作汉语，读书不熟之病也。昆体诸人甚有壮伟可敬处，沈、宋不可也。,true
1460,16489,《古欢堂集杂著》,义山七律逐首擅场，特须郑笺耳。盖义山诸体之工，唐人实无出其右者，不独七律也，又不独香奁也。,true
1461,16489,《古欢堂集杂著》,义山（七绝）佳处不可思议，实为唐人之冠，一唱三弄，馀音袅袅，绝句之神境也。,true
1462,16489,《诗辩坻》,义山七绝，使事尖新，设色浓至，亦是能手。间作议论处，似胡曾《咏史》之类，开宋恶道。,true
1463,16489,《唐诗观澜集》,玉谿咏物，妙能体贴，时有佳句，在可解不可解之间。,true
1464,16489,朱鹤龄《笺注李义山诗集序》,唐至太和以后，阉人暴横，党祸蔓延。义山阨塞当涂，沉沦记室。其身危，则显言不可而曲言之；其思苦，则庄语不可而谩语之。莫若瑶台璚宇、歌筵舞榭之间，言之可无罪，而闻之足以动。其《梓州吟》曰：“楚雨含情皆有托”，早已自下笺解矣。吾故为之说曰：义山之诗，乃风人之绪音，屈、宋之遗响，盖得子美之深而变出之者也。岂徒以征事奥博、撷采妍华，与飞卿、柯古争霸一时哉！,true
1465,16489,《柳亭诗话》,李义山、陆渭南皆祖述少陵者。李之蕴藉，陆之排奡，皆能寓变化于规矩之中。李去其靡、陆汰其粗，其于大历、元和也何有？,true
1466,16489,叶燮《原诗》,李商隐七绝，寄托深而措词婉，实可空百代无其匹也。,true
1467,16489,《唐诗别裁》,义山近体，襞绩重重，长于讽谕，中有顿挫沉着可接武少陵者，故应为一大宗。后人以温、李并称，只取其秾丽相似，其实风骨各殊也。,true
1468,16489,《唐诗别裁》,义山长于风谕，工于征引，唐人中另开一境。顾其中讥刺太深，往往失于轻薄。,true
1469,16489,《野鸿诗的》,人皆谓杜陵殁后，义山可为肖子。吁！何弗思之甚耶？彼之浑厚在作气，此之浑厚在填事，彼之讽必指实，此之讽谕动涉虚；彼则意无不正，此则思无不邪。风马之形，大相径庭，奚待一一量较，而后知其伪哉！,true
1470,16489,《小澥草堂杂论诗》,李商隐诗，明暗参半。然欲取一人备晚唐之数，定在此君。,true
1471,16489,姚培谦《李义山七律会意例言》,唐自元和以后，五七言古体靡然不振，即义山亦非所长。至其七言律体，瓣香少陵，独探秘钥，晚唐人罕有其敌，读者无仅与牧之、飞卿诸公同类而并观之也。,true
1472,16489,姚培谦《李义山七律会意例言》,少陵七律，格法精深，而取势最多奇变，此秘唯义山得之。其脱胎得髓处，开出后贤多少门户！,true
1473,16489,冯浩《玉谿生诗集笺注》,发凡：义山远追汉魏，近仿六朝，而后诣力所成，直于浣花翁可称具体，细玩全集自见，毋专以七律为言。其终不如杜者，十之三学为之，十之七时为之也。,true
1474,16489,冯浩《玉谿生诗集笺注》,序：晚唐以李义山为巨擘，余取而诵之，爱其设采繁艳，吐韵铿锵，结体森密，而旨趣之遥、深者未窥焉。,true
1475,16489,《历代诗法》,玉谿诗绮密瑰妍，然首首生动，绝无板重之嫌，故令读者不厌。,true
1476,16489,陈明善《唐八家诗钞》,例言：义山诗高华典丽，音韵缠绵，宜荆公叹其善学老杜也。八叉同时，瞠乎后矣。,true
1477,16489,《四库全书总目》,商隐诗与温庭筠齐名，词皆缛丽。然庭筠多绮罗脂粉之词，而商隐感时伤事，尚颇得风人之旨。……自宋杨亿、刘子仪等沿其流波，作《西昆酬唱集》，诗家遂有“西昆体”，致伶官有挦撦之讥，刘攽载之《<a href='https://cnkgraph.com/Book/14709' target='_blank'>中山诗话</a>》，以为口实。元祐诸人起而矫之，终宋之世，作诗者不以为宗，胡仔《渔隐从话》至摘其《马嵬》诗、《浑河中》诗诋为浅近。后江西一派渐流于生硬粗鄙，诗家又返而讲温、李。,true
1478,16489,《五七言今体诗钞》,玉谿生虽晚出，而才力实为卓绝。七律佳者几欲远追拾遗，其次者犹足近掩刘、白。第以矫敝滑易，用思太过，而僻晦之敝又生。要不可不谓之诗中豪杰士矣。,true
1479,16489,《石洲诗话》,微婉顿挫，使人荡气回肠者，李义山也。自刘随州而后，渐就平坦，无从睹此丰韵。七律则远合杜陵，五律、七绝之妙则更深探乐府。晚唐自小杜而外，唯有玉谿耳，温岐、韩偓何足比哉！,true
1480,16489,《读雪山房唐诗序例》,善学少陵七言律，终唐之世，唯义山一人，胎息在神骨之间，不在形貌，《蜀中离席》一篇，转非其至也。义山当朋党倾危之际，独能乃心王室，便是作诗根源。其《哭刘蕡》、《重有感》、《曲江》等诗，不减老杜忧时之作。组织太工，或为挦撦家藉口。然意理完足，神韵悠长，异时西毘诸公，未有能学而至者也。,true
1481,16489,《读雪山房唐诗序例》,李义山用意深微，使事稳惬，直欲于前贤之外，另辟一奇。绝句秘藏，至是尽泄，后人更无可以展拓处也。,true
1482,16489,《射鹰楼诗话》,余极喜义山诗，非爱其用事繁缛，盖其诗外有诗，寓意深而托兴远，其隐奧幽艳，于诗家别开一洞天，非时贤所能摸索也。,true
1483,16489,《东目馆诗见》,玉谿专工近体，清峭中含感怆，用事婉约，学少陵得其藩篱者。后人近体必先从之入手。五言长律亦以温丽芊绵胜。,true
1484,16489,《昭昧詹言》,愚谓七律除杜公、辋川两正宗外，大历十子、刘文房及由傅亦足称宗，尚皆不及义山。义山别为一派，不可不精择明辩。,true
1485,16489,《艺概•诗概》,诗有借色而无真色，虽藻缋实死灰耳。李义山却是绚中有素。敖器之谓其“绮密瑰妍，要非适用”，岂尽然哉！至或因其《韩碑》一篇，遂疑气骨与退之无二，则又非其质矣。,true
1486,16489,《岘傭说诗》,义山七律，得于少陵者深。故秾丽之中，时带沉郁。……飞卿华而不实，牧之俊而不雄，皆非此公敌手。,true
1487,16489,《岘傭说诗》,义山七绝以议论驱驾书卷，而神韵不乏，卓然有以自立，此体于咏史最宜。,true
1488,16489,《三唐诗品》,其源导漾吴、何，讨澜徐、庾。炼藻温腴，寄情婉约，拾其香草，仍有内心。诸体相宣，七言专胜。本陈宮之新体，而离合生奇，自成高格。律诗缠绵顽艳，陆士衡所谓缘情绮丽，斯足当之。,true
1489,16489,词学图录,李商隐（约813-约858） 字义山，号玉溪生，又号樊南生。原籍怀州河内（今河南沁阳），迁居荥阳，晚居郑州。有《杨柳枝》等词。,false
1490,16489,全唐诗补逸,李商隐字义山，号玉溪生，怀州河内人。生元和八年，大中十二年卒(据冯浩《玉溪生年谱》及岑仲勉《玉溪生年谱会笺平质》所推定。)补诗一首。,false
1491,16489,黄鹤楼志,李商隐（813—858） 唐代诗人。字义山，号玉溪（谿）生，又号樊南生。祖籍怀州河内（今河南焦作沁阳） 出生于郑州荥阳（今河南郑州荥阳市）。唐文宗开成二年（837）进士，曾任秘书省校书郎、弘农尉等职。因卷入“牛李党争”而备受排挤，一生困顿不得志。诗歌成就极高，与杜牧合称“小李杜”，又与李贺、李白合称“三李”，与温庭筠合称为“温李”。大中二年（848），李商隐离开桂州幕府途经江夏北归，作七律《无题》， 有“黄鹤沙边亦少留”之句，纪昀称该诗“绝好笔意”。,false
1492,16489,全唐文,商隱字義山。懷州河內人。少為令狐楚巡官。開成二年登進士第。會昌二年又以書判拔萃。王茂元鎮河陽。辟掌書記。為侍御史。久不調。會鄭亞廉察桂州。請為觀察判官。大中初。亞貶循州。商隱隨赴嶺表。三年入為京兆尹盧宏正掾曹。又從為掌書記。補太學博士。柳仲郢鎮東蜀。辟為節度判官檢校工部郎中。大中末卒。,false
1493,21596,中國歷代人名大辭典,"【介紹】：
唐曲陽人，一作華州人，字虞臣。武宗會昌四年擢進士第。宣宗大中中為太原幕府掌書記，以直言獲罪，貶龍陽尉。得赦回京，終太學博士。與賈島、姚合為詩友。有集。",false
1494,21596,唐詩大辭典 修訂本,生卒年不詳。字虞臣，曲陽(今江蘇東海西南)人。困于場屋垂30年，客游所至，南極瀟湘，北抵幽燕，西至汧隴，而以留滯長安及關中一帶為久。武宗會昌四年(844)登進士第。宣宗大中初，掌書記于太原幕府，以直言獲罪，貶為龍陽(今湖南漢壽)尉，得赦還京。懿宗咸通末，終太學博士。曾與姚合、賈島、殷堯藩、顧非熊等唱和。所作五律超邁時人。或嘆不遇，或寫旅愁，或詠風物，“優游不迫，沉著痛快，兩不相傷”(《<a href='https://cnkgraph.com/Book/2071' target='_blank'>唐才子傳</a>》卷七)，被稱為深得五言律之三昧。《楚江懷古》、《落日悵望》、《灞上秋居》等，歷來傳誦。樂府詩《征婦嘆》哀傷慘惻，最有諷諭。七言絕句亦有佳作。宋嚴羽《<a href='https://cnkgraph.com/Book/14720' target='_blank'>滄浪詩話</a>》、明楊慎《<a href='https://cnkgraph.com/Book/14751' target='_blank'>升庵詩話</a>》、清王士禎《<a href='https://cnkgraph.com/Book/6668' target='_blank'>帶經堂詩話</a>》等，咸推馬戴成就在晚唐諸人之上。葉矯然至稱“晚唐之馬戴，盛唐之摩詰也”(《龍性堂詩話》續集)。事跡散見《<a href='https://cnkgraph.com/Book/2345' target='_blank'>唐摭言</a>》卷四、《金華子》卷下及補、《<a href='https://cnkgraph.com/Book/2092' target='_blank'>唐詩紀事</a>》卷四九、《<a href='https://cnkgraph.com/Book/2071' target='_blank'>唐才子傳</a>》卷七。《<a href='https://cnkgraph.com/Book/2326' target='_blank'>新唐書·藝文志四</a>》著錄《馬戴集》1卷，宋以后以《會昌進士集》之名行于世，有《唐百家詩》、《<a href='https://cnkgraph.com/Book/3372' target='_blank'>唐音統簽</a>》、《唐詩百名家全集》等本。今人楊軍等整理為《馬戴詩注》。《<a href='https://cnkgraph.com/Book/2484' target='_blank'>全唐詩</a>》存詩2卷。,false
1495,21596,唐诗汇评,马戴，生卒年不详，字虞臣，曲阳（今江苏东海西南）人。宝历中，入京应进士举，𡲹试不第，与令狐定、姚合、贾岛、无可、李廓、顾非熊等交游唱和。又曾西游，足迹遍汧陇、邠宁、鄜坊、灵夏诸地。开成中，隐居华山，会昌五年（845），登进士第。大中中，佐太原军幕，以正言被斥，贬朗州龙阳尉。后佐大同军幕。入朝，官太学博士，卒。戴工诗，尤长五律。有《马戴诗》一卷，《<a href='https://cnkgraph.com/Book/2484' target='_blank'>全唐诗</a>》编诗二卷。,false
1496,21596,《诗人主客图》,清奇雅正主：李益……升堂七人：方干、马戴、任蕃、贾岛、厉玄、项斯、薛寿（涛）。,true
1497,21596,《沧浪诗话》,马戴在晚唐诸人之上。,true
1498,21596,《唐才子传》,戴诗壮丽，居晚唐诸公之上，优游不迫，沉着痛快，两不相伤，佳作也。,true
1499,21596,《唐诗品》,元和以还，格调顿变，而清苦、对切之病，俱乏浑成，然意气格力，尚多可采。会昌作者，虞臣有称，然五言之长，自不可掩，而他皆不称。偏师虽捷，未足长驱，才难之叹，要之信然。,true
1500,21596,《唐诗归》,晚唐诗有极妙而与盛唐人远者，有不必妙而气脉神韵与盛唐人近者。“不必妙”三字甚难到，亦难言，妙不足以拟之矣。唯马戴优存此意，然皆近体耳。,true
1501,21596,《唐音癸签》,马虞臣“猿啼洞庭树，人在木兰舟”，风致自绝，然未如“空流注大荒”为气象。七言“东谷笑言西谷应，下方云雨上方晴”，虽得法于右丞，各自擅胜，但骨力概孱，不堪通检尔。,true
1502,21596,《载酒园诗话又编》,晚唐诗，今昔咸推马戴。其诗唯写景为工……大率体涩而思苦，致极清幽，亦近于岛也。,true
1503,21596,《中晚唐诗叩弹集》,晚唐以五律擅长者，断推马虞臣，其神采声律迥非许用晦、李徳新辈所能仿佛也。后来唯张乔、张𧏖一两人差堪步武。,true
1504,21596,《龙性堂诗话初集》,晚唐之马戴，盛唐之摩诘也……逸情促节，似无时代之别。,true
1505,21596,《石洲诗话》,马戴五律，又在许丁卯之上，此直可与盛唐诸贤侪伍，不当以晚唐论矣。然终觉樊川、义山之妙不可及。,true
1506,21596,《重订中晚唐诗主客图》,虞臣诗，今皆咸推为晚唐之最。马与贾、姚同时，其称晚唐，犹钱、刘之称中唐也。诗亦近体多于古体，短律富于长律。笔格视贾氏稍开展，而体涩思苦，致极幽清，诚亦贾门之高弟也。断为升堂第一。,true
1507,20615,中國歷代人名大辭典,"【生卒】：820?—882
【介紹】：
唐滎陽人，字臺文。鄭亞子。舉進士第，以書判拔萃擢渭南尉。宣宗時，劉瞻為相，薦入翰林為學士，知制誥。僖宗立，以兵部侍郎進同中書門下平章事，封滎陽郡侯。乾符六年，因與盧攜相詬，罷為太子賓客，分司東都。次年為鳳翔隴西節度使，時黃巢攻陷東都，統軍大破之。進司空、兼門下侍郎。後因行軍司馬李昌言奪其軍自為留后，乃棄軍去，引疾辭官。詔授檢校司徒、太子太保，罷政事。卒謚文昭。",false
1508,20615,唐詩大辭典 修訂本,"【生卒】：824—882，—說卒于886
    字臺文，排行大，滎陽(今屬河南)人。桂管防御經略使鄭亞之子。唐武宗會昌二年(842)18歲中進士，22歲以書判拔萃登科。曾任校書郎、渭南尉、萬年令、知制誥、中書舍人、梧州刺史等職。僖宗、昭宗朝兩次入相。參與鎮壓黃巢軍。暴病，卒于隴州，贈太尉。謚文昭。生平見新、舊《<a href='https://cnkgraph.com/Book/2195' target='_blank'>唐書</a>》本傳及《<a href='https://cnkgraph.com/Book/2092' target='_blank'>唐詩紀事</a>》卷五六等。史稱“文學優深，器量宏恕，美風儀，尤能賦詩。“(《<a href='https://cnkgraph.com/Book/2425' target='_blank'>舊唐書</a>》本傳)有《玉堂集》5卷，失傳。《<a href='https://cnkgraph.com/Book/2484' target='_blank'>全唐詩</a>》存詩17首，斷句2，《全唐詩外編》及《全唐詩續拾》補詩1首，斷句2，題1。",false
1509,20615,唐诗汇评,郑畋（825-883）字台文，荥阳（今属河南）人。会昌二年（842），登进士第，释褐校书郎、汴宋节度推官。六年，登书判拔萃科，授渭南尉、直史馆。大中中，因父亚与李德裕交厚，废斥十馀年。咸通中，累迁翰林学士、中书舍人、户部侍郎。十年，贬梧州刺史。僖宗即位，召还；乾符元年，拜相。广明元年，出为凤翔、陇右节度使。以抗击黄巢功，加同平章事，充京西诸道行营都统，进检校司空。赴成都行在，复相，以疾不拜，改太子少保，卒。有《玉堂集》五卷，《凤池稿草》、《续凤池稿草》各三十卷，均佚。《<a href='https://cnkgraph.com/Book/2484' target='_blank'>全唐诗</a>》存诗十六首。,false
1510,20615,《中朝故事》,咸通中，中书侍郎平章事刘瞻，以清俭自守，忠正佐时……时路岩、韦保衡恃宠忌之，出瞻为荆南节度使，中外咸不平之。翰林承旨郑畋为制词，略曰：“早以文学叠中殊科，风稜甚高，恭慎无玷。而又僻于廉洁，不尚浮华，安数亩之居，乃非己有；却四方之贿，唯畏人知”云云。韦、路大怒，贬畋为梧州刺史。,true
1511,20615,《唐阙史》,公（按指郑畋）之篇什，可以糠秕颜、谢，笞挞曹、刘。,true
1512,20615,全唐诗补逸,郑畋字台文，荥阳人。补诗一首。,false
1513,20615,全唐文,畋字台文。桂管觀察使亞之子。會昌二年進士。乾符中以吏部侍郎同平章事。僖宗上尊號。加中書侍郎。轉門下侍郎兼禮部尚書集賢殿大學士。封滎陽郡侯。中和三年復拜司空門下侍郎平章事。罷授檢校司徒太子太保。卒年六十三。贈太尉。又贈太傅。昭宗時追贈司徒。諡文昭。,false
1514,17168,中國歷代人名大辭典,"【介紹】：
唐睦州壽昌人，字德新。擢進士第。少秀悟，尤長于詩。初為南陵主簿，再遷武功令。以治績擢侍御史，累遷都官員外郎，表請建州刺史。以禮法治下，更布條教。",false
1515,17168,唐詩大辭典 修訂本,"【生卒】：?—876
    字德新，睦州壽昌(今浙江建德西南)人。頻好學，時姚合以詩名，頻走千里從合學詩。合大為獎掖，并以女妻之。宣宗大中八年(854)登進士第，授校書郎，為南陵主簿。試判入等，遷武功令。懿宗時，以有治聲擢為侍御史，累遷都官員外郎。僖宗乾符二年(875)為建州刺史，次年卒于任。生平事跡散見《<a href='https://cnkgraph.com/Book/2326' target='_blank'>新唐書</a>》本傳、《<a href='https://cnkgraph.com/Book/2092' target='_blank'>唐詩紀事</a>》卷六〇、《<a href='https://cnkgraph.com/Book/2071' target='_blank'>唐才子傳</a>》卷七。頻工于詩，尤長近體，用心苦吟，工于雕琢，自言“只將五字句，用破一生心”(《<a href='https://cnkgraph.com/Book/2325' target='_blank'>北夢瑣言</a>》卷七)。宋范晞文稱其“禁花半老曾攀樹，宮女多非舊識人”、“河聲入峽急，地勢出關低”等句，“可與十才子并驅”(《<a href='https://cnkgraph.com/Book/8535' target='_blank'>對床夜語</a>》卷五)。辛文房亦稱其“體制多與劉隨州相抗，騷嚴風謹，慘慘逼人”(《<a href='https://cnkgraph.com/Book/2071' target='_blank'>唐才子傳</a>》)。《<a href='https://cnkgraph.com/Book/2326' target='_blank'>新唐書·藝文志四</a>》著錄《李頻詩》1卷。今傳《四部叢刊三編》影印明抄本《梨岳詩集》。《<a href='https://cnkgraph.com/Book/2484' target='_blank'>全唐詩</a>》存詩3卷又2首，《全唐詩外編》及《全唐詩續拾》補詩3首，斷句2。",false
1516,17168,唐诗汇评,李频（？-876），字德新，睦州寿昌（今浙江建德）人。幼秀悟，长能诗，与同里方干为友。开成中，姚合以诗名，频走千里丐其品第，合大奖赏，以女妻之。大中八年（854），登进士第，授校书郎，参黔中幕府。府罢，东归。授南陵主簿，迁武功令。咸通初，为京兆府参军，曾主府试。迁侍御史。咸通末，官都官员外郎。乾符二年，求出为建州刺史，有能政，民赖以安。卒，民为立庙梨山，且尊山为岳，岁祠之。有《李频诗》一卷，后人改题《梨岳集》行世。《<a href='https://cnkgraph.com/Book/2484' target='_blank'>全唐诗</a>》编诗三卷。,false
1517,17168,《新唐书•李频传》,（频）属辞，于诗尤长。与里人方干善。给事中姚合名为诗，士多归重，频走千里丐其品，合大加奖挹，以女妻之。,true
1518,17168,《沧浪诗话》,李频不全是晚唐，间有似刘随州处。,true
1519,17168,《对床夜语》,唐人咏太和公主还宫诗极多，惟李频一联最佳，词云：“禁花半老曾攀树，宫女多非旧识人。”其他五言如“河声入峡急，地势出关低”、“秋尽虫声急，夜深山雨重”，可与“十才子”并驱。,true
1520,17168,《瀛奎律髓》,频睦州人，姚合婿也。诗虽晚唐，却多壮句。,true
1521,17168,《唐才子传》,频诗虽出晚年，体制多与刘随州相抗，骚严风谨，惨慘逼人。,true
1522,17168,《唐音癸签》,李建州诗松活似姚监，其不全似者，意思少，更率于选琢也。然亦可谓才倩矣。,true
1523,17168,《初白庵诗评》,建州集中五律居大半，格调俱稳称。,true
1524,17168,《东目馆诗见》,李频和平委婉，然清夷宕往中仍有俊逸气格。,true
1525,21282,中國歷代人名大辭典,"【生卒】：836—910
【介紹】：
唐末五代時京兆杜陵人，字端己。韋應物四世孫。少孤，家貧力學，能詩善詞，為“花間派”詞人。僖宗廣明元年，應舉長安，適值黃巢攻占長安，兵火交作，未能脫走，至中和二年逃往洛陽，次年作《秦婦吟》，一時著名，人稱“秦婦吟秀才”。昭宗乾寧元年登進士第，授校書郎。旋以左補闕宣諭兩川，遂留蜀事王建。及建建前蜀稱帝，開國制度，皆莊所定，累官吏部尚書，同平章事。莊在成都，訪得杜甫草堂舊址，乃建屋其上以居。有《<a href='https://cnkgraph.com/Book/8213' target='_blank'>浣花集</a>》、《浣花詞》。",false
1526,21282,唐詩大辭典 修訂本,"【生卒】：836—910，有生于847、857、860等說
    字端己，謚文靖，后人因稱韋端己、韋文靖。京兆杜陵(今陝西長安縣東北)人。遠祖韋待價，相武后，四世祖韋應物(夏承燾說)。幼居樊川，僑居下邽(今陝西渭南)，后移居虢州與洛北鄉間。晚年居成都浣花溪杜甫草堂遺址，后人又稱“韋浣花”。孤貧力學，才敏過人。曾長期流落江南。應試多次，昭宗乾寧元年(894)始中進士。釋褐為校書郎。三年后，諫議大夫李詢奉詔使蜀，聘為判官隨行。光化三年(900)，除左補闕，曾奏請李賀、賈島、溫庭筠、陸龜蒙等十人追贈進士及第或贈官。天復元年(901)為西蜀王建掌書記，三年以蜀使朝貢京師。天祐三年(906)任西蜀安撫副使，勸王建稱帝，以功拜相。武成三年(910)八月，卒于成都花林坊。晚年崇佛，家供維摩居士。生平事跡散見《<a href='https://cnkgraph.com/Book/2215' target='_blank'>十國春秋</a>》本傳、《<a href='https://cnkgraph.com/Book/2092' target='_blank'>唐詩紀事</a>》卷六八、《<a href='https://cnkgraph.com/Book/2071' target='_blank'>唐才子傳</a>》卷一〇及《<a href='https://cnkgraph.com/Book/2325' target='_blank'>北夢瑣言</a>》、《<a href='https://cnkgraph.com/Book/7572' target='_blank'>蜀梼杌</a>》等書，詩中亦有自敘。今人有年譜數種，以夏承燾《韋莊年譜》為翔實。韋莊為晚唐五代重要詞人與詩人。其詞今存50余首，清艷絕倫，被稱為“初日芙蓉春日柳”(周濟《止庵論詞雜著》)，與溫庭筠齊名，史稱溫韋，為花間派之代表詞人。其詩今存300余首，主要寫詩人流離飄泊之經歷與離別思鄉之情緒，對黃巢起義前后之戰亂有較真實之描寫。其中以《秦婦吟》最為有名，詩人因之被稱為“《秦婦吟》秀才”。今人顏廷亮、趙以武輯有《秦婦吟研究匯錄》。韋莊詩風清麗飄逸，“體近雅正”(《<a href='https://cnkgraph.com/Book/2088' target='_blank'>唐音癸簽</a>》卷八)，近體詩尤為后人稱道。其七律，明胡震亨稱曰“條暢”，清賀裳贊曰“秾麗”。七絕造詣尤高，于晚唐詩人中僅次于杜牧、李商隱。但也有人譏韋詩“淺薄”(翁方綱《<a href='https://cnkgraph.com/Book/6686' target='_blank'>石洲詩話</a>》卷二)，“義乏閎深”(胡震亨語)。《<a href='https://cnkgraph.com/Book/2484' target='_blank'>全唐詩</a>》錄存韋莊詩6卷，《全唐詩外編》補收2首。韋莊之作品，生前已由其弟韋藹編成《<a href='https://cnkgraph.com/Book/8213' target='_blank'>浣花集</a>》，今存者已非原編。而經今人向迪琮校訂之《韋莊集》最為完備。注本有李誼《韋莊集校注》、聶安福《韋莊集箋注》。又韋莊于光化三年編成《又玄集》3卷，為今存“唐人選唐詩”之重要選本。",false
1527,21282,唐诗汇评,韦庄（836-910），字端己，京兆（今陕西西安）杜陵人。少孤贫力学，才敏过人。黄巢攻陷长安，庄作长诗《秦妇吟》，人称“秦妇吟秀才”。后浪迹河南、吴越、江西、荆湖等地。乾宁元年（894），登进士第，任校书郎。李洵为两川宣谕和协使，辟为判官使蜀。还，任左补阙，光化三年，奏请追刚李货、贾島等进士及第。天复元年，王建辟为掌书记。召为起居舍人，建留之，遂终身仕蜀。王建称帝，庄历左散骑常侍，判中书门下事，官终吏部侍郎、平章事。工诗，词名尤著。天复三年，庄弟蔼曾编其诗近千首为《<a href='https://cnkgraph.com/Book/8213' target='_blank'>浣花集</a>》。今《<a href='https://cnkgraph.com/Book/8213' target='_blank'>浣花集</a>》十卷，仅存诗二百馀首。后人又辑其词作为《浣花词》。《<a href='https://cnkgraph.com/Book/2484' target='_blank'>全唐诗</a>》编诗六卷。,false
1528,21282,《唐才子传》,（韦）庄早尝寇乱，间关顿踬，携家来越中，弟妹散居诸郡。江西、湖南，所在曾游。举目有山河之异，故于流离漂泛，寓目缘情，子期怀旧之辞，王粲伤时之制，或离群轸虑，或反袂兴悲，四愁九怨之文，一咏一觞之作，俱能感动人也。,true
1529,21282,《汇编唐诗十集》,仲言云：韦庄于晚唐中最超，其七绝有类盛唐者，律诗虽不甚雄，亦是可讽。,true
1530,21282,《唐诗选脉会通评林》,唐汝询曰：韦庄于晚唐中最超，律诗虽不甚雄，亦是可讽。,true
1531,21282,《唐音癸签》,韦端己体近雅正，惜出之太易，义乏闳深。,true
1532,21282,《诗源辨体》,韦庄律诗七言胜于五言……绝句在唐末诸人之上。,true
1533,21282,《才调集补注》,钝吟云：韦相诗声调高亮，不用晚唐人细碎苦涩工夫，是此书律诗法也。,true
1534,21282,《才调集补注》,韦诗调响，与晚唐诸家不同，大略不宜多，才弱也。七言四韵平平说去，遒警动人。,true
1535,21282,《石洲诗话》,韦庄在晚唐之末，稍为官样，虽亦时形浅薄，自是风会使然，胜于“咸通十哲”多矣。,true
1536,21282,《北江诗话》,韦端己《秦中吟》诸乐府，学白乐天而未到。《闻再幸梁洋》、《过扬州谒蒋帝庙》诸篇，学李义山、温方城而未到。然亦唐末一巨手也。,true
1537,21282,《五七言今体诗钞》,西昆诸公之拟玉谿，但学其隶事耳，殊滞于句下，都成死语，其馀宋初诸贤，亦皆域于许浑、韦庄辈境内。,true
1538,21282,《东目馆诗见》,韦庄流丽中感慨顿挫，语关飞动。,true
1539,21282,《三唐诗品》,其源出于元稹，有排比之能，无温丽之采。专为律体，时代所尚，章台清瑟，秀发遥音；七古开宕，犹存初体。,true
1540,21282,《诗学渊源》,（庄）诗典雅绮丽，风致嫣然，七绝则王建、李益之亚也。,true
1541,21282,词学图录,韦庄（约836-910） 字端己。京兆杜陵人。在成都曾居杜子美草堂故址，故名其集曰《<a href='https://cnkgraph.com/Book/8213' target='_blank'>浣花集</a>》。词与温庭筠齐名，世称温韦。词存55首，在《<a href='https://cnkgraph.com/Book/1613' target='_blank'>花间集</a>》、《<a href='https://cnkgraph.com/Book/8600' target='_blank'>尊前集</a>》《金奁集》中，王静安辑《浣花词》一卷。,false
1542,21282,全唐文,莊字端己。見素之後。乾寧中登進士第。為判官。擢左補闕。蜀主為西川節度副使。昭宗命莊宣諭兩川。遂畱蜀掌書記。尋擢起居舍人。為安撫副使。蜀主開國。進左散騎常侍。判中書門下事。累官至門下侍郎吏部尚書同平章事。武成三年卒。諡文靖。,false
1543,21436,中國歷代人名大辭典,"【生卒】：840—923
【介紹】：
唐末京兆萬年人，字致堯，一作致光，小字冬郎，自號玉山樵人。昭宗龍紀元年進士。歷遷中書舍入、兵部侍郎、翰林學士承旨。宰相韋貽范遭母喪，李茂貞欲貽范還相，偓執不草麻。及帝自鳳翔還，偓處決機密，甚合帝意，屢欲相之，皆固讓。為朱溫所惡，累貶鄧州司馬。后召還故官，偓不敢入朝，挈其族避閩，依王審知而卒。工詩，其詩多寫艷情，稱“香奩體”。有《韓內翰別集》、《香奩集》、《金鑾密記》等。",false
1544,21436,唐詩大辭典 修訂本,"【生卒】：844—923，生年—作842
    字致堯(《<a href='https://cnkgraph.com/Book/2092' target='_blank'>唐詩紀事</a>》、《<a href='https://cnkgraph.com/Book/2071' target='_blank'>唐才子傳</a>》)，一作致光(《<a href='https://cnkgraph.com/Book/2326' target='_blank'>新唐書</a>》本傳)。小名冬郎，號玉山樵人。京兆萬年(今陝西西安)人。其父韓瞻與李商隱聯襟。韓偓幼年即席賦詩，李即有“雛鳳清于老鳳聲”之稱賞。昭宗龍紀元年(889)進士登第。歷任左拾遺、左諫議大夫、翰林學士、中書舍人、兵部侍郎等職。曾與宰相崔胤定策誅宦官劉季述，深為昭宗信任，屢欲拜相，偓固辭之。朱溫專權，恨偓不附己，貶濮州司馬，再貶榮懿尉，徙鄧州司馬。后召復原官，偓不敢入朝，舉家入閩依王審知而終。生平詳見《<a href='https://cnkgraph.com/Book/2215' target='_blank'>十國春秋</a>》本傳、《<a href='https://cnkgraph.com/Book/2326' target='_blank'>新唐書</a>》本傳、《<a href='https://cnkgraph.com/Book/2092' target='_blank'>唐詩紀事</a>》卷六五、《<a href='https://cnkgraph.com/Book/2071' target='_blank'>唐才子傳</a>》卷九。韓偓生逢亂世，詩作多與時局離亂有關，如《亂后至近甸有作》、《亂后春日途經野塘》、《感事三十四韻》、《避地寒食》等。南依王審知后，仍多故園之思，如《故都》、《中秋寄楊學士》等。他如懷古、詠物、寫景等詩，均有可誦之作。《遁齋閑覽》稱其作“詞致婉麗”(《<a href='https://cnkgraph.com/Book/14734' target='_blank'>苕溪漁隱叢話</a>》前集卷二三引)。南依王審知后“其詞凄楚，切而不迫”(《<a href='https://cnkgraph.com/Book/14734' target='_blank'>苕溪漁隱叢話</a>》后集卷三五引《潘子真詩話》)。早年所作《香奩集》，人或以為“麗而無骨”(《許彥周詩話》)。沈括《<a href='https://cnkgraph.com/Book/1521' target='_blank'>夢溪筆談</a>》卷一六以為和凝作，假名韓偓，后人已辨明此說之非。其《已涼》《重游曲江》等作，清麗可誦。詩集以四部叢刊《玉山樵人集(附香奩集)》為通行。《<a href='https://cnkgraph.com/Book/2484' target='_blank'>全唐詩</a>》存詩4卷，《全唐詩續拾》補斷句1。",false
1545,21436,唐诗汇评,韩偓（844-923？），字致免，一云字致光。自号玉山樵人，京兆万年（今陕西西安）人。韩瞻之子，小字冬郎，十岁能诗，李商隐赠诗有“雏凤清于老凤声”之句。龙纪元年（889），登进士第，佐河中暮。召乞左拾遗。乾宁末，以刑部员外郎为凤翔节度掌书记。光化中，自司勋郎中兼侍御史知杂入翰林充学士，迁左译议大夫、中书舍人、兵户二部侍郎、学士承旨。昭宗数欲以为相，皆辞让。天复三年，以不附朱全忠，贬濮州司马，再贬荣懿尉，徙邓州司马。天祐二年，复召为学士，僅不敢归朝，入闽依王审知，卒。有《韩偓诗》一卷、《香奁集》一卷、《金銮密记》五卷，今存《香奁集》。后人辑有《韩輪林诗集》（或名《玉山樵人集》）行世，《<a href='https://cnkgraph.com/Book/2484' target='_blank'>全唐诗</a>》编诗四卷。,false
1546,21436,李商隐《韩冬郎即席为诗相送一座尽惊他日余方追吟“连宵侍坐徘徊久”之句有老成之风因成二绝寄酬兼呈畏之员外》,十岁裁诗走马成，冷灰残烛动离情。桐花万里丹山路，雏凤清于老凤声。,true
1547,21436,《梦溪笔谈》,唐韩偓为诗极清丽，有手写诗百馀篇，在其四世孙奕处……庆历中，予过南安见奕，出其手集，字极淳劲可爱。,true
1548,21436,《彦周诗话》,高秀实又云：“元氏艳诗，丽而有骨；韩偓《香奁集》，丽而无骨。”时李端叔意喜韩偓诗，诵其序云：“咀五色之灵芝，香生九窍；咽三危之瑞露，美动七情。”秀实云：“动不得也，动不得也。”,true
1549,21436,周紫芝《书韩承旨别集后》,渥（偓）为唐末宗社颠隮之际，窜身于戈戟森罗之中，虽扈从重围，犹复有作。当是之时，独能峥嵘于奸雄群小之间，自立议论，不至诡随，唐史臣称之，以谓有一韩渥尚不能容，况于贤者乎？则知渥非荏苒于闺房衽席之上者，特游戏于此耳。,true
1550,21436,薛季宣《香奁集叙》,偓为诗有情致，形容能出人意表……富才情，词致婉丽。,true
1551,21436,张侃《跋楝词》,偓之诗，淫靡类词家语，前辈或取其句，或剪其字，杂于词中。欧阳文忠尝转其语而用之，意尤新。,true
1552,21436,《对床夜语》,韩偓在唐末粗有可取者，如“沙头有庙青林合，驿步无人白鸟飞”、“细水浮花归别浦，断云含雨入孤村”、“白髭兄弟中年后，瘴海程途万里长”，五言如“鸟啼深不见，人语静先闻”，虽神气短缓，亦微有深致。其《秋夜忆家》绝句云：“垂老何时见弟兄，背灯悲泣到天明。不知短发能多少，一滴秋霖白一茎。”凄楚可悲，亦善于词者。若“挟弹少年多害物，劝君莫近五陵飞”，又“萧艾转肥兰蕙瘦，可能天亦妒馨香”，是直讪耳。诗人比兴扫地矣。,true
1553,21436,《唐才子传》,偓自号“玉山樵人”，工诗，有集一卷。又作《香奁集》一卷，词多侧艳新巧。,true
1554,21436,《唐音癸签》,韩致尧冶游情篇，艳夺温、李，自是少年时笔。翰林及南窜后，顿趋浅率矣。,true
1555,21436,《诗源辨体》,韩偓《香奁集》皆裙裾脂粉之诗，髙秀实云：“元氏艳诗，丽而有骨；韩偓《香奁集》，丽而无骨。”愚按：诗名《香奁》，奚必求骨？但韩诗浅俗者多，而艳丽者少，较之温、李，相去甚远。,true
1556,21436,《唐诗韵汇》,唐诗七律……韩致光香奁秀丽，别自情深。,true
1557,21436,《古欢堂集•论七言律诗》,温飞卿、韩致光辈，比事联词，波属云委，学之成一家言，胜于生硬干酸者远矣。,true
1558,21436,《唐诗笺注》,韩偓、韦庄，亦宗中唐，而砥柱晚唐。,true
1559,21436,《四库全书总目》,其诗虽局于风气，浑厚不及前人，而忠愤之气，时时溢于语外。性情既挚，风骨自遒。慷慨激昂，迥异当时靡靡之响。其在晚唐，亦可谓文笔之鸣凤矣。变风变雅，圣人不废，又何必定以一格绳之乎！,true
1560,21436,纪昀《书韩致尧<香奁集>后》,《香奁》一集，词皆淫艳，可谓百劝而并无一讽矣。然而至今不废，比以五柳之闲情，则以人重也。著作之士，惟知文之能传人，而不知人之能传文，于此亦可深长思矣。……《香奁》之词，亦云亵矣。然但有悱恻眷恋之语，而无一决绝怨怼之言，是亦可以观其心术焉。,true
1561,21436,纪昀《书韩致尧<翰林集>后》,致尧诗格不能出五代诸人上，有所寄托，亦多浅露。然而当其合处，遂欲上躏玉谿、樊川，而下与江东相倚轧，则以忠义之气发乎情，而见乎词，遂能风骨内生，声光外溢，足以振其纤靡耳。然则，诗之原本不从可识哉？,true
1562,21436,《石洲诗话》,韩致尧《香奁》之体，溯自《玉台》。虽风骨不及玉谿生，然致尧笔力清澈，过于皮、陆矣。何逊联句，瘦尽东阳，固不应尽以脂粉语植场也。,true
1563,21436,《七言律诗钞》,韩致光哀音怨乱，不害其为丹山雏凤。,true
1564,21436,《蛾木编》,晚唐有许用晦、曹尧宾、韩致尧、罗昭谏诸人，专为近体，古意寖哀。,true
1565,21436,《读雪山房唐诗序例》,唐末七言律，韩致尧为第一，去其香奁诸作，多出于爱君忧国，而气格顿近浑成。,true
1566,21436,《石园诗话》,韩致尧……富于才情，词旨靡丽。初喜为闺阁诗，后遭故远遁，出语依于节义，得诗人之正。,true
1567,21436,《唐七律诗钞》,诗至晚唐，各体俱不振，独七律不乏名篇。韩致尧完节孤忠，苍凉激楚之音，洵属一时无两。,true
1568,21436,《东目馆诗见》,韩致尧身遭杌捏，激而去国，托之香奁，具有寄意。即论艳体，亦是高手。,true
1569,21436,《三唐诗品》,其源出于李益、卢纶，而专思律体，柔姿婉骨，最工言情。末遭乱离，故忧爱词多，虽于诗格少衰，要自情芳可选。,true
1570,21436,《唐宋诗举要》,吴北江曰：晚唐唯韩致尧为一大家，其忠亮大节，亡国悲愤，具在篇章，盖能于杜公外自树一帜。,true
1571,21436,《诗境浅说》,致尧少年，喜为香奁诗。其后节操岳然，诗格亦归雅正。,true
1572,21436,《唐人绝句精华》,偓以香奁诗得名一时，《<a href='https://cnkgraph.com/Book/2092' target='_blank'>唐诗纪事</a>》以为五代间和凝嫁名，葛立方《<a href='https://cnkgraph.com/Book/1443' target='_blank'>韵语阳秋</a>》据《香奁集》中《无题》诗序证为偓作，许学夷《诗源辨体》又举出吴融集荷和偓《无题》三首，与《香奁集》中《无题》诗同韵，断定香奁非和嫁名。考晚唐诗有两种：一沿白居易新体乐府道路，诗中多寓讽刺，流为宋代以议论为诗；一效温、李綺丽之体，而有香奁一类之作，流为五代之闺情词。盖风气推移有如此者，不足怪也。,true
1573,21436,词学图录,韩偓（约842-923） 字致尧，一作致光，小名冬郎，号玉山樵人。京兆万年人。有《韩内翰别集》、《香奁集》，人称香奁体。王静安辑《香奁词》一卷。,false
1574,21436,全唐文,偓字致光。京兆萬年人。第進士。佐河中幕府。召拜左拾遺。累遷左諫議大夫。宰相崔允判度支。表以自副。入翰林為學士。遷中書舍人。從昭宗幸鳳翔。遷兵部侍郎。進承旨。朱全忠惡之。貶濮州司馬。再貶榮懿尉。徙鄧州司馬。挈其族南依王審知。卒。,false
1575,17287,中國歷代人名大辭典,"【生卒】：846—904或907
【介紹】：
唐末池州石埭人。字彥之，號九華山人。傳為杜牧出妾所生子。早有才名，屢試不第。后以詩謁朱溫，受薦于禮部，中大順二年第八名進士，時年四十六。以世亂，旋歸山。宣州節度使田頵辟為從事。唐昭宗天復三年，頵起兵叛楊行密，遣其奉使于汴。及頵敗死，溫以其才表授翰林學士、主客員外郎、知制誥。一說時為天祐初，以遘重疾，旬日而卒。一說時為后梁建國初，五日而卒。工律絕，詩風淺易。有《<a href='https://cnkgraph.com/Book/8206' target='_blank'>唐風集</a>》。",false
1576,17287,唐詩大辭典 修訂本,"【生卒】：846—904
    字彥之，號九華山人，排行十五，池州石埭(今安徽石臺)人。相傳杜牧為池州刺史時，妾周氏有孕，嫁鄉人杜筠而生荀鶴(《<a href='https://cnkgraph.com/Book/14730' target='_blank'>二老堂詩話</a>》引《池陽集》)，后人多以為妄。早年讀書于九華山，與顧云、殷文圭等為友。累舉進士不第，漫游閩越、荊楚、梁宋等地，復歸隱山中15年。昭宗大順二年(891)登進士第，時危世亂，復還舊山。宣州節度使田頵辟為從事。天復三年(903)，為頵出使大梁。頵兵敗，遂留梁。天祐元年(904)，朱溫奏為翰林學士、主客員外郎，遇疾，旬日而卒(據《<a href='https://cnkgraph.com/Book/2512' target='_blank'>舊五代史</a>》本傳及岑仲勉《補唐代翰林兩記》考證，《<a href='https://cnkgraph.com/Book/2325' target='_blank'>北夢瑣言</a>》謂天祐四年梁受禪后卒)。生平事跡散見《<a href='https://cnkgraph.com/Book/2512' target='_blank'>舊五代史</a>》本傳、《<a href='https://cnkgraph.com/Book/2325' target='_blank'>北夢瑣言</a>》卷六及卷七、《<a href='https://cnkgraph.com/Book/855' target='_blank'>鑒誡錄</a>》、《<a href='https://cnkgraph.com/Book/2092' target='_blank'>唐詩紀事</a>》卷六五、《<a href='https://cnkgraph.com/Book/2071' target='_blank'>唐才子傳</a>》卷九。荀鶴自云“詩旨未能忘救物”(《自敘》)，于唐末亂離之中，上承元、白一派，以短小精悍之律絕、淺近通俗之語言，白描之手法，反映民生疾苦，抨擊黑暗現實，自成一家，后人稱為“杜荀鶴體”(《<a href='https://cnkgraph.com/Book/14720' target='_blank'>滄浪詩話·詩體</a>》)。或以其詩“鄙俚近俗”而少之(《<a href='https://cnkgraph.com/Book/14734' target='_blank'>苕溪漁隱叢話·前集</a>》卷二三引《幕府燕閑錄》)，未為篤論。著有《<a href='https://cnkgraph.com/Book/8206' target='_blank'>唐風集</a>》(又稱《杜荀鶴文集》)3卷，今存。《<a href='https://cnkgraph.com/Book/2484' target='_blank'>全唐詩</a>》存詩4卷，《全唐詩續拾》補入4首，斷句6。",false
1577,17287,唐诗汇评,杜荀鹤（846-904），字彦之，号九华山人，池州石埭（今安徽石台）人。相传为杜牧出妾之子，实妄。初贫寒，读书九华山，与顾云、殷文圭等为友。累举进士不第，后归隐山中十五年。大顺二年（891），登进士第，时危世乱，复还旧山。宣州节度使田頵辟为从事。天复三年，出使大梁。值頵兵败，遂留大梁。天祐元年，朱温奏为翰林学士、主客员外郎，遇疾，旬曰而年。荀鹤工近体诗，于晚唐自成一体。初及第时，自编歌诗为《唐成集》三卷。今存《杜荀鹤文集》三卷。《<a href='https://cnkgraph.com/Book/2484' target='_blank'>全唐诗</a>》编诗三卷。,false
1578,17287,顾云《杜荀鹤文集序》,（河东裴公）以生诗有陈（伯玉）体，可以润国风，广王泽，故擢以塞诏，竞勉为中兴诗宗。生谢而退。明年，宁亲江表，以仆故山偕隐者，出平生所著五七言凡三百篇见简。其雅丽清省激越之句，能使贪吏廉、邪臣正、父慈子孝、兄良弟悌，人伦之纪备矣。其壮语大言，则决起逸发，可以左揽工部袂，右拍翰林肩，吞贾、喻八九于胸中，曾不虿介。或情发乎中，则极思冥搜，神游希夷，形兀枯木，五声劳于呼吸，万象悉于抉剔，信诗家之雄杰者也！,true
1579,17287,《鉴诫录》,梁朝杜舍人荀鹤为诗愁苦，悉千教化，每于吟讽，得其至理。……杜在梁朝，献朱太祖《时世行》十首，欲令太祖省徭役，薄赋敛。是时方当征伐，不洽上意，遂不见遇，旅寄寺中。敬相公翔谓杜曰：“希先辈稍刪古风，即可进身，不然者虚老矣。”杜遂课颂德诗三十章，以悦太祖。议者以杜虽有玉堂之拜，顿移教化之词，壮志清名，中道而废。,true
1580,17287,《旧五代史》本传,（荀鹤）善为诗，辞句切理，为时所许。,true
1581,17287,《云谷杂记》,顾云序其集（按指荀鹤《<a href='https://cnkgraph.com/Book/8206' target='_blank'>唐风集</a>》）云：“壮语大言，则决起逸发，可以左揽工部決，右柏翰林肩。”是以荀鹤可并李、杜也。荀鹤之诗溺于晚唐之习，盖韩偓、吴融之流，以方李、杜则远矣。然解道寒苦羁穷之态，往往有孟郊、贾岛之风。,true
1582,17287,《艺苑雌黄》,《<a href='https://cnkgraph.com/Book/8206' target='_blank'>唐风集</a>》中诗极低下，如“要知前路事，不及在家时”、“不觉里头成大汉，初看竹马作儿童”之句，前辈方之为《太公家教》。惟《春宫怨》一联云：“风暖鸟声碎，日高花影重。”为一篇警策。而欧阳永叔《<a href='https://cnkgraph.com/Book/8092' target='_blank'>归田录</a>》乃公周朴之句，不知何以云然。,true
1583,17287,《唐才子传》,荀鹤苦吟，平生所志不遂，晚始成名，况于乱世，殊多忧惋思虑之语，于一觞一咏，变俗方雅，极事物之情，足丘壑之趣，非易能及者也。,true
1584,17287,《唐音癸签》,杜彦之俚成，以衰调写衰代，事情亦真切。,true
1585,17287,《唐诗品汇删•七言律》,杜荀鹤、李山甫则委巷说矣。,true
1586,17287,《网师园唐诗笺》,彦之诗风神隽雅。,true
1587,17287,《石园诗话》,晚唐诗人有佳句而多俗言者，杜彦之荀鹤是也。“承恩不在貌，教妾若为容”、“溪山入城郭，户口半渔樵”、“古宫闲地少，水港小桥多”、“九州有路休为客，百岁无愁即是仙”、“故园何啻二千里，新雁才闻一两声”、“高下麦苗新雨后，浅深山色晚晴时”，皆为佳句。“生应无暇日，死是不吟时”、“举世尽从愁里过，谁人肯向死前休”，虽俗而有意趣。其馀如“世间何事好，最好莫过诗”、“争知百岁不百岁，未合白头今白头”之类，未免诗如说话矣。其起结之句，尤多率易。,true
1588,17287,《爱日精庐藏书志》,引叶坦跋：其诗虽晚唐，直入风雅，亦工部之的派也。佳章妙笔，可称合璧。,true
1589,17287,《东目馆诗见》,杜荀鹤近体直摅胸臆，有一唱三叹之妙。,true
1590,17287,《诗学渊源》,（荀鹤）诗思清奇，以大历为归。七言气质尤高，为晚唐之上乘。,true
1591,14668,中國歷代人名大辭典,"【介紹】：
唐江南人，字禮山。僖宗光啟四年登進士第。歷官不詳。以詩名，尤工近體，多寫羈旅離怨之情。有集。",false
1592,14668,唐詩大辭典 修訂本,生卒年不詳。字禮山，江南人。僖宗光啟四年(888)登進士第。窮年羈旅，游蹤遍巴蜀、吳楚、河南、秦隴等地，故集中詩“多離怨之作”，“寫景狀懷，往往陶宣肺腑”，“意味俱遠”(《<a href='https://cnkgraph.com/Book/2071' target='_blank'>唐才子傳</a>》)。生平見《<a href='https://cnkgraph.com/Book/2326' target='_blank'>新唐書·藝文志四</a>》、《<a href='https://cnkgraph.com/Book/2071' target='_blank'>唐才子傳</a>》卷九。《<a href='https://cnkgraph.com/Book/2484' target='_blank'>全唐詩</a>》存詩1卷。,false
1593,14668,唐诗汇评,崔涂，生卒年不详，字礼山，江南人。光启四年（888），登进士第。飘泊穷年，游踪遍巴蜀、吴楚、秦陇、河洛等地，故其诗多羁旅离怨之作。有《崔涂诗》一卷。《<a href='https://cnkgraph.com/Book/2484' target='_blank'>全唐诗</a>》编诗一卷。,false
1594,14668,《唐才子传》,（崔涂）工诗，深造理窟，端能竦动人意，写景状怀，往往宣陶肺腑。亦穷年羁旅，壮岁上巴蜀，老大游龙山。家寄江南，每多离怨之作。警策如“流年川暗度，往事月空明”，《巫娥》云“江山非旧主，云雨是前身”，又如“病知新事少，老别故交难”，《孤雁》云“渚云低暗度，关月冷相随”，《山寺》云“夕阳高鸟过，疏雨一钟残”，又“谷树云埋老，僧窗瀑照寒”，《鹦鹉洲》云“曹瞒尚不能容物，黄祖何因解爱才”，《春夕》云“胡蝶梦中家万里，杜鹃枝上月三更”，《陇上》云“三声戍角边城暮，万里乡心塞草春”，《过峡》云“五千里外三年客，十二峰前一望秋”等联，作者于此敛衽。意味俱远，大名不虚。,true
1595,14668,《唐诗品》,崔涂律诗音节虽促，而兴致颇多，身遭乱梗，意殊凄怅。虽喜用古事，而不见拘束，今人格体，类多似之，殆亦矫翮于林越间而翛然欲举者也。,true
1596,14668,《五朝诗善鸣集》,礼山怀古诗都落第二展义，然亦不可废。,true
1597,14668,《载酒园诗话又编》,崔长短律皆以一气斡旋，有若口谈，真得张水部之深者。如“并闻寒雨多因夜，不得乡书又到秋”、“正逢摇落仍须别，不待登临已含悲”，皆本色语之佳者。至《春夕》一篇，又不待言。,true
1598,14668,《一瓢诗话》,崔礼山“自是不归归便得，五湖烟景有谁争”，与“相逢尽道休官去，林下何曾见一人”同一妙理。,true
1599,14668,《重订中晚唐诗主客图》,礼山坊本但传其《春夕》篇，所谓“蝴蝶梦中家万里，杜鹃枝上月三更”也。按此殊未免俗气，不如“并闻寒雨多因夜，不得公书又到秋”、“正逢摇落仍须别，不待登临已舍悲”，本色语，乃绝得张水部格韵。今检其五言律，学水部尤切，但才短意近，不及朱庆馀、项斯诸君。要其格律所承，固为张氏嫡派子孙也。附及。后，以为初学入手。,true
1600,14668,全唐文,塗字禮山。江南人。光啟四年進士。,false
1601,18969,中國歷代人名大辭典,"【介紹】：
唐京兆人，字中明。出身寒素，累舉不第。因其父為左神策軍將，遂出入宦官田令孜之門，交游中貴。又曾為神策軍判官。為芳林十哲。廣明中，隨僖宗入蜀。中和二年，特賜進士及第，編入春榜。四年，官至工部侍郎、判度支，為田令孜十軍司馬。工詩。有《投知小錄》，佚。",false
1602,18969,唐詩大辭典 修訂本,生卒年不詳。字中明，一作仲明，京兆(今陝西西安)人，或云郃陽(今陝西合陽)人。出身寒素，累舉不第。因其父為左軍軍將，遂出入宦官田令孜之門，交游中貴，為“芳林十哲”之一。嘗為神策軍判官。隨僖宗入蜀，中和二年(882)特賜進士及第，編入春榜。四年，官至工部侍郎、判度支，為田令孜十軍司馬。生平散見《<a href='https://cnkgraph.com/Book/2345' target='_blank'>唐摭言</a>》卷九、《<a href='https://cnkgraph.com/Book/1703' target='_blank'>唐語林</a>》卷七、《<a href='https://cnkgraph.com/Book/2092' target='_blank'>唐詩紀事</a>》卷六三、《<a href='https://cnkgraph.com/Book/2071' target='_blank'>唐才子傳</a>》卷九。“工歌吟，恬和瀏亮。”(《<a href='https://cnkgraph.com/Book/2071' target='_blank'>唐才子傳</a>》卷九)有《投知小錄》3卷，已佚。今人李之亮有《秦韜玉詩注》。《<a href='https://cnkgraph.com/Book/2484' target='_blank'>全唐詩</a>》存詩1卷。《全唐詩續拾》補1首，斷句2。,false
1603,18969,唐诗汇评,秦韬玉，生卒年不详，字中明，一作仲明，京兆（今陕西西安）人。或云郃阳（今陕西合阳）人。出身寒素，累举不第。因其父为左军军将，遂出入宦官田令孜门，交游中贵，为神策军判官。随僖宗入蜀。中和二年（882），特赐进士及第，编入春榜。四年，官至工部侍郎、判度支，为田令孜十军司马。韬玉工歌吟，有《孜知小录》三卷，已佚。《<a href='https://cnkgraph.com/Book/2484' target='_blank'>全唐诗</a>》存诗一卷。,false
1604,18969,《唐摭言》,韬玉有词，亦工长短歌……然慕柏耆为人，至于躁进，驾幸西蜀，为田令孜擢用，未期岁，官至丞郎，判盐铁，特赐及第。,true
1605,18969,《唐才子传》,韬玉少有同藻，工歌吟，恬和浏亮……每作人必传诵。《贵公子行》云：“阶前莎毯绿未卷，银龟喷香挽不断。乱花织锦柳撚线，妆点池台画屏展。主人功（公）业传闻初，六亲联络驰朝车。斗鸡走狗家世事，抱来皆佩黄金鱼。却笑书生把书卷，学得颜回忍饥面。”又潇水出道州九疑山中，湘水出桂林海阳山中，经灵渠，至零陵，与潇水合，谓之“潇湘”，为永州二水也，清泚一色，高秋八九月，才丈馀，浅碧见底，过衡阳，抵长沙，入洞庭。韬玉赋诗云：“女娲罗裙长百尺，搭在湘江作山色。”又云：“岚光楚岫和空碧，秋染湘江到底清。”由是大知名，号为绝吧。,true
1606,18969,《唐音癸签》,秦韬玉，调似李山甫，咏手押“髯”字诗，尤矫痴可真。,true
1607,13206,中國歷代人名大辭典,"【介紹】：
唐河南人。劉微子。美儀容，有俊才，工詩文。善丹青，以山水樹石知名。玄宗開元中，應舉不第，遂退隱于潁陽大谷汝水之濱，與李頎、元德秀等游。有集。",false
1608,13206,唐詩大辭典 修訂本,生卒年不詳。排行八，河南(今河南洛陽)人。匈奴族裔，開國元勛邢國公劉政會之后。美容儀，才品茂異。善畫，以山水樹石知名。能詩，李頎《送劉方平》曰：“二十二詞賦，唯君著美名。”曾應進士舉，又欲從軍，均不得意，乃退隱于潁陽大谷、汝水之濱。與元德秀、李頎、皇甫冉、嚴武友善。事跡略見《<a href='https://cnkgraph.com/Book/2012' target='_blank'>元和姓纂</a>》卷五、《<a href='https://cnkgraph.com/Book/2054' target='_blank'>歷代名畫記</a>》卷一〇、《<a href='https://cnkgraph.com/Book/2326' target='_blank'>新唐書·宰相世系表一上</a>》、《<a href='https://cnkgraph.com/Book/2092' target='_blank'>唐詩紀事</a>》卷二八、《<a href='https://cnkgraph.com/Book/2071' target='_blank'>唐才子傳</a>》卷三等。其詩多五言樂府，善寫閨情宮怨，時有清麗之作。令狐楚編《<a href='https://cnkgraph.com/Book/8462' target='_blank'>御覽詩</a>》，即以劉詩置于卷首。《<a href='https://cnkgraph.com/Book/2326' target='_blank'>新唐書·藝文志四</a>》錄詩1卷，《<a href='https://cnkgraph.com/Book/2484' target='_blank'>全唐詩</a>》存詩26首。《全唐詩續拾》補1首。,false
1609,13206,唐诗汇评,刘方平，生年年不详，河南（今河南洛阳）人，唐初功臣刘政会玄孙。年二十，工词賦。天宝中，举进士不第，遂隐居颍阳太谷，终身不仕。工诗，善画山水，与元德秀、李颀、皇甫冉等友善，素颖士誉之为“山东茂异”，李勉亦甚重之。有《糾方平诗》一卷。《<a href='https://cnkgraph.com/Book/2484' target='_blank'>全唐诗</a>》编诗一卷。,false
1610,13206,《唐才子传》,工诗，多悠远之思，陶写性灵，默会风雅，故能脱略世故，超然物外。,true
1611,13206,《大历诗略》,方平五言与柳淡同祖六朝，而风姿各别。,true
1612,19902,中國歷代人名大辭典,"【介紹】：
唐關中人，排行第十。玄宗天寶間，與王維同隱藍田辋川，常游覽賦詩，琴酒相樂。各作有五言絕句二十首，題辋川諸景，合編為《辋川集》。曾應進士試。天寶末入蜀。后與杜甫有過從。",false
1613,19902,唐詩大辭典 修訂本,生卒年不詳。關中(今陝西關中盆地一帶)人。排行十。玄宗天寶年間，與王維同隱輞川(今陝西藍田縣南)，日與王維、崔興宗游覽賦詩，琴酒自樂。與王維倡和之詩收于《輞川集》中。王維詩中屢稱“裴秀才迪”，可見此時未曾進士及第。《舊唐詩·王維傳》稱裴迪為王維之“道友”，維篤信佛教，裴迪可能亦為佛教信徒。天寶末入蜀，與杜甫相友善。又曾任尚書右丞(一作左丞)。事跡散見《<a href='https://cnkgraph.com/Book/2092' target='_blank'>唐詩紀事</a>》卷一六、《<a href='https://cnkgraph.com/Book/2071' target='_blank'>唐才子傳</a>》卷二《王維傳》附。《<a href='https://cnkgraph.com/Book/2484' target='_blank'>全唐詩</a>》存詩29首。,false
1614,19902,唐诗汇评,裴迪，生年年不详，闻喜（今属山西）人，一说关中（今陕西）人。天宝中，与王维、崔兴宗隐居终南山，相与唱和。安史乱起，陷贼中，居洛阳。上元中，曾至蜀中，与杜甫有诗唱和。《<a href='https://cnkgraph.com/Book/2484' target='_blank'>全唐诗</a>》存诗二十九首。,false
1615,19902,《蔡宽夫诗话》,王摩诘、韦苏州集载裴迪、邱丹唱和诗，其语皆清丽高胜，常恨不多见。如迪“安禅一室内，左右竹亭幽。有法知不染，无言谁敢酬？鸟飞争向夕，蝉噪意先秋。烦暑自兹退，清凉何处求？”如丹“卖药有时至，白知往来疏。遂辞池上酌，新得山中书。步出芙蓉府，归乘穀觫车。猥蒙招隐作，岂愧班生庐。”其气格殆不减二人，非唐中叶以来嘐嘐以诗鸣者可比。乃知古今文士，淹灭不得传于子孙者，不可胜数。然士各言其志，其隐显亦何足多较？观两诗趣尚，其胸中殆非汲汲于世者，正尔无闻，亦何所恨？其姓名偶见二人集、亦来必不为幸也。,true
1616,19902,《汇编唐诗十集》,迪诗雅淡，有类摩诘，恨力弱鲜超拔处。,true
1617,19902,《载酒园诗话又编》,辋川倡和，裴迪尤多，其诗体反不甚与王近，较诸公骨格稍重。裴早友王维，晚交杜甫，篇什必多。今所存惟维集数篇，不胜遗珠之恨。,true
1618,20775,中國歷代人名大辭典,"【介紹】：
唐杭州餘杭人。約于玄宗時在世。所作《春怨》詩，歷代稱賞，頗著名。",false
1619,20775,唐詩大辭典 修訂本,生卒年不詳。玄宗時余杭(今屬浙江)人。見《<a href='https://cnkgraph.com/Book/2092' target='_blank'>唐詩紀事</a>》卷一五。《<a href='https://cnkgraph.com/Book/2484' target='_blank'>全唐詩</a>》存《春怨》詩1首，歷代稱賞。,false
1620,20775,唐诗汇评,金昌緒，生卒年不详，馀杭（今浙江杭州）人，生平无可考。大中中，顾陶编选《唐诗类选》，录其诗一首。《<a href='https://cnkgraph.com/Book/2484' target='_blank'>全唐诗</a>》存诗一首。,false
